seed,selection_severity,exploration_rate,arm,generation,policy,funded_rate,funded_default_rate,book_profit,explored_profit,declined_ece,declined_mean_pd,declined_base_rate,all_ece,declined_empc,declined_emp_h,diag_propensity_auc,diag_ess_ratio,diag_below_floor,diag_flagged,n_explored,explored_defaults
1000,0.2,0.0,treatment,0,prior,0.6,0.1429,0.007000558,0.0,0.03,0.2023,0.2056,0.0127,0.0268,0.0356,0.7985,0.9818,0.0,False,0,0
1000,0.2,0.0,treatment,1,model,0.6,0.0437,0.0373500714,0.0,0.2309,0.1385,0.3694,0.0895,0.0469,0.0015,0.9945,0.9195,0.3688,True,0,0
1000,0.2,0.0,treatment,2,model,0.6,0.055,0.035821758,0.0,0.1181,0.3005,0.3488,0.0401,0.0443,0.0033,0.9916,0.8908,0.3063,True,0,0
1000,0.2,0.0,treatment,3,model,0.6,0.0446,0.0384388476,0.0,0.2324,0.1572,0.3588,0.0818,0.0426,0.0028,0.9946,0.9378,0.3412,True,0,0
1000,0.2,0.0,treatment,4,model,0.6,0.06,0.0345836923,0.0,0.1314,0.1961,0.3275,0.0507,0.041,0.0085,0.9875,0.9061,0.2437,True,0,0
1000,0.2,0.0,treatment,5,model,0.6,0.0512,0.035462126,0.0,0.1593,0.1816,0.34,0.0591,0.0416,0.0031,0.9926,0.8397,0.3312,True,0,0
1000,0.2,0.0,treatment,6,model,0.6,0.0571,0.0341009292,0.0,0.2172,0.1197,0.3369,0.0873,0.0451,0.0068,0.9873,0.897,0.2087,True,0,0
1000,0.2,0.0,treatment,7,model,0.6,0.0583,0.0335238193,0.0,0.1376,0.336,0.3356,0.0387,0.0418,0.0073,0.988,0.9069,0.2562,True,0,0
1000,0.2,0.0,treatment,8,model,0.6,0.05,0.0366399108,0.0,0.1591,0.2345,0.3438,0.0503,0.0374,0.0018,0.992,0.9416,0.3638,True,0,0
1000,0.2,0.0,treatment,9,model,0.6,0.0638,0.0320289853,0.0,0.1176,0.2309,0.3431,0.0436,0.0454,0.0076,0.9885,0.8754,0.2712,True,0,0
1000,0.2,0.0,treatment,10,model,0.6,0.0467,0.0375132329,0.0,0.2079,0.1399,0.3412,0.0806,0.0398,0.0042,0.992,0.9341,0.23,True,0,0
1000,0.2,0.0,treatment,11,model,0.6,0.0558,0.0351719925,0.0,0.0957,0.228,0.3237,0.0369,0.0419,0.0097,0.9718,0.823,0.1906,True,0,0
1000,0.2,0.0,frozen,0,prior,0.6,0.1429,0.007000558,0.0,0.03,0.2023,0.2056,0.0127,0.0268,0.0356,0.7985,0.9818,0.0,False,0,0
1000,0.2,0.0,frozen,1,model,0.6,0.0437,0.0373500714,0.0,0.0546,0.3653,0.3694,0.0303,0.0489,0.0015,0.9945,0.9195,0.3688,True,0,0
1000,0.2,0.0,frozen,2,model,0.6,0.0433,0.0387240884,0.0,0.0523,0.3909,0.3663,0.0282,0.0484,0.0018,0.9947,0.9302,0.4069,True,0,0
1000,0.2,0.0,frozen,3,model,0.6,0.0417,0.0404155614,0.0,0.0641,0.3993,0.3631,0.0304,0.0487,0.0019,0.9945,0.9208,0.3794,True,0,0
1000,0.2,0.0,frozen,4,model,0.6,0.0413,0.0398359915,0.0,0.0551,0.3751,0.3556,0.0307,0.0481,0.0064,0.9955,0.9387,0.3887,True,0,0
1000,0.2,0.0,frozen,5,model,0.6,0.0429,0.0383546412,0.0,0.0453,0.3821,0.3525,0.0268,0.0483,0.0034,0.9957,0.9426,0.4044,True,0,0
1000,0.2,0.0,frozen,6,model,0.6,0.0404,0.0395270316,0.0,0.0493,0.3747,0.3619,0.0303,0.0507,0.0031,0.9958,0.9278,0.3688,True,0,0
1000,0.2,0.0,frozen,7,model,0.6,0.0446,0.0373660124,0.0,0.0574,0.3809,0.3563,0.0329,0.0465,0.0039,0.9953,0.9241,0.3738,True,0,0
1000,0.2,0.0,frozen,8,model,0.6,0.045,0.0380600219,0.0,0.0417,0.3571,0.3513,0.0259,0.0473,0.0053,0.9956,0.9222,0.3775,True,0,0
1000,0.2,0.0,frozen,9,model,0.6,0.0417,0.0394353558,0.0,0.0422,0.3829,0.3762,0.0227,0.0532,0.004,0.9953,0.9333,0.4181,True,0,0
1000,0.2,0.0,frozen,10,model,0.6,0.0413,0.0391809695,0.0,0.0486,0.3693,0.3494,0.03,0.0464,0.0059,0.9946,0.9167,0.3856,True,0,0
1000,0.2,0.0,frozen,11,model,0.6,0.0387,0.0409500789,0.0,0.0574,0.3667,0.3494,0.0283,0.0429,0.0036,0.9957,0.9133,0.3787,True,0,0
1000,0.2,0.0,prior,0,prior,0.6,0.1429,0.007000558,0.0,0.03,0.2023,0.2056,0.0127,0.0268,0.0356,0.7985,0.9818,0.0,False,0,0
1000,0.2,0.0,prior,1,model,0.6,0.1375,0.0074179427,0.0,0.0672,0.2071,0.2288,0.0154,0.0285,0.0289,0.7852,0.9748,0.0,False,0,0
1000,0.2,0.0,prior,2,model,0.6,0.1408,0.0082448488,0.0,0.0384,0.1878,0.22,0.026,0.0281,0.0306,0.7945,0.9769,0.0,False,0,0
1000,0.2,0.0,prior,3,model,0.6,0.1304,0.010560658,0.0,0.0474,0.2022,0.23,0.0233,0.0282,0.0286,0.7805,0.9782,0.0,False,0,0
1000,0.2,0.0,prior,4,model,0.6,0.1329,0.0137646091,0.0,0.0283,0.2007,0.2181,0.023,0.0259,0.0312,0.7893,0.9688,0.0,False,0,0
1000,0.2,0.0,prior,5,model,0.6,0.1258,0.0116923088,0.0,0.0726,0.1804,0.2281,0.0313,0.0286,0.0292,0.7933,0.9751,0.0,False,0,0
1000,0.2,0.0,prior,6,model,0.6,0.1396,0.0058063314,0.0,0.0505,0.1708,0.2131,0.0289,0.0291,0.0359,0.7898,0.979,0.0,False,0,0
1000,0.2,0.0,prior,7,model,0.6,0.1388,0.0096391506,0.0,0.0281,0.1984,0.215,0.0279,0.0261,0.0299,0.8036,0.9773,0.0,False,0,0
1000,0.2,0.0,prior,8,model,0.6,0.1275,0.0134304102,0.0,0.0591,0.1855,0.2275,0.0264,0.0289,0.0284,0.7912,0.9722,0.0,False,0,0
1000,0.2,0.0,prior,9,model,0.6,0.1417,0.0088039677,0.0,0.0338,0.1994,0.2263,0.0294,0.0321,0.0354,0.7839,0.9717,0.0,False,0,0
1000,0.2,0.0,prior,10,model,0.6,0.1388,0.009762079,0.0,0.0249,0.1926,0.2031,0.0271,0.0243,0.0334,0.7939,0.9772,0.0,False,0,0
1000,0.2,0.0,prior,11,model,0.6,0.1367,0.0083243747,0.0,0.0289,0.1823,0.2025,0.0318,0.0266,0.0378,0.7828,0.9766,0.0,False,0,0
1000,0.2,0.05,treatment,0,prior,0.617,0.143,0.0070967045,9.61466e-05,0.0437,0.1929,0.2082,0.0295,0.0256,0.0331,0.7985,0.9818,0.0,False,68,10
1000,0.2,0.05,treatment,1,model,0.6202,0.0528,0.0364940863,-0.0015855971,0.1234,0.2885,0.372,0.0151,0.0468,0.0015,0.9902,0.7792,0.3187,True,81,26
1000,0.2,0.05,treatment,2,model,0.6202,0.0826,0.0271968751,-0.0014796817,0.0804,0.2833,0.3193,0.0183,0.0397,0.0112,0.9641,0.855,0.1381,True,81,24
1000,0.2,0.05,treatment,3,model,0.6195,0.0553,0.0370148874,-0.0015209663,0.2007,0.1941,0.3574,0.0615,0.0409,0.0015,0.9909,0.908,0.3169,True,78,26
1000,0.2,0.05,treatment,4,model,0.618,0.0926,0.0243615298,-0.0007277162,0.096,0.1916,0.2873,0.0525,0.0371,0.0184,0.9182,0.8008,0.0294,True,72,18
1000,0.2,0.05,treatment,5,model,0.6208,0.0532,0.0361222445,-0.001194801,0.1216,0.2418,0.3527,0.0211,0.0396,0.0001,0.9899,0.9325,0.3394,True,83,24
1000,0.2,0.05,treatment,6,model,0.6182,0.0991,0.0196023002,-0.000405384,0.1324,0.2149,0.2823,0.0588,0.0364,0.0192,0.8973,0.9022,0.0456,True,73,14
1000,0.2,0.05,treatment,7,model,0.6282,0.0641,0.032996978,-0.0033035565,0.1383,0.3181,0.347,0.049,0.0421,0.0053,0.9947,0.9451,0.4537,True,113,43
1000,0.2,0.05,treatment,8,model,0.6182,0.0696,0.0307002509,-0.0016647856,0.1215,0.2046,0.3261,0.0543,0.0382,0.0061,0.986,0.8382,0.2475,True,73,24
1000,0.2,0.05,treatment,9,model,0.6205,0.0572,0.0361940657,-0.0009899492,0.1547,0.3687,0.3689,0.0534,0.0492,0.0062,0.9837,0.8586,0.3225,True,82,26
1000,0.2,0.05,treatment,10,model,0.6215,0.0704,0.0312149232,-0.001182231,0.1996,0.2152,0.319,0.085,0.0368,0.0079,0.9741,0.854,0.2181,True,86,22
1000,0.2,0.05,treatment,11,model,0.6185,0.0639,0.032554188,-0.0023468168,0.0974,0.367,0.3237,0.0489,0.0399,0.0095,0.9869,0.9161,0.2706,True,74,29
1000,0.2,0.05,frozen,0,prior,0.6,0.1429,0.007000558,0.0,0.03,0.2023,0.2056,0.0127,0.0268,0.0356,0.7985,0.9818,0.0,False,0,0
1000,0.2,0.05,frozen,1,model,0.619,0.0513,0.0362124591,-0.0011376123,0.0569,0.3667,0.3734,0.0303,0.0498,0.0011,0.9945,0.9195,0.3688,True,76,22
1000,0.2,0.05,frozen,2,model,0.6185,0.0538,0.0362453733,-0.0024787151,0.0513,0.392,0.365,0.0282,0.0486,0.0021,0.9947,0.9302,0.4069,True,74,29
1000,0.2,0.05,frozen,3,model,0.6182,0.051,0.0387137633,-0.0017017981,0.0599,0.3993,0.3635,0.0304,0.0495,0.0023,0.9945,0.9208,0.3794,True,73,26
1000,0.2,0.05,frozen,4,model,0.6162,0.0495,0.0383785485,-0.0014574431,0.057,0.3735,0.3557,0.0307,0.0478,0.0059,0.9955,0.9387,0.3887,True,65,23
1000,0.2,0.05,frozen,5,model,0.6175,0.051,0.0368981822,-0.001456459,0.0432,0.3816,0.3536,0.0268,0.0483,0.003,0.9957,0.9426,0.4044,True,70,23
1000,0.2,0.05,frozen,6,model,0.616,0.0459,0.0387235007,-0.0008035309,0.0479,0.3774,0.3665,0.0303,0.0521,0.003,0.9958,0.9278,0.3688,True,64,16
1000,0.2,0.05,frozen,7,model,0.6275,0.0586,0.0342419169,-0.0031240955,0.0605,0.381,0.3557,0.0329,0.046,0.0035,0.9953,0.9241,0.3738,True,110,40
1000,0.2,0.05,frozen,8,model,0.6192,0.0549,0.0358285694,-0.0022314525,0.0399,0.3565,0.3506,0.0259,0.047,0.0055,0.9956,0.9222,0.3775,True,77,28
1000,0.2,0.05,frozen,9,model,0.6205,0.0524,0.0378440024,-0.0015913534,0.0403,0.383,0.3768,0.0227,0.0533,0.0035,0.9953,0.9333,0.4181,True,82,30
1000,0.2,0.05,frozen,10,model,0.62,0.0508,0.0374409966,-0.0017399729,0.0529,0.3714,0.35,0.03,0.0465,0.0061,0.9946,0.9167,0.3856,True,80,27
1000,0.2,0.05,frozen,11,model,0.6188,0.0497,0.0385204289,-0.00242965,0.0599,0.3672,0.3469,0.0283,0.042,0.0037,0.9957,0.9133,0.3787,True,75,30
1000,0.2,0.05,prior,0,prior,0.617,0.143,0.0070967045,9.61466e-05,0.0437,0.1929,0.2082,0.0295,0.0256,0.0331,0.7985,0.9818,0.0,False,68,10
1000,0.2,0.05,prior,1,model,0.621,0.1381,0.0076524081,0.0002344654,0.0473,0.199,0.2328,0.0328,0.0295,0.0273,0.7852,0.9748,0.0,False,84,13
1000,0.2,0.05,prior,2,model,0.6178,0.1433,0.0076577176,-0.0005871312,0.0335,0.2089,0.2198,0.0287,0.0217,0.0281,0.7945,0.9769,0.0,False,71,16
1000,0.2,0.05,prior,3,model,0.6198,0.1339,0.0100660995,-0.0004945585,0.0342,0.1973,0.2295,0.0237,0.0293,0.0308,0.7805,0.9782,0.0,False,79,19
1000,0.2,0.05,prior,4,model,0.6168,0.1362,0.012690032,-0.0010745771,0.0696,0.2209,0.2166,0.0255,0.0236,0.03,0.7893,0.9688,0.0,False,67,17
1000,0.2,0.05,prior,5,model,0.6198,0.1259,0.012352003,0.0006596941,0.0571,0.2004,0.2334,0.0033,0.0262,0.0303,0.7933,0.9751,0.0,False,79,10
1000,0.2,0.05,prior,6,model,0.6202,0.1403,0.0059135585,0.0001072271,0.0262,0.2172,0.2159,0.0392,0.0278,0.0341,0.7898,0.979,0.0,False,81,13
1000,0.2,0.05,prior,7,model,0.6232,0.1452,0.0079178205,-0.0017213301,0.0379,0.2444,0.209,0.0545,0.0245,0.0306,0.8036,0.9773,0.0,False,93,29
1000,0.2,0.05,prior,8,model,0.6192,0.1308,0.0126880649,-0.0007423453,0.0468,0.1869,0.2272,0.0156,0.0267,0.0272,0.7912,0.9722,0.0,False,77,18
1000,0.2,0.05,prior,9,model,0.6175,0.1437,0.008656534,-0.0001474337,0.0902,0.1383,0.2268,0.0583,0.0302,0.0317,0.7839,0.9717,0.0,False,70,15
1000,0.2,0.05,prior,10,model,0.6232,0.1396,0.0098335837,7.15048e-05,0.044,0.1715,0.2057,0.0317,0.0233,0.0352,0.7939,0.9772,0.0,False,93,15
1000,0.2,0.05,prior,11,model,0.617,0.1402,0.00741583,-0.0009085448,0.0717,0.2353,0.1997,0.0324,0.0224,0.0345,0.7828,0.9766,0.0,False,68,18
1000,0.4,0.0,treatment,0,prior,0.6,0.0946,0.0223242759,0.0,0.0887,0.2242,0.2781,0.0252,0.0377,0.0227,0.8284,0.9254,0.0019,False,0,0
1000,0.4,0.0,treatment,1,model,0.6,0.0521,0.0351966038,0.0,0.1201,0.2367,0.3569,0.0452,0.0449,0.0042,0.9923,0.8872,0.3412,True,0,0
1000,0.4,0.0,treatment,2,model,0.6,0.0558,0.0350946613,0.0,0.1482,0.1993,0.3475,0.0575,0.0416,0.0031,0.9898,0.8793,0.3419,True,0,0
1000,0.4,0.0,treatment,3,model,0.6,0.05,0.0369923629,0.0,0.184,0.1666,0.3506,0.0732,0.0438,0.0034,0.9926,0.9073,0.28,True,0,0
1000,0.4,0.0,treatment,4,model,0.6,0.0508,0.0373933985,0.0,0.1651,0.1762,0.3412,0.065,0.0397,0.0037,0.9941,0.9089,0.3063,True,0,0
1000,0.4,0.0,treatment,5,model,0.6,0.0512,0.0357158743,0.0,0.1975,0.1425,0.34,0.0764,0.0418,0.0047,0.9831,0.6015,0.2656,True,0,0
1000,0.4,0.0,treatment,6,model,0.6,0.0633,0.0319823043,0.0,0.1164,0.2124,0.3275,0.0456,0.0427,0.0097,0.9714,0.7155,0.1187,True,0,0
1000,0.4,0.0,treatment,7,model,0.6,0.0517,0.0358502851,0.0,0.1634,0.2739,0.3456,0.0572,0.0461,0.0063,0.9796,0.8354,0.2744,True,0,0
1000,0.4,0.0,treatment,8,model,0.6,0.0537,0.0347632618,0.0,0.158,0.1816,0.3381,0.0587,0.0384,0.0038,0.9735,0.81,0.1819,True,0,0
1000,0.4,0.0,treatment,9,model,0.6,0.0571,0.0342457211,0.0,0.1365,0.2331,0.3531,0.0501,0.0442,0.0047,0.9856,0.709,0.3031,True,0,0
1000,0.4,0.0,treatment,10,model,0.6,0.0529,0.0353564245,0.0,0.199,0.1335,0.3319,0.0776,0.0396,0.0082,0.9866,0.909,0.2144,True,0,0
1000,0.4,0.0,treatment,11,model,0.6,0.0638,0.032816898,0.0,0.0928,0.2473,0.3119,0.028,0.0368,0.0095,0.9531,0.7865,0.1025,True,0,0
1000,0.4,0.0,frozen,0,prior,0.6,0.0946,0.0223242759,0.0,0.0887,0.2242,0.2781,0.0252,0.0377,0.0227,0.8284,0.9254,0.0019,False,0,0
1000,0.4,0.0,frozen,1,model,0.6,0.0521,0.0351966038,0.0,0.0965,0.3186,0.3569,0.0534,0.0449,0.003,0.9923,0.8872,0.3412,True,0,0
1000,0.4,0.0,frozen,2,model,0.6,0.0492,0.0366622049,0.0,0.091,0.3401,0.3575,0.049,0.0449,0.0008,0.9927,0.9102,0.3688,True,0,0
1000,0.4,0.0,frozen,3,model,0.6,0.0458,0.0382583253,0.0,0.114,0.3391,0.3569,0.0568,0.0439,0.0023,0.9939,0.9236,0.36,True,0,0
1000,0.4,0.0,frozen,4,model,0.6,0.0504,0.0365116359,0.0,0.0889,0.32,0.3419,0.0501,0.042,0.0071,0.9939,0.8755,0.37,True,0,0
1000,0.4,0.0,frozen,5,model,0.6,0.0437,0.0381439557,0.0,0.0801,0.3302,0.3513,0.043,0.0462,0.0014,0.9933,0.8956,0.3825,True,0,0
1000,0.4,0.0,frozen,6,model,0.6,0.0462,0.0370175208,0.0,0.0798,0.3198,0.3531,0.0434,0.0462,0.004,0.9929,0.9034,0.3494,True,0,0
1000,0.4,0.0,frozen,7,model,0.6,0.0454,0.0367385671,0.0,0.0956,0.3303,0.355,0.0494,0.0448,0.0019,0.9936,0.8981,0.3594,True,0,0
1000,0.4,0.0,frozen,8,model,0.6,0.0496,0.0364188228,0.0,0.0747,0.3148,0.3444,0.044,0.0427,0.004,0.9941,0.9143,0.3513,True,0,0
1000,0.4,0.0,frozen,9,model,0.6,0.0458,0.0382751967,0.0,0.0913,0.3351,0.37,0.0478,0.0497,0.0023,0.9941,0.8696,0.3869,True,0,0
1000,0.4,0.0,frozen,10,model,0.6,0.0442,0.0390850118,0.0,0.0905,0.3125,0.345,0.0465,0.0426,0.003,0.9927,0.9209,0.33,True,0,0
1000,0.4,0.0,frozen,11,model,0.6,0.0471,0.0373626011,0.0,0.0908,0.3174,0.3369,0.0492,0.0394,0.003,0.9943,0.9,0.3494,True,0,0
1000,0.4,0.0,prior,0,prior,0.6,0.0946,0.0223242759,0.0,0.0887,0.2242,0.2781,0.0252,0.0377,0.0227,0.8284,0.9254,0.0019,False,0,0
1000,0.4,0.0,prior,1,model,0.6,0.0912,0.0226873205,0.0,0.1028,0.2254,0.2981,0.0337,0.0393,0.0179,0.8291,0.9047,0.0006,False,0,0
1000,0.4,0.0,prior,2,model,0.6,0.0904,0.0240575681,0.0,0.1133,0.2049,0.2956,0.0368,0.0397,0.0163,0.8246,0.9082,0.0,False,0,0
1000,0.4,0.0,prior,3,model,0.6,0.0817,0.0252498389,0.0,0.1138,0.2334,0.3031,0.0274,0.0367,0.0182,0.8212,0.9136,0.005,False,0,0
1000,0.4,0.0,prior,4,model,0.6,0.0808,0.0284994852,0.0,0.0888,0.2074,0.2963,0.0311,0.039,0.0143,0.8327,0.8926,0.0006,False,0,0
1000,0.4,0.0,prior,5,model,0.6,0.0771,0.0272059259,0.0,0.1355,0.2032,0.3013,0.0465,0.039,0.0157,0.8274,0.9058,0.0025,False,0,0
1000,0.4,0.0,prior,6,model,0.6,0.0833,0.024316743,0.0,0.0967,0.2109,0.2975,0.0366,0.0413,0.0152,0.8286,0.9168,0.0013,False,0,0
1000,0.4,0.0,prior,7,model,0.6,0.0908,0.0238209544,0.0,0.0799,0.2089,0.2869,0.0347,0.0394,0.0175,0.8328,0.9072,0.0013,False,0,0
1000,0.4,0.0,prior,8,model,0.6,0.08,0.0286200992,0.0,0.1284,0.1882,0.2988,0.0455,0.0379,0.0114,0.8292,0.9013,0.0025,False,0,0
1000,0.4,0.0,prior,9,model,0.6,0.0917,0.0236745563,0.0,0.0942,0.2212,0.3013,0.0297,0.0432,0.0202,0.8239,0.9096,0.0,False,0,0
1000,0.4,0.0,prior,10,model,0.6,0.09,0.0254869701,0.0,0.0722,0.2148,0.2762,0.0231,0.0356,0.0183,0.8345,0.9139,0.0006,False,0,0
1000,0.4,0.0,prior,11,model,0.6,0.0862,0.0233149006,0.0,0.0888,0.1921,0.2781,0.0325,0.0363,0.0202,0.8247,0.9115,0.0025,False,0,0
1000,0.4,0.05,treatment,0,prior,0.6188,0.0986,0.0217488239,-0.0005754521,0.0949,0.1858,0.2807,0.0365,0.0345,0.0178,0.8284,0.9254,0.0019,False,75,17
1000,0.4,0.05,treatment,1,model,0.6188,0.0626,0.0335051282,-0.0009351177,0.1447,0.2879,0.3548,0.0347,0.0445,0.0028,0.9665,0.8601,0.1844,True,75,20
1000,0.4,0.05,treatment,2,model,0.6182,0.0679,0.0318398431,-0.0018980318,0.1409,0.3332,0.3418,0.0551,0.0454,0.0067,0.9744,0.8819,0.2056,True,73,25
1000,0.4,0.05,treatment,3,model,0.619,0.0674,0.0325646349,-0.001001401,0.1075,0.2411,0.3373,0.0327,0.0381,0.0045,0.9897,0.9217,0.2487,True,76,23
1000,0.4,0.05,treatment,4,model,0.6182,0.0724,0.0303337826,-0.0010415571,0.1237,0.2463,0.3202,0.0525,0.0377,0.007,0.9807,0.7649,0.2431,True,73,21
1000,0.4,0.05,treatment,5,model,0.621,0.0592,0.0339977187,-0.0013051394,0.1162,0.2638,0.343,0.037,0.0424,0.0068,0.9828,0.8894,0.3256,True,84,25
1000,0.4,0.05,treatment,6,model,0.6178,0.0749,0.0290102823,-0.0003936976,0.2031,0.1194,0.3211,0.1029,0.0384,0.0097,0.9616,0.9087,0.1537,True,71,14
1000,0.4,0.05,treatment,7,model,0.6262,0.0723,0.0303178951,-0.0027133022,0.0636,0.325,0.3318,0.0322,0.0433,0.0101,0.9516,0.8076,0.1481,True,105,38
1000,0.4,0.05,treatment,8,model,0.6182,0.0631,0.033479397,-0.0016279187,0.1224,0.3448,0.3366,0.0427,0.0413,0.0049,0.9905,0.9256,0.2712,True,73,24
1000,0.4,0.05,treatment,9,model,0.6212,0.0616,0.0353968213,-0.0015676338,0.1665,0.2189,0.3624,0.0508,0.0469,0.0029,0.9864,0.9235,0.2787,True,85,30
1000,0.4,0.05,treatment,10,model,0.6198,0.0714,0.0305587507,-0.0016736799,0.0836,0.2326,0.3162,0.0202,0.0353,0.0066,0.9429,0.7638,0.0794,True,79,25
1000,0.4,0.05,treatment,11,model,0.6182,0.0853,0.0259312775,-0.0018476834,0.0962,0.348,0.2888,0.0649,0.0326,0.0153,0.9207,0.8864,0.1006,True,73,26
1000,0.4,0.05,frozen,0,prior,0.6,0.0946,0.0223242759,0.0,0.0887,0.2242,0.2781,0.0252,0.0377,0.0227,0.8284,0.9254,0.0019,False,0,0
1000,0.4,0.05,frozen,1,model,0.622,0.0595,0.0341167854,-0.0010798184,0.0967,0.3223,0.3624,0.0534,0.0465,0.0026,0.9923,0.8872,0.3412,True,88,23
1000,0.4,0.05,frozen,2,model,0.6185,0.0582,0.0347915295,-0.0018706754,0.0915,0.3406,0.3578,0.049,0.045,0.0006,0.9927,0.9102,0.3688,True,74,26
1000,0.4,0.05,frozen,3,model,0.618,0.0542,0.0367951912,-0.0014631341,0.1119,0.3402,0.358,0.0568,0.0444,0.0026,0.9939,0.9236,0.36,True,72,24
1000,0.4,0.05,frozen,4,model,0.6172,0.0591,0.0348292685,-0.0016823673,0.0882,0.3207,0.341,0.0501,0.0414,0.007,0.9939,0.8755,0.37,True,69,25
1000,0.4,0.05,frozen,5,model,0.6182,0.0514,0.0368347828,-0.0013091728,0.0821,0.3295,0.3536,0.043,0.0466,0.001,0.9933,0.8956,0.3825,True,73,22
1000,0.4,0.05,frozen,6,model,0.616,0.0519,0.0360124307,-0.0010050901,0.0796,0.321,0.3568,0.0434,0.0474,0.0036,0.9929,0.9034,0.3494,True,64,17
1000,0.4,0.05,frozen,7,model,0.6268,0.0598,0.0333972028,-0.0033413643,0.0903,0.3313,0.353,0.0494,0.0448,0.0021,0.9936,0.8981,0.3594,True,107,41
1000,0.4,0.05,frozen,8,model,0.6182,0.059,0.0343025153,-0.0021163075,0.0767,0.3131,0.3432,0.044,0.0422,0.0046,0.9941,0.9143,0.3513,True,73,27
1000,0.4,0.05,frozen,9,model,0.6185,0.0562,0.0366722928,-0.0016029039,0.0898,0.3332,0.3689,0.0478,0.0509,0.002,0.9941,0.8696,0.3869,True,74,29
1000,0.4,0.05,frozen,10,model,0.6195,0.0529,0.0372635931,-0.0018214187,0.093,0.3141,0.3463,0.0465,0.0427,0.0028,0.9927,0.9209,0.33,True,78,25
1000,0.4,0.05,frozen,11,model,0.618,0.057,0.0350941821,-0.002268419,0.0922,0.3177,0.3344,0.0492,0.0388,0.0033,0.9943,0.9,0.3494,True,72,28
1000,0.4,0.05,prior,0,prior,0.6188,0.0986,0.0217488239,-0.0005754521,0.0949,0.1858,0.2807,0.0365,0.0345,0.0178,0.8284,0.9254,0.0019,False,75,17
1000,0.4,0.05,prior,1,model,0.62,0.0952,0.0223175973,-0.0003697232,0.1189,0.1837,0.3026,0.0559,0.039,0.0139,0.8291,0.9047,0.0006,False,80,17
1000,0.4,0.05,prior,2,model,0.6182,0.0958,0.0227546245,-0.0013029436,0.1023,0.231,0.2967,0.0358,0.0388,0.0157,0.8246,0.9082,0.0,False,73,20
1000,0.4,0.05,prior,3,model,0.619,0.0889,0.0240015079,-0.001248331,0.0354,0.2894,0.3025,0.0626,0.0388,0.0138,0.8212,0.9136,0.005,False,76,24
1000,0.4,0.05,prior,4,model,0.616,0.0873,0.0270531249,-0.0014463603,0.0785,0.3168,0.2949,0.0556,0.038,0.0167,0.8327,0.8926,0.0006,False,64,21
1000,0.4,0.05,prior,5,model,0.6208,0.0818,0.0268266473,-0.0003792786,0.141,0.1876,0.3059,0.0497,0.0408,0.0155,0.8274,0.9058,0.0025,False,83,18
1000,0.4,0.05,prior,6,model,0.6185,0.0881,0.0236006366,-0.0007161063,0.0552,0.2496,0.3001,0.0094,0.0404,0.0194,0.8286,0.9168,0.0013,False,74,18
1000,0.4,0.05,prior,7,model,0.6235,0.1026,0.0211200842,-0.0027008702,0.0595,0.2915,0.2795,0.0383,0.0349,0.0167,0.8328,0.9072,0.0013,False,94,38
1000,0.4,0.05,prior,8,model,0.6205,0.0862,0.0274045878,-0.0012155114,0.1356,0.1867,0.3004,0.0516,0.0395,0.0162,0.8292,0.9013,0.0025,False,82,22
1000,0.4,0.05,prior,9,model,0.6198,0.1,0.0224401791,-0.0012343772,0.0335,0.2674,0.2985,0.0184,0.0403,0.0186,0.8239,0.9096,0.0,False,79,28
1000,0.4,0.05,prior,10,model,0.622,0.0953,0.0248005051,-0.0006864651,0.0636,0.2544,0.2784,0.0193,0.0353,0.0169,0.8345,0.9139,0.0006,False,88,21
1000,0.4,0.05,prior,11,model,0.6185,0.0954,0.0208665032,-0.0024483974,0.1143,0.3788,0.2726,0.107,0.036,0.025,0.8247,0.9115,0.0025,False,74,29
1000,1.0,0.0,treatment,0,prior,0.6,0.0196,0.045877375,0.0,0.3634,0.0272,0.3906,0.1457,0.0476,0.0004,0.972,0.8571,0.1888,True,0,0
1000,1.0,0.0,treatment,1,model,0.6,0.1125,0.0152077242,0.0,0.0441,0.2328,0.2662,0.0388,0.0342,0.0217,0.9507,0.7338,0.035,True,0,0
1000,1.0,0.0,treatment,2,model,0.6,0.0517,0.0362566851,0.0,0.1609,0.2006,0.3538,0.0594,0.042,0.0015,0.9852,0.8722,0.3044,True,0,0
1000,1.0,0.0,treatment,3,model,0.6,0.0596,0.0341209844,0.0,0.1364,0.1998,0.3362,0.0564,0.0426,0.008,0.9833,0.8554,0.2512,True,0,0
1000,1.0,0.0,treatment,4,model,0.6,0.0583,0.0346623239,0.0,0.1027,0.2273,0.33,0.0379,0.041,0.0092,0.9765,0.8101,0.2225,True,0,0
1000,1.0,0.0,treatment,5,model,0.6,0.05,0.0355365159,0.0,0.1722,0.2179,0.3419,0.0596,0.0414,0.0051,0.9932,0.925,0.3137,True,0,0
1000,1.0,0.0,treatment,6,model,0.6,0.0592,0.0341212603,0.0,0.1277,0.206,0.3337,0.0465,0.0423,0.0043,0.9873,0.79,0.2331,True,0,0
1000,1.0,0.0,treatment,7,model,0.6,0.0458,0.0377965229,0.0,0.1594,0.1967,0.3544,0.0575,0.0444,0.0017,0.9764,0.888,0.2562,True,0,0
1000,1.0,0.0,treatment,8,model,0.6,0.0592,0.0330126598,0.0,0.1482,0.2072,0.33,0.052,0.04,0.0052,0.97,0.8598,0.1969,True,0,0
1000,1.0,0.0,treatment,9,model,0.6,0.0467,0.0368814531,0.0,0.1984,0.2186,0.3688,0.0741,0.0502,0.0055,0.9912,0.929,0.2606,True,0,0
1000,1.0,0.0,treatment,10,model,0.6,0.0517,0.0355984208,0.0,0.1546,0.2038,0.3337,0.0465,0.0402,0.0083,0.9775,0.9017,0.1925,True,0,0
1000,1.0,0.0,treatment,11,model,0.6,0.0517,0.0358689774,0.0,0.1577,0.187,0.33,0.0596,0.0398,0.0064,0.9923,0.9328,0.2362,True,0,0
1000,1.0,0.0,frozen,0,prior,0.6,0.0196,0.045877375,0.0,0.3634,0.0272,0.3906,0.1457,0.0476,0.0004,0.972,0.8571,0.1888,True,0,0
1000,1.0,0.0,frozen,1,model,0.6,0.1125,0.0152077242,0.0,0.236,0.0303,0.2662,0.1517,0.0157,0.0009,0.9507,0.7338,0.035,True,0,0
1000,1.0,0.0,frozen,2,model,0.6,0.1062,0.0195608381,0.0,0.2422,0.0297,0.2719,0.1504,0.0137,0.0003,0.9492,0.8024,0.0362,True,0,0
1000,1.0,0.0,frozen,3,model,0.6,0.1125,0.017401298,0.0,0.2261,0.0308,0.2569,0.1477,0.0117,0.0003,0.9505,0.7911,0.0406,True,0,0
1000,1.0,0.0,frozen,4,model,0.6,0.1096,0.0196816653,0.0,0.2237,0.0294,0.2531,0.1451,0.0099,0.0004,0.9512,0.75,0.0262,True,0,0
1000,1.0,0.0,frozen,5,model,0.6,0.0963,0.0215121335,0.0,0.2415,0.031,0.2725,0.1442,0.0155,0.0001,0.9447,0.77,0.0294,True,0,0
1000,1.0,0.0,frozen,6,model,0.6,0.0979,0.0193909735,0.0,0.245,0.0306,0.2756,0.1465,0.0163,0.0003,0.9453,0.7452,0.0431,True,0,0
1000,1.0,0.0,frozen,7,model,0.6,0.1025,0.020314544,0.0,0.2392,0.0302,0.2694,0.1469,0.0136,0.0001,0.9524,0.771,0.0425,True,0,0
1000,1.0,0.0,frozen,8,model,0.6,0.1104,0.0185300754,0.0,0.2241,0.0291,0.2531,0.1457,0.0097,0.0003,0.9541,0.7256,0.0312,True,0,0
1000,1.0,0.0,frozen,9,model,0.6,0.1117,0.018865287,0.0,0.2405,0.0308,0.2712,0.1529,0.0148,0.0,0.9441,0.7812,0.0413,True,0,0
1000,1.0,0.0,frozen,10,model,0.6,0.1037,0.0206365906,0.0,0.2259,0.0298,0.2556,0.1423,0.0104,0.0,0.9474,0.7985,0.0387,True,0,0
1000,1.0,0.0,frozen,11,model,0.6,0.1013,0.0207699225,0.0,0.2259,0.0297,0.2556,0.1408,0.0099,0.0002,0.9484,0.785,0.0288,True,0,0
1000,1.0,0.0,prior,0,prior,0.6,0.0196,0.045877375,0.0,0.3634,0.0272,0.3906,0.1457,0.0476,0.0004,0.972,0.8571,0.1888,True,0,0
1000,1.0,0.0,prior,1,model,0.6,0.0167,0.046273945,0.0,0.3828,0.0272,0.41,0.1535,0.0553,0.0004,0.9712,0.8097,0.1919,True,0,0
1000,1.0,0.0,prior,2,model,0.6,0.0163,0.0461480586,0.0,0.3859,0.021,0.4069,0.1544,0.0522,0.0,0.9688,0.8658,0.2069,True,0,0
1000,1.0,0.0,prior,3,model,0.6,0.0163,0.0466401414,0.0,0.3672,0.034,0.4012,0.1471,0.0512,0.0005,0.9742,0.8092,0.225,True,0,0
1000,1.0,0.0,prior,4,model,0.6,0.0138,0.0481978058,0.0,0.3734,0.0234,0.3969,0.1487,0.0498,0.001,0.9737,0.8127,0.2037,True,0,0
1000,1.0,0.0,prior,5,model,0.6,0.0121,0.047387064,0.0,0.3805,0.0183,0.3987,0.1506,0.0493,0.0,0.9718,0.8552,0.2244,True,0,0
1000,1.0,0.0,prior,6,model,0.6,0.0171,0.046431267,0.0,0.3744,0.0225,0.3969,0.1498,0.0488,0.0003,0.9722,0.8711,0.2206,True,0,0
1000,1.0,0.0,prior,7,model,0.6,0.0125,0.0472488782,0.0,0.3832,0.0212,0.4044,0.1532,0.052,0.0006,0.9707,0.7922,0.2137,True,0,0
1000,1.0,0.0,prior,8,model,0.6,0.0192,0.0452508018,0.0,0.3634,0.0266,0.39,0.1446,0.0479,0.0,0.9735,0.8271,0.2275,True,0,0
1000,1.0,0.0,prior,9,model,0.6,0.0154,0.0473215091,0.0,0.3901,0.0255,0.4156,0.1563,0.0562,0.0001,0.9735,0.7663,0.225,True,0,0
1000,1.0,0.0,prior,10,model,0.6,0.0183,0.0468801874,0.0,0.3604,0.0234,0.3837,0.1444,0.0446,0.0004,0.9713,0.8492,0.195,True,0,0
1000,1.0,0.0,prior,11,model,0.6,0.0125,0.0481441746,0.0,0.3671,0.0216,0.3887,0.1467,0.047,0.0,0.9704,0.8418,0.1856,True,0,0
1000,1.0,0.05,treatment,0,prior,0.622,0.0301,0.0440828827,-0.0017944923,0.2015,0.2491,0.3948,0.0415,0.0496,0.0004,0.972,0.8571,0.1888,True,88,28
1000,1.0,0.05,treatment,1,model,0.6188,0.0982,0.0206038144,-0.0001336562,0.0691,0.2931,0.297,0.0387,0.0383,0.0147,0.912,0.8559,0.0456,True,75,15
1000,1.0,0.05,treatment,2,model,0.6192,0.0602,0.0343939445,-0.0018407146,0.1597,0.2499,0.3552,0.062,0.0458,0.0036,0.9933,0.8553,0.4094,True,77,26
1000,1.0,0.05,treatment,3,model,0.621,0.0596,0.0353035992,-0.0007217384,0.1216,0.2599,0.3516,0.0378,0.0439,0.0069,0.9806,0.9264,0.2306,True,84,22
1000,1.0,0.05,treatment,4,model,0.6185,0.0647,0.0332960909,-0.0010019028,0.1624,0.3245,0.3329,0.0567,0.0404,0.0098,0.9887,0.8101,0.2931,True,74,21
1000,1.0,0.05,treatment,5,model,0.6192,0.0561,0.0349022515,-0.0008123113,0.1657,0.2813,0.3467,0.0494,0.0384,0.0,0.9815,0.9103,0.2344,True,77,20
1000,1.0,0.05,treatment,6,model,0.6168,0.0908,0.0236053845,-4.02485e-05,0.1392,0.2087,0.2948,0.0534,0.0355,0.0162,0.9065,0.9171,0.0631,True,67,11
1000,1.0,0.05,treatment,7,model,0.627,0.0813,0.0274604774,-0.0028304351,0.1099,0.3309,0.317,0.0315,0.0378,0.0116,0.9576,0.7162,0.1306,True,108,40
1000,1.0,0.05,treatment,8,model,0.6182,0.0578,0.0349515233,-0.0017801023,0.1502,0.1949,0.3451,0.0545,0.0412,0.0039,0.9918,0.9018,0.3706,True,73,24
1000,1.0,0.05,treatment,9,model,0.62,0.0649,0.0337304069,-0.0014101615,0.0802,0.3089,0.3559,0.0332,0.0456,0.0053,0.9903,0.919,0.3506,True,80,29
1000,1.0,0.05,treatment,10,model,0.62,0.0573,0.0350433376,-0.0010726499,0.1336,0.2478,0.3395,0.0431,0.0415,0.0054,0.9866,0.9198,0.2756,True,80,22
1000,1.0,0.05,treatment,11,model,0.6185,0.0691,0.0312821211,-0.0017533646,0.0433,0.3252,0.3152,0.0244,0.0405,0.0136,0.9857,0.9096,0.2275,True,74,25
1000,1.0,0.05,frozen,0,prior,0.6,0.0196,0.045877375,0.0,0.3634,0.0272,0.3906,0.1457,0.0476,0.0004,0.972,0.8571,0.1888,True,0,0
1000,1.0,0.05,frozen,1,model,0.6212,0.1163,0.0144212017,-0.0007865224,0.2384,0.0302,0.2686,0.1517,0.0157,0.0006,0.9507,0.7338,0.035,True,85,19
1000,1.0,0.05,frozen,2,model,0.6198,0.1113,0.0182804486,-0.0012803895,0.2424,0.0298,0.2722,0.1504,0.014,0.0003,0.9492,0.8024,0.0362,True,79,21
1000,1.0,0.05,frozen,3,model,0.6195,0.1174,0.0163076639,-0.0010936341,0.2254,0.0308,0.2562,0.1477,0.0117,0.0003,0.9505,0.7911,0.0406,True,78,21
1000,1.0,0.05,frozen,4,model,0.6158,0.1149,0.0187237663,-0.0009578991,0.221,0.0295,0.2505,0.1451,0.0092,0.0004,0.9512,0.75,0.0262,True,63,20
1000,1.0,0.05,frozen,5,model,0.619,0.0989,0.02159364,8.15065e-05,0.2458,0.0311,0.2769,0.1442,0.0163,0.0001,0.9447,0.77,0.0294,True,76,14
1000,1.0,0.05,frozen,6,model,0.616,0.1015,0.018656798,-0.0007341755,0.2466,0.0307,0.2773,0.1465,0.0167,0.0003,0.9453,0.7452,0.0431,True,64,15
1000,1.0,0.05,frozen,7,model,0.6242,0.1113,0.0181926695,-0.0021218745,0.2353,0.0302,0.2655,0.1469,0.0125,0.0002,0.9524,0.771,0.0425,True,97,32
1000,1.0,0.05,frozen,8,model,0.619,0.1159,0.0170162433,-0.0015138321,0.2224,0.0289,0.2513,0.1457,0.009,0.0003,0.9541,0.7256,0.0312,True,76,22
1000,1.0,0.05,frozen,9,model,0.62,0.1169,0.0182811803,-0.0005841066,0.2402,0.0308,0.2711,0.1529,0.0152,0.0,0.9441,0.7812,0.0413,True,80,22
1000,1.0,0.05,frozen,10,model,0.622,0.1089,0.0194811682,-0.0011554224,0.2264,0.0295,0.256,0.1423,0.0105,0.0,0.9474,0.7985,0.0387,True,88,22
1000,1.0,0.05,frozen,11,model,0.6198,0.1077,0.0192961577,-0.0014737648,0.2233,0.0298,0.2531,0.1408,0.0097,0.0007,0.9484,0.785,0.0288,True,79,24
1000,1.0,0.05,prior,0,prior,0.622,0.0301,0.0440828827,-0.0017944923,0.2015,0.2491,0.3948,0.0415,0.0496,0.0004,0.972,0.8571,0.1888,True,88,28
1000,1.0,0.05,prior,1,model,0.6182,0.0275,0.0441995808,-0.0020743642,0.1565,0.2576,0.4113,0.0555,0.0561,0.0001,0.9712,0.8097,0.1919,True,73,28
1000,1.0,0.05,prior,2,model,0.6192,0.0283,0.0434451955,-0.0027028631,0.2168,0.3013,0.4071,0.0957,0.0553,0.0005,0.9688,0.8658,0.2069,True,77,31
1000,1.0,0.05,prior,3,model,0.6182,0.0271,0.0447991151,-0.0018410263,0.1685,0.239,0.4021,0.0326,0.0533,0.0,0.9742,0.8092,0.225,True,73,28
1000,1.0,0.05,prior,4,model,0.6152,0.0244,0.0461073709,-0.0020904349,0.1584,0.31,0.3951,0.0422,0.0524,0.0002,0.9737,0.8127,0.2037,True,61,27
1000,1.0,0.05,prior,5,model,0.618,0.0222,0.0457478634,-0.0016392007,0.2269,0.2851,0.4005,0.0607,0.0533,0.0002,0.9718,0.8552,0.2244,True,72,26
1000,1.0,0.05,prior,6,model,0.6148,0.0244,0.0450271539,-0.001404113,0.2737,0.126,0.3997,0.0925,0.0528,0.0,0.9722,0.8711,0.2206,True,59,19
1000,1.0,0.05,prior,7,model,0.6275,0.0311,0.0433218099,-0.0039270683,0.0741,0.3279,0.402,0.0837,0.0528,0.0002,0.9707,0.7922,0.2137,True,110,48
1000,1.0,0.05,prior,8,model,0.6192,0.0303,0.042957419,-0.0022933828,0.139,0.315,0.3907,0.0388,0.0496,0.0001,0.9735,0.8271,0.2275,True,77,29
1000,1.0,0.05,prior,9,model,0.6232,0.0273,0.0458832656,-0.0014382436,0.1986,0.2221,0.4207,0.0578,0.0585,0.0001,0.9735,0.7663,0.225,True,93,31
1000,1.0,0.05,prior,10,model,0.6195,0.0295,0.0446233838,-0.0022568036,0.1773,0.2373,0.3844,0.0323,0.0481,0.0001,0.9713,0.8492,0.195,True,78,29
1000,1.0,0.05,prior,11,model,0.6202,0.0274,0.0447690178,-0.0033751568,0.1284,0.2561,0.3845,0.0354,0.0482,0.0007,0.9704,0.8418,0.1856,True,81,38
1016,0.2,0.0,treatment,0,prior,0.6,0.1408,0.0073287782,0.0,0.0401,0.2022,0.2313,0.03,0.0315,0.0314,0.7763,0.9754,0.0,False,0,0
1016,0.2,0.0,treatment,1,model,0.6,0.0392,0.0394256831,0.0,0.2542,0.1077,0.3619,0.0996,0.0423,0.001,0.9961,0.941,0.3956,True,0,0
1016,0.2,0.0,treatment,2,model,0.6,0.0975,0.0199234122,0.0,0.0816,0.2963,0.2812,0.0263,0.0374,0.0181,0.9161,0.8737,0.0494,True,0,0
1016,0.2,0.0,treatment,3,model,0.6,0.0479,0.036865607,0.0,0.1953,0.2514,0.3481,0.0698,0.0394,0.002,0.9962,0.9373,0.3613,True,0,0
1016,0.2,0.0,treatment,4,model,0.6,0.0579,0.0337024295,0.0,0.1516,0.1945,0.3319,0.0568,0.041,0.0064,0.9823,0.8026,0.2256,True,0,0
1016,0.2,0.0,treatment,5,model,0.6,0.0479,0.0365867817,0.0,0.2151,0.1318,0.3469,0.0834,0.0411,0.0009,0.9816,0.8956,0.3044,True,0,0
1016,0.2,0.0,treatment,6,model,0.6,0.0633,0.0310643292,0.0,0.1398,0.1925,0.3312,0.0582,0.042,0.0088,0.9905,0.9214,0.1944,True,0,0
1016,0.2,0.0,treatment,7,model,0.6,0.0537,0.0352822505,0.0,0.1717,0.1708,0.3425,0.0652,0.038,0.0017,0.991,0.9101,0.3344,True,0,0
1016,0.2,0.0,treatment,8,model,0.6,0.0675,0.0307187783,0.0,0.119,0.2266,0.3369,0.0502,0.0447,0.0059,0.9928,0.7864,0.4313,True,0,0
1016,0.2,0.0,treatment,9,model,0.6,0.0462,0.0376557946,0.0,0.166,0.1802,0.3438,0.0622,0.0398,0.0025,0.9861,0.8424,0.3119,True,0,0
1016,0.2,0.0,treatment,10,model,0.6,0.065,0.0308698118,0.0,0.1296,0.2804,0.3206,0.0521,0.0408,0.0089,0.9786,0.8259,0.1419,True,0,0
1016,0.2,0.0,treatment,11,model,0.6,0.0575,0.0324600359,0.0,0.1273,0.2584,0.3269,0.0433,0.0385,0.0061,0.9858,0.912,0.3337,True,0,0
1016,0.2,0.0,frozen,0,prior,0.6,0.1408,0.0073287782,0.0,0.0401,0.2022,0.2313,0.03,0.0315,0.0314,0.7763,0.9754,0.0,False,0,0
1016,0.2,0.0,frozen,1,model,0.6,0.0392,0.0394256831,0.0,0.0463,0.3591,0.3619,0.0255,0.0485,0.0024,0.9961,0.941,0.3956,True,0,0
1016,0.2,0.0,frozen,2,model,0.6,0.0413,0.037919892,0.0,0.0175,0.3589,0.3656,0.0102,0.0491,0.0006,0.9959,0.8962,0.4,True,0,0
1016,0.2,0.0,frozen,3,model,0.6,0.0396,0.0391432015,0.0,0.0281,0.3506,0.3606,0.0141,0.0472,0.0009,0.995,0.9168,0.3538,True,0,0
1016,0.2,0.0,frozen,4,model,0.6,0.0433,0.0375505796,0.0,0.0514,0.3451,0.3538,0.0289,0.046,0.0034,0.996,0.946,0.3744,True,0,0
1016,0.2,0.0,frozen,5,model,0.6,0.0383,0.0397228046,0.0,0.0268,0.3555,0.3613,0.0172,0.049,0.003,0.9971,0.9374,0.4269,True,0,0
1016,0.2,0.0,frozen,6,model,0.6,0.0404,0.039033834,0.0,0.0327,0.3547,0.3656,0.0136,0.048,0.0016,0.997,0.9555,0.3962,True,0,0
1016,0.2,0.0,frozen,7,model,0.6,0.0421,0.0400002372,0.0,0.0443,0.3455,0.36,0.0238,0.0475,0.001,0.9958,0.9268,0.3681,True,0,0
1016,0.2,0.0,frozen,8,model,0.6,0.0454,0.0379250268,0.0,0.0309,0.3475,0.37,0.0179,0.051,0.0007,0.9964,0.938,0.4175,True,0,0
1016,0.2,0.0,frozen,9,model,0.6,0.0362,0.0402292485,0.0,0.0521,0.3597,0.3588,0.0259,0.0481,0.0024,0.9968,0.9481,0.3987,True,0,0
1016,0.2,0.0,frozen,10,model,0.6,0.0379,0.0396882366,0.0,0.031,0.3462,0.3613,0.0162,0.0486,0.0022,0.9962,0.9591,0.4062,True,0,0
1016,0.2,0.0,frozen,11,model,0.6,0.0404,0.0384800468,0.0,0.0312,0.3532,0.3525,0.0167,0.045,0.0005,0.9964,0.9489,0.42,True,0,0
1016,0.2,0.0,prior,0,prior,0.6,0.1408,0.0073287782,0.0,0.0401,0.2022,0.2313,0.03,0.0315,0.0314,0.7763,0.9754,0.0,False,0,0
1016,0.2,0.0,prior,1,model,0.6,0.13,0.0109732509,0.0,0.0455,0.1801,0.2256,0.0333,0.0304,0.031,0.7908,0.9746,0.0,False,0,0
1016,0.2,0.0,prior,2,model,0.6,0.1342,0.0098352347,0.0,0.0446,0.188,0.2263,0.025,0.0307,0.0317,0.7771,0.9752,0.0,False,0,0
1016,0.2,0.0,prior,3,model,0.6,0.1304,0.010289316,0.0,0.0381,0.2094,0.2244,0.0104,0.0262,0.0273,0.8,0.9722,0.0,False,0,0
1016,0.2,0.0,prior,4,model,0.6,0.1429,0.005591849,0.0,0.0228,0.2007,0.2044,0.0257,0.0232,0.0324,0.7958,0.9789,0.0,False,0,0
1016,0.2,0.0,prior,5,model,0.6,0.1338,0.0097766682,0.0,0.0301,0.1965,0.2181,0.0362,0.0301,0.0353,0.7976,0.9748,0.0,False,0,0
1016,0.2,0.0,prior,6,model,0.6,0.1325,0.0094914785,0.0,0.045,0.1942,0.2275,0.0215,0.0295,0.0298,0.7893,0.9773,0.0,False,0,0
1016,0.2,0.0,prior,7,model,0.6,0.1383,0.009219702,0.0,0.0261,0.1943,0.2156,0.037,0.0296,0.0356,0.8031,0.9777,0.0,False,0,0
1016,0.2,0.0,prior,8,model,0.6,0.1363,0.0086205523,0.0,0.0547,0.194,0.2338,0.026,0.0304,0.0313,0.7884,0.9764,0.0,False,0,0
1016,0.2,0.0,prior,9,model,0.6,0.1304,0.0118395622,0.0,0.0395,0.1903,0.2175,0.0341,0.027,0.0306,0.7895,0.9761,0.0,False,0,0
1016,0.2,0.0,prior,10,model,0.6,0.1325,0.0093048416,0.0,0.0387,0.1838,0.2194,0.0371,0.0314,0.0335,0.8029,0.9801,0.0,False,0,0
1016,0.2,0.0,prior,11,model,0.6,0.1321,0.0094441859,0.0,0.0402,0.1806,0.215,0.0282,0.0283,0.0345,0.793,0.9752,0.0,False,0,0
1016,0.2,0.05,treatment,0,prior,0.621,0.1437,0.0065621616,-0.0007666166,0.0475,0.2347,0.2315,0.0202,0.0302,0.0336,0.7763,0.9754,0.0,False,84,19
1016,0.2,0.05,treatment,1,model,0.6198,0.0573,0.0355417444,-0.00176043,0.1073,0.3212,0.3491,0.0379,0.0426,0.0025,0.991,0.923,0.2831,True,79,29
1016,0.2,0.05,treatment,2,model,0.618,0.0623,0.0313111148,-0.0020591064,0.0553,0.3321,0.3469,0.0367,0.0471,0.0078,0.9862,0.8795,0.2994,True,72,25
1016,0.2,0.05,treatment,3,model,0.6245,0.0564,0.0353091891,-0.0022534687,0.173,0.2892,0.3535,0.0579,0.0433,0.004,0.9939,0.9156,0.3294,True,98,28
1016,0.2,0.05,treatment,4,model,0.626,0.0751,0.0296783954,-0.0023057028,0.0963,0.3313,0.3222,0.0403,0.0374,0.0052,0.9877,0.9124,0.2575,True,104,36
1016,0.2,0.05,treatment,5,model,0.6175,0.0575,0.0348662568,-0.001638428,0.1424,0.3061,0.3451,0.0415,0.0374,0.0002,0.9939,0.9244,0.4188,True,70,25
1016,0.2,0.05,treatment,6,model,0.6172,0.0668,0.0320598162,-0.0008099205,0.0997,0.2513,0.3377,0.0296,0.0394,0.0038,0.9793,0.6519,0.18,True,69,17
1016,0.2,0.05,treatment,7,model,0.6192,0.0884,0.0244603215,-0.0010878392,0.0852,0.2501,0.3007,0.0305,0.0408,0.0179,0.9216,0.8803,0.0938,True,77,20
1016,0.2,0.05,treatment,8,model,0.6195,0.0617,0.0335398492,-0.0017131742,0.1023,0.3001,0.3601,0.0317,0.0453,0.0031,0.9902,0.9199,0.3088,True,78,28
1016,0.2,0.05,treatment,9,model,0.623,0.0722,0.0292496232,-0.0030266231,0.0661,0.3205,0.319,0.0208,0.0391,0.0115,0.9738,0.8675,0.2125,True,92,36
1016,0.2,0.05,treatment,10,model,0.6218,0.0627,0.0326478479,-0.0011722827,0.0746,0.3015,0.3391,0.0277,0.0422,0.0063,0.9886,0.8764,0.3631,True,87,24
1016,0.2,0.05,treatment,11,model,0.6238,0.0681,0.0304339862,-0.0019634819,0.0637,0.2626,0.3262,0.0271,0.038,0.0087,0.9782,0.9128,0.2469,True,95,31
1016,0.2,0.05,frozen,0,prior,0.6,0.1408,0.0073287782,0.0,0.0401,0.2022,0.2313,0.03,0.0315,0.0314,0.7763,0.9754,0.0,False,0,0
1016,0.2,0.05,frozen,1,model,0.621,0.0491,0.0379675098,-0.0014581733,0.0432,0.3583,0.3635,0.0255,0.0484,0.0011,0.9961,0.941,0.3956,True,84,28
1016,0.2,0.05,frozen,2,model,0.6178,0.0506,0.0357703399,-0.0021495521,0.0204,0.3585,0.3656,0.0102,0.0487,0.0006,0.9959,0.8962,0.4,True,71,26
1016,0.2,0.05,frozen,3,model,0.625,0.0488,0.0372864832,-0.0018567182,0.033,0.3527,0.3667,0.0141,0.0489,0.0014,0.995,0.9168,0.3538,True,100,27
1016,0.2,0.05,frozen,4,model,0.6212,0.0559,0.03484043,-0.0027101496,0.0479,0.3453,0.3505,0.0289,0.0452,0.0046,0.996,0.946,0.3744,True,85,35
1016,0.2,0.05,frozen,5,model,0.6198,0.0472,0.03839114,-0.0013316646,0.025,0.3551,0.3636,0.0172,0.0498,0.0025,0.9971,0.9374,0.4269,True,79,25
1016,0.2,0.05,frozen,6,model,0.6178,0.0469,0.0381265528,-0.0009072812,0.0331,0.3573,0.3702,0.0136,0.0497,0.0021,0.997,0.9555,0.3962,True,71,19
1016,0.2,0.05,frozen,7,model,0.6205,0.05,0.0385488227,-0.0014514146,0.0468,0.3457,0.3643,0.0238,0.0487,0.0009,0.9958,0.9268,0.3681,True,82,23
1016,0.2,0.05,frozen,8,model,0.6192,0.0541,0.0364885734,-0.0014364534,0.0307,0.3474,0.3723,0.0179,0.0517,0.0011,0.9964,0.938,0.4175,True,77,25
1016,0.2,0.05,frozen,9,model,0.6225,0.0514,0.0366033107,-0.0036259378,0.0553,0.357,0.353,0.0259,0.0465,0.0026,0.9968,0.9481,0.3987,True,90,41
1016,0.2,0.05,frozen,10,model,0.6208,0.0463,0.0384403712,-0.0012478654,0.0347,0.3481,0.3652,0.0162,0.0494,0.002,0.9962,0.9591,0.4062,True,83,24
1016,0.2,0.05,frozen,11,model,0.6215,0.0523,0.0361676775,-0.0023123693,0.0287,0.3529,0.3507,0.0167,0.0447,0.0002,0.9964,0.9489,0.42,True,86,33
1016,0.2,0.05,prior,0,prior,0.621,0.1437,0.0065621616,-0.0007666166,0.0475,0.2347,0.2315,0.0202,0.0302,0.0336,0.7763,0.9754,0.0,False,84,19
1016,0.2,0.05,prior,1,model,0.6158,0.1328,0.0106599629,-0.000313288,0.0803,0.1515,0.2251,0.0431,0.0282,0.0295,0.7908,0.9746,0.0,False,63,15
1016,0.2,0.05,prior,2,model,0.6188,0.1354,0.0093029286,-0.0005323061,0.0577,0.1798,0.2289,0.0272,0.0278,0.0301,0.7771,0.9752,0.0,False,75,13
1016,0.2,0.05,prior,3,model,0.6232,0.1324,0.0100162058,-0.0002731102,0.0404,0.1909,0.2269,0.0337,0.0274,0.0281,0.8,0.9722,0.0,False,93,17
1016,0.2,0.05,prior,4,model,0.6205,0.1463,0.0048073873,-0.0007844617,0.036,0.2133,0.2022,0.0197,0.0213,0.0313,0.7958,0.9789,0.0,False,82,20
1016,0.2,0.05,prior,5,model,0.6195,0.1364,0.0093381614,-0.0004385069,0.0803,0.1402,0.2181,0.0537,0.0298,0.0342,0.7976,0.9748,0.0,False,78,17
1016,0.2,0.05,prior,6,model,0.6188,0.1341,0.0090966683,-0.0003948102,0.0646,0.1914,0.2295,0.0255,0.028,0.033,0.7893,0.9773,0.0,False,75,14
1016,0.2,0.05,prior,7,model,0.6265,0.1405,0.0091389754,-8.07266e-05,0.0829,0.2628,0.2175,0.0563,0.0284,0.0323,0.8031,0.9777,0.0,False,106,20
1016,0.2,0.05,prior,8,model,0.6195,0.1392,0.0079040599,-0.0007164924,0.0537,0.2075,0.2339,0.0248,0.0317,0.0306,0.7884,0.9764,0.0,False,78,18
1016,0.2,0.05,prior,9,model,0.6205,0.1358,0.0101539961,-0.0016855661,0.0384,0.2274,0.2134,0.0413,0.0254,0.0321,0.7895,0.9761,0.0,False,82,24
1016,0.2,0.05,prior,10,model,0.619,0.1341,0.0091798124,-0.0001250293,0.0383,0.1841,0.2211,0.0113,0.0296,0.0318,0.8029,0.9801,0.0,False,76,14
1016,0.2,0.05,prior,11,model,0.6208,0.1365,0.0082139899,-0.001230196,0.0505,0.2305,0.2123,0.0312,0.0267,0.0319,0.793,0.9752,0.0,False,83,22
1016,0.4,0.0,treatment,0,prior,0.6,0.0921,0.0230682503,0.0,0.092,0.2128,0.3044,0.0353,0.0396,0.0135,0.8318,0.9244,0.0056,False,0,0
1016,0.4,0.0,treatment,1,model,0.6,0.05,0.0362763149,0.0,0.1803,0.1654,0.3456,0.0697,0.0431,0.0022,0.9943,0.9446,0.3381,True,0,0
1016,0.4,0.0,treatment,2,model,0.6,0.0646,0.0310017034,0.0,0.0803,0.2703,0.3306,0.0219,0.0432,0.0081,0.9798,0.9311,0.25,True,0,0
1016,0.4,0.0,treatment,3,model,0.6,0.05,0.0363350652,0.0,0.2133,0.1968,0.345,0.0794,0.0381,0.0022,0.9851,0.9191,0.2831,True,0,0
1016,0.4,0.0,treatment,4,model,0.6,0.07,0.0295738063,0.0,0.0813,0.2755,0.3137,0.0277,0.0388,0.0106,0.9822,0.8483,0.2675,True,0,0
1016,0.4,0.0,treatment,5,model,0.6,0.0442,0.0377948721,0.0,0.2219,0.1306,0.3525,0.087,0.044,0.0041,0.9956,0.9482,0.4062,True,0,0
1016,0.4,0.0,treatment,6,model,0.6,0.0579,0.0339677875,0.0,0.1268,0.2593,0.3394,0.0415,0.045,0.0085,0.9714,0.7729,0.1519,True,0,0
1016,0.4,0.0,treatment,7,model,0.6,0.0521,0.0358588886,0.0,0.197,0.148,0.345,0.0772,0.0393,0.0026,0.9936,0.9242,0.3294,True,0,0
1016,0.4,0.0,treatment,8,model,0.6,0.0654,0.0313005532,0.0,0.1146,0.2294,0.34,0.0407,0.0415,0.0035,0.9918,0.8402,0.3762,True,0,0
1016,0.4,0.0,treatment,9,model,0.6,0.0521,0.0344910087,0.0,0.1112,0.2412,0.335,0.0292,0.0398,0.0057,0.992,0.8545,0.3525,True,0,0
1016,0.4,0.0,treatment,10,model,0.6,0.0533,0.0341567322,0.0,0.1793,0.1786,0.3381,0.0688,0.0443,0.0096,0.9895,0.9081,0.2525,True,0,0
1016,0.4,0.0,treatment,11,model,0.6,0.0462,0.0364350512,0.0,0.1945,0.1514,0.3438,0.074,0.0408,0.0019,0.9891,0.9255,0.3262,True,0,0
1016,0.4,0.0,frozen,0,prior,0.6,0.0921,0.0230682503,0.0,0.092,0.2128,0.3044,0.0353,0.0396,0.0135,0.8318,0.9244,0.0056,False,0,0
1016,0.4,0.0,frozen,1,model,0.6,0.05,0.0362763149,0.0,0.0253,0.3319,0.3456,0.0275,0.0397,0.0023,0.9943,0.9446,0.3381,True,0,0
1016,0.4,0.0,frozen,2,model,0.6,0.0475,0.0355586469,0.0,0.0255,0.3358,0.3563,0.0255,0.0459,0.0014,0.9929,0.9303,0.3475,True,0,0
1016,0.4,0.0,frozen,3,model,0.6,0.0508,0.0357357358,0.0,0.0323,0.3353,0.3438,0.0295,0.0411,0.0006,0.9931,0.942,0.3237,True,0,0
1016,0.4,0.0,frozen,4,model,0.6,0.0512,0.0352585065,0.0,0.0198,0.3236,0.3419,0.0254,0.0414,0.0029,0.9933,0.9473,0.3281,True,0,0
1016,0.4,0.0,frozen,5,model,0.6,0.0471,0.0367993115,0.0,0.0296,0.3282,0.3481,0.0282,0.046,0.0055,0.994,0.9503,0.3606,True,0,0
1016,0.4,0.0,frozen,6,model,0.6,0.0537,0.0346115169,0.0,0.0233,0.3292,0.3456,0.0293,0.0415,0.003,0.9929,0.9513,0.355,True,0,0
1016,0.4,0.0,frozen,7,model,0.6,0.0554,0.0355458551,0.0,0.0198,0.3236,0.34,0.0289,0.0418,0.005,0.9935,0.9409,0.3344,True,0,0
1016,0.4,0.0,frozen,8,model,0.6,0.0554,0.0339993887,0.0,0.0399,0.3172,0.355,0.0376,0.0438,0.0016,0.9933,0.9403,0.3306,True,0,0
1016,0.4,0.0,frozen,9,model,0.6,0.0529,0.035420291,0.0,0.021,0.3308,0.3337,0.0271,0.0412,0.0045,0.9935,0.9475,0.3287,True,0,0
1016,0.4,0.0,frozen,10,model,0.6,0.0508,0.0365200687,0.0,0.0279,0.315,0.3419,0.03,0.0421,0.0012,0.9914,0.9442,0.34,True,0,0
1016,0.4,0.0,frozen,11,model,0.6,0.0504,0.0357638856,0.0,0.02,0.3228,0.3375,0.0266,0.042,0.0035,0.9934,0.9429,0.3713,True,0,0
1016,0.4,0.0,prior,0,prior,0.6,0.0921,0.0230682503,0.0,0.092,0.2128,0.3044,0.0353,0.0396,0.0135,0.8318,0.9244,0.0056,False,0,0
1016,0.4,0.0,prior,1,model,0.6,0.0858,0.0252799731,0.0,0.0856,0.2076,0.2919,0.0329,0.0405,0.0187,0.8257,0.9062,0.0069,False,0,0
1016,0.4,0.0,prior,2,model,0.6,0.0871,0.0246838777,0.0,0.0989,0.2011,0.2969,0.039,0.042,0.0162,0.8293,0.9072,0.0006,False,0,0
1016,0.4,0.0,prior,3,model,0.6,0.0817,0.0262970158,0.0,0.1032,0.2151,0.2975,0.0332,0.039,0.0159,0.838,0.9025,0.0025,False,0,0
1016,0.4,0.0,prior,4,model,0.6,0.09,0.0228545106,0.0,0.0809,0.2066,0.2838,0.0308,0.0366,0.0147,0.8271,0.9157,0.0013,False,0,0
1016,0.4,0.0,prior,5,model,0.6,0.0838,0.0265299447,0.0,0.1032,0.2097,0.2931,0.0343,0.042,0.0164,0.8353,0.9054,0.0037,False,0,0
1016,0.4,0.0,prior,6,model,0.6,0.08,0.0251530391,0.0,0.1131,0.1986,0.3063,0.0408,0.0442,0.0181,0.8264,0.9117,0.0037,False,0,0
1016,0.4,0.0,prior,7,model,0.6,0.0854,0.0251919889,0.0,0.1196,0.1942,0.295,0.0443,0.0396,0.0184,0.8308,0.9109,0.0019,False,0,0
1016,0.4,0.0,prior,8,model,0.6,0.0842,0.0261037468,0.0,0.1394,0.1725,0.3119,0.0636,0.0458,0.0158,0.8232,0.9011,0.0019,False,0,0
1016,0.4,0.0,prior,9,model,0.6,0.0742,0.0291707307,0.0,0.1371,0.1841,0.3019,0.0465,0.038,0.0149,0.8324,0.9131,0.0025,False,0,0
1016,0.4,0.0,prior,10,model,0.6,0.0896,0.0228703369,0.0,0.1082,0.183,0.2838,0.0532,0.0402,0.0197,0.817,0.9198,0.0,False,0,0
1016,0.4,0.0,prior,11,model,0.6,0.0846,0.0245518551,0.0,0.0959,0.1904,0.2863,0.0347,0.0408,0.0209,0.8224,0.9039,0.0019,False,0,0
1016,0.4,0.05,treatment,0,prior,0.6192,0.0993,0.0214634263,-0.001604824,0.0718,0.2518,0.3033,0.0358,0.0376,0.0169,0.8318,0.9244,0.0056,False,77,25
1016,0.4,0.05,treatment,1,model,0.6188,0.0651,0.0321813586,-0.0012945591,0.094,0.2881,0.3357,0.0453,0.043,0.0061,0.9767,0.7224,0.2231,True,75,25
1016,0.4,0.05,treatment,2,model,0.6192,0.0541,0.0350302235,-0.0016163901,0.1924,0.1813,0.3611,0.0776,0.0479,0.0025,0.9924,0.9353,0.3444,True,77,22
1016,0.4,0.05,treatment,3,model,0.6228,0.067,0.0321161811,-0.001625973,0.1182,0.2257,0.3347,0.0514,0.0412,0.0057,0.9846,0.9293,0.2913,True,91,23
1016,0.4,0.05,treatment,4,model,0.625,0.0664,0.0318193435,-0.0022707032,0.1127,0.3322,0.336,0.0327,0.0417,0.0072,0.988,0.9199,0.2581,True,100,35
1016,0.4,0.05,treatment,5,model,0.6162,0.0572,0.0352153184,-0.0013657185,0.1266,0.2264,0.3446,0.0353,0.0421,0.0053,0.9891,0.8923,0.3381,True,65,22
1016,0.4,0.05,treatment,6,model,0.6178,0.0648,0.0325927338,-0.0007868173,0.1711,0.1706,0.3414,0.0558,0.0432,0.0051,0.9772,0.4952,0.1644,True,71,17
1016,0.4,0.05,treatment,7,model,0.6202,0.0842,0.0267690373,-0.0013640956,0.1062,0.2886,0.3081,0.0455,0.0417,0.0138,0.9301,0.8879,0.1044,True,81,22
1016,0.4,0.05,treatment,8,model,0.6205,0.06,0.0342259012,-0.0013687776,0.1177,0.246,0.3636,0.0433,0.0469,0.0044,0.9885,0.8959,0.3644,True,82,26
1016,0.4,0.05,treatment,9,model,0.624,0.0701,0.0304746143,-0.0039335225,0.0803,0.3869,0.3231,0.0726,0.0398,0.0082,0.9902,0.9255,0.2925,True,96,43
1016,0.4,0.05,treatment,10,model,0.6228,0.0602,0.0337480777,-0.000946374,0.1012,0.2722,0.3439,0.0321,0.042,0.0062,0.9895,0.9279,0.3156,True,91,23
1016,0.4,0.05,treatment,11,model,0.6218,0.07,0.0304981561,-0.0016207481,0.0944,0.2761,0.3219,0.0279,0.0358,0.0091,0.9766,0.8928,0.23,True,87,27
1016,0.4,0.05,frozen,0,prior,0.6,0.0921,0.0230682503,0.0,0.092,0.2128,0.3044,0.0353,0.0396,0.0135,0.8318,0.9244,0.0056,False,0,0
1016,0.4,0.05,frozen,1,model,0.6185,0.0594,0.0347285515,-0.0015477633,0.0311,0.3312,0.3447,0.0275,0.0394,0.0022,0.9943,0.9446,0.3381,True,74,27
1016,0.4,0.05,frozen,2,model,0.617,0.0563,0.0335315363,-0.0020271106,0.0258,0.3363,0.3557,0.0255,0.0459,0.0015,0.9929,0.9303,0.3475,True,68,25
1016,0.4,0.05,frozen,3,model,0.6235,0.0593,0.0338601075,-0.0018756283,0.0363,0.3358,0.3479,0.0295,0.0446,0.0013,0.9931,0.942,0.3237,True,94,26
1016,0.4,0.05,frozen,4,model,0.6232,0.063,0.0329117409,-0.0023467655,0.021,0.3239,0.3404,0.0254,0.0418,0.0031,0.9933,0.9473,0.3281,True,93,34
1016,0.4,0.05,frozen,5,model,0.62,0.0552,0.0355834124,-0.0012158991,0.034,0.3282,0.3507,0.0282,0.0468,0.0056,0.994,0.9503,0.3606,True,80,24
1016,0.4,0.05,frozen,6,model,0.6178,0.0583,0.0342296761,-0.0003818408,0.0288,0.3303,0.3519,0.0293,0.0434,0.0028,0.9929,0.9513,0.355,True,71,15
1016,0.4,0.05,frozen,7,model,0.6215,0.0636,0.0339803918,-0.0015654633,0.0232,0.3243,0.3428,0.0289,0.0427,0.0048,0.9935,0.9409,0.3344,True,86,25
1016,0.4,0.05,frozen,8,model,0.6185,0.0647,0.0322342245,-0.0017651642,0.0397,0.3179,0.3545,0.0376,0.0438,0.0016,0.9933,0.9403,0.3306,True,74,27
1016,0.4,0.05,frozen,9,model,0.624,0.0665,0.0321308428,-0.0032894482,0.022,0.3307,0.3291,0.0271,0.0397,0.0042,0.9935,0.9475,0.3287,True,96,39
1016,0.4,0.05,frozen,10,model,0.6208,0.0576,0.0357274351,-0.0007926336,0.032,0.3161,0.3467,0.03,0.0432,0.0007,0.9914,0.9442,0.34,True,83,21
1016,0.4,0.05,frozen,11,model,0.6232,0.0622,0.0333685419,-0.0023953437,0.019,0.3216,0.3358,0.0266,0.0411,0.0032,0.9934,0.9429,0.3713,True,93,34
1016,0.4,0.05,prior,0,prior,0.6192,0.0993,0.0214634263,-0.001604824,0.0718,0.2518,0.3033,0.0358,0.0376,0.0169,0.8318,0.9244,0.0056,False,77,25
1016,0.4,0.05,prior,1,model,0.6165,0.0921,0.0243302148,-0.0009497583,0.1122,0.2559,0.2907,0.0336,0.0382,0.0205,0.8257,0.9062,0.0069,False,66,21
1016,0.4,0.05,prior,2,model,0.6185,0.0918,0.0234934641,-0.0011904136,0.0749,0.2667,0.2995,0.0248,0.0393,0.013,0.8293,0.9072,0.0006,False,74,18
1016,0.4,0.05,prior,3,model,0.623,0.0879,0.0250995837,-0.0011974321,0.1068,0.201,0.3004,0.0427,0.0382,0.0158,0.838,0.9025,0.0025,False,92,23
1016,0.4,0.05,prior,4,model,0.6215,0.099,0.0209396114,-0.0019148992,0.0595,0.3008,0.2801,0.0483,0.0352,0.0166,0.8271,0.9157,0.0013,False,86,30
1016,0.4,0.05,prior,5,model,0.62,0.0899,0.025409859,-0.0011200857,0.0488,0.2619,0.2941,0.0243,0.0398,0.0171,0.8353,0.9054,0.0037,False,80,22
1016,0.4,0.05,prior,6,model,0.6178,0.0842,0.0246514246,-0.0005016145,0.1264,0.2041,0.31,0.0495,0.0439,0.0184,0.8264,0.9117,0.0037,False,71,16
1016,0.4,0.05,prior,7,model,0.625,0.0912,0.0245815725,-0.0006104164,0.0785,0.2361,0.2993,0.0317,0.0385,0.019,0.8308,0.9109,0.0019,False,100,23
1016,0.4,0.05,prior,8,model,0.6222,0.0912,0.0246450851,-0.0014586617,0.059,0.2661,0.3137,0.034,0.0436,0.0173,0.8232,0.9011,0.0019,False,89,25
1016,0.4,0.05,prior,9,model,0.622,0.0856,0.026036168,-0.0031345627,0.0887,0.2614,0.2963,0.03,0.0385,0.015,0.8324,0.9131,0.0025,False,88,35
1016,0.4,0.05,prior,10,model,0.6178,0.0943,0.0221433286,-0.0007270083,0.097,0.2051,0.2852,0.0362,0.0373,0.0185,0.817,0.9198,0.0,False,71,18
1016,0.4,0.05,prior,11,model,0.6215,0.0945,0.0222212054,-0.0023306497,0.0435,0.2797,0.2814,0.0276,0.0395,0.02,0.8224,0.9039,0.0019,False,86,32
1016,1.0,0.0,treatment,0,prior,0.6,0.0183,0.0465274008,0.0,0.3944,0.0241,0.415,0.1539,0.0548,0.0002,0.9732,0.8432,0.2344,True,0,0
1016,1.0,0.0,treatment,1,model,0.6,0.1479,0.0040636121,0.0,0.0258,0.2111,0.1988,0.0298,0.0214,0.0323,0.9594,0.8554,0.0581,True,0,0
1016,1.0,0.0,treatment,2,model,0.6,0.0417,0.0383615628,0.0,0.2527,0.1382,0.365,0.0943,0.0435,0.0015,0.996,0.9537,0.3819,True,0,0
1016,1.0,0.0,treatment,3,model,0.6,0.0729,0.0284284441,0.0,0.1165,0.2451,0.3106,0.036,0.0373,0.01,0.985,0.9135,0.1644,True,0,0
1016,1.0,0.0,treatment,4,model,0.6,0.05,0.0356255142,0.0,0.156,0.1895,0.3438,0.0579,0.0384,0.0035,0.9931,0.9349,0.35,True,0,0
1016,1.0,0.0,treatment,5,model,0.6,0.0596,0.0342298869,0.0,0.1494,0.3339,0.3294,0.046,0.0425,0.0059,0.9725,0.6935,0.1981,True,0,0
1016,1.0,0.0,treatment,6,model,0.6,0.0425,0.0385990215,0.0,0.2393,0.1232,0.3625,0.0948,0.044,0.0037,0.9927,0.8968,0.3456,True,0,0
1016,1.0,0.0,treatment,7,model,0.6,0.0642,0.0324481512,0.0,0.1238,0.203,0.3269,0.0511,0.0396,0.0058,0.9823,0.7741,0.2181,True,0,0
1016,1.0,0.0,treatment,8,model,0.6,0.055,0.0347778242,0.0,0.1619,0.2073,0.3556,0.0681,0.045,0.0043,0.9886,0.9011,0.3513,True,0,0
1016,1.0,0.0,treatment,9,model,0.6,0.0504,0.0367023414,0.0,0.1401,0.2739,0.3375,0.0431,0.0396,0.0032,0.9921,0.921,0.2906,True,0,0
1016,1.0,0.0,treatment,10,model,0.6,0.05,0.0355243681,0.0,0.1304,0.2443,0.3431,0.0394,0.0438,0.0034,0.9939,0.9339,0.3088,True,0,0
1016,1.0,0.0,treatment,11,model,0.6,0.0508,0.0348441077,0.0,0.1524,0.2487,0.3369,0.0525,0.0444,0.0043,0.9892,0.9186,0.3131,True,0,0
1016,1.0,0.0,frozen,0,prior,0.6,0.0183,0.0465274008,0.0,0.3944,0.0241,0.415,0.1539,0.0548,0.0002,0.9732,0.8432,0.2344,True,0,0
1016,1.0,0.0,frozen,1,model,0.6,0.1479,0.0040636121,0.0,0.1688,0.036,0.1988,0.1497,-0.001,0.0008,0.9594,0.8554,0.0581,True,0,0
1016,1.0,0.0,frozen,2,model,0.6,0.1517,0.0021048931,0.0,0.1712,0.0335,0.2,0.1532,-0.0011,0.0014,0.9633,0.8413,0.0481,True,0,0
1016,1.0,0.0,frozen,3,model,0.6,0.1454,0.0043837242,0.0,0.171,0.035,0.2019,0.1492,-0.0006,0.0,0.9649,0.8035,0.0575,True,0,0
1016,1.0,0.0,frozen,4,model,0.6,0.14,0.008566761,0.0,0.1815,0.0342,0.2087,0.1501,0.0001,0.0002,0.9646,0.8546,0.0425,True,0,0
1016,1.0,0.0,frozen,5,model,0.6,0.1354,0.0092818556,0.0,0.1874,0.0343,0.2156,0.1498,0.0025,0.0006,0.9638,0.8354,0.0506,True,0,0
1016,1.0,0.0,frozen,6,model,0.6,0.14,0.007314645,0.0,0.1871,0.0335,0.2162,0.1523,0.0011,0.0004,0.9603,0.8127,0.0544,True,0,0
1016,1.0,0.0,frozen,7,model,0.6,0.15,0.0075868054,0.0,0.1672,0.0369,0.1981,0.1505,-0.0006,0.0012,0.9636,0.8451,0.0587,True,0,0
1016,1.0,0.0,frozen,8,model,0.6,0.1529,0.003507819,0.0,0.1794,0.034,0.2087,0.1571,0.0001,0.0006,0.966,0.8471,0.0669,True,0,0
1016,1.0,0.0,frozen,9,model,0.6,0.1412,0.0074496433,0.0,0.173,0.0349,0.2013,0.1474,-0.0005,0.0034,0.9622,0.8087,0.0494,True,0,0
1016,1.0,0.0,frozen,10,model,0.6,0.1375,0.0086432865,0.0,0.1834,0.0341,0.2119,0.1496,0.001,0.0016,0.964,0.8355,0.0794,True,0,0
1016,1.0,0.0,frozen,11,model,0.6,0.1367,0.0080699316,0.0,0.1729,0.0368,0.2081,0.1448,0.0008,0.0,0.9691,0.8629,0.065,True,0,0
1016,1.0,0.0,prior,0,prior,0.6,0.0183,0.0465274008,0.0,0.3944,0.0241,0.415,0.1539,0.0548,0.0002,0.9732,0.8432,0.2344,True,0,0
1016,1.0,0.0,prior,1,model,0.6,0.0158,0.047007639,0.0,0.3743,0.0226,0.3969,0.1502,0.05,0.0001,0.9731,0.81,0.21,True,0,0
1016,1.0,0.0,prior,2,model,0.6,0.0129,0.0475827261,0.0,0.3947,0.0134,0.4081,0.158,0.0523,0.0001,0.9711,0.858,0.2206,True,0,0
1016,1.0,0.0,prior,3,model,0.6,0.0121,0.0474635646,0.0,0.3865,0.0154,0.4019,0.1548,0.051,0.0003,0.9702,0.8239,0.1719,True,0,0
1016,1.0,0.0,prior,4,model,0.6,0.0138,0.0470618778,0.0,0.3721,0.026,0.3981,0.1486,0.0501,0.0002,0.9713,0.8224,0.1875,True,0,0
1016,1.0,0.0,prior,5,model,0.6,0.0125,0.0478955092,0.0,0.3796,0.0204,0.4,0.151,0.0498,0.0001,0.971,0.8178,0.2031,True,0,0
1016,1.0,0.0,prior,6,model,0.6,0.0146,0.0467987689,0.0,0.3851,0.0193,0.4044,0.1544,0.0517,0.0001,0.9736,0.8387,0.2213,True,0,0
1016,1.0,0.0,prior,7,model,0.6,0.0154,0.0475881602,0.0,0.3846,0.0154,0.4,0.154,0.0503,0.0003,0.9671,0.7936,0.1831,True,0,0
1016,1.0,0.0,prior,8,model,0.6,0.0179,0.0465051899,0.0,0.3788,0.0324,0.4113,0.1515,0.0545,0.0001,0.9718,0.8136,0.2094,True,0,0
1016,1.0,0.0,prior,9,model,0.6,0.015,0.0473780306,0.0,0.3729,0.0269,0.3906,0.1435,0.0471,0.0002,0.9725,0.8286,0.2169,True,0,0
1016,1.0,0.0,prior,10,model,0.6,0.0142,0.046789216,0.0,0.3812,0.0157,0.3969,0.1527,0.0489,0.0005,0.9683,0.8324,0.2106,True,0,0
1016,1.0,0.0,prior,11,model,0.6,0.0163,0.0458919547,0.0,0.3647,0.0241,0.3887,0.1456,0.0479,0.0,0.9705,0.8498,0.2338,True,0,0
1016,1.0,0.05,treatment,0,prior,0.6218,0.0314,0.044123449,-0.0024039518,0.1594,0.2636,0.4164,0.0305,0.058,0.0001,0.9732,0.8432,0.2344,True,87,34
1016,1.0,0.05,treatment,1,model,0.6178,0.0793,0.028720971,-0.0009733254,0.1119,0.2744,0.312,0.0398,0.0415,0.0142,0.9587,0.8499,0.1062,True,71,21
1016,1.0,0.05,treatment,2,model,0.6195,0.0545,0.0350426242,-0.0018749455,0.1149,0.3591,0.3607,0.0423,0.0459,0.0021,0.9889,0.9331,0.3387,True,78,25
1016,1.0,0.05,treatment,3,model,0.6232,0.0726,0.0297262292,-0.0021019844,0.0789,0.2948,0.3258,0.0323,0.0384,0.0083,0.9864,0.9188,0.2781,True,93,26
1016,1.0,0.05,treatment,4,model,0.6198,0.0633,0.0325833899,-0.0028598984,0.1425,0.4435,0.3373,0.0862,0.0406,0.0039,0.9886,0.8983,0.3013,True,79,36
1016,1.0,0.05,treatment,5,model,0.617,0.0555,0.0357082699,-0.0011872975,0.0459,0.3111,0.3479,0.0259,0.0407,0.0017,0.9927,0.8907,0.4044,True,68,21
1016,1.0,0.05,treatment,6,model,0.6165,0.0624,0.0332068169,-0.0001793292,0.1729,0.2106,0.3442,0.066,0.0427,0.0053,0.9637,0.8642,0.105,True,66,14
1016,1.0,0.05,treatment,7,model,0.621,0.0596,0.0341250875,-0.0013766642,0.1679,0.2722,0.3489,0.0593,0.0442,0.0086,0.9939,0.9426,0.3031,True,84,24
1016,1.0,0.05,treatment,8,model,0.6205,0.0633,0.0332082469,-0.0015117411,0.0953,0.3372,0.3584,0.0261,0.0457,0.0049,0.9913,0.9074,0.325,True,82,27
1016,1.0,0.05,treatment,9,model,0.6215,0.064,0.032876286,-0.0032139658,0.0524,0.317,0.3316,0.0288,0.0392,0.0041,0.9914,0.9232,0.3131,True,86,36
1016,1.0,0.05,treatment,10,model,0.6205,0.0608,0.0328277176,-0.0011558747,0.1214,0.3139,0.3412,0.0328,0.0431,0.0065,0.9947,0.9207,0.3669,True,82,22
1016,1.0,0.05,treatment,11,model,0.6222,0.0707,0.0309301774,-0.0018605659,0.0729,0.319,0.321,0.0418,0.0392,0.0114,0.9784,0.8676,0.1969,True,89,30
1016,1.0,0.05,frozen,0,prior,0.6,0.0183,0.0465274008,0.0,0.3944,0.0241,0.415,0.1539,0.0548,0.0002,0.9732,0.8432,0.2344,True,0,0
1016,1.0,0.05,frozen,1,model,0.621,0.1481,0.004109376,4.57639e-05,0.1708,0.036,0.2012,0.1497,-0.0006,0.0008,0.9594,0.8554,0.0581,True,84,13
1016,1.0,0.05,frozen,2,model,0.6165,0.1521,0.0021746778,6.97846e-05,0.1726,0.0337,0.2014,0.1532,-0.0009,0.0013,0.9633,0.8413,0.0481,True,66,11
1016,1.0,0.05,frozen,3,model,0.6252,0.1455,0.004024802,-0.0003589222,0.1753,0.0348,0.2055,0.1492,-0.0001,0.0,0.9649,0.8035,0.0575,True,101,15
1016,1.0,0.05,frozen,4,model,0.623,0.1449,0.0074652395,-0.0011015215,0.1778,0.0343,0.2049,0.1501,-0.0005,0.0002,0.9646,0.8546,0.0425,True,92,25
1016,1.0,0.05,frozen,5,model,0.618,0.1383,0.0086546315,-0.0006272241,0.1866,0.0344,0.2147,0.1498,0.0022,0.0007,0.9638,0.8354,0.0506,True,72,17
1016,1.0,0.05,frozen,6,model,0.6182,0.1387,0.00800447,0.000689825,0.1929,0.0335,0.222,0.1523,0.002,0.0004,0.9603,0.8127,0.0544,True,73,7
1016,1.0,0.05,frozen,7,model,0.6225,0.1514,0.0071342422,-0.0004525632,0.167,0.0367,0.1987,0.1505,-0.0004,0.0012,0.9636,0.8451,0.0587,True,90,17
1016,1.0,0.05,frozen,8,model,0.62,0.1556,0.0031549646,-0.0003528544,0.178,0.0342,0.2072,0.1571,-0.0002,0.0006,0.966,0.8471,0.0669,True,80,19
1016,1.0,0.05,frozen,9,model,0.622,0.1447,0.0063889479,-0.0010606954,0.1707,0.0348,0.1991,0.1474,-0.0006,0.0043,0.9622,0.8087,0.0494,True,88,21
1016,1.0,0.05,frozen,10,model,0.6222,0.1398,0.0082622864,-0.0003810001,0.185,0.0341,0.2124,0.1496,0.0011,0.0013,0.964,0.8355,0.0794,True,89,18
1016,1.0,0.05,frozen,11,model,0.6195,0.1392,0.0073706521,-0.0006992795,0.1728,0.0365,0.2076,0.1448,0.0007,0.0,0.9691,0.8629,0.065,True,78,17
1016,1.0,0.05,prior,0,prior,0.6218,0.0314,0.044123449,-0.0024039518,0.1594,0.2636,0.4164,0.0305,0.058,0.0001,0.9732,0.8432,0.2344,True,87,34
1016,1.0,0.05,prior,1,model,0.619,0.0267,0.0453168037,-0.0016908354,0.1835,0.2368,0.3983,0.0506,0.0529,0.0002,0.9731,0.81,0.21,True,76,28
1016,1.0,0.05,prior,2,model,0.6172,0.0235,0.0451686254,-0.0024141007,0.2113,0.2602,0.4089,0.0727,0.0558,0.0001,0.9711,0.858,0.2206,True,69,27
1016,1.0,0.05,prior,3,model,0.6212,0.0237,0.0447335478,-0.0027300168,0.1747,0.2648,0.4046,0.0244,0.0541,0.0003,0.9702,0.8239,0.1719,True,85,30
1016,1.0,0.05,prior,4,model,0.6215,0.0282,0.0442105132,-0.0028513646,0.1462,0.3697,0.3963,0.0695,0.0525,0.0004,0.9713,0.8224,0.1875,True,86,37
1016,1.0,0.05,prior,5,model,0.617,0.0231,0.045971535,-0.0019239741,0.1716,0.2291,0.4001,0.0388,0.052,0.0,0.971,0.8178,0.2031,True,68,27
1016,1.0,0.05,prior,6,model,0.616,0.0223,0.0454550772,-0.0013436917,0.2211,0.1871,0.4082,0.054,0.0552,0.0012,0.9736,0.8387,0.2213,True,64,20
1016,1.0,0.05,prior,7,model,0.6195,0.0266,0.0453990402,-0.00218912,0.1866,0.2516,0.4014,0.0428,0.0543,0.0013,0.9671,0.7936,0.1831,True,78,29
1016,1.0,0.05,prior,8,model,0.6195,0.0291,0.0446713007,-0.0018338892,0.1653,0.3141,0.4133,0.0296,0.0574,0.0003,0.9718,0.8136,0.2094,True,78,29
1016,1.0,0.05,prior,9,model,0.6255,0.0328,0.043260413,-0.0041176176,0.1451,0.3577,0.3865,0.0452,0.0484,0.0001,0.9725,0.8286,0.2169,True,102,46
1016,1.0,0.05,prior,10,model,0.6188,0.0251,0.0449207093,-0.0018685067,0.0873,0.3362,0.398,0.0513,0.0522,0.0006,0.9683,0.8324,0.2106,True,75,28
1016,1.0,0.05,prior,11,model,0.6225,0.0305,0.0430701718,-0.002821783,0.1285,0.2798,0.3874,0.0715,0.0499,0.0001,0.9705,0.8498,0.2338,True,90,37
1032,0.2,0.0,treatment,0,prior,0.6,0.1412,0.0060106439,0.0,0.0348,0.1904,0.2231,0.0345,0.0292,0.0328,0.7911,0.9794,0.0,False,0,0
1032,0.2,0.0,treatment,1,model,0.6,0.0404,0.0386260649,0.0,0.2531,0.105,0.3581,0.1012,0.0434,0.0042,0.9911,0.928,0.3438,True,0,0
1032,0.2,0.0,treatment,2,model,0.6,0.0771,0.02829339,0.0,0.1424,0.2818,0.3237,0.046,0.0444,0.0138,0.9733,0.7985,0.1419,True,0,0
1032,0.2,0.0,treatment,3,model,0.6,0.0537,0.0345330217,0.0,0.1486,0.2289,0.3775,0.0574,0.0495,0.0018,0.9945,0.9367,0.3713,True,0,0
1032,0.2,0.0,treatment,4,model,0.6,0.0446,0.0376158632,0.0,0.2042,0.1528,0.3569,0.0768,0.0454,0.0045,0.9904,0.8992,0.3212,True,0,0
1032,0.2,0.0,treatment,5,model,0.6,0.0542,0.0350268594,0.0,0.1823,0.2232,0.3581,0.0615,0.0476,0.0071,0.9848,0.7471,0.2756,True,0,0
1032,0.2,0.0,treatment,6,model,0.6,0.0479,0.0376207704,0.0,0.1685,0.2069,0.3362,0.057,0.0366,0.0029,0.9928,0.9122,0.3331,True,0,0
1032,0.2,0.0,treatment,7,model,0.6,0.0671,0.0307161307,0.0,0.0941,0.2414,0.3256,0.0334,0.0423,0.009,0.9917,0.9113,0.2975,True,0,0
1032,0.2,0.0,treatment,8,model,0.6,0.0533,0.0345306484,0.0,0.2057,0.1531,0.3588,0.0826,0.0481,0.0076,0.9824,0.8318,0.2125,True,0,0
1032,0.2,0.0,treatment,9,model,0.6,0.0592,0.0330525959,0.0,0.1588,0.2065,0.3481,0.0546,0.0432,0.0021,0.9902,0.9192,0.2938,True,0,0
1032,0.2,0.0,treatment,10,model,0.6,0.0571,0.034003403,0.0,0.1419,0.2022,0.3431,0.0556,0.046,0.0052,0.9896,0.9329,0.2181,True,0,0
1032,0.2,0.0,treatment,11,model,0.6,0.0567,0.0336208847,0.0,0.1512,0.2142,0.3406,0.0559,0.0399,0.0063,0.9686,0.9062,0.2194,True,0,0
1032,0.2,0.0,frozen,0,prior,0.6,0.1412,0.0060106439,0.0,0.0348,0.1904,0.2231,0.0345,0.0292,0.0328,0.7911,0.9794,0.0,False,0,0
1032,0.2,0.0,frozen,1,model,0.6,0.0404,0.0386260649,0.0,0.0509,0.3349,0.3581,0.0223,0.051,0.0088,0.9911,0.928,0.3438,True,0,0
1032,0.2,0.0,frozen,2,model,0.6,0.045,0.0378854786,0.0,0.0568,0.3395,0.3719,0.0242,0.0507,0.0019,0.9912,0.9175,0.3387,True,0,0
1032,0.2,0.0,frozen,3,model,0.6,0.0488,0.0363918077,0.0,0.0693,0.3207,0.385,0.0319,0.0533,0.0002,0.9911,0.8997,0.3375,True,0,0
1032,0.2,0.0,frozen,4,model,0.6,0.0362,0.0394346144,0.0,0.0632,0.3335,0.3694,0.0217,0.0511,0.0018,0.9919,0.9166,0.3469,True,0,0
1032,0.2,0.0,frozen,5,model,0.6,0.045,0.0379617292,0.0,0.0583,0.3261,0.3719,0.0252,0.0517,0.0073,0.9923,0.9227,0.3544,True,0,0
1032,0.2,0.0,frozen,6,model,0.6,0.0437,0.0389251151,0.0,0.0687,0.3215,0.3425,0.0277,0.0412,0.0024,0.9908,0.9226,0.3237,True,0,0
1032,0.2,0.0,frozen,7,model,0.6,0.0429,0.0385682645,0.0,0.0506,0.3331,0.3619,0.0201,0.0483,0.0069,0.9912,0.8987,0.3538,True,0,0
1032,0.2,0.0,frozen,8,model,0.6,0.0488,0.0366432637,0.0,0.0738,0.338,0.3656,0.0319,0.0498,0.0033,0.9931,0.9111,0.35,True,0,0
1032,0.2,0.0,frozen,9,model,0.6,0.0454,0.0376035172,0.0,0.065,0.3248,0.3688,0.0276,0.0499,0.0031,0.9922,0.911,0.3162,True,0,0
1032,0.2,0.0,frozen,10,model,0.6,0.0396,0.0383314746,0.0,0.056,0.3382,0.3694,0.0238,0.0494,0.0038,0.9943,0.9382,0.3588,True,0,0
1032,0.2,0.0,frozen,11,model,0.6,0.0454,0.0370226973,0.0,0.0621,0.3284,0.3575,0.0265,0.0484,0.0073,0.9906,0.8976,0.3394,True,0,0
1032,0.2,0.0,prior,0,prior,0.6,0.1412,0.0060106439,0.0,0.0348,0.1904,0.2231,0.0345,0.0292,0.0328,0.7911,0.9794,0.0,False,0,0
1032,0.2,0.0,prior,1,model,0.6,0.1379,0.007953391,0.0,0.0344,0.2078,0.2119,0.0226,0.0244,0.0298,0.7712,0.9745,0.0,False,0,0
1032,0.2,0.0,prior,2,model,0.6,0.1483,0.0059019709,0.0,0.0326,0.1865,0.2169,0.0343,0.0305,0.0358,0.8009,0.9797,0.0,False,0,0
1032,0.2,0.0,prior,3,model,0.6,0.1458,0.0052325822,0.0,0.0363,0.2124,0.2394,0.0182,0.0311,0.0288,0.7978,0.974,0.0,False,0,0
1032,0.2,0.0,prior,4,model,0.6,0.135,0.0099815487,0.0,0.0356,0.2023,0.2213,0.0161,0.0302,0.0311,0.789,0.9756,0.0,False,0,0
1032,0.2,0.0,prior,5,model,0.6,0.1446,0.0067892828,0.0,0.0276,0.2053,0.2225,0.0288,0.0299,0.0344,0.8008,0.9777,0.0,False,0,0
1032,0.2,0.0,prior,6,model,0.6,0.1279,0.0109750993,0.0,0.0385,0.2023,0.2162,0.0148,0.0245,0.0317,0.7879,0.969,0.0,False,0,0
1032,0.2,0.0,prior,7,model,0.6,0.14,0.0082470059,0.0,0.0431,0.1931,0.2162,0.0152,0.0263,0.0335,0.7687,0.9758,0.0,False,0,0
1032,0.2,0.0,prior,8,model,0.6,0.1383,0.009641917,0.0,0.0365,0.2253,0.2313,0.0252,0.0304,0.0293,0.8035,0.9722,0.0,False,0,0
1032,0.2,0.0,prior,9,model,0.6,0.1408,0.0076502622,0.0,0.0447,0.1961,0.2256,0.0185,0.0314,0.0329,0.7899,0.9794,0.0,False,0,0
1032,0.2,0.0,prior,10,model,0.6,0.1425,0.0051845958,0.0,0.0361,0.1977,0.215,0.0329,0.0298,0.0325,0.7962,0.9743,0.0,False,0,0
1032,0.2,0.0,prior,11,model,0.6,0.1292,0.0117039498,0.0,0.0479,0.184,0.2319,0.0331,0.0297,0.0321,0.7962,0.9802,0.0,False,0,0
1032,0.2,0.05,treatment,0,prior,0.6192,0.1449,0.0052510131,-0.0007596309,0.0358,0.1867,0.2213,0.0246,0.0311,0.0323,0.7911,0.9794,0.0,False,77,20
1032,0.2,0.05,treatment,1,model,0.62,0.048,0.0380238854,-0.0015524515,0.1165,0.246,0.3625,0.0454,0.0452,0.0026,0.9938,0.9087,0.3725,True,80,28
1032,0.2,0.05,treatment,2,model,0.618,0.0623,0.0328945087,-0.001343498,0.0887,0.32,0.3593,0.0248,0.0461,0.0048,0.9879,0.8742,0.2719,True,72,24
1032,0.2,0.05,treatment,3,model,0.618,0.0708,0.0308510401,-0.0009552122,0.0893,0.2762,0.3652,0.0184,0.051,0.005,0.9833,0.9392,0.2787,True,72,21
1032,0.2,0.05,treatment,4,model,0.6225,0.0627,0.0334405837,-0.001336791,0.2,0.2718,0.3457,0.0799,0.0413,0.0065,0.9744,0.9352,0.2387,True,90,28
1032,0.2,0.05,treatment,5,model,0.6158,0.0763,0.0299466659,-0.0005334489,0.0941,0.2669,0.3351,0.0325,0.0436,0.0081,0.9394,0.8129,0.1094,True,63,15
1032,0.2,0.05,treatment,6,model,0.62,0.0621,0.0338916645,-0.0011339961,0.1395,0.3158,0.3283,0.0472,0.0387,0.0059,0.983,0.8794,0.2013,True,80,24
1032,0.2,0.05,treatment,7,model,0.619,0.0646,0.033351057,-0.0021396919,0.1189,0.3973,0.3425,0.0419,0.0428,0.0043,0.9908,0.791,0.3506,True,76,28
1032,0.2,0.05,treatment,8,model,0.6198,0.0702,0.0308134737,-0.0011844676,0.0507,0.299,0.3471,0.0163,0.0454,0.0039,0.9894,0.9114,0.2644,True,79,26
1032,0.2,0.05,treatment,9,model,0.6212,0.0708,0.0302802868,-0.0034592949,0.138,0.2821,0.3452,0.0486,0.0428,0.0037,0.9871,0.8837,0.2631,True,85,40
1032,0.2,0.05,treatment,10,model,0.6202,0.0766,0.0275546736,-0.0029412834,0.2075,0.46,0.3265,0.0842,0.04,0.0102,0.959,0.801,0.1681,True,81,35
1032,0.2,0.05,treatment,11,model,0.624,0.0605,0.0342392331,-0.0023048302,0.136,0.363,0.3524,0.0385,0.0457,0.0037,0.9952,0.9319,0.3775,True,96,36
1032,0.2,0.05,frozen,0,prior,0.6,0.1412,0.0060106439,0.0,0.0348,0.1904,0.2231,0.0345,0.0292,0.0328,0.7911,0.9794,0.0,False,0,0
1032,0.2,0.05,frozen,1,model,0.62,0.0508,0.0368683369,-0.001757728,0.0526,0.3349,0.3579,0.0223,0.0507,0.009,0.9911,0.928,0.3438,True,80,29
1032,0.2,0.05,frozen,2,model,0.6185,0.0538,0.0364832906,-0.001402188,0.0547,0.3414,0.3735,0.0242,0.0512,0.0023,0.9912,0.9175,0.3387,True,74,25
1032,0.2,0.05,frozen,3,model,0.6195,0.0585,0.034813788,-0.0015780197,0.07,0.3215,0.3863,0.0319,0.0541,0.0002,0.9911,0.8997,0.3375,True,78,28
1032,0.2,0.05,frozen,4,model,0.6218,0.0487,0.0370583381,-0.0023762763,0.0663,0.3326,0.3681,0.0217,0.0508,0.0021,0.9919,0.9166,0.3469,True,87,34
1032,0.2,0.05,frozen,5,model,0.616,0.0503,0.0372789938,-0.0006827354,0.0605,0.3275,0.377,0.0252,0.0534,0.0073,0.9923,0.9227,0.3544,True,64,16
1032,0.2,0.05,frozen,6,model,0.6215,0.0527,0.0376710877,-0.0012540275,0.0681,0.3231,0.3448,0.0277,0.0416,0.0022,0.9908,0.9226,0.3237,True,86,26
1032,0.2,0.05,frozen,7,model,0.619,0.0533,0.0361786792,-0.0023895853,0.0454,0.3328,0.3609,0.0201,0.0482,0.0075,0.9912,0.8987,0.3538,True,76,29
1032,0.2,0.05,frozen,8,model,0.6195,0.0585,0.0351011639,-0.0015420998,0.0747,0.3399,0.366,0.0319,0.0498,0.0028,0.9931,0.9111,0.35,True,78,28
1032,0.2,0.05,frozen,9,model,0.6235,0.0609,0.0339457437,-0.0036577735,0.066,0.3235,0.3632,0.0276,0.048,0.0028,0.9922,0.911,0.3162,True,94,43
1032,0.2,0.05,frozen,10,model,0.6225,0.0534,0.0350578294,-0.0032736453,0.0606,0.3385,0.3662,0.0238,0.0482,0.0039,0.9943,0.9382,0.3588,True,90,38
1032,0.2,0.05,frozen,11,model,0.6252,0.0592,0.0342142418,-0.0028084555,0.0705,0.3283,0.3556,0.0265,0.0472,0.0069,0.9906,0.8976,0.3394,True,101,39
1032,0.2,0.05,prior,0,prior,0.6192,0.1449,0.0052510131,-0.0007596309,0.0358,0.1867,0.2213,0.0246,0.0311,0.0323,0.7911,0.9794,0.0,False,77,20
1032,0.2,0.05,prior,1,model,0.6215,0.1384,0.0083533008,0.0003999098,0.0451,0.1888,0.2153,0.0277,0.0244,0.0286,0.7712,0.9745,0.0,False,86,13
1032,0.2,0.05,prior,2,model,0.6188,0.1515,0.0053877304,-0.0005142405,0.0335,0.2414,0.2151,0.0376,0.0267,0.0329,0.8009,0.9797,0.0,False,75,19
1032,0.2,0.05,prior,3,model,0.6162,0.1477,0.0049718736,-0.0002607086,0.0358,0.2325,0.2404,0.0327,0.0336,0.0291,0.7978,0.974,0.0,False,65,14
1032,0.2,0.05,prior,4,model,0.622,0.1403,0.0090180191,-0.0009635296,0.055,0.2602,0.2176,0.0528,0.0276,0.0292,0.789,0.9756,0.0,False,88,25
1032,0.2,0.05,prior,5,model,0.6195,0.1477,0.0061365326,-0.0006527501,0.0191,0.2307,0.2214,0.0397,0.0274,0.0327,0.8008,0.9777,0.0,False,78,19
1032,0.2,0.05,prior,6,model,0.6205,0.1317,0.0104357364,-0.000539363,0.0833,0.2724,0.2148,0.061,0.0245,0.0312,0.7879,0.969,0.0,False,82,20
1032,0.2,0.05,prior,7,model,0.6175,0.1413,0.0075978347,-0.0006491711,0.0472,0.2061,0.2176,0.0137,0.025,0.0283,0.7687,0.9758,0.0,False,70,13
1032,0.2,0.05,prior,8,model,0.6205,0.141,0.0093483772,-0.0002935398,0.0559,0.1991,0.2319,0.0396,0.0288,0.025,0.8035,0.9722,0.0,False,82,18
1032,0.2,0.05,prior,9,model,0.6205,0.1446,0.0064190549,-0.0012312073,0.047,0.1917,0.224,0.0229,0.0287,0.0327,0.7899,0.9794,0.0,False,82,21
1032,0.2,0.05,prior,10,model,0.6212,0.1465,0.0038434235,-0.0013411723,0.0724,0.164,0.2125,0.0437,0.0226,0.0329,0.7962,0.9743,0.0,False,85,22
1032,0.2,0.05,prior,11,model,0.62,0.1335,0.0106651963,-0.0010387535,0.0632,0.221,0.2303,0.0339,0.0291,0.0271,0.7962,0.9802,0.0,False,80,21
1032,0.4,0.0,treatment,0,prior,0.6,0.0946,0.0203957063,0.0,0.0851,0.2205,0.2931,0.0264,0.0412,0.0184,0.8205,0.918,0.0019,False,0,0
1032,0.4,0.0,treatment,1,model,0.6,0.0425,0.0385214073,0.0,0.232,0.1266,0.355,0.0894,0.0421,0.0027,0.9855,0.9182,0.2606,True,0,0
1032,0.4,0.0,treatment,2,model,0.6,0.0638,0.0315246631,0.0,0.1327,0.2359,0.3438,0.0498,0.0459,0.0079,0.9897,0.8968,0.2188,True,0,0
1032,0.4,0.0,treatment,3,model,0.6,0.0567,0.0343732804,0.0,0.2072,0.1676,0.3731,0.0806,0.0509,0.0034,0.9922,0.9268,0.3794,True,0,0
1032,0.4,0.0,treatment,4,model,0.6,0.0604,0.0328311387,0.0,0.1206,0.2504,0.3331,0.0379,0.0432,0.0073,0.9797,0.8224,0.1325,True,0,0
1032,0.4,0.0,treatment,5,model,0.6,0.0508,0.0359747895,0.0,0.1645,0.2158,0.3631,0.0596,0.0479,0.0054,0.9928,0.8993,0.3144,True,0,0
1032,0.4,0.0,treatment,6,model,0.6,0.05,0.0367534327,0.0,0.1469,0.1862,0.3331,0.0551,0.0389,0.0048,0.9904,0.6364,0.2787,True,0,0
1032,0.4,0.0,treatment,7,model,0.6,0.0579,0.0337778576,0.0,0.178,0.223,0.3394,0.0596,0.042,0.0065,0.9834,0.9171,0.2769,True,0,0
1032,0.4,0.0,treatment,8,model,0.6,0.0642,0.0303719005,0.0,0.1287,0.2162,0.3425,0.0504,0.0433,0.0043,0.9854,0.8985,0.1756,True,0,0
1032,0.4,0.0,treatment,9,model,0.6,0.055,0.0345920459,0.0,0.1571,0.1973,0.3544,0.0598,0.0497,0.0073,0.9922,0.9077,0.3431,True,0,0
1032,0.4,0.0,treatment,10,model,0.6,0.0471,0.035603179,0.0,0.2065,0.1774,0.3581,0.0687,0.044,0.0051,0.9934,0.9372,0.2756,True,0,0
1032,0.4,0.0,treatment,11,model,0.6,0.0708,0.0283898441,0.0,0.104,0.3027,0.3194,0.0305,0.0379,0.0089,0.9796,0.88,0.2175,True,0,0
1032,0.4,0.0,frozen,0,prior,0.6,0.0946,0.0203957063,0.0,0.0851,0.2205,0.2931,0.0264,0.0412,0.0184,0.8205,0.918,0.0019,False,0,0
1032,0.4,0.0,frozen,1,model,0.6,0.0425,0.0385214073,0.0,0.0887,0.3125,0.355,0.0432,0.0452,0.0055,0.9855,0.9182,0.2606,True,0,0
1032,0.4,0.0,frozen,2,model,0.6,0.0475,0.0367679475,0.0,0.0895,0.3331,0.3681,0.0468,0.0497,0.0022,0.9873,0.912,0.2831,True,0,0
1032,0.4,0.0,frozen,3,model,0.6,0.0529,0.0354635994,0.0,0.1031,0.3063,0.3787,0.0561,0.0534,0.0023,0.9872,0.9289,0.2581,True,0,0
1032,0.4,0.0,frozen,4,model,0.6,0.0413,0.0385853842,0.0,0.0984,0.3153,0.3619,0.0466,0.0478,0.0045,0.986,0.9147,0.2625,True,0,0
1032,0.4,0.0,frozen,5,model,0.6,0.0433,0.0396251311,0.0,0.0971,0.3206,0.3744,0.0473,0.0518,0.0019,0.985,0.9155,0.2831,True,0,0
1032,0.4,0.0,frozen,6,model,0.6,0.0446,0.038509745,0.0,0.1013,0.3003,0.3412,0.0496,0.0418,0.0027,0.9855,0.9208,0.2444,True,0,0
1032,0.4,0.0,frozen,7,model,0.6,0.0446,0.03854483,0.0,0.1016,0.3233,0.3594,0.0498,0.0474,0.0031,0.9868,0.9243,0.2512,True,0,0
1032,0.4,0.0,frozen,8,model,0.6,0.05,0.0360416273,0.0,0.1007,0.3217,0.3638,0.052,0.0474,0.0047,0.9858,0.9213,0.265,True,0,0
1032,0.4,0.0,frozen,9,model,0.6,0.0521,0.0353647973,0.0,0.0942,0.3067,0.3588,0.0512,0.0483,0.0033,0.9856,0.9151,0.23,True,0,0
1032,0.4,0.0,frozen,10,model,0.6,0.0471,0.0358487749,0.0,0.1087,0.3197,0.3581,0.054,0.0449,0.0033,0.9872,0.9099,0.2612,True,0,0
1032,0.4,0.0,frozen,11,model,0.6,0.0521,0.0349144512,0.0,0.1013,0.3074,0.3475,0.0546,0.0448,0.0064,0.9854,0.9162,0.245,True,0,0
1032,0.4,0.0,prior,0,prior,0.6,0.0946,0.0203957063,0.0,0.0851,0.2205,0.2931,0.0264,0.0412,0.0184,0.8205,0.918,0.0019,False,0,0
1032,0.4,0.0,prior,1,model,0.6,0.0804,0.0260300769,0.0,0.0989,0.2008,0.2981,0.0367,0.0405,0.015,0.8308,0.9018,0.0025,False,0,0
1032,0.4,0.0,prior,2,model,0.6,0.0963,0.0225945937,0.0,0.0866,0.2373,0.295,0.0202,0.0422,0.0207,0.828,0.9058,0.0019,False,0,0
1032,0.4,0.0,prior,3,model,0.6,0.0963,0.0211715421,0.0,0.1065,0.245,0.3137,0.0314,0.0457,0.0147,0.8333,0.9214,0.0019,False,0,0
1032,0.4,0.0,prior,4,model,0.6,0.0825,0.0257893645,0.0,0.0904,0.2329,0.3,0.0217,0.042,0.0172,0.8259,0.9037,0.0,False,0,0
1032,0.4,0.0,prior,5,model,0.6,0.0954,0.0228886139,0.0,0.0944,0.216,0.2963,0.032,0.0413,0.0172,0.8264,0.9084,0.0019,False,0,0
1032,0.4,0.0,prior,6,model,0.6,0.0804,0.0269668267,0.0,0.0875,0.2051,0.2875,0.0306,0.0363,0.0188,0.8407,0.8955,0.0,False,0,0
1032,0.4,0.0,prior,7,model,0.6,0.0808,0.0261473,0.0,0.1088,0.1992,0.305,0.0438,0.042,0.0159,0.8385,0.9071,0.0025,False,0,0
1032,0.4,0.0,prior,8,model,0.6,0.0892,0.0244778619,0.0,0.0885,0.2392,0.305,0.035,0.0439,0.0195,0.8438,0.9004,0.0037,False,0,0
1032,0.4,0.0,prior,9,model,0.6,0.0871,0.0235565892,0.0,0.122,0.2042,0.3063,0.0458,0.044,0.02,0.8383,0.908,0.0044,False,0,0
1032,0.4,0.0,prior,10,model,0.6,0.0862,0.024252211,0.0,0.0927,0.2069,0.2994,0.0349,0.04,0.0189,0.8221,0.9181,0.0019,False,0,0
1032,0.4,0.0,prior,11,model,0.6,0.0804,0.0265181792,0.0,0.1126,0.1929,0.305,0.0413,0.0413,0.0154,0.821,0.9319,0.0013,False,0,0
1032,0.4,0.05,treatment,0,prior,0.6185,0.1015,0.0190078819,-0.0013878244,0.0465,0.3045,0.2916,0.0418,0.042,0.0198,0.8205,0.918,0.0019,False,74,24
1032,0.4,0.05,treatment,1,model,0.6198,0.0557,0.0363721983,-0.0018382729,0.0902,0.303,0.3498,0.0164,0.0393,0.0015,0.9898,0.9287,0.3744,True,79,30
1032,0.4,0.05,treatment,2,model,0.62,0.0835,0.0272052232,-0.0008344161,0.0776,0.3181,0.3263,0.0291,0.0444,0.0131,0.9573,0.8928,0.22,True,80,21
1032,0.4,0.05,treatment,3,model,0.6182,0.0748,0.0299953539,-0.001585417,0.0627,0.3116,0.3589,0.0278,0.0497,0.0074,0.9715,0.7398,0.1356,True,73,27
1032,0.4,0.05,treatment,4,model,0.623,0.0614,0.0336743905,-0.0015412871,0.2371,0.3257,0.3481,0.0946,0.0425,0.0043,0.9872,0.7829,0.2625,True,92,30
1032,0.4,0.05,treatment,5,model,0.6172,0.0563,0.0360658545,-0.0008067874,0.1714,0.2889,0.3684,0.0372,0.0472,0.0008,0.9878,0.9128,0.3312,True,69,18
1032,0.4,0.05,treatment,6,model,0.6208,0.0689,0.0308218242,-0.0009653108,0.1277,0.1962,0.3177,0.0492,0.0366,0.0085,0.9881,0.9138,0.2456,True,83,23
1032,0.4,0.05,treatment,7,model,0.6185,0.0651,0.0329353129,-0.0017328123,0.0749,0.365,0.3414,0.0452,0.0432,0.0062,0.9661,0.9022,0.1775,True,74,27
1032,0.4,0.05,treatment,8,model,0.6208,0.0717,0.0300265052,-0.0011044697,0.119,0.236,0.3454,0.0472,0.0428,0.0044,0.9865,0.8126,0.2594,True,83,24
1032,0.4,0.05,treatment,9,model,0.6232,0.0622,0.0333273645,-0.0036341571,0.1211,0.3955,0.361,0.0483,0.048,0.0035,0.991,0.9119,0.3125,True,93,42
1032,0.4,0.05,treatment,10,model,0.6228,0.0602,0.0330828086,-0.0024889066,0.2188,0.5275,0.3552,0.1393,0.0469,0.0053,0.9911,0.9296,0.3137,True,91,35
1032,0.4,0.05,treatment,11,model,0.623,0.0686,0.0305881066,-0.002585166,0.1091,0.3045,0.3382,0.0297,0.0412,0.0051,0.9884,0.9173,0.3387,True,92,35
1032,0.4,0.05,frozen,0,prior,0.6,0.0946,0.0203957063,0.0,0.0851,0.2205,0.2931,0.0264,0.0412,0.0184,0.8205,0.918,0.0019,False,0,0
1032,0.4,0.05,frozen,1,model,0.6185,0.0521,0.0369954209,-0.0015259864,0.0875,0.3101,0.3545,0.0432,0.0451,0.0055,0.9855,0.9182,0.2606,True,74,27
1032,0.4,0.05,frozen,2,model,0.6208,0.0568,0.0352472993,-0.0015206482,0.0886,0.337,0.3705,0.0468,0.0505,0.0023,0.9873,0.912,0.2831,True,83,27
1032,0.4,0.05,frozen,3,model,0.6185,0.0614,0.0340972061,-0.0013663933,0.1039,0.3071,0.3807,0.0561,0.054,0.0021,0.9872,0.9289,0.2581,True,74,25
1032,0.4,0.05,frozen,4,model,0.6198,0.0528,0.0362685288,-0.0023168555,0.0981,0.3156,0.3596,0.0466,0.0473,0.0053,0.986,0.9147,0.2625,True,79,32
1032,0.4,0.05,frozen,5,model,0.6162,0.0491,0.0388886963,-0.0007364348,0.0964,0.3209,0.3792,0.0473,0.0535,0.0018,0.985,0.9155,0.2831,True,65,17
1032,0.4,0.05,frozen,6,model,0.6208,0.0528,0.0375657781,-0.0009439669,0.1015,0.3018,0.3441,0.0496,0.0423,0.0026,0.9855,0.9208,0.2444,True,83,24
1032,0.4,0.05,frozen,7,model,0.62,0.0556,0.0360725705,-0.0024722595,0.101,0.3242,0.3579,0.0498,0.0454,0.0038,0.9868,0.9243,0.2512,True,80,31
1032,0.4,0.05,frozen,8,model,0.6195,0.0597,0.034593351,-0.0014482763,0.0963,0.3234,0.364,0.052,0.0478,0.0049,0.9858,0.9213,0.265,True,78,28
1032,0.4,0.05,frozen,9,model,0.6218,0.0663,0.0321701989,-0.0031945984,0.0963,0.3032,0.3529,0.0512,0.0462,0.0028,0.9856,0.9151,0.23,True,87,40
1032,0.4,0.05,frozen,10,model,0.6198,0.0585,0.0330746868,-0.002774088,0.115,0.3189,0.3557,0.054,0.0438,0.0037,0.9872,0.9099,0.2612,True,79,32
1032,0.4,0.05,frozen,11,model,0.623,0.0658,0.0319504765,-0.0029639747,0.1003,0.306,0.3428,0.0546,0.0435,0.0067,0.9854,0.9162,0.245,True,92,39
1032,0.4,0.05,prior,0,prior,0.6185,0.1015,0.0190078819,-0.0013878244,0.0465,0.3045,0.2916,0.0418,0.042,0.0198,0.8205,0.918,0.0019,False,74,24
1032,0.4,0.05,prior,1,model,0.6235,0.0874,0.0252246368,-0.0008054401,0.1204,0.2183,0.3001,0.0475,0.0395,0.0162,0.8308,0.9018,0.0025,False,94,25
1032,0.4,0.05,prior,2,model,0.6172,0.1025,0.0214521816,-0.0011424121,0.0585,0.2687,0.2939,0.0418,0.0383,0.0201,0.828,0.9058,0.0019,False,69,22
1032,0.4,0.05,prior,3,model,0.6168,0.1017,0.0202749204,-0.0008966218,0.0956,0.3447,0.3144,0.0677,0.0454,0.0177,0.8333,0.9214,0.0019,False,67,20
1032,0.4,0.05,prior,4,model,0.622,0.092,0.0240217284,-0.0017676361,0.0765,0.3209,0.297,0.0534,0.0398,0.0152,0.8259,0.9037,0.0,False,88,31
1032,0.4,0.05,prior,5,model,0.6168,0.1009,0.0218893029,-0.000999311,0.092,0.2505,0.2962,0.024,0.0392,0.0181,0.8264,0.9084,0.0019,False,67,20
1032,0.4,0.05,prior,6,model,0.6205,0.0882,0.025562489,-0.0014043377,0.0616,0.2491,0.2859,0.0158,0.0347,0.0144,0.8407,0.8955,0.0,False,82,26
1032,0.4,0.05,prior,7,model,0.6158,0.0869,0.0245564654,-0.0015908346,0.0622,0.2806,0.3045,0.028,0.0374,0.0148,0.8385,0.9071,0.0025,False,63,20
1032,0.4,0.05,prior,8,model,0.6205,0.0963,0.0233358114,-0.0011420505,0.1102,0.2268,0.305,0.0467,0.0388,0.0127,0.8438,0.9004,0.0037,False,82,25
1032,0.4,0.05,prior,9,model,0.6212,0.0966,0.0213591631,-0.0021974261,0.1026,0.2642,0.303,0.0297,0.0404,0.0139,0.8383,0.908,0.0044,False,85,31
1032,0.4,0.05,prior,10,model,0.6208,0.0946,0.0220825543,-0.0021696567,0.0729,0.2348,0.2973,0.035,0.0419,0.0207,0.8221,0.9181,0.0019,False,83,28
1032,0.4,0.05,prior,11,model,0.622,0.092,0.0237877779,-0.0027304012,0.1169,0.216,0.2989,0.0355,0.0379,0.0154,0.821,0.9319,0.0013,False,88,36
1032,1.0,0.0,treatment,0,prior,0.6,0.02,0.0446989493,0.0,0.3749,0.0301,0.405,0.1507,0.0524,0.0001,0.9727,0.8403,0.1981,True,0,0
1032,1.0,0.0,treatment,1,model,0.6,0.1013,0.0198139243,0.0,0.0321,0.2406,0.2669,0.0246,0.0331,0.0184,0.9765,0.7547,0.1306,True,0,0
1032,1.0,0.0,treatment,2,model,0.6,0.0483,0.0370793025,0.0,0.14,0.2405,0.3669,0.0485,0.047,0.0017,0.9954,0.9328,0.3463,True,0,0
1032,1.0,0.0,treatment,3,model,0.6,0.0654,0.0299369428,0.0,0.1729,0.2075,0.36,0.0661,0.0525,0.0096,0.9724,0.8648,0.2313,True,0,0
1032,1.0,0.0,treatment,4,model,0.6,0.0533,0.0342052603,0.0,0.199,0.1733,0.3438,0.075,0.0421,0.0059,0.9928,0.9375,0.2687,True,0,0
1032,1.0,0.0,treatment,5,model,0.6,0.0592,0.0339083997,0.0,0.1567,0.2434,0.3506,0.0585,0.047,0.0075,0.9907,0.8884,0.3369,True,0,0
1032,1.0,0.0,treatment,6,model,0.6,0.045,0.0385970208,0.0,0.2181,0.1225,0.3406,0.0875,0.0362,0.0008,0.9943,0.9211,0.3675,True,0,0
1032,1.0,0.0,treatment,7,model,0.6,0.065,0.0326535871,0.0,0.1634,0.1654,0.3287,0.0653,0.0419,0.007,0.9836,0.88,0.16,True,0,0
1032,1.0,0.0,treatment,8,model,0.6,0.0604,0.0327648188,0.0,0.1659,0.2267,0.3481,0.0583,0.0417,0.0037,0.9805,0.8877,0.3344,True,0,0
1032,1.0,0.0,treatment,9,model,0.6,0.0654,0.0320237965,0.0,0.131,0.2233,0.3387,0.0448,0.043,0.0059,0.9867,0.8276,0.2425,True,0,0
1032,1.0,0.0,treatment,10,model,0.6,0.05,0.0346497557,0.0,0.1457,0.2094,0.3538,0.0566,0.0472,0.0065,0.9893,0.9051,0.1956,True,0,0
1032,1.0,0.0,treatment,11,model,0.6,0.0529,0.034999536,0.0,0.1265,0.222,0.3463,0.0471,0.0424,0.0043,0.9901,0.9152,0.3069,True,0,0
1032,1.0,0.0,frozen,0,prior,0.6,0.02,0.0446989493,0.0,0.3749,0.0301,0.405,0.1507,0.0524,0.0001,0.9727,0.8403,0.1981,True,0,0
1032,1.0,0.0,frozen,1,model,0.6,0.1013,0.0198139243,0.0,0.2269,0.0399,0.2669,0.1441,0.0125,0.0002,0.9765,0.7547,0.1306,True,0,0
1032,1.0,0.0,frozen,2,model,0.6,0.1183,0.0156236031,0.0,0.2217,0.0402,0.2619,0.1524,0.0104,0.0006,0.9741,0.7563,0.1113,True,0,0
1032,1.0,0.0,frozen,3,model,0.6,0.1246,0.0139851886,0.0,0.2308,0.0404,0.2712,0.1596,0.0131,0.0001,0.9749,0.7529,0.1031,True,0,0
1032,1.0,0.0,frozen,4,model,0.6,0.1046,0.0180944049,0.0,0.227,0.0399,0.2669,0.146,0.0116,0.0002,0.9718,0.7721,0.085,True,0,0
1032,1.0,0.0,frozen,5,model,0.6,0.1092,0.0184975843,0.0,0.2357,0.0399,0.2756,0.1523,0.0139,0.0001,0.973,0.7083,0.1044,True,0,0
1032,1.0,0.0,frozen,6,model,0.6,0.1079,0.017673682,0.0,0.2063,0.0399,0.2462,0.1401,0.0079,0.0005,0.9796,0.8227,0.1356,True,0,0
1032,1.0,0.0,frozen,7,model,0.6,0.1079,0.0184778492,0.0,0.2246,0.0398,0.2644,0.1472,0.0115,0.0,0.9741,0.741,0.1231,True,0,0
1032,1.0,0.0,frozen,8,model,0.6,0.1225,0.0137477858,0.0,0.2146,0.0404,0.255,0.1517,0.0089,0.0001,0.9688,0.728,0.0769,True,0,0
1032,1.0,0.0,frozen,9,model,0.6,0.1175,0.0157376615,0.0,0.2208,0.0399,0.2606,0.1512,0.01,0.0001,0.9713,0.7002,0.0938,True,0,0
1032,1.0,0.0,frozen,10,model,0.6,0.1125,0.0147321958,0.0,0.22,0.04,0.26,0.148,0.0106,0.0001,0.9712,0.7851,0.0638,True,0,0
1032,1.0,0.0,frozen,11,model,0.6,0.1154,0.0144768241,0.0,0.2125,0.04,0.2525,0.1463,0.0085,0.0002,0.9648,0.7171,0.0631,True,0,0
1032,1.0,0.0,prior,0,prior,0.6,0.02,0.0446989493,0.0,0.3749,0.0301,0.405,0.1507,0.0524,0.0001,0.9727,0.8403,0.1981,True,0,0
1032,1.0,0.0,prior,1,model,0.6,0.0117,0.0478848938,0.0,0.3862,0.015,0.4012,0.1548,0.0503,0.0,0.9686,0.7879,0.2075,True,0,0
1032,1.0,0.0,prior,2,model,0.6,0.0183,0.0461951204,0.0,0.3727,0.0392,0.4119,0.148,0.055,0.0005,0.9742,0.8798,0.23,True,0,0
1032,1.0,0.0,prior,3,model,0.6,0.0154,0.0474923553,0.0,0.385,0.05,0.435,0.1539,0.0627,0.0,0.974,0.7894,0.2006,True,0,0
1032,1.0,0.0,prior,4,model,0.6,0.0138,0.0474473969,0.0,0.3843,0.0188,0.4031,0.1535,0.051,0.0,0.9723,0.8173,0.2206,True,0,0
1032,1.0,0.0,prior,5,model,0.6,0.015,0.0473455683,0.0,0.3869,0.03,0.4169,0.1537,0.0563,0.001,0.9726,0.7752,0.2238,True,0,0
1032,1.0,0.0,prior,6,model,0.6,0.015,0.0474201523,0.0,0.3696,0.016,0.3856,0.1477,0.0455,0.0002,0.9699,0.8562,0.2025,True,0,0
1032,1.0,0.0,prior,7,model,0.6,0.0158,0.0467154573,0.0,0.3771,0.0254,0.4025,0.151,0.0515,0.0003,0.9728,0.8366,0.2313,True,0,0
1032,1.0,0.0,prior,8,model,0.6,0.0187,0.0456952129,0.0,0.3824,0.0283,0.4106,0.1537,0.0538,0.0003,0.9704,0.87,0.2075,True,0,0
1032,1.0,0.0,prior,9,model,0.6,0.0154,0.0469668931,0.0,0.3892,0.0246,0.4138,0.1558,0.0549,0.0007,0.9736,0.8204,0.2325,True,0,0
1032,1.0,0.0,prior,10,model,0.6,0.0158,0.0468196391,0.0,0.3734,0.0316,0.405,0.15,0.0525,0.0004,0.9721,0.8172,0.215,True,0,0
1032,1.0,0.0,prior,11,model,0.6,0.0163,0.0465158719,0.0,0.3773,0.024,0.4012,0.1507,0.0506,0.0005,0.9715,0.7954,0.2094,True,0,0
1032,1.0,0.05,treatment,0,prior,0.6188,0.0315,0.0425752824,-0.0021236668,0.1761,0.2307,0.4052,0.0408,0.0549,0.0011,0.9727,0.8403,0.1981,True,75,30
1032,1.0,0.05,treatment,1,model,0.6172,0.0644,0.0337330962,-0.0015711067,0.1307,0.3013,0.3338,0.0557,0.0401,0.0051,0.9858,0.8966,0.305,True,69,26
1032,1.0,0.05,treatment,2,model,0.6188,0.0667,0.0323246964,-0.0012167072,0.171,0.2395,0.3528,0.0631,0.0437,0.005,0.9864,0.8403,0.265,True,75,23
1032,1.0,0.05,treatment,3,model,0.6205,0.0725,0.0307427263,-0.0010952647,0.1457,0.2204,0.3643,0.067,0.0494,0.0047,0.9877,0.8763,0.3281,True,82,24
1032,1.0,0.05,treatment,4,model,0.621,0.0584,0.0345597166,-0.0019937598,0.1574,0.4146,0.3516,0.0495,0.0446,0.0054,0.9925,0.9291,0.3175,True,84,31
1032,1.0,0.05,treatment,5,model,0.6172,0.0547,0.03645531,-0.0006998965,0.1188,0.261,0.371,0.017,0.0465,0.0016,0.9868,0.9121,0.3638,True,69,17
1032,1.0,0.05,treatment,6,model,0.62,0.0726,0.0304886832,-0.0009749958,0.1068,0.223,0.3112,0.0335,0.0357,0.0093,0.9691,0.9133,0.1344,True,80,23
1032,1.0,0.05,treatment,7,model,0.6182,0.0611,0.0341554746,-0.0018935482,0.087,0.2948,0.3477,0.027,0.0399,0.0026,0.9873,0.842,0.3081,True,73,26
1032,1.0,0.05,treatment,8,model,0.6212,0.1014,0.0218235597,-0.0007239812,0.068,0.2497,0.297,0.0738,0.0397,0.0173,0.9125,0.8755,0.0831,True,85,25
1032,1.0,0.05,treatment,9,model,0.6228,0.0751,0.0299327603,-0.0035183789,0.0813,0.3418,0.3393,0.0369,0.0454,0.0082,0.9704,0.8134,0.2225,True,91,41
1032,1.0,0.05,treatment,10,model,0.622,0.0599,0.0323324545,-0.0025970608,0.1891,0.3215,0.3552,0.0698,0.0462,0.0028,0.9876,0.9306,0.3137,True,88,33
1032,1.0,0.05,treatment,11,model,0.6238,0.0766,0.0288311588,-0.0027348993,0.1071,0.2655,0.3256,0.0438,0.0418,0.0114,0.9577,0.8918,0.2631,True,95,35
1032,1.0,0.05,frozen,0,prior,0.6,0.02,0.0446989493,0.0,0.3749,0.0301,0.405,0.1507,0.0524,0.0001,0.9727,0.8403,0.1981,True,0,0
1032,1.0,0.05,frozen,1,model,0.6188,0.1075,0.0187640263,-0.0010498981,0.225,0.0399,0.2649,0.1441,0.012,0.0002,0.9765,0.7547,0.1306,True,75,23
1032,1.0,0.05,frozen,2,model,0.6152,0.1207,0.0154935131,-0.00013009,0.2236,0.0402,0.2638,0.1524,0.011,0.0006,0.9741,0.7563,0.1113,True,61,13
1032,1.0,0.05,frozen,3,model,0.6212,0.1288,0.0132537162,-0.0007314724,0.2322,0.0404,0.2726,0.1596,0.0135,0.0001,0.9749,0.7529,0.1031,True,85,21
1032,1.0,0.05,frozen,4,model,0.6172,0.111,0.0167786852,-0.0013157197,0.224,0.0399,0.2639,0.146,0.0109,0.0001,0.9718,0.7721,0.085,True,69,23
1032,1.0,0.05,frozen,5,model,0.6172,0.1102,0.018745911,0.0002483267,0.2416,0.0399,0.2815,0.1523,0.0153,0.0001,0.973,0.7083,0.1044,True,69,10
1032,1.0,0.05,frozen,6,model,0.62,0.1129,0.0170129,-0.000660782,0.2054,0.04,0.2454,0.1401,0.0077,0.0004,0.9796,0.8227,0.1356,True,80,21
1032,1.0,0.05,frozen,7,model,0.6162,0.112,0.017317434,-0.0011604152,0.2247,0.0398,0.2645,0.1472,0.0115,0.0,0.9741,0.741,0.1231,True,65,17
1032,1.0,0.05,frozen,8,model,0.619,0.1264,0.0132181887,-0.0005295971,0.2148,0.0404,0.2552,0.1517,0.0091,0.0001,0.9688,0.728,0.0769,True,76,19
1032,1.0,0.05,frozen,9,model,0.6208,0.1261,0.0132486732,-0.0024889883,0.2146,0.0398,0.2544,0.1512,0.0084,0.0001,0.9713,0.7002,0.0938,True,83,31
1032,1.0,0.05,frozen,10,model,0.6195,0.1182,0.0127389439,-0.0019932518,0.2183,0.0399,0.2582,0.148,0.01,0.0001,0.9712,0.7851,0.0638,True,78,23
1032,1.0,0.05,frozen,11,model,0.62,0.1218,0.0131564175,-0.0013204065,0.2092,0.0401,0.2493,0.1463,0.0078,0.0003,0.9648,0.7171,0.0631,True,80,25
1032,1.0,0.05,prior,0,prior,0.6188,0.0315,0.0425752824,-0.0021236668,0.1761,0.2307,0.4052,0.0408,0.0549,0.0011,0.9727,0.8403,0.1981,True,75,30
1032,1.0,0.05,prior,1,model,0.619,0.0238,0.0458131902,-0.0020717035,0.1407,0.2703,0.4009,0.0326,0.0542,0.0009,0.9686,0.7879,0.2075,True,76,31
1032,1.0,0.05,prior,2,model,0.6185,0.0291,0.044287633,-0.0019074874,0.2593,0.2016,0.4135,0.0683,0.0566,0.0003,0.9742,0.8798,0.23,True,74,28
1032,1.0,0.05,prior,3,model,0.6178,0.0259,0.04589617,-0.0015961853,0.2229,0.3106,0.4375,0.0532,0.0651,0.0,0.974,0.7894,0.2006,True,71,27
1032,1.0,0.05,prior,4,model,0.6208,0.0274,0.0449221856,-0.0025252113,0.2466,0.2953,0.4021,0.071,0.0542,0.0007,0.9723,0.8173,0.2206,True,83,35
1032,1.0,0.05,prior,5,model,0.6168,0.0223,0.0464760921,-0.0008694762,0.2271,0.1959,0.4227,0.0749,0.0602,0.0002,0.9726,0.7752,0.2238,True,67,19
1032,1.0,0.05,prior,6,model,0.6215,0.0261,0.0457262318,-0.0016939205,0.1762,0.2899,0.3884,0.0298,0.0476,0.0006,0.9699,0.8562,0.2025,True,86,29
1032,1.0,0.05,prior,7,model,0.6185,0.0267,0.0444233373,-0.0022921201,0.2251,0.2611,0.4037,0.068,0.0534,0.0005,0.9728,0.8366,0.2313,True,74,28
1032,1.0,0.05,prior,8,model,0.6172,0.0308,0.0436850431,-0.0020101698,0.2247,0.3184,0.4089,0.0573,0.055,0.0,0.9704,0.87,0.2075,True,69,31
1032,1.0,0.05,prior,9,model,0.624,0.0325,0.0431840501,-0.003782843,0.1781,0.344,0.4109,0.0368,0.0572,0.0001,0.9736,0.8204,0.2325,True,96,44
1032,1.0,0.05,prior,10,model,0.6218,0.0306,0.0435821203,-0.0032375188,0.2356,0.4146,0.4032,0.0946,0.0548,0.002,0.9721,0.8172,0.215,True,87,38
1032,1.0,0.05,prior,11,model,0.624,0.0325,0.0432011143,-0.0033147576,0.1351,0.3052,0.3989,0.0158,0.0526,0.0006,0.9715,0.7954,0.2094,True,96,42
1048,0.2,0.0,treatment,0,prior,0.6,0.1271,0.0128617064,0.0,0.0419,0.1861,0.2269,0.0225,0.0291,0.0302,0.7837,0.975,0.0,False,0,0
1048,0.2,0.0,treatment,1,model,0.6,0.0425,0.038419668,0.0,0.2232,0.1399,0.3631,0.088,0.0474,0.0055,0.9952,0.9241,0.3312,True,0,0
1048,0.2,0.0,treatment,2,model,0.6,0.06,0.0347887973,0.0,0.1528,0.32,0.3438,0.0489,0.0432,0.0043,0.986,0.8561,0.2662,True,0,0
1048,0.2,0.0,treatment,3,model,0.6,0.0567,0.0342962163,0.0,0.157,0.2046,0.3425,0.0549,0.0401,0.0025,0.9862,0.8311,0.2919,True,0,0
1048,0.2,0.0,treatment,4,model,0.6,0.0617,0.0313486418,0.0,0.1134,0.2841,0.3419,0.0397,0.043,0.0061,0.9781,0.8923,0.1819,True,0,0
1048,0.2,0.0,treatment,5,model,0.6,0.0558,0.034106055,0.0,0.1692,0.1664,0.3356,0.067,0.0392,0.0066,0.9882,0.8928,0.3056,True,0,0
1048,0.2,0.0,treatment,6,model,0.6,0.0554,0.0347137648,0.0,0.1304,0.2206,0.325,0.0469,0.0366,0.0087,0.9818,0.7505,0.1894,True,0,0
1048,0.2,0.0,treatment,7,model,0.6,0.0525,0.0357001388,0.0,0.1607,0.1755,0.3362,0.0626,0.0396,0.0057,0.991,0.6907,0.2994,True,0,0
1048,0.2,0.0,treatment,8,model,0.6,0.0512,0.0352374991,0.0,0.2064,0.1467,0.3444,0.0797,0.0388,0.0022,0.9841,0.8277,0.2412,True,0,0
1048,0.2,0.0,treatment,9,model,0.6,0.0612,0.0328006041,0.0,0.1094,0.2359,0.3369,0.0402,0.0425,0.0098,0.9814,0.8873,0.1725,True,0,0
1048,0.2,0.0,treatment,10,model,0.6,0.0554,0.0343058666,0.0,0.1756,0.1725,0.3481,0.0694,0.042,0.0039,0.9875,0.8701,0.3075,True,0,0
1048,0.2,0.0,treatment,11,model,0.6,0.0558,0.033880395,0.0,0.1785,0.1702,0.3394,0.0698,0.0374,0.0021,0.9909,0.8663,0.2681,True,0,0
1048,0.2,0.0,frozen,0,prior,0.6,0.1271,0.0128617064,0.0,0.0419,0.1861,0.2269,0.0225,0.0291,0.0302,0.7837,0.975,0.0,False,0,0
1048,0.2,0.0,frozen,1,model,0.6,0.0425,0.038419668,0.0,0.0392,0.3245,0.3631,0.022,0.0498,0.0011,0.9952,0.9241,0.3312,True,0,0
1048,0.2,0.0,frozen,2,model,0.6,0.0454,0.0369348661,0.0,0.0245,0.3428,0.3656,0.0167,0.0496,0.004,0.9955,0.9179,0.3656,True,0,0
1048,0.2,0.0,frozen,3,model,0.6,0.0429,0.0386358014,0.0,0.0418,0.3289,0.3631,0.0227,0.0491,0.0039,0.9957,0.9379,0.3381,True,0,0
1048,0.2,0.0,frozen,4,model,0.6,0.0479,0.0357013337,0.0,0.0308,0.3403,0.3625,0.0211,0.0505,0.0029,0.9945,0.8866,0.3681,True,0,0
1048,0.2,0.0,frozen,5,model,0.6,0.0492,0.0359700159,0.0,0.0477,0.3369,0.3456,0.0285,0.0449,0.004,0.9939,0.9312,0.3025,True,0,0
1048,0.2,0.0,frozen,6,model,0.6,0.0417,0.0384155293,0.0,0.0385,0.3363,0.3456,0.0204,0.0434,0.003,0.9939,0.9137,0.3156,True,0,0
1048,0.2,0.0,frozen,7,model,0.6,0.0425,0.0380755229,0.0,0.0263,0.3377,0.3513,0.0161,0.0461,0.004,0.9952,0.9383,0.3438,True,0,0
1048,0.2,0.0,frozen,8,model,0.6,0.045,0.0366296931,0.0,0.0516,0.3336,0.3538,0.028,0.0431,0.0023,0.9952,0.9335,0.3519,True,0,0
1048,0.2,0.0,frozen,9,model,0.6,0.0471,0.0372686537,0.0,0.029,0.3544,0.3581,0.0185,0.0496,0.0055,0.994,0.9403,0.3319,True,0,0
1048,0.2,0.0,frozen,10,model,0.6,0.0458,0.0366575425,0.0,0.0312,0.3379,0.3625,0.0205,0.0488,0.003,0.994,0.9229,0.3419,True,0,0
1048,0.2,0.0,frozen,11,model,0.6,0.0529,0.0347369402,0.0,0.0405,0.3387,0.3438,0.0281,0.0431,0.0044,0.9949,0.9416,0.365,True,0,0
1048,0.2,0.0,prior,0,prior,0.6,0.1271,0.0128617064,0.0,0.0419,0.1861,0.2269,0.0225,0.0291,0.0302,0.7837,0.975,0.0,False,0,0
1048,0.2,0.0,prior,1,model,0.6,0.1379,0.0090172795,0.0,0.0485,0.1984,0.22,0.0264,0.0286,0.0328,0.8005,0.9744,0.0,False,0,0
1048,0.2,0.0,prior,2,model,0.6,0.1325,0.0118727423,0.0,0.0365,0.2012,0.235,0.0199,0.0312,0.0308,0.7988,0.9693,0.0,False,0,0
1048,0.2,0.0,prior,3,model,0.6,0.1325,0.010399055,0.0,0.0499,0.191,0.2288,0.029,0.0282,0.0299,0.7868,0.9762,0.0,False,0,0
1048,0.2,0.0,prior,4,model,0.6,0.1383,0.0073878149,0.0,0.035,0.2115,0.2269,0.0238,0.028,0.0269,0.7924,0.9698,0.0,False,0,0
1048,0.2,0.0,prior,5,model,0.6,0.1275,0.0133372217,0.0,0.0505,0.1802,0.2281,0.0302,0.0275,0.0274,0.7901,0.9759,0.0,False,0,0
1048,0.2,0.0,prior,6,model,0.6,0.1242,0.0134294264,0.0,0.0566,0.1823,0.2219,0.0189,0.024,0.0264,0.7868,0.9728,0.0,False,0,0
1048,0.2,0.0,prior,7,model,0.6,0.1296,0.0104518968,0.0,0.0549,0.1729,0.2206,0.0262,0.0265,0.0306,0.7905,0.9759,0.0,False,0,0
1048,0.2,0.0,prior,8,model,0.6,0.1462,0.00518506,0.0,0.0403,0.2076,0.2019,0.0227,0.0233,0.0337,0.7972,0.9786,0.0,False,0,0
1048,0.2,0.0,prior,9,model,0.6,0.1396,0.0084440986,0.0,0.0291,0.205,0.2194,0.0327,0.029,0.0324,0.7982,0.9776,0.0,False,0,0
1048,0.2,0.0,prior,10,model,0.6,0.1358,0.009689,0.0,0.0519,0.1846,0.2275,0.0164,0.0267,0.0277,0.7925,0.9739,0.0,False,0,0
1048,0.2,0.0,prior,11,model,0.6,0.1354,0.0088628145,0.0,0.0207,0.2081,0.22,0.0207,0.0278,0.0296,0.7941,0.9692,0.0,False,0,0
1048,0.2,0.05,treatment,0,prior,0.6182,0.131,0.0119272821,-0.0009344242,0.0515,0.2024,0.2253,0.0177,0.0294,0.0305,0.7837,0.975,0.0,False,73,19
1048,0.2,0.05,treatment,1,model,0.6228,0.0522,0.0362382191,-0.0025652975,0.1522,0.2328,0.3665,0.0597,0.0446,0.0024,0.9935,0.9281,0.3544,True,91,33
1048,0.2,0.05,treatment,2,model,0.6202,0.0798,0.0288799263,-0.0023437114,0.0495,0.3491,0.3265,0.0359,0.0433,0.0084,0.9574,0.8911,0.215,True,81,34
1048,0.2,0.05,treatment,3,model,0.6222,0.0739,0.0286008255,-0.0030832355,0.1242,0.4385,0.3309,0.0857,0.0397,0.0054,0.982,0.9095,0.2537,True,89,36
1048,0.2,0.05,treatment,4,model,0.6258,0.0867,0.0256207996,-0.0033583257,0.1278,0.3676,0.3193,0.0499,0.0384,0.0054,0.9471,0.8571,0.1231,True,103,40
1048,0.2,0.05,treatment,5,model,0.6232,0.071,0.0311785049,-0.0019664362,0.0996,0.3413,0.3278,0.0432,0.0372,0.0042,0.9883,0.922,0.2831,True,93,32
1048,0.2,0.05,treatment,6,model,0.6198,0.0702,0.0296696824,-0.003364796,0.0838,0.2569,0.3149,0.0236,0.0351,0.0065,0.974,0.9131,0.2356,True,79,36
1048,0.2,0.05,treatment,7,model,0.6172,0.064,0.0330744811,-0.0014202395,0.1081,0.2598,0.3305,0.0304,0.0371,0.0058,0.988,0.8998,0.2769,True,69,24
1048,0.2,0.05,treatment,8,model,0.623,0.0618,0.0337983938,-0.0023069751,0.1264,0.3307,0.3448,0.0468,0.0387,0.0019,0.9895,0.9207,0.27,True,92,34
1048,0.2,0.05,treatment,9,model,0.6258,0.0755,0.0294104667,-0.0029803242,0.089,0.3708,0.332,0.0276,0.0447,0.0104,0.9812,0.8656,0.2881,True,103,40
1048,0.2,0.05,treatment,10,model,0.621,0.0604,0.0339069599,-0.0013395802,0.1852,0.3095,0.3562,0.0604,0.0429,0.0034,0.9934,0.9172,0.3794,True,84,27
1048,0.2,0.05,treatment,11,model,0.6195,0.0924,0.0234340176,-0.0013882477,0.1421,0.2951,0.2943,0.0488,0.0355,0.0128,0.9157,0.9002,0.1212,True,78,23
1048,0.2,0.05,frozen,0,prior,0.6,0.1271,0.0128617064,0.0,0.0419,0.1861,0.2269,0.0225,0.0291,0.0302,0.7837,0.975,0.0,False,0,0
1048,0.2,0.05,frozen,1,model,0.6222,0.0542,0.0358673202,-0.0025523478,0.0421,0.3229,0.3627,0.022,0.0496,0.0006,0.9952,0.9241,0.3312,True,89,33
1048,0.2,0.05,frozen,2,model,0.6202,0.058,0.034462981,-0.0024718851,0.024,0.3418,0.3621,0.0167,0.0486,0.0038,0.9955,0.9179,0.3656,True,81,35
1048,0.2,0.05,frozen,3,model,0.6235,0.0569,0.0352312041,-0.0034045973,0.0431,0.3282,0.3599,0.0227,0.0485,0.0043,0.9957,0.9379,0.3381,True,94,39
1048,0.2,0.05,frozen,4,model,0.6248,0.0652,0.0312579512,-0.0044433825,0.0273,0.3379,0.3544,0.0211,0.0482,0.0035,0.9945,0.8866,0.3681,True,99,48
1048,0.2,0.05,frozen,5,model,0.624,0.0613,0.0339172745,-0.0020527414,0.0447,0.3391,0.3444,0.0285,0.0453,0.0042,0.9939,0.9312,0.3025,True,96,35
1048,0.2,0.05,frozen,6,model,0.6225,0.0566,0.0347391057,-0.0036764236,0.0386,0.3367,0.3391,0.0204,0.0418,0.0039,0.9939,0.9137,0.3156,True,90,41
1048,0.2,0.05,frozen,7,model,0.6178,0.053,0.0360117475,-0.0020637754,0.0271,0.3366,0.3486,0.0161,0.0452,0.0043,0.9952,0.9383,0.3438,True,71,29
1048,0.2,0.05,frozen,8,model,0.6232,0.0578,0.0340450697,-0.0025846234,0.0529,0.3344,0.3517,0.028,0.0427,0.0023,0.9952,0.9335,0.3519,True,93,36
1048,0.2,0.05,frozen,9,model,0.6222,0.0603,0.0344207566,-0.0028478971,0.0291,0.3528,0.3547,0.0185,0.0486,0.0059,0.994,0.9403,0.3319,True,89,37
1048,0.2,0.05,frozen,10,model,0.623,0.0546,0.0356057062,-0.0010518363,0.0367,0.3379,0.3674,0.0205,0.0502,0.0022,0.994,0.9229,0.3419,True,92,26
1048,0.2,0.05,frozen,11,model,0.619,0.0606,0.0332408548,-0.0014960854,0.0418,0.3403,0.3458,0.0281,0.0435,0.0045,0.9949,0.9416,0.365,True,76,23
1048,0.2,0.05,prior,0,prior,0.6182,0.131,0.0119272821,-0.0009344242,0.0515,0.2024,0.2253,0.0177,0.0294,0.0305,0.7837,0.975,0.0,False,73,19
1048,0.2,0.05,prior,1,model,0.6232,0.1416,0.0079894098,-0.0010278697,0.0829,0.1378,0.219,0.0544,0.0262,0.0325,0.8005,0.9744,0.0,False,93,22
1048,0.2,0.05,prior,2,model,0.6192,0.1373,0.010819317,-0.0010534253,0.0288,0.2385,0.2324,0.029,0.0304,0.0297,0.7988,0.9693,0.0,False,77,22
1048,0.2,0.05,prior,3,model,0.624,0.1382,0.008576862,-0.0018221931,0.0241,0.217,0.2254,0.0352,0.0267,0.0289,0.7868,0.9762,0.0,False,96,27
1048,0.2,0.05,prior,4,model,0.6242,0.1438,0.0056516743,-0.0017361406,0.0764,0.2728,0.2236,0.0682,0.0266,0.0274,0.7924,0.9698,0.0,False,97,27
1048,0.2,0.05,prior,5,model,0.6222,0.133,0.0121972298,-0.0011399919,0.0782,0.2216,0.225,0.0393,0.028,0.0265,0.7901,0.9759,0.0,False,89,25
1048,0.2,0.05,prior,6,model,0.621,0.1296,0.0119702075,-0.001459219,0.0706,0.2475,0.2183,0.0517,0.0241,0.0277,0.7868,0.9728,0.0,False,84,24
1048,0.2,0.05,prior,7,model,0.618,0.1319,0.010171893,-0.0002800038,0.0305,0.2059,0.2212,0.0214,0.0267,0.0285,0.7905,0.9759,0.0,False,72,15
1048,0.2,0.05,prior,8,model,0.6208,0.1478,0.0049367699,-0.0002482901,0.0478,0.1857,0.2024,0.0388,0.0201,0.0305,0.7972,0.9786,0.0,False,83,16
1048,0.2,0.05,prior,9,model,0.6198,0.1448,0.0069586129,-0.0014854857,0.0549,0.2696,0.215,0.058,0.0271,0.0325,0.7982,0.9776,0.0,False,79,24
1048,0.2,0.05,prior,10,model,0.6192,0.1356,0.0100955906,0.0004065906,0.052,0.199,0.2324,0.0245,0.0287,0.0264,0.7925,0.9739,0.0,False,77,10
1048,0.2,0.05,prior,11,model,0.618,0.1392,0.0075945869,-0.0012682276,0.0546,0.2667,0.2179,0.0556,0.0239,0.0297,0.7941,0.9692,0.0,False,72,19
1048,0.4,0.0,treatment,0,prior,0.6,0.0762,0.0286910435,0.0,0.1433,0.1781,0.3031,0.0493,0.0443,0.0177,0.8255,0.9141,0.0031,False,0,0
1048,0.4,0.0,treatment,1,model,0.6,0.0433,0.0383742793,0.0,0.2655,0.0964,0.3619,0.1069,0.0425,0.0001,0.9909,0.9061,0.3663,True,0,0
1048,0.4,0.0,treatment,2,model,0.6,0.0704,0.0307877352,0.0,0.0392,0.3021,0.3281,0.0177,0.0434,0.0086,0.9773,0.8626,0.2375,True,0,0
1048,0.4,0.0,treatment,3,model,0.6,0.0483,0.0367400235,0.0,0.1538,0.2012,0.355,0.0575,0.0443,0.004,0.9948,0.9134,0.3456,True,0,0
1048,0.4,0.0,treatment,4,model,0.6,0.0546,0.0336170123,0.0,0.1749,0.1885,0.3525,0.0681,0.0441,0.0042,0.9911,0.8717,0.3094,True,0,0
1048,0.4,0.0,treatment,5,model,0.6,0.0608,0.0336283093,0.0,0.1108,0.2179,0.3281,0.0425,0.0374,0.0047,0.9837,0.8783,0.2762,True,0,0
1048,0.4,0.0,treatment,6,model,0.6,0.0546,0.0339144904,0.0,0.1696,0.1567,0.3262,0.0684,0.04,0.0069,0.9817,0.9055,0.1881,True,0,0
1048,0.4,0.0,treatment,7,model,0.6,0.05,0.0358476863,0.0,0.1889,0.1511,0.34,0.0737,0.0384,0.003,0.9901,0.9097,0.2831,True,0,0
1048,0.4,0.0,treatment,8,model,0.6,0.0612,0.0324681897,0.0,0.1383,0.2373,0.3294,0.0481,0.0395,0.0042,0.9891,0.8985,0.2581,True,0,0
1048,0.4,0.0,treatment,9,model,0.6,0.0508,0.0360703567,0.0,0.1951,0.1783,0.3525,0.0754,0.044,0.0045,0.9829,0.8904,0.265,True,0,0
1048,0.4,0.0,treatment,10,model,0.6,0.075,0.0280279337,0.0,0.1076,0.2559,0.3187,0.0368,0.0389,0.0083,0.9615,0.7313,0.1437,True,0,0
1048,0.4,0.0,treatment,11,model,0.6,0.0546,0.0342338054,0.0,0.1928,0.1632,0.3412,0.0659,0.0407,0.0048,0.9955,0.9469,0.3231,True,0,0
1048,0.4,0.0,frozen,0,prior,0.6,0.0762,0.0286910435,0.0,0.1433,0.1781,0.3031,0.0493,0.0443,0.0177,0.8255,0.9141,0.0031,False,0,0
1048,0.4,0.0,frozen,1,model,0.6,0.0433,0.0383742793,0.0,0.1501,0.232,0.3619,0.0664,0.0487,0.0021,0.9909,0.9061,0.3663,True,0,0
1048,0.4,0.0,frozen,2,model,0.6,0.0504,0.0371935818,0.0,0.1486,0.2427,0.3581,0.0683,0.0461,0.0028,0.995,0.9011,0.39,True,0,0
1048,0.4,0.0,frozen,3,model,0.6,0.0475,0.0369254031,0.0,0.1507,0.2332,0.3563,0.0683,0.0448,0.0,0.9955,0.8826,0.4006,True,0,0
1048,0.4,0.0,frozen,4,model,0.6,0.0525,0.034533495,0.0,0.1665,0.2408,0.3556,0.0772,0.0446,0.0016,0.9945,0.8941,0.3831,True,0,0
1048,0.4,0.0,frozen,5,model,0.6,0.0529,0.0349551468,0.0,0.1493,0.2451,0.34,0.0714,0.0409,0.0029,0.9954,0.9278,0.3875,True,0,0
1048,0.4,0.0,frozen,6,model,0.6,0.0429,0.0382086636,0.0,0.1438,0.2348,0.3438,0.0628,0.0411,0.0006,0.9938,0.9098,0.3919,True,0,0
1048,0.4,0.0,frozen,7,model,0.6,0.0458,0.0375472389,0.0,0.1354,0.2384,0.3463,0.0611,0.0423,0.0009,0.9956,0.9121,0.4044,True,0,0
1048,0.4,0.0,frozen,8,model,0.6,0.0533,0.0337931556,0.0,0.1316,0.2442,0.3412,0.064,0.0418,0.0028,0.9946,0.9004,0.3706,True,0,0
1048,0.4,0.0,frozen,9,model,0.6,0.0442,0.0385009128,0.0,0.1478,0.2563,0.3625,0.0643,0.0478,0.0026,0.9947,0.8844,0.3769,True,0,0
1048,0.4,0.0,frozen,10,model,0.6,0.0533,0.0345638766,0.0,0.1447,0.2398,0.3513,0.0696,0.0441,0.0013,0.9939,0.9365,0.4206,True,0,0
1048,0.4,0.0,frozen,11,model,0.6,0.0488,0.0363194032,0.0,0.1487,0.241,0.35,0.0683,0.0435,0.0024,0.9953,0.9225,0.3962,True,0,0
1048,0.4,0.0,prior,0,prior,0.6,0.0762,0.0286910435,0.0,0.1433,0.1781,0.3031,0.0493,0.0443,0.0177,0.8255,0.9141,0.0031,False,0,0
1048,0.4,0.0,prior,1,model,0.6,0.0854,0.0260466531,0.0,0.1335,0.1718,0.2988,0.059,0.0416,0.0185,0.8358,0.9132,0.0013,False,0,0
1048,0.4,0.0,prior,2,model,0.6,0.0842,0.0263913435,0.0,0.1178,0.2013,0.3075,0.0406,0.0423,0.0148,0.8303,0.9043,0.0063,False,0,0
1048,0.4,0.0,prior,3,model,0.6,0.0833,0.0257344399,0.0,0.1143,0.1882,0.3025,0.0492,0.0429,0.0205,0.8341,0.9127,0.0025,False,0,0
1048,0.4,0.0,prior,4,model,0.6,0.085,0.0242014068,0.0,0.0965,0.234,0.3069,0.031,0.0432,0.0132,0.8452,0.9054,0.0037,False,0,0
1048,0.4,0.0,prior,5,model,0.6,0.0817,0.0275362901,0.0,0.0757,0.2229,0.2969,0.0245,0.0407,0.017,0.8359,0.8882,0.0037,False,0,0
1048,0.4,0.0,prior,6,model,0.6,0.0767,0.0278610251,0.0,0.1146,0.1983,0.2931,0.0382,0.0391,0.0163,0.833,0.9101,0.0025,False,0,0
1048,0.4,0.0,prior,7,model,0.6,0.0825,0.0252763621,0.0,0.1166,0.1873,0.2913,0.0377,0.0385,0.0189,0.8232,0.9188,0.0044,False,0,0
1048,0.4,0.0,prior,8,model,0.6,0.0958,0.0216013528,0.0,0.079,0.2144,0.2775,0.0263,0.0352,0.0184,0.8295,0.9181,0.0,False,0,0
1048,0.4,0.0,prior,9,model,0.6,0.0883,0.0245809547,0.0,0.1024,0.2292,0.2963,0.0396,0.0428,0.019,0.8292,0.8969,0.0044,False,0,0
1048,0.4,0.0,prior,10,model,0.6,0.09,0.0237145061,0.0,0.0994,0.2206,0.2963,0.0307,0.0402,0.0174,0.8333,0.9086,0.0,False,0,0
1048,0.4,0.0,prior,11,model,0.6,0.0904,0.022857774,0.0,0.095,0.2276,0.2875,0.0306,0.0387,0.0172,0.8279,0.894,0.0019,False,0,0
1048,0.4,0.05,treatment,0,prior,0.6172,0.0838,0.0270559193,-0.0016351242,0.0571,0.2644,0.3011,0.0419,0.0433,0.0196,0.8255,0.9141,0.0031,False,69,24
1048,0.4,0.05,treatment,1,model,0.6228,0.0554,0.0358116464,-0.0023677997,0.1363,0.2632,0.3612,0.0349,0.0444,0.0004,0.9887,0.7338,0.3594,True,91,32
1048,0.4,0.05,treatment,2,model,0.6222,0.0679,0.0331194561,-0.0020369425,0.1103,0.3621,0.3475,0.0479,0.0461,0.0092,0.9625,0.9273,0.2925,True,89,32
1048,0.4,0.05,treatment,3,model,0.622,0.0643,0.0320923504,-0.0029842477,0.15,0.385,0.3466,0.0441,0.0463,0.0049,0.9863,0.8711,0.2188,True,88,35
1048,0.4,0.05,treatment,4,model,0.6232,0.0702,0.0301152547,-0.0036477067,0.1572,0.4551,0.3451,0.0765,0.0464,0.0063,0.9672,0.8905,0.19,True,93,42
1048,0.4,0.05,treatment,5,model,0.6218,0.0655,0.0329132347,-0.002288987,0.1242,0.3668,0.3358,0.0761,0.0425,0.0056,0.9875,0.9012,0.2387,True,87,33
1048,0.4,0.05,treatment,6,model,0.622,0.0631,0.0326942051,-0.0032276071,0.0981,0.3082,0.328,0.0493,0.0406,0.0094,0.9779,0.8543,0.2506,True,88,37
1048,0.4,0.05,treatment,7,model,0.6158,0.0568,0.0347940703,-0.0023376491,0.0743,0.3349,0.3409,0.0369,0.0408,0.0034,0.9945,0.9422,0.2944,True,63,28
1048,0.4,0.05,treatment,8,model,0.6208,0.0709,0.0309033135,-0.0020477989,0.1169,0.3621,0.3283,0.0683,0.0363,0.0034,0.9793,0.8653,0.1894,True,83,32
1048,0.4,0.05,treatment,9,model,0.6215,0.0716,0.0312741843,-0.0027992868,0.1059,0.2848,0.3355,0.0494,0.0456,0.0098,0.9876,0.9103,0.2963,True,86,35
1048,0.4,0.05,treatment,10,model,0.6212,0.062,0.0341274162,-0.001188616,0.1078,0.2965,0.3538,0.0302,0.0424,0.0021,0.9951,0.9421,0.4025,True,85,26
1048,0.4,0.05,treatment,11,model,0.622,0.0683,0.0311083772,-0.0012402584,0.1396,0.2167,0.3353,0.0538,0.0376,0.0032,0.9871,0.9256,0.26,True,88,24
1048,0.4,0.05,frozen,0,prior,0.6,0.0762,0.0286910435,0.0,0.1433,0.1781,0.3031,0.0493,0.0443,0.0177,0.8255,0.9141,0.0031,False,0,0
1048,0.4,0.05,frozen,1,model,0.6222,0.0542,0.0360069384,-0.0023673408,0.1504,0.2308,0.3627,0.0664,0.0492,0.002,0.9909,0.9061,0.3663,True,89,31
1048,0.4,0.05,frozen,2,model,0.6205,0.062,0.0347873572,-0.0024062246,0.1486,0.241,0.3557,0.0683,0.0452,0.0022,0.995,0.9011,0.39,True,82,33
1048,0.4,0.05,frozen,3,model,0.6238,0.0597,0.0340528207,-0.0028725824,0.1494,0.2334,0.3555,0.0683,0.0444,0.0,0.9955,0.8826,0.4006,True,95,35
1048,0.4,0.05,frozen,4,model,0.6225,0.0679,0.0304585151,-0.0040749799,0.161,0.2392,0.3483,0.0772,0.0422,0.0016,0.9945,0.8941,0.3831,True,90,43
1048,0.4,0.05,frozen,5,model,0.623,0.0638,0.0331136465,-0.0018415002,0.149,0.2484,0.3395,0.0714,0.041,0.003,0.9954,0.9278,0.3875,True,92,32
1048,0.4,0.05,frozen,6,model,0.6238,0.0573,0.0349596069,-0.0032490567,0.141,0.2323,0.3389,0.0628,0.04,0.0007,0.9938,0.9098,0.3919,True,95,40
1048,0.4,0.05,frozen,7,model,0.6185,0.0562,0.0354714557,-0.0020757833,0.1338,0.2381,0.344,0.0611,0.0414,0.0009,0.9956,0.9121,0.4044,True,74,29
1048,0.4,0.05,frozen,8,model,0.6242,0.0641,0.031851146,-0.0019420096,0.129,0.245,0.342,0.064,0.0419,0.0024,0.9946,0.9004,0.3706,True,97,32
1048,0.4,0.05,frozen,9,model,0.623,0.0582,0.0353129721,-0.0031879407,0.1467,0.2561,0.3588,0.0643,0.0466,0.0035,0.9947,0.8844,0.3769,True,92,39
1048,0.4,0.05,frozen,10,model,0.623,0.0618,0.0334788991,-0.0010849775,0.1453,0.2394,0.3554,0.0696,0.0454,0.0011,0.9939,0.9365,0.4206,True,92,26
1048,0.4,0.05,frozen,11,model,0.618,0.057,0.0345354913,-0.0017839119,0.1506,0.2411,0.3508,0.0683,0.0435,0.0024,0.9953,0.9225,0.3962,True,72,24
1048,0.4,0.05,prior,0,prior,0.6172,0.0838,0.0270559193,-0.0016351242,0.0571,0.2644,0.3011,0.0419,0.0433,0.0196,0.8255,0.9141,0.0031,False,69,24
1048,0.4,0.05,prior,1,model,0.622,0.0941,0.0240822842,-0.0019643689,0.0847,0.2485,0.297,0.0237,0.043,0.0197,0.8358,0.9132,0.0013,False,88,29
1048,0.4,0.05,prior,2,model,0.6185,0.0934,0.0242547347,-0.0021366089,0.0464,0.2786,0.3034,0.0343,0.0415,0.0159,0.8303,0.9043,0.0063,False,74,29
1048,0.4,0.05,prior,3,model,0.6238,0.093,0.0230479131,-0.0026865267,0.1057,0.2195,0.3003,0.0422,0.0395,0.0163,0.8341,0.9127,0.0025,False,95,32
1048,0.4,0.05,prior,4,model,0.6235,0.0966,0.021115888,-0.0030855187,0.0545,0.3273,0.3015,0.0541,0.0403,0.0176,0.8452,0.9054,0.0037,False,94,37
1048,0.4,0.05,prior,5,model,0.6218,0.0901,0.0258869715,-0.0016493186,0.0863,0.3007,0.2954,0.0512,0.0408,0.0147,0.8359,0.8882,0.0037,False,87,28
1048,0.4,0.05,prior,6,model,0.6202,0.0854,0.0258969233,-0.0019641018,0.114,0.221,0.2903,0.0376,0.0371,0.0174,0.833,0.9101,0.0025,False,81,28
1048,0.4,0.05,prior,7,model,0.6188,0.0897,0.0242152881,-0.0010610739,0.0582,0.2378,0.2898,0.0358,0.0377,0.0168,0.8232,0.9188,0.0044,False,75,24
1048,0.4,0.05,prior,8,model,0.6218,0.1029,0.020399508,-0.0012018448,0.049,0.299,0.2763,0.0659,0.0353,0.021,0.8295,0.9181,0.0,False,87,26
1048,0.4,0.05,prior,9,model,0.6188,0.0974,0.0222620671,-0.0023188876,0.0779,0.2604,0.2918,0.0434,0.0414,0.0178,0.8292,0.8969,0.0044,False,75,29
1048,0.4,0.05,prior,10,model,0.623,0.0939,0.0236840521,-3.04541e-05,0.1205,0.2241,0.3024,0.045,0.0397,0.0141,0.8333,0.9086,0.0,False,92,18
1048,0.4,0.05,prior,11,model,0.6175,0.0968,0.0211818692,-0.0016759048,0.0976,0.2329,0.2863,0.0205,0.0273,0.0035,0.8279,0.894,0.0019,False,70,22
1048,1.0,0.0,treatment,0,prior,0.6,0.0092,0.0488197145,0.0,0.3812,0.0226,0.4037,0.1527,0.0532,0.0002,0.9724,0.7967,0.2175,True,0,0
1048,1.0,0.0,treatment,1,model,0.6,0.0792,0.0276312923,0.0,0.0987,0.2418,0.3081,0.0392,0.0427,0.0178,0.9418,0.8881,0.1275,True,0,0
1048,1.0,0.0,treatment,2,model,0.6,0.0429,0.0391797229,0.0,0.2395,0.1776,0.3694,0.0878,0.0445,0.0007,0.9937,0.941,0.3219,True,0,0
1048,1.0,0.0,treatment,3,model,0.6,0.075,0.0288936543,0.0,0.0899,0.2336,0.315,0.0307,0.0392,0.0091,0.9684,0.8351,0.1638,True,0,0
1048,1.0,0.0,treatment,4,model,0.6,0.0525,0.0347383869,0.0,0.1501,0.2056,0.3556,0.0586,0.0464,0.0039,0.9927,0.9011,0.3231,True,0,0
1048,1.0,0.0,treatment,5,model,0.6,0.0592,0.0334992047,0.0,0.1395,0.1911,0.3306,0.0539,0.0386,0.0027,0.983,0.8452,0.2256,True,0,0
1048,1.0,0.0,treatment,6,model,0.6,0.0512,0.0347448283,0.0,0.1384,0.1928,0.3312,0.0525,0.0398,0.0049,0.9804,0.864,0.16,True,0,0
1048,1.0,0.0,treatment,7,model,0.6,0.0496,0.0352667725,0.0,0.1737,0.1669,0.3406,0.0673,0.0381,0.0027,0.9905,0.8673,0.2263,True,0,0
1048,1.0,0.0,treatment,8,model,0.6,0.0625,0.0324513789,0.0,0.1427,0.2,0.3275,0.0525,0.0397,0.0087,0.9891,0.8149,0.2306,True,0,0
1048,1.0,0.0,treatment,9,model,0.6,0.0554,0.0345898229,0.0,0.148,0.1976,0.3456,0.0625,0.0453,0.0082,0.9836,0.7974,0.2387,True,0,0
1048,1.0,0.0,treatment,10,model,0.6,0.0508,0.0355717503,0.0,0.2117,0.1433,0.355,0.0815,0.041,0.0013,0.9907,0.9424,0.3381,True,0,0
1048,1.0,0.0,treatment,11,model,0.6,0.0796,0.0257109748,0.0,0.0921,0.279,0.3038,0.0221,0.0383,0.0127,0.9705,0.7109,0.0925,True,0,0
1048,1.0,0.0,frozen,0,prior,0.6,0.0092,0.0488197145,0.0,0.3812,0.0226,0.4037,0.1527,0.0532,0.0002,0.9724,0.7967,0.2175,True,0,0
1048,1.0,0.0,frozen,1,model,0.6,0.0792,0.0276312923,0.0,0.2793,0.0289,0.3081,0.1563,0.03,0.008,0.9418,0.8881,0.1275,True,0,0
1048,1.0,0.0,frozen,2,model,0.6,0.0908,0.0245073106,0.0,0.268,0.0295,0.2975,0.1586,0.0308,0.0091,0.9472,0.8963,0.1388,True,0,0
1048,1.0,0.0,frozen,3,model,0.6,0.0925,0.0238265744,0.0,0.2597,0.029,0.2888,0.1563,0.0231,0.0043,0.9391,0.8913,0.1044,True,0,0
1048,1.0,0.0,frozen,4,model,0.6,0.0846,0.0237484708,0.0,0.278,0.0295,0.3075,0.159,0.0276,0.0028,0.9412,0.8772,0.1219,True,0,0
1048,1.0,0.0,frozen,5,model,0.6,0.0858,0.0263188047,0.0,0.2615,0.0291,0.2906,0.1532,0.0224,0.0038,0.9443,0.8913,0.1388,True,0,0
1048,1.0,0.0,frozen,6,model,0.6,0.0804,0.026681153,0.0,0.2576,0.0299,0.2875,0.1482,0.0237,0.0067,0.9465,0.9166,0.1437,True,0,0
1048,1.0,0.0,frozen,7,model,0.6,0.0829,0.0256705815,0.0,0.2623,0.0283,0.2906,0.1517,0.0237,0.0052,0.9369,0.9073,0.0825,True,0,0
1048,1.0,0.0,frozen,8,model,0.6,0.09,0.0229206856,0.0,0.2572,0.029,0.2863,0.1539,0.023,0.0051,0.9426,0.9097,0.1231,True,0,0
1048,1.0,0.0,frozen,9,model,0.6,0.0858,0.0258169331,0.0,0.2697,0.0303,0.3,0.1563,0.0258,0.0031,0.9466,0.9103,0.14,True,0,0
1048,1.0,0.0,frozen,10,model,0.6,0.0917,0.023446443,0.0,0.2647,0.029,0.2938,0.1578,0.0257,0.0088,0.94,0.8911,0.11,True,0,0
1048,1.0,0.0,frozen,11,model,0.6,0.1,0.0204054222,0.0,0.2433,0.0299,0.2731,0.1543,0.0207,0.0106,0.9432,0.8924,0.1381,True,0,0
1048,1.0,0.0,prior,0,prior,0.6,0.0092,0.0488197145,0.0,0.3812,0.0226,0.4037,0.1527,0.0532,0.0002,0.9724,0.7967,0.2175,True,0,0
1048,1.0,0.0,prior,1,model,0.6,0.0142,0.0475546929,0.0,0.3861,0.0196,0.4056,0.1544,0.0518,0.0,0.9746,0.8226,0.215,True,0,0
1048,1.0,0.0,prior,2,model,0.6,0.0154,0.0470814194,0.0,0.3866,0.024,0.4106,0.1549,0.0534,0.0007,0.9751,0.8584,0.25,True,0,0
1048,1.0,0.0,prior,3,model,0.6,0.0133,0.0477856973,0.0,0.3847,0.0228,0.4075,0.1534,0.0525,0.0004,0.9736,0.7772,0.2194,True,0,0
1048,1.0,0.0,prior,4,model,0.6,0.0225,0.0443590488,0.0,0.3652,0.0355,0.4006,0.1463,0.0505,0.0005,0.9703,0.8374,0.2,True,0,0
1048,1.0,0.0,prior,5,model,0.6,0.0146,0.0470867115,0.0,0.3699,0.0276,0.3975,0.1481,0.0495,0.0001,0.9724,0.8395,0.2169,True,0,0
1048,1.0,0.0,prior,6,model,0.6,0.0133,0.0476591307,0.0,0.3674,0.0207,0.3881,0.147,0.0461,0.0001,0.9721,0.8227,0.2156,True,0,0
1048,1.0,0.0,prior,7,model,0.6,0.0146,0.0468407995,0.0,0.372,0.0211,0.3931,0.1491,0.0484,0.0008,0.9665,0.8742,0.21,True,0,0
1048,1.0,0.0,prior,8,model,0.6,0.0146,0.0471354321,0.0,0.375,0.0243,0.3994,0.1496,0.0499,0.0002,0.9741,0.8723,0.2175,True,0,0
1048,1.0,0.0,prior,9,model,0.6,0.0108,0.0486206357,0.0,0.394,0.0185,0.4125,0.1573,0.0547,0.0003,0.9717,0.8472,0.1988,True,0,0
1048,1.0,0.0,prior,10,model,0.6,0.0187,0.0455821416,0.0,0.3672,0.0435,0.4031,0.14,0.0517,0.0003,0.9743,0.8436,0.2238,True,0,0
1048,1.0,0.0,prior,11,model,0.6,0.015,0.0465166545,0.0,0.3777,0.0229,0.4006,0.1509,0.0503,0.0001,0.9693,0.7983,0.2006,True,0,0
1048,1.0,0.05,treatment,0,prior,0.6172,0.0223,0.0462160551,-0.0026036594,0.1825,0.2258,0.4004,0.0598,0.0543,0.0008,0.9724,0.7967,0.2175,True,69,33
1048,1.0,0.05,treatment,1,model,0.6222,0.0755,0.0286316968,-0.0021324272,0.1247,0.2193,0.3276,0.0644,0.0443,0.0125,0.9394,0.8664,0.2425,True,89,30
1048,1.0,0.05,treatment,2,model,0.623,0.0586,0.035664682,-0.0029789049,0.0797,0.3598,0.3634,0.0271,0.0486,0.0044,0.9926,0.922,0.3444,True,92,38
1048,1.0,0.05,treatment,3,model,0.6235,0.073,0.0307432802,-0.0029789639,0.0894,0.3441,0.3333,0.0417,0.0411,0.0069,0.9655,0.9207,0.2487,True,94,35
1048,1.0,0.05,treatment,4,model,0.624,0.0713,0.0293994858,-0.0036172679,0.0539,0.2918,0.3438,0.0318,0.0433,0.0067,0.9815,0.8686,0.2794,True,96,42
1048,1.0,0.05,treatment,5,model,0.6205,0.0717,0.0308836608,-0.002453776,0.1405,0.3629,0.3248,0.0445,0.0393,0.0088,0.9836,0.8473,0.2381,True,82,34
1048,1.0,0.05,treatment,6,model,0.621,0.0725,0.030570561,-0.002964134,0.0896,0.3144,0.312,0.031,0.0421,0.0128,0.9547,0.8718,0.2081,True,84,35
1048,1.0,0.05,treatment,7,model,0.6188,0.0659,0.0314956363,-0.0017029395,0.1816,0.3717,0.3285,0.0643,0.0382,0.0056,0.9947,0.94,0.2706,True,75,26
1048,1.0,0.05,treatment,8,model,0.6215,0.0736,0.0293932468,-0.0016462917,0.0528,0.3022,0.3243,0.0268,0.039,0.007,0.9885,0.8995,0.2375,True,86,29
1048,1.0,0.05,treatment,9,model,0.6228,0.0747,0.0296934258,-0.0030320676,0.1186,0.2932,0.3313,0.0484,0.0422,0.0069,0.981,0.7804,0.2175,True,91,38
1048,1.0,0.05,treatment,10,model,0.6218,0.0639,0.0333110442,-0.0011155934,0.1831,0.2511,0.351,0.0615,0.0431,0.0006,0.9889,0.9201,0.2844,True,87,25
1048,1.0,0.05,treatment,11,model,0.6188,0.0691,0.03065478,-0.0017976455,0.1282,0.2407,0.3318,0.0475,0.0379,0.004,0.9866,0.9344,0.2931,True,75,26
1048,1.0,0.05,frozen,0,prior,0.6,0.0092,0.0488197145,0.0,0.3812,0.0226,0.4037,0.1527,0.0532,0.0002,0.9724,0.7967,0.2175,True,0,0
1048,1.0,0.05,frozen,1,model,0.6242,0.0869,0.0260000142,-0.0016312781,0.2812,0.0288,0.31,0.1563,0.0303,0.0076,0.9418,0.8881,0.1275,True,97,27
1048,1.0,0.05,frozen,2,model,0.621,0.0998,0.0224856891,-0.0020216215,0.2648,0.0294,0.2942,0.1586,0.0299,0.0093,0.9472,0.8963,0.1388,True,84,30
1048,1.0,0.05,frozen,3,model,0.6228,0.0996,0.0219695108,-0.0018570636,0.2601,0.0289,0.2889,0.1563,0.0232,0.0041,0.9391,0.8913,0.1044,True,91,26
1048,1.0,0.05,frozen,4,model,0.6232,0.0979,0.0204188409,-0.0033296299,0.27,0.0293,0.2993,0.159,0.0254,0.003,0.9412,0.8772,0.1219,True,93,41
1048,1.0,0.05,frozen,5,model,0.621,0.0938,0.0247137633,-0.0016050414,0.26,0.029,0.2889,0.1532,0.0222,0.0042,0.9443,0.8913,0.1388,True,84,27
1048,1.0,0.05,frozen,6,model,0.62,0.0915,0.0238626917,-0.0028184613,0.2505,0.0298,0.2803,0.1482,0.0219,0.0076,0.9465,0.9166,0.1437,True,80,34
1048,1.0,0.05,frozen,7,model,0.6185,0.0901,0.0245632281,-0.0011073534,0.2607,0.0283,0.289,0.1517,0.0232,0.0049,0.9369,0.9073,0.0825,True,74,24
1048,1.0,0.05,frozen,8,model,0.6248,0.098,0.0213667233,-0.0015539623,0.2569,0.029,0.2858,0.1539,0.023,0.0063,0.9426,0.9097,0.1231,True,99,29
1048,1.0,0.05,frozen,9,model,0.6225,0.096,0.0234103375,-0.0024065956,0.2657,0.0304,0.296,0.1563,0.0252,0.0052,0.9466,0.9103,0.14,True,90,33
1048,1.0,0.05,frozen,10,model,0.622,0.0961,0.023083566,-0.000362877,0.2692,0.029,0.2983,0.1578,0.0268,0.0082,0.94,0.8911,0.11,True,88,19
1048,1.0,0.05,frozen,11,model,0.62,0.1077,0.0182039425,-0.0022014797,0.24,0.0298,0.2697,0.1543,0.0197,0.0107,0.9432,0.8924,0.1381,True,80,27
1048,1.0,0.05,prior,0,prior,0.6172,0.0223,0.0462160551,-0.0026036594,0.1825,0.2258,0.4004,0.0598,0.0543,0.0008,0.9724,0.7967,0.2175,True,69,33
1048,1.0,0.05,prior,1,model,0.6198,0.0274,0.0446535926,-0.0029011003,0.2252,0.2106,0.4043,0.0777,0.0547,0.0,0.9746,0.8226,0.215,True,79,34
1048,1.0,0.05,prior,2,model,0.62,0.0306,0.0437995762,-0.0032818432,0.1863,0.3383,0.4066,0.0554,0.0549,0.0001,0.9751,0.8584,0.25,True,80,39
1048,1.0,0.05,prior,3,model,0.6218,0.0298,0.0437538922,-0.0040318051,0.2009,0.3363,0.4032,0.0613,0.0538,0.0003,0.9736,0.7772,0.2194,True,87,42
1048,1.0,0.05,prior,4,model,0.624,0.0409,0.0399237499,-0.0044352989,0.1034,0.2934,0.3943,0.0508,0.0522,0.0003,0.9703,0.8374,0.2,True,96,48
1048,1.0,0.05,prior,5,model,0.6225,0.0297,0.0442528207,-0.0028338908,0.1404,0.3342,0.3954,0.0348,0.0524,0.0009,0.9724,0.8395,0.2169,True,90,39
1048,1.0,0.05,prior,6,model,0.6238,0.0313,0.0433971726,-0.004261958,0.1263,0.4174,0.3821,0.0974,0.0486,0.0005,0.9721,0.8227,0.2156,True,95,46
1048,1.0,0.05,prior,7,model,0.6175,0.0267,0.0445173267,-0.0023234729,0.1553,0.3237,0.3908,0.0417,0.0499,0.0008,0.9665,0.8742,0.21,True,70,31
1048,1.0,0.05,prior,8,model,0.6248,0.0292,0.0445964097,-0.0025390224,0.1046,0.324,0.4004,0.0406,0.0516,0.0,0.9741,0.8723,0.2175,True,99,38
1048,1.0,0.05,prior,9,model,0.6215,0.0278,0.0448829791,-0.0037376566,0.1697,0.34,0.4075,0.0459,0.0567,0.0002,0.9717,0.8472,0.1988,True,86,43
1048,1.0,0.05,prior,10,model,0.6232,0.0293,0.0443115543,-0.0012705873,0.2033,0.2062,0.4094,0.0545,0.0556,0.0002,0.9743,0.8436,0.2238,True,93,28
1048,1.0,0.05,prior,11,model,0.6205,0.0274,0.0441182464,-0.0023984081,0.2081,0.2212,0.4012,0.0376,0.0513,0.0003,0.9693,0.7983,0.2006,True,82,32
1064,0.2,0.0,treatment,0,prior,0.6,0.1296,0.0112152645,0.0,0.0391,0.178,0.2087,0.0361,0.0264,0.0331,0.7965,0.9764,0.0,False,0,0
1064,0.2,0.0,treatment,1,model,0.6,0.0429,0.0396728306,0.0,0.132,0.228,0.36,0.0493,0.0423,0.0004,0.9951,0.9196,0.3837,True,0,0
1064,0.2,0.0,treatment,2,model,0.6,0.0621,0.032755117,0.0,0.1204,0.283,0.3306,0.0469,0.0398,0.0051,0.9889,0.8972,0.2637,True,0,0
1064,0.2,0.0,treatment,3,model,0.6,0.05,0.0359236213,0.0,0.1701,0.2372,0.3625,0.0607,0.0471,0.0029,0.9914,0.931,0.3762,True,0,0
1064,0.2,0.0,treatment,4,model,0.6,0.0458,0.0375241845,0.0,0.176,0.1615,0.3375,0.0689,0.0417,0.0044,0.9937,0.9063,0.32,True,0,0
1064,0.2,0.0,treatment,5,model,0.6,0.0671,0.0322403658,0.0,0.1082,0.2099,0.3181,0.0484,0.0388,0.0116,0.9571,0.7874,0.2162,True,0,0
1064,0.2,0.0,treatment,6,model,0.6,0.0621,0.0330345657,0.0,0.1271,0.2203,0.3344,0.0476,0.0438,0.011,0.9574,0.7429,0.1219,True,0,0
1064,0.2,0.0,treatment,7,model,0.6,0.0529,0.0352848391,0.0,0.1066,0.2543,0.3456,0.0398,0.0436,0.0052,0.9944,0.9196,0.3519,True,0,0
1064,0.2,0.0,treatment,8,model,0.6,0.0504,0.0364453189,0.0,0.1988,0.2419,0.3475,0.0763,0.0492,0.0098,0.9833,0.8438,0.2981,True,0,0
1064,0.2,0.0,treatment,9,model,0.6,0.0567,0.0347136437,0.0,0.1824,0.167,0.3494,0.0697,0.0413,0.002,0.9919,0.9253,0.3262,True,0,0
1064,0.2,0.0,treatment,10,model,0.6,0.0663,0.0301790373,0.0,0.1281,0.217,0.3381,0.0542,0.0442,0.0107,0.972,0.579,0.1363,True,0,0
1064,0.2,0.0,treatment,11,model,0.6,0.0533,0.0350063517,0.0,0.1811,0.1912,0.3525,0.0684,0.044,0.0046,0.9835,0.8416,0.3256,True,0,0
1064,0.2,0.0,frozen,0,prior,0.6,0.1296,0.0112152645,0.0,0.0391,0.178,0.2087,0.0361,0.0264,0.0331,0.7965,0.9764,0.0,False,0,0
1064,0.2,0.0,frozen,1,model,0.6,0.0429,0.0396728306,0.0,0.0584,0.3181,0.36,0.0269,0.049,0.0027,0.9951,0.9196,0.3837,True,0,0
1064,0.2,0.0,frozen,2,model,0.6,0.0488,0.0370708116,0.0,0.0514,0.3188,0.3506,0.027,0.0452,0.0019,0.9961,0.9246,0.4,True,0,0
1064,0.2,0.0,frozen,3,model,0.6,0.0433,0.0377941223,0.0,0.068,0.3196,0.3725,0.0275,0.0514,0.0016,0.9954,0.9397,0.3581,True,0,0
1064,0.2,0.0,frozen,4,model,0.6,0.0367,0.0406347121,0.0,0.0513,0.3231,0.3513,0.0207,0.047,0.0037,0.9966,0.9471,0.4019,True,0,0
1064,0.2,0.0,frozen,5,model,0.6,0.0408,0.0398914908,0.0,0.0755,0.3175,0.3575,0.0349,0.0476,0.0027,0.9958,0.9467,0.38,True,0,0
1064,0.2,0.0,frozen,6,model,0.6,0.0467,0.0369692075,0.0,0.0825,0.3116,0.3575,0.0384,0.0506,0.0069,0.995,0.9199,0.3794,True,0,0
1064,0.2,0.0,frozen,7,model,0.6,0.0404,0.0390744259,0.0,0.059,0.3245,0.3644,0.0248,0.049,0.0017,0.9955,0.9263,0.3631,True,0,0
1064,0.2,0.0,frozen,8,model,0.6,0.0387,0.0404623645,0.0,0.0687,0.3151,0.365,0.0291,0.0507,0.0039,0.9959,0.9392,0.3894,True,0,0
1064,0.2,0.0,frozen,9,model,0.6,0.0417,0.0392513808,0.0,0.0674,0.3149,0.3719,0.0285,0.0499,0.0029,0.9949,0.922,0.3481,True,0,0
1064,0.2,0.0,frozen,10,model,0.6,0.0512,0.0349345552,0.0,0.065,0.3185,0.3606,0.0326,0.0492,0.0032,0.9958,0.9443,0.3812,True,0,0
1064,0.2,0.0,frozen,11,model,0.6,0.0433,0.0379274982,0.0,0.0616,0.3234,0.3675,0.0275,0.0485,0.0015,0.9958,0.9349,0.3975,True,0,0
1064,0.2,0.0,prior,0,prior,0.6,0.1296,0.0112152645,0.0,0.0391,0.178,0.2087,0.0361,0.0264,0.0331,0.7965,0.9764,0.0,False,0,0
1064,0.2,0.0,prior,1,model,0.6,0.1304,0.0122952987,0.0,0.0558,0.1836,0.2288,0.0268,0.0308,0.0278,0.7977,0.9745,0.0,False,0,0
1064,0.2,0.0,prior,2,model,0.6,0.1283,0.0097711753,0.0,0.0614,0.1765,0.2313,0.0186,0.0273,0.0282,0.7914,0.974,0.0,False,0,0
1064,0.2,0.0,prior,3,model,0.6,0.1258,0.011951513,0.0,0.0614,0.1874,0.2487,0.0336,0.0345,0.0316,0.794,0.9712,0.0,False,0,0
1064,0.2,0.0,prior,4,model,0.6,0.125,0.0119640826,0.0,0.0348,0.2011,0.2188,0.0196,0.0297,0.0364,0.7853,0.9748,0.0,False,0,0
1064,0.2,0.0,prior,5,model,0.6,0.1354,0.0100485928,0.0,0.0418,0.1919,0.2156,0.0241,0.0263,0.0319,0.7918,0.9762,0.0,False,0,0
1064,0.2,0.0,prior,6,model,0.6,0.1346,0.011152147,0.0,0.048,0.1872,0.2256,0.0413,0.0287,0.0315,0.7913,0.9769,0.0,False,0,0
1064,0.2,0.0,prior,7,model,0.6,0.1437,0.0073772453,0.0,0.0259,0.2106,0.2094,0.0386,0.0255,0.0331,0.79,0.9769,0.0,False,0,0
1064,0.2,0.0,prior,8,model,0.6,0.1317,0.0095670423,0.0,0.0586,0.1749,0.2256,0.026,0.0321,0.0363,0.7845,0.9738,0.0,False,0,0
1064,0.2,0.0,prior,9,model,0.6,0.1392,0.0080921425,0.0,0.0403,0.2025,0.2256,0.0108,0.0295,0.031,0.7944,0.9777,0.0,False,0,0
1064,0.2,0.0,prior,10,model,0.6,0.1358,0.0100771597,0.0,0.0366,0.2039,0.2338,0.0222,0.0307,0.0294,0.7901,0.9726,0.0,False,0,0
1064,0.2,0.0,prior,11,model,0.6,0.1425,0.0073576962,0.0,0.0494,0.178,0.2188,0.023,0.028,0.0325,0.7903,0.9798,0.0,False,0,0
1064,0.2,0.05,treatment,0,prior,0.6148,0.1309,0.0111500605,-6.5204e-05,0.0588,0.1786,0.2096,0.0228,0.024,0.0313,0.7965,0.9764,0.0,False,59,11
1064,0.2,0.05,treatment,1,model,0.616,0.0507,0.0378810551,-0.0009105317,0.1303,0.2668,0.3607,0.0621,0.0449,0.0038,0.9784,0.8368,0.2356,True,64,19
1064,0.2,0.05,treatment,2,model,0.6182,0.0728,0.0301806397,-0.0022357443,0.0421,0.2991,0.3261,0.052,0.0403,0.0054,0.9834,0.9163,0.2306,True,73,30
1064,0.2,0.05,treatment,3,model,0.6178,0.072,0.0296345103,-0.0015970195,0.1838,0.3229,0.3414,0.0792,0.0479,0.0096,0.9654,0.9049,0.2338,True,71,25
1064,0.2,0.05,treatment,4,model,0.6185,0.0521,0.0370177953,-0.0022321373,0.0879,0.3328,0.3414,0.0198,0.0436,0.0045,0.991,0.9148,0.3669,True,74,29
1064,0.2,0.05,treatment,5,model,0.619,0.0537,0.0370079352,-0.0008101877,0.1443,0.2478,0.3524,0.0545,0.0455,0.0042,0.9933,0.8586,0.3481,True,76,21
1064,0.2,0.05,treatment,6,model,0.6192,0.0682,0.031666337,-0.0019874854,0.1634,0.3697,0.3381,0.0606,0.048,0.0086,0.9895,0.9322,0.3738,True,77,29
1064,0.2,0.05,treatment,7,model,0.6185,0.0627,0.0330044357,-0.0012113855,0.0712,0.3792,0.344,0.0522,0.0439,0.007,0.9821,0.932,0.3013,True,74,23
1064,0.2,0.05,treatment,8,model,0.6198,0.0577,0.0357377106,-0.0030892295,0.053,0.3102,0.3511,0.0391,0.0466,0.0043,0.9905,0.9082,0.3162,True,79,35
1064,0.2,0.05,treatment,9,model,0.6202,0.0657,0.0327858372,-0.0019591502,0.0757,0.3889,0.3502,0.063,0.0432,0.0026,0.9831,0.8699,0.2719,True,81,30
1064,0.2,0.05,treatment,10,model,0.6182,0.0914,0.0237867187,-0.0013123003,0.0992,0.3193,0.3104,0.0378,0.0392,0.0081,0.9283,0.8961,0.1163,True,73,23
1064,0.2,0.05,treatment,11,model,0.6228,0.0666,0.0311620602,-0.0023447525,0.1267,0.2746,0.3486,0.0243,0.0425,0.0036,0.9849,0.8351,0.2994,True,91,34
1064,0.2,0.05,frozen,0,prior,0.6,0.1296,0.0112152645,0.0,0.0391,0.178,0.2087,0.0361,0.0264,0.0331,0.7965,0.9764,0.0,False,0,0
1064,0.2,0.05,frozen,1,model,0.6175,0.049,0.039037197,-0.0006356336,0.0616,0.3189,0.3647,0.0269,0.0505,0.0034,0.9951,0.9196,0.3837,True,70,18
1064,0.2,0.05,frozen,2,model,0.6202,0.0605,0.0344020826,-0.002668729,0.0508,0.3188,0.3476,0.027,0.0449,0.0034,0.9961,0.9246,0.4,True,81,33
1064,0.2,0.05,frozen,3,model,0.618,0.0526,0.0360598477,-0.0017342746,0.0683,0.3196,0.373,0.0275,0.0511,0.0012,0.9954,0.9397,0.3581,True,72,26
1064,0.2,0.05,frozen,4,model,0.6192,0.0472,0.0385174857,-0.0021172265,0.0505,0.3246,0.35,0.0207,0.0468,0.0038,0.9966,0.9471,0.4019,True,77,29
1064,0.2,0.05,frozen,5,model,0.6188,0.0485,0.0391391151,-0.0007523757,0.0805,0.3187,0.3607,0.0349,0.0483,0.0025,0.9958,0.9467,0.38,True,75,22
1064,0.2,0.05,frozen,6,model,0.621,0.058,0.0346204668,-0.0023487408,0.0814,0.3135,0.3562,0.0384,0.0502,0.0074,0.995,0.9199,0.3794,True,84,32
1064,0.2,0.05,frozen,7,model,0.6198,0.0508,0.037246078,-0.001828348,0.0572,0.3269,0.3642,0.0248,0.0495,0.0022,0.9955,0.9263,0.3631,True,79,29
1064,0.2,0.05,frozen,8,model,0.6198,0.0516,0.037348002,-0.0031143626,0.0674,0.3137,0.3609,0.0291,0.0494,0.0037,0.9959,0.9392,0.3894,True,79,35
1064,0.2,0.05,frozen,9,model,0.6212,0.0527,0.0372146888,-0.002036692,0.0655,0.3162,0.3723,0.0285,0.0502,0.0034,0.9949,0.922,0.3481,True,85,31
1064,0.2,0.05,frozen,10,model,0.619,0.0606,0.0334148058,-0.0015197493,0.0673,0.3194,0.3609,0.0326,0.0495,0.0029,0.9958,0.9443,0.3812,True,76,27
1064,0.2,0.05,frozen,11,model,0.6218,0.0567,0.035075184,-0.0028523142,0.0596,0.3233,0.3642,0.0275,0.0485,0.0014,0.9958,0.9349,0.3975,True,87,37
1064,0.2,0.05,prior,0,prior,0.6148,0.1309,0.0111500605,-6.5204e-05,0.0588,0.1786,0.2096,0.0228,0.024,0.0313,0.7965,0.9764,0.0,False,59,11
1064,0.2,0.05,prior,1,model,0.6195,0.1312,0.0124405089,0.0001452102,0.0466,0.2167,0.2326,0.0285,0.025,0.0282,0.7977,0.9745,0.0,False,78,12
1064,0.2,0.05,prior,2,model,0.6175,0.1332,0.0086105953,-0.00116058,0.0374,0.2044,0.2281,0.0086,0.0245,0.027,0.7914,0.974,0.0,False,70,21
1064,0.2,0.05,prior,3,model,0.6182,0.1294,0.0112064934,-0.0007450196,0.0637,0.2054,0.2489,0.0212,0.0324,0.0257,0.794,0.9712,0.0,False,73,18
1064,0.2,0.05,prior,4,model,0.6188,0.1289,0.0110553703,-0.0009087122,0.0272,0.214,0.217,0.0228,0.0269,0.0326,0.7853,0.9748,0.0,False,75,19
1064,0.2,0.05,prior,5,model,0.618,0.1355,0.0105200322,0.0004714394,0.0518,0.1825,0.2192,0.0453,0.023,0.0297,0.7918,0.9762,0.0,False,72,10
1064,0.2,0.05,prior,6,model,0.6198,0.1384,0.0103972733,-0.0007548737,0.0485,0.1803,0.2242,0.0194,0.0175,0.0261,0.7913,0.9769,0.0,False,79,20
1064,0.2,0.05,prior,7,model,0.6208,0.1446,0.0075623924,0.0001851471,0.0689,0.2315,0.2116,0.0352,0.027,0.0332,0.79,0.9769,0.0,False,83,14
1064,0.2,0.05,prior,8,model,0.6212,0.1356,0.0087420223,-0.0008250199,0.0582,0.186,0.2244,0.0265,0.0286,0.0318,0.7845,0.9738,0.0,False,85,21
1064,0.2,0.05,prior,9,model,0.621,0.1425,0.0075408944,-0.0005512482,0.0754,0.2702,0.2249,0.0534,0.0289,0.0299,0.7944,0.9777,0.0,False,84,20
1064,0.2,0.05,prior,10,model,0.6168,0.1382,0.0095478405,-0.0005293192,0.0619,0.1959,0.2342,0.0716,0.028,0.0272,0.7901,0.9726,0.0,False,67,15
1064,0.2,0.05,prior,11,model,0.619,0.145,0.0070042874,-0.0003534088,0.0628,0.1657,0.2185,0.031,0.0246,0.029,0.7903,0.9798,0.0,False,76,17
1064,0.4,0.0,treatment,0,prior,0.6,0.0846,0.0251309491,0.0,0.0861,0.1962,0.2762,0.0316,0.0348,0.0168,0.8211,0.914,0.0019,False,0,0
1064,0.4,0.0,treatment,1,model,0.6,0.05,0.0362145858,0.0,0.1429,0.208,0.3494,0.0549,0.0419,0.0074,0.9949,0.9246,0.375,True,0,0
1064,0.4,0.0,treatment,2,model,0.6,0.0596,0.033343533,0.0,0.1391,0.1953,0.3344,0.0583,0.0393,0.0026,0.9898,0.901,0.295,True,0,0
1064,0.4,0.0,treatment,3,model,0.6,0.0583,0.0341217655,0.0,0.1642,0.2495,0.35,0.0631,0.0462,0.0025,0.9838,0.7681,0.2469,True,0,0
1064,0.4,0.0,treatment,4,model,0.6,0.0408,0.0393116318,0.0,0.1472,0.1978,0.345,0.0547,0.0442,0.0039,0.993,0.9384,0.3306,True,0,0
1064,0.4,0.0,treatment,5,model,0.6,0.055,0.035459267,0.0,0.1441,0.1926,0.3362,0.0528,0.0428,0.0055,0.9881,0.8567,0.3569,True,0,0
1064,0.4,0.0,treatment,6,model,0.6,0.0542,0.0346178031,0.0,0.1715,0.1748,0.3463,0.0662,0.0431,0.0037,0.9716,0.8181,0.1812,True,0,0
1064,0.4,0.0,treatment,7,model,0.6,0.0533,0.0356504759,0.0,0.1617,0.1897,0.345,0.0605,0.0454,0.0074,0.9851,0.9157,0.2487,True,0,0
1064,0.4,0.0,treatment,8,model,0.6,0.0517,0.0359064461,0.0,0.1501,0.1955,0.3456,0.0592,0.0439,0.0083,0.9891,0.6598,0.3381,True,0,0
1064,0.4,0.0,treatment,9,model,0.6,0.0521,0.0358998848,0.0,0.1875,0.1692,0.3563,0.0712,0.0422,0.0027,0.9906,0.8982,0.3581,True,0,0
1064,0.4,0.0,treatment,10,model,0.6,0.0704,0.0292124136,0.0,0.1355,0.2134,0.3319,0.0555,0.047,0.0121,0.9716,0.8619,0.1331,True,0,0
1064,0.4,0.0,treatment,11,model,0.6,0.0525,0.034890239,0.0,0.1785,0.2216,0.3538,0.0655,0.041,0.0036,0.9934,0.9322,0.3438,True,0,0
1064,0.4,0.0,frozen,0,prior,0.6,0.0846,0.0251309491,0.0,0.0861,0.1962,0.2762,0.0316,0.0348,0.0168,0.8211,0.914,0.0019,False,0,0
1064,0.4,0.0,frozen,1,model,0.6,0.05,0.0362145858,0.0,0.0708,0.2821,0.3494,0.0438,0.0477,0.0069,0.9949,0.9246,0.375,True,0,0
1064,0.4,0.0,frozen,2,model,0.6,0.0537,0.0351287648,0.0,0.0742,0.2828,0.3431,0.0483,0.0428,0.0017,0.9954,0.8773,0.3563,True,0,0
1064,0.4,0.0,frozen,3,model,0.6,0.0483,0.0362318667,0.0,0.0767,0.2957,0.365,0.0443,0.0492,0.0019,0.9936,0.8758,0.3312,True,0,0
1064,0.4,0.0,frozen,4,model,0.6,0.0425,0.0375682137,0.0,0.0631,0.2863,0.3425,0.0362,0.0446,0.0031,0.9936,0.9002,0.3219,True,0,0
1064,0.4,0.0,frozen,5,model,0.6,0.0504,0.0364673427,0.0,0.0737,0.2801,0.3431,0.0459,0.0442,0.0033,0.9953,0.9219,0.3831,True,0,0
1064,0.4,0.0,frozen,6,model,0.6,0.0446,0.0373475333,0.0,0.0865,0.2808,0.3606,0.0477,0.0493,0.0054,0.9947,0.8648,0.3688,True,0,0
1064,0.4,0.0,frozen,7,model,0.6,0.0387,0.0394027656,0.0,0.0881,0.2923,0.3669,0.0439,0.0468,0.0028,0.9958,0.907,0.3681,True,0,0
1064,0.4,0.0,frozen,8,model,0.6,0.0429,0.0382696718,0.0,0.0827,0.2811,0.3588,0.0452,0.0496,0.0041,0.9956,0.92,0.3575,True,0,0
1064,0.4,0.0,frozen,9,model,0.6,0.0529,0.0352266592,0.0,0.0788,0.2859,0.355,0.0489,0.0472,0.0044,0.9953,0.9187,0.3519,True,0,0
1064,0.4,0.0,frozen,10,model,0.6,0.0517,0.0348013215,0.0,0.0749,0.2949,0.36,0.0461,0.0474,0.0023,0.9941,0.9057,0.3325,True,0,0
1064,0.4,0.0,frozen,11,model,0.6,0.0533,0.0347444413,0.0,0.0688,0.2919,0.3525,0.0451,0.0473,0.0035,0.9942,0.8888,0.3912,True,0,0
1064,0.4,0.0,prior,0,prior,0.6,0.0846,0.0251309491,0.0,0.0861,0.1962,0.2762,0.0316,0.0348,0.0168,0.8211,0.914,0.0019,False,0,0
1064,0.4,0.0,prior,1,model,0.6,0.0813,0.0286475399,0.0,0.1223,0.1834,0.3025,0.0462,0.0416,0.0169,0.8328,0.9188,0.0013,False,0,0
1064,0.4,0.0,prior,2,model,0.6,0.0788,0.0263710267,0.0,0.1265,0.1935,0.3056,0.0421,0.0387,0.0162,0.833,0.892,0.0013,False,0,0
1064,0.4,0.0,prior,3,model,0.6,0.0813,0.0265340609,0.0,0.1189,0.1982,0.3156,0.0443,0.047,0.0169,0.841,0.8949,0.0044,False,0,0
1064,0.4,0.0,prior,4,model,0.6,0.0829,0.0251038898,0.0,0.0885,0.1956,0.2819,0.0339,0.0383,0.0223,0.826,0.9166,0.0013,False,0,0
1064,0.4,0.0,prior,5,model,0.6,0.0821,0.0260890255,0.0,0.1181,0.1815,0.2956,0.0435,0.0402,0.0169,0.8361,0.9055,0.0025,False,0,0
1064,0.4,0.0,prior,6,model,0.6,0.0904,0.0243016274,0.0,0.0993,0.1939,0.2919,0.0375,0.0424,0.02,0.8254,0.9273,0.0025,False,0,0
1064,0.4,0.0,prior,7,model,0.6,0.0904,0.0228960378,0.0,0.0866,0.2222,0.2894,0.0327,0.0421,0.0239,0.8268,0.9102,0.0,False,0,0
1064,0.4,0.0,prior,8,model,0.6,0.0817,0.0262270277,0.0,0.1034,0.206,0.3006,0.0352,0.0443,0.0211,0.8327,0.9106,0.0,False,0,0
1064,0.4,0.0,prior,9,model,0.6,0.0854,0.0243722873,0.0,0.1099,0.197,0.3063,0.0453,0.0444,0.0221,0.8265,0.919,0.0031,False,0,0
1064,0.4,0.0,prior,10,model,0.6,0.0883,0.0246010623,0.0,0.1106,0.2175,0.305,0.0358,0.0426,0.0157,0.8291,0.9109,0.0013,False,0,0
1064,0.4,0.0,prior,11,model,0.6,0.0854,0.024850579,0.0,0.1265,0.18,0.3044,0.0481,0.0428,0.0168,0.8242,0.916,0.0025,False,0,0
1064,0.4,0.05,treatment,0,prior,0.6132,0.0885,0.0246422803,-0.0004886689,0.0943,0.2402,0.2767,0.0289,0.0358,0.0199,0.8211,0.914,0.0019,False,53,14
1064,0.4,0.05,treatment,1,model,0.617,0.0531,0.0375789875,-0.0009074527,0.1304,0.2274,0.3577,0.0394,0.0435,0.0018,0.9875,0.8841,0.2537,True,68,20
1064,0.4,0.05,treatment,2,model,0.6202,0.085,0.026553738,-0.0017010351,0.0636,0.2475,0.3074,0.0273,0.0372,0.0082,0.9325,0.8829,0.0862,True,81,27
1064,0.4,0.05,treatment,3,model,0.6185,0.0675,0.0311914718,-0.0016189387,0.1117,0.2926,0.3493,0.0445,0.0478,0.007,0.9873,0.8992,0.2756,True,74,24
1064,0.4,0.05,treatment,4,model,0.6175,0.0534,0.0360790551,-0.0013826518,0.0945,0.3207,0.3386,0.0263,0.0441,0.0072,0.9876,0.6753,0.3394,True,70,22
1064,0.4,0.05,treatment,5,model,0.6198,0.0666,0.0327617991,-0.000826907,0.0703,0.2629,0.332,0.033,0.0421,0.0055,0.9827,0.8766,0.2812,True,79,22
1064,0.4,0.05,treatment,6,model,0.6185,0.0728,0.0300989666,-0.0021254471,0.0839,0.3357,0.3303,0.0299,0.0453,0.0089,0.9723,0.9112,0.2925,True,74,29
1064,0.4,0.05,treatment,7,model,0.6182,0.0647,0.0325761349,-0.0012728561,0.1479,0.2188,0.3405,0.0624,0.0468,0.0101,0.9665,0.9036,0.2281,True,73,22
1064,0.4,0.05,treatment,8,model,0.617,0.0563,0.0351724373,-0.0028600067,0.0979,0.4162,0.3512,0.0499,0.0467,0.0081,0.9927,0.9186,0.3819,True,68,33
1064,0.4,0.05,treatment,9,model,0.618,0.0623,0.0344495535,-0.0018659499,0.1122,0.2835,0.3541,0.0517,0.046,0.0059,0.9866,0.9171,0.2931,True,72,28
1064,0.4,0.05,treatment,10,model,0.618,0.0761,0.0283952032,-0.0010802421,0.1271,0.2587,0.3351,0.0453,0.0422,0.0078,0.9677,0.9337,0.2569,True,72,21
1064,0.4,0.05,treatment,11,model,0.623,0.063,0.0330679163,-0.0020600094,0.1324,0.3552,0.3548,0.075,0.0436,0.0032,0.9901,0.8949,0.3513,True,92,31
1064,0.4,0.05,frozen,0,prior,0.6,0.0846,0.0251309491,0.0,0.0861,0.1962,0.2762,0.0316,0.0348,0.0168,0.8211,0.914,0.0019,False,0,0
1064,0.4,0.05,frozen,1,model,0.6165,0.0568,0.0353040907,-0.0009104951,0.0728,0.2822,0.3514,0.0438,0.0484,0.0067,0.9949,0.9246,0.375,True,66,20
1064,0.4,0.05,frozen,2,model,0.618,0.0647,0.0326500614,-0.0024787034,0.0719,0.2801,0.339,0.0483,0.0426,0.0019,0.9954,0.8773,0.3563,True,72,31
1064,0.4,0.05,frozen,3,model,0.6188,0.0574,0.0346302067,-0.00160166,0.0783,0.2958,0.3659,0.0443,0.0489,0.0012,0.9936,0.8758,0.3312,True,75,26
1064,0.4,0.05,frozen,4,model,0.6185,0.0525,0.0356270255,-0.0019411882,0.0609,0.287,0.3408,0.0362,0.0446,0.0031,0.9936,0.9002,0.3219,True,74,28
1064,0.4,0.05,frozen,5,model,0.6182,0.0566,0.0359691949,-0.0004981478,0.0769,0.2814,0.3471,0.0459,0.0451,0.0031,0.9953,0.9219,0.3831,True,73,19
1064,0.4,0.05,frozen,6,model,0.6188,0.0554,0.0350082876,-0.0023392457,0.0846,0.2814,0.3587,0.0477,0.0492,0.0064,0.9947,0.8648,0.3688,True,75,30
1064,0.4,0.05,frozen,7,model,0.6182,0.0489,0.0374216235,-0.0019811421,0.0872,0.293,0.3661,0.0439,0.047,0.0036,0.9958,0.907,0.3681,True,73,28
1064,0.4,0.05,frozen,8,model,0.6192,0.0549,0.035440126,-0.0028295458,0.0796,0.2809,0.3552,0.0452,0.0483,0.0039,0.9956,0.92,0.3575,True,77,33
1064,0.4,0.05,frozen,9,model,0.6212,0.0632,0.0336157778,-0.0016108814,0.0773,0.2879,0.3551,0.0489,0.0477,0.0049,0.9953,0.9187,0.3519,True,85,30
1064,0.4,0.05,frozen,10,model,0.6182,0.0598,0.0336246806,-0.0011766409,0.0769,0.2935,0.3615,0.0461,0.048,0.0026,0.9941,0.9057,0.3325,True,73,24
1064,0.4,0.05,frozen,11,model,0.622,0.0655,0.0320856776,-0.0026587637,0.0685,0.2901,0.3499,0.0451,0.0468,0.0044,0.9942,0.8888,0.3912,True,88,35
1064,0.4,0.05,prior,0,prior,0.6132,0.0885,0.0246422803,-0.0004886689,0.0943,0.2402,0.2767,0.0289,0.0358,0.0199,0.8211,0.914,0.0019,False,53,14
1064,0.4,0.05,prior,1,model,0.6185,0.0857,0.0281356819,-0.0005118579,0.0873,0.2243,0.306,0.0372,0.0393,0.0153,0.8328,0.9188,0.0013,False,74,17
1064,0.4,0.05,prior,2,model,0.618,0.0866,0.0244334401,-0.0019375866,0.0519,0.2763,0.3037,0.0524,0.0419,0.017,0.833,0.892,0.0013,False,72,25
1064,0.4,0.05,prior,3,model,0.62,0.0871,0.0255251131,-0.0010089478,0.1332,0.3071,0.3184,0.0522,0.0444,0.0128,0.841,0.8949,0.0044,False,80,21
1064,0.4,0.05,prior,4,model,0.6182,0.0898,0.02379508,-0.0013088098,0.1244,0.1717,0.2803,0.0552,0.0362,0.0214,0.826,0.9166,0.0013,False,73,23
1064,0.4,0.05,prior,5,model,0.6165,0.086,0.0259874634,-0.0001015621,0.0918,0.2297,0.2986,0.0367,0.0413,0.0171,0.8361,0.9055,0.0025,False,66,15
1064,0.4,0.05,prior,6,model,0.619,0.0977,0.0228736862,-0.0014279412,0.0847,0.2469,0.29,0.022,0.0337,0.0117,0.8254,0.9273,0.0025,False,76,25
1064,0.4,0.05,prior,7,model,0.6195,0.096,0.0221953846,-0.0007006531,0.1236,0.3874,0.2904,0.0881,0.0406,0.0209,0.8268,0.9102,0.0,False,78,21
1064,0.4,0.05,prior,8,model,0.6208,0.0894,0.0246867665,-0.0015402612,0.0968,0.2082,0.2999,0.035,0.0442,0.0211,0.8327,0.9106,0.0,False,83,26
1064,0.4,0.05,prior,9,model,0.6185,0.0918,0.0233779632,-0.0009943242,0.0859,0.28,0.3067,0.0249,0.0407,0.0192,0.8265,0.919,0.0031,False,74,22
1064,0.4,0.05,prior,10,model,0.6158,0.0934,0.0236689925,-0.0009320698,0.0461,0.2671,0.3058,0.0442,0.0409,0.0164,0.8291,0.9109,0.0013,False,63,18
1064,0.4,0.05,prior,11,model,0.6208,0.093,0.0235273341,-0.001323245,0.1049,0.2474,0.3039,0.0347,0.0425,0.0172,0.8242,0.916,0.0025,False,83,26
1064,1.0,0.0,treatment,0,prior,0.6,0.015,0.0468194795,0.0,0.35,0.0307,0.3806,0.1397,0.0462,0.0014,0.9685,0.7962,0.1956,True,0,0
1064,1.0,0.0,treatment,1,model,0.6,0.0967,0.0222139696,0.0,0.0685,0.2265,0.2794,0.0278,0.034,0.0191,0.9249,0.8405,0.0187,True,0,0
1064,1.0,0.0,treatment,2,model,0.6,0.0483,0.0371773401,0.0,0.2196,0.1317,0.3513,0.0871,0.0412,0.0039,0.9954,0.943,0.3675,True,0,0
1064,1.0,0.0,treatment,3,model,0.6,0.0862,0.0248346736,0.0,0.0712,0.2699,0.3081,0.0259,0.0439,0.0185,0.9589,0.761,0.0756,True,0,0
1064,1.0,0.0,treatment,4,model,0.6,0.035,0.0411549134,0.0,0.1881,0.2281,0.3538,0.0668,0.0436,0.004,0.9918,0.8993,0.3325,True,0,0
1064,1.0,0.0,treatment,5,model,0.6,0.0558,0.0350925083,0.0,0.1512,0.184,0.335,0.0579,0.0431,0.0073,0.992,0.8346,0.3381,True,0,0
1064,1.0,0.0,treatment,6,model,0.6,0.0542,0.0354275191,0.0,0.1611,0.2116,0.3463,0.0577,0.0459,0.0068,0.9828,0.8454,0.2462,True,0,0
1064,1.0,0.0,treatment,7,model,0.6,0.0475,0.0377017461,0.0,0.2137,0.14,0.3538,0.085,0.0443,0.0044,0.9889,0.8117,0.3212,True,0,0
1064,1.0,0.0,treatment,8,model,0.6,0.0446,0.0384683221,0.0,0.2198,0.1364,0.3563,0.0876,0.0468,0.0047,0.9952,0.9128,0.425,True,0,0
1064,1.0,0.0,treatment,9,model,0.6,0.0646,0.0321707064,0.0,0.1313,0.2171,0.3375,0.0495,0.0457,0.0083,0.9849,0.8817,0.2444,True,0,0
1064,1.0,0.0,treatment,10,model,0.6,0.0567,0.0329079425,0.0,0.132,0.2232,0.3525,0.0487,0.0457,0.0045,0.987,0.8448,0.3594,True,0,0
1064,1.0,0.0,treatment,11,model,0.6,0.0567,0.0343946653,0.0,0.1654,0.1821,0.3475,0.0646,0.0415,0.0034,0.9866,0.8757,0.2988,True,0,0
1064,1.0,0.0,frozen,0,prior,0.6,0.015,0.0468194795,0.0,0.35,0.0307,0.3806,0.1397,0.0462,0.0014,0.9685,0.7962,0.1956,True,0,0
1064,1.0,0.0,frozen,1,model,0.6,0.0967,0.0222139696,0.0,0.2414,0.038,0.2794,0.1475,0.0234,0.0079,0.9249,0.8405,0.0187,True,0,0
1064,1.0,0.0,frozen,2,model,0.6,0.1083,0.0193440091,0.0,0.2221,0.0391,0.2612,0.1468,0.0138,0.0001,0.925,0.8409,0.0244,True,0,0
1064,1.0,0.0,frozen,3,model,0.6,0.1096,0.015965778,0.0,0.2341,0.039,0.2731,0.1521,0.0185,0.0005,0.9238,0.8615,0.0187,True,0,0
1064,1.0,0.0,frozen,4,model,0.6,0.0883,0.0240051539,0.0,0.2345,0.0393,0.2737,0.1396,0.0187,0.0022,0.9304,0.8362,0.03,True,0,0
1064,1.0,0.0,frozen,5,model,0.6,0.1013,0.0214328829,0.0,0.2295,0.0374,0.2669,0.1453,0.0162,0.0011,0.9234,0.8486,0.015,True,0,0
1064,1.0,0.0,frozen,6,model,0.6,0.105,0.0194166177,0.0,0.2332,0.0368,0.27,0.1491,0.0165,0.0002,0.9225,0.8423,0.0125,True,0,0
1064,1.0,0.0,frozen,7,model,0.6,0.1025,0.0204237453,0.0,0.2335,0.0377,0.2712,0.1477,0.0184,0.0009,0.92,0.8446,0.0238,True,0,0
1064,1.0,0.0,frozen,8,model,0.6,0.0946,0.0226193468,0.0,0.2446,0.0367,0.2812,0.1475,0.0204,0.0012,0.9193,0.8679,0.0088,True,0,0
1064,1.0,0.0,frozen,9,model,0.6,0.0988,0.0207169967,0.0,0.2476,0.0387,0.2863,0.1513,0.0195,0.0013,0.9303,0.8413,0.0244,True,0,0
1064,1.0,0.0,frozen,10,model,0.6,0.11,0.0173458261,0.0,0.2332,0.0393,0.2725,0.1521,0.0168,0.002,0.92,0.8736,0.04,True,0,0
1064,1.0,0.0,frozen,11,model,0.6,0.0988,0.0206524402,0.0,0.2453,0.0391,0.2844,0.1502,0.0211,0.0002,0.9258,0.8501,0.0262,True,0,0
1064,1.0,0.0,prior,0,prior,0.6,0.015,0.0468194795,0.0,0.35,0.0307,0.3806,0.1397,0.0462,0.0014,0.9685,0.7962,0.1956,True,0,0
1064,1.0,0.0,prior,1,model,0.6,0.015,0.0467937185,0.0,0.371,0.0308,0.4019,0.1479,0.0509,0.0,0.9692,0.8146,0.1975,True,0,0
1064,1.0,0.0,prior,2,model,0.6,0.0183,0.0464362216,0.0,0.3738,0.0224,0.3962,0.1497,0.0484,0.0003,0.9705,0.7864,0.1931,True,0,0
1064,1.0,0.0,prior,3,model,0.6,0.0138,0.0472570274,0.0,0.3969,0.02,0.4169,0.1585,0.0556,0.0003,0.9695,0.8392,0.2025,True,0,0
1064,1.0,0.0,prior,4,model,0.6,0.0142,0.0478650903,0.0,0.3429,0.0421,0.385,0.1375,0.0473,0.0002,0.9728,0.8323,0.1975,True,0,0
1064,1.0,0.0,prior,5,model,0.6,0.0187,0.046548156,0.0,0.3546,0.036,0.3906,0.142,0.0472,0.0001,0.9735,0.7841,0.2419,True,0,0
1064,1.0,0.0,prior,6,model,0.6,0.0146,0.0468397552,0.0,0.3893,0.0164,0.4056,0.1554,0.0518,0.0,0.9759,0.8172,0.2338,True,0,0
1064,1.0,0.0,prior,7,model,0.6,0.0154,0.046913818,0.0,0.3645,0.0373,0.4019,0.1457,0.0519,0.0,0.9744,0.836,0.2162,True,0,0
1064,1.0,0.0,prior,8,model,0.6,0.0129,0.0479478904,0.0,0.3898,0.0139,0.4037,0.1562,0.0512,0.0003,0.9728,0.8831,0.2494,True,0,0
1064,1.0,0.0,prior,9,model,0.6,0.0171,0.04677158,0.0,0.3769,0.0319,0.4088,0.1509,0.0542,0.0003,0.9717,0.8634,0.2169,True,0,0
1064,1.0,0.0,prior,10,model,0.6,0.0192,0.0452458476,0.0,0.3768,0.0319,0.4088,0.1504,0.0531,0.0001,0.9729,0.7981,0.22,True,0,0
1064,1.0,0.0,prior,11,model,0.6,0.0171,0.046594451,0.0,0.3882,0.0187,0.4069,0.1555,0.0521,0.0002,0.9691,0.8875,0.2662,True,0,0
1064,1.0,0.05,treatment,0,prior,0.616,0.0239,0.045108455,-0.0017110246,0.2074,0.2962,0.3815,0.0453,0.0457,0.0001,0.9685,0.7962,0.1956,True,64,23
1064,1.0,0.05,treatment,1,model,0.6192,0.1029,0.0206611818,-0.0004939851,0.0477,0.2374,0.2784,0.0194,0.0373,0.0202,0.8816,0.8513,0.0069,True,77,18
1064,1.0,0.05,treatment,2,model,0.6178,0.0676,0.0314961512,-0.002475479,0.0803,0.2703,0.3342,0.023,0.0391,0.0032,0.9857,0.9088,0.1963,True,71,30
1064,1.0,0.05,treatment,3,model,0.6165,0.058,0.0353133995,-0.0015033574,0.196,0.3329,0.3631,0.0772,0.0494,0.004,0.9855,0.9154,0.2756,True,66,23
1064,1.0,0.05,treatment,4,model,0.62,0.0496,0.0377450576,-0.0019526094,0.1542,0.239,0.3467,0.0591,0.0438,0.0067,0.9896,0.8754,0.3981,True,80,28
1064,1.0,0.05,treatment,5,model,0.62,0.0685,0.0333644803,-0.0005896727,0.1367,0.2262,0.3289,0.0507,0.0403,0.008,0.9705,0.8126,0.2406,True,80,22
1064,1.0,0.05,treatment,6,model,0.6198,0.067,0.03189775,-0.0021338164,0.0829,0.3259,0.3406,0.0235,0.0432,0.0029,0.9815,0.6916,0.2469,True,79,30
1064,1.0,0.05,treatment,7,model,0.62,0.0625,0.0333222434,-0.0009513187,0.0936,0.2739,0.3454,0.0282,0.0479,0.011,0.9565,0.8918,0.2344,True,80,21
1064,1.0,0.05,treatment,8,model,0.619,0.0586,0.0351654935,-0.0029968713,0.1234,0.3939,0.3491,0.0705,0.0471,0.0053,0.992,0.8961,0.3613,True,76,35
1064,1.0,0.05,treatment,9,model,0.618,0.0696,0.030909766,-0.0016062481,0.1042,0.301,0.3423,0.0277,0.0446,0.0063,0.9704,0.8788,0.2119,True,72,26
1064,1.0,0.05,treatment,10,model,0.6228,0.0859,0.0248631429,-0.0005703473,0.087,0.295,0.3221,0.0304,0.0421,0.0105,0.9131,0.8992,0.1013,True,91,21
1064,1.0,0.05,treatment,11,model,0.6222,0.0623,0.0341591918,-0.0023883708,0.1313,0.3489,0.3554,0.0469,0.0435,0.0027,0.9859,0.9026,0.3006,True,89,32
1064,1.0,0.05,frozen,0,prior,0.6,0.015,0.0468194795,0.0,0.35,0.0307,0.3806,0.1397,0.0462,0.0014,0.9685,0.7962,0.1956,True,0,0
1064,1.0,0.05,frozen,1,model,0.6188,0.1006,0.0219154176,-0.000298552,0.2438,0.0381,0.282,0.1475,0.0243,0.0071,0.9249,0.8405,0.0187,True,75,17
1064,1.0,0.05,frozen,2,model,0.6202,0.1149,0.0176125712,-0.0017314378,0.2196,0.0391,0.2587,0.1468,0.0134,0.0001,0.925,0.8409,0.0244,True,81,25
1064,1.0,0.05,frozen,3,model,0.6208,0.1128,0.0159659404,1.625e-07,0.2379,0.039,0.2769,0.1521,0.0196,0.0005,0.9238,0.8615,0.0187,True,83,17
1064,1.0,0.05,frozen,4,model,0.6215,0.0941,0.0229870923,-0.0010180616,0.2356,0.0392,0.2748,0.1396,0.0187,0.0016,0.9304,0.8362,0.03,True,86,22
1064,1.0,0.05,frozen,5,model,0.6178,0.1048,0.0211126434,-0.0003202395,0.2313,0.0375,0.2688,0.1453,0.0165,0.0011,0.9234,0.8486,0.015,True,71,16
1064,1.0,0.05,frozen,6,model,0.6172,0.1098,0.0183070334,-0.0011095843,0.2329,0.0369,0.2698,0.1491,0.0165,0.0002,0.9225,0.8423,0.0125,True,69,19
1064,1.0,0.05,frozen,7,model,0.6208,0.1067,0.0196685325,-0.0007552128,0.2355,0.0381,0.2736,0.1477,0.019,0.0009,0.92,0.8446,0.0238,True,83,19
1064,1.0,0.05,frozen,8,model,0.6228,0.1028,0.0207603038,-0.001859043,0.2428,0.0362,0.279,0.1475,0.0197,0.0013,0.9193,0.8679,0.0088,True,91,29
1064,1.0,0.05,frozen,9,model,0.621,0.1051,0.0197876185,-0.0009293782,0.2474,0.0389,0.2863,0.1513,0.0192,0.0015,0.9303,0.8413,0.0244,True,84,24
1064,1.0,0.05,frozen,10,model,0.6205,0.1144,0.0166625972,-0.0006832289,0.2347,0.0393,0.274,0.1521,0.0173,0.0019,0.92,0.8736,0.04,True,82,20
1064,1.0,0.05,frozen,11,model,0.6232,0.1071,0.0186662485,-0.0019861917,0.2428,0.0392,0.282,0.1502,0.0208,0.0002,0.9258,0.8501,0.0262,True,93,30
1064,1.0,0.05,prior,0,prior,0.616,0.0239,0.045108455,-0.0017110246,0.2074,0.2962,0.3815,0.0453,0.0457,0.0001,0.9685,0.7962,0.1956,True,64,23
1064,1.0,0.05,prior,1,model,0.6188,0.0255,0.0453619855,-0.0014317331,0.1829,0.258,0.4039,0.0316,0.0536,0.0004,0.9692,0.8146,0.1975,True,75,27
1064,1.0,0.05,prior,2,model,0.6185,0.0319,0.0434253583,-0.0030108632,0.145,0.2597,0.3925,0.0275,0.0498,0.0001,0.9705,0.7864,0.1931,True,74,35
1064,1.0,0.05,prior,3,model,0.6198,0.0246,0.0454300175,-0.0018270098,0.2295,0.2442,0.4201,0.0685,0.0603,0.0005,0.9695,0.8392,0.2025,True,79,28
1064,1.0,0.05,prior,4,model,0.617,0.0251,0.0456248182,-0.0022402721,0.1587,0.2657,0.3838,0.037,0.0505,0.0028,0.9728,0.8323,0.1975,True,68,28
1064,1.0,0.05,prior,5,model,0.6202,0.0278,0.0456798145,-0.0008683415,0.1954,0.2007,0.3957,0.0644,0.0507,0.0001,0.9735,0.7841,0.2419,True,81,24
1064,1.0,0.05,prior,6,model,0.6188,0.0275,0.0442217858,-0.0026179694,0.2608,0.3061,0.4039,0.0837,0.0551,0.0002,0.9759,0.8172,0.2338,True,75,33
1064,1.0,0.05,prior,7,model,0.6168,0.0268,0.0447959373,-0.0021178806,0.1258,0.2962,0.4005,0.0332,0.0544,0.0015,0.9744,0.836,0.2162,True,67,29
1064,1.0,0.05,prior,8,model,0.619,0.0271,0.044749978,-0.0031979124,0.0955,0.3889,0.4003,0.0594,0.0545,0.0017,0.9728,0.8831,0.2494,True,76,36
1064,1.0,0.05,prior,9,model,0.6185,0.0307,0.0439933183,-0.0027782616,0.1751,0.2428,0.4056,0.0369,0.0546,0.0007,0.9717,0.8634,0.2169,True,74,35
1064,1.0,0.05,prior,10,model,0.6195,0.0303,0.0433998607,-0.0018459869,0.2316,0.2696,0.4106,0.0539,0.0557,0.0003,0.9729,0.7981,0.22,True,78,29
1064,1.0,0.05,prior,11,model,0.623,0.0317,0.0438181456,-0.0027763055,0.1573,0.2882,0.4065,0.0276,0.0542,0.0001,0.9691,0.8875,0.2662,True,92,38
1080,0.2,0.0,treatment,0,prior,0.6,0.1375,0.0085493933,0.0,0.042,0.1766,0.2181,0.0295,0.0255,0.0293,0.7981,0.9725,0.0,False,0,0
1080,0.2,0.0,treatment,1,model,0.6,0.0421,0.0391197459,0.0,0.2351,0.1271,0.3588,0.0887,0.0395,0.001,0.9939,0.889,0.3625,True,0,0
1080,0.2,0.0,treatment,2,model,0.6,0.0737,0.0270150425,0.0,0.0801,0.2461,0.3212,0.0328,0.0416,0.0118,0.981,0.5617,0.2081,True,0,0
1080,0.2,0.0,treatment,3,model,0.6,0.06,0.0336819551,0.0,0.163,0.2566,0.3469,0.0644,0.0424,0.0048,0.9886,0.9211,0.3638,True,0,0
1080,0.2,0.0,treatment,4,model,0.6,0.06,0.0332113602,0.0,0.1047,0.2383,0.3412,0.0398,0.0437,0.0062,0.9912,0.9201,0.3769,True,0,0
1080,0.2,0.0,treatment,5,model,0.6,0.0458,0.0367352453,0.0,0.2064,0.163,0.3694,0.0793,0.0452,0.0008,0.9955,0.9261,0.3663,True,0,0
1080,0.2,0.0,treatment,6,model,0.6,0.0629,0.0322163464,0.0,0.1451,0.183,0.3281,0.0665,0.0441,0.0101,0.965,0.8363,0.2013,True,0,0
1080,0.2,0.0,treatment,7,model,0.6,0.0433,0.0390335026,0.0,0.2423,0.0927,0.335,0.0974,0.0394,0.0069,0.9856,0.8827,0.2431,True,0,0
1080,0.2,0.0,treatment,8,model,0.6,0.0563,0.0334874132,0.0,0.1482,0.1774,0.3256,0.0639,0.0403,0.0081,0.9867,0.8658,0.2963,True,0,0
1080,0.2,0.0,treatment,9,model,0.6,0.0579,0.0335129695,0.0,0.1248,0.2559,0.3456,0.0474,0.0437,0.0036,0.9913,0.9247,0.2875,True,0,0
1080,0.2,0.0,treatment,10,model,0.6,0.055,0.0346112157,0.0,0.1937,0.1502,0.3406,0.0729,0.0426,0.0067,0.9942,0.917,0.37,True,0,0
1080,0.2,0.0,treatment,11,model,0.6,0.0638,0.0318583021,0.0,0.1904,0.1442,0.3331,0.0746,0.0398,0.0046,0.9801,0.8824,0.2494,True,0,0
1080,0.2,0.0,frozen,0,prior,0.6,0.1375,0.0085493933,0.0,0.042,0.1766,0.2181,0.0295,0.0255,0.0293,0.7981,0.9725,0.0,False,0,0
1080,0.2,0.0,frozen,1,model,0.6,0.0421,0.0391197459,0.0,0.0288,0.3339,0.3588,0.0204,0.0472,0.0034,0.9939,0.889,0.3625,True,0,0
1080,0.2,0.0,frozen,2,model,0.6,0.0437,0.0375216771,0.0,0.0333,0.335,0.3663,0.0253,0.0485,0.0025,0.9955,0.9055,0.4306,True,0,0
1080,0.2,0.0,frozen,3,model,0.6,0.0471,0.036581292,0.0,0.0466,0.3197,0.3663,0.0323,0.0469,0.0007,0.9953,0.9372,0.41,True,0,0
1080,0.2,0.0,frozen,4,model,0.6,0.0442,0.0383164648,0.0,0.0433,0.3289,0.365,0.027,0.0473,0.0008,0.9933,0.8744,0.3606,True,0,0
1080,0.2,0.0,frozen,5,model,0.6,0.0488,0.0360827833,0.0,0.0488,0.3209,0.365,0.0326,0.0511,0.002,0.994,0.8691,0.37,True,0,0
1080,0.2,0.0,frozen,6,model,0.6,0.0408,0.0391140292,0.0,0.031,0.3367,0.3613,0.0223,0.0498,0.0037,0.9956,0.927,0.4175,True,0,0
1080,0.2,0.0,frozen,7,model,0.6,0.0325,0.0416855426,0.0,0.0263,0.3358,0.3513,0.0141,0.0448,0.0051,0.9946,0.8981,0.3931,True,0,0
1080,0.2,0.0,frozen,8,model,0.6,0.0417,0.0383171671,0.0,0.0211,0.3285,0.3475,0.0177,0.0445,0.0056,0.995,0.9114,0.3987,True,0,0
1080,0.2,0.0,frozen,9,model,0.6,0.0454,0.0374963065,0.0,0.0312,0.3386,0.3644,0.0235,0.049,0.0064,0.9939,0.9212,0.395,True,0,0
1080,0.2,0.0,frozen,10,model,0.6,0.0462,0.0375707824,0.0,0.0392,0.3167,0.3538,0.029,0.0444,0.0015,0.9945,0.9107,0.3681,True,0,0
1080,0.2,0.0,frozen,11,model,0.6,0.0421,0.038303863,0.0,0.0416,0.3241,0.3656,0.0268,0.0484,0.003,0.9954,0.9131,0.39,True,0,0
1080,0.2,0.0,prior,0,prior,0.6,0.1375,0.0085493933,0.0,0.042,0.1766,0.2181,0.0295,0.0255,0.0293,0.7981,0.9725,0.0,False,0,0
1080,0.2,0.0,prior,1,model,0.6,0.1292,0.0124720559,0.0,0.0611,0.1919,0.2281,0.0255,0.0284,0.0305,0.8029,0.9745,0.0,False,0,0
1080,0.2,0.0,prior,2,model,0.6,0.1396,0.0069368975,0.0,0.0399,0.2001,0.2225,0.0187,0.0312,0.0364,0.7851,0.9785,0.0,False,0,0
1080,0.2,0.0,prior,3,model,0.6,0.1396,0.0088577564,0.0,0.0395,0.1942,0.2275,0.0191,0.0275,0.0264,0.7793,0.9735,0.0,False,0,0
1080,0.2,0.0,prior,4,model,0.6,0.1363,0.0100919023,0.0,0.0439,0.1856,0.2269,0.0303,0.0286,0.0311,0.7823,0.979,0.0,False,0,0
1080,0.2,0.0,prior,5,model,0.6,0.1458,0.0051224664,0.0,0.0444,0.1983,0.2194,0.0246,0.0281,0.0276,0.7935,0.9748,0.0,False,0,0
1080,0.2,0.0,prior,6,model,0.6,0.125,0.0120649989,0.0,0.0374,0.2004,0.235,0.0144,0.0305,0.0302,0.7922,0.9673,0.0,False,0,0
1080,0.2,0.0,prior,7,model,0.6,0.1254,0.0127424319,0.0,0.0363,0.1876,0.2119,0.0173,0.0255,0.033,0.7797,0.976,0.0,False,0,0
1080,0.2,0.0,prior,8,model,0.6,0.1175,0.0160705029,0.0,0.0654,0.1763,0.2338,0.0397,0.0331,0.0336,0.7841,0.9686,0.0,False,0,0
1080,0.2,0.0,prior,9,model,0.6,0.1421,0.0077237467,0.0,0.0377,0.1972,0.2194,0.0078,0.0286,0.0302,0.7927,0.9818,0.0,False,0,0
1080,0.2,0.0,prior,10,model,0.6,0.1338,0.0099027973,0.0,0.0392,0.1878,0.2225,0.0278,0.0249,0.029,0.7724,0.9777,0.0,False,0,0
1080,0.2,0.0,prior,11,model,0.6,0.1321,0.0103141595,0.0,0.057,0.19,0.2306,0.033,0.0261,0.029,0.7858,0.9775,0.0,False,0,0
1080,0.2,0.05,treatment,0,prior,0.6185,0.1374,0.0087809627,0.0002315694,0.0796,0.2072,0.2221,0.0439,0.0255,0.0298,0.7981,0.9725,0.0,False,74,10
1080,0.2,0.05,treatment,1,model,0.614,0.048,0.0380892591,-0.0010863011,0.088,0.273,0.3608,0.0435,0.0423,0.0025,0.9958,0.9192,0.4056,True,56,19
1080,0.2,0.05,treatment,2,model,0.6182,0.0772,0.027943463,-0.0009828128,0.1487,0.1926,0.3274,0.063,0.0437,0.0121,0.9669,0.7436,0.1187,True,73,17
1080,0.2,0.05,treatment,3,model,0.622,0.0736,0.0304743359,-0.0024847956,0.143,0.2659,0.3413,0.0526,0.039,0.0037,0.9866,0.8831,0.3187,True,88,34
1080,0.2,0.05,treatment,4,model,0.62,0.069,0.031885839,-0.0018098734,0.1774,0.1765,0.3414,0.0775,0.0402,0.0055,0.9894,0.8984,0.2669,True,80,26
1080,0.2,0.05,treatment,5,model,0.62,0.0649,0.0309085118,-0.0014282604,0.1442,0.2396,0.3553,0.0507,0.0485,0.0084,0.9813,0.8445,0.2431,True,80,23
1080,0.2,0.05,treatment,6,model,0.619,0.0687,0.0309096955,-0.0019868979,0.0535,0.2905,0.332,0.0182,0.0419,0.0068,0.9772,0.6994,0.2081,True,76,27
1080,0.2,0.05,treatment,7,model,0.6232,0.0582,0.0357160462,-0.001658725,0.0992,0.2651,0.3285,0.0324,0.0398,0.0082,0.9893,0.9008,0.2856,True,93,29
1080,0.2,0.05,treatment,8,model,0.6182,0.0558,0.0354040714,-0.0001420828,0.1241,0.222,0.3392,0.0338,0.0381,0.0036,0.9903,0.9072,0.3081,True,73,14
1080,0.2,0.05,treatment,9,model,0.619,0.0884,0.0241166913,-0.0015244216,0.1067,0.2936,0.3104,0.0506,0.0419,0.0149,0.9795,0.9032,0.125,True,76,25
1080,0.2,0.05,treatment,10,model,0.6208,0.0673,0.0317820043,-0.0030018409,0.132,0.3227,0.3362,0.0522,0.0384,0.0042,0.9881,0.8899,0.2969,True,83,33
1080,0.2,0.05,treatment,11,model,0.619,0.0775,0.0286038395,-0.0023224266,0.1038,0.2984,0.3241,0.0292,0.0408,0.0099,0.9812,0.8146,0.2775,True,76,32
1080,0.2,0.05,frozen,0,prior,0.6,0.1375,0.0085493933,0.0,0.042,0.1766,0.2181,0.0295,0.0255,0.0293,0.7981,0.9725,0.0,False,0,0
1080,0.2,0.05,frozen,1,model,0.616,0.0495,0.0379490715,-0.0011706744,0.0299,0.3345,0.36,0.0204,0.0503,0.0038,0.9939,0.889,0.3625,True,64,21
1080,0.2,0.05,frozen,2,model,0.618,0.0506,0.036250872,-0.0012708052,0.0362,0.3342,0.3704,0.0253,0.0494,0.0023,0.9955,0.9055,0.4306,True,72,20
1080,0.2,0.05,frozen,3,model,0.621,0.058,0.0345469276,-0.0020343644,0.0459,0.3202,0.3661,0.0323,0.0466,0.0006,0.9953,0.9372,0.41,True,84,31
1080,0.2,0.05,frozen,4,model,0.6205,0.0548,0.0363672963,-0.0019491685,0.045,0.3281,0.365,0.027,0.0469,0.0006,0.9933,0.8744,0.3606,True,82,30
1080,0.2,0.05,frozen,5,model,0.6188,0.0586,0.0339810585,-0.0021017248,0.047,0.3212,0.3646,0.0326,0.0508,0.0023,0.994,0.8691,0.37,True,75,28
1080,0.2,0.05,frozen,6,model,0.621,0.0519,0.0367877545,-0.0023262747,0.0297,0.3382,0.3608,0.0223,0.0479,0.0041,0.9956,0.927,0.4175,True,84,31
1080,0.2,0.05,frozen,7,model,0.6218,0.0442,0.0396656475,-0.0020198951,0.0274,0.3364,0.3503,0.0141,0.0444,0.0051,0.9946,0.8981,0.3931,True,87,32
1080,0.2,0.05,frozen,8,model,0.6145,0.0464,0.0379439982,-0.0003731689,0.025,0.3287,0.3515,0.0177,0.046,0.0052,0.995,0.9114,0.3987,True,58,14
1080,0.2,0.05,frozen,9,model,0.619,0.0549,0.0356547637,-0.0018415428,0.0311,0.3395,0.3648,0.0235,0.0491,0.006,0.9939,0.9212,0.395,True,76,27
1080,0.2,0.05,frozen,10,model,0.6232,0.0594,0.0340435669,-0.0035272155,0.0368,0.3168,0.351,0.029,0.0436,0.0019,0.9945,0.9107,0.3681,True,93,37
1080,0.2,0.05,frozen,11,model,0.6172,0.0543,0.0357817819,-0.0025220811,0.0395,0.3211,0.3605,0.0268,0.0469,0.0025,0.9954,0.9131,0.39,True,69,33
1080,0.2,0.05,prior,0,prior,0.6185,0.1374,0.0087809627,0.0002315694,0.0796,0.2072,0.2221,0.0439,0.0255,0.0298,0.7981,0.9725,0.0,False,74,10
1080,0.2,0.05,prior,1,model,0.6182,0.1298,0.0128764766,0.0004044208,0.0641,0.1887,0.2318,0.0136,0.027,0.0253,0.8029,0.9745,0.0,False,73,11
1080,0.2,0.05,prior,2,model,0.619,0.1414,0.006331911,-0.0006049865,0.0353,0.2192,0.2238,0.0356,0.0285,0.031,0.7851,0.9785,0.0,False,76,15
1080,0.2,0.05,prior,3,model,0.6238,0.1423,0.0083547881,-0.0005029682,0.0463,0.2636,0.2286,0.0507,0.0256,0.0242,0.7793,0.9735,0.0,False,95,20
1080,0.2,0.05,prior,4,model,0.6222,0.1394,0.009590703,-0.0005011993,0.0564,0.174,0.227,0.0295,0.0287,0.032,0.7823,0.979,0.0,False,89,20
1080,0.2,0.05,prior,5,model,0.6192,0.1474,0.0050945993,-2.78671e-05,0.0769,0.2142,0.2206,0.0294,0.0276,0.0283,0.7935,0.9748,0.0,False,77,15
1080,0.2,0.05,prior,6,model,0.6178,0.1291,0.0109968196,-0.0010681793,0.059,0.2471,0.2335,0.0572,0.0318,0.0325,0.7922,0.9673,0.0,False,71,19
1080,0.2,0.05,prior,7,model,0.6212,0.1272,0.012876993,0.0001345611,0.0618,0.156,0.2139,0.0391,0.0237,0.0279,0.7797,0.976,0.0,False,85,15
1080,0.2,0.05,prior,8,model,0.6202,0.1177,0.0165322874,0.0004617845,0.062,0.2203,0.2396,0.0559,0.0305,0.028,0.7841,0.9686,0.0,False,81,10
1080,0.2,0.05,prior,9,model,0.6195,0.1437,0.0074539927,-0.000269754,0.0649,0.1779,0.2208,0.0328,0.0281,0.0309,0.7927,0.9818,0.0,False,78,15
1080,0.2,0.05,prior,10,model,0.622,0.1383,0.0084300019,-0.0014727954,0.0611,0.2691,0.2202,0.0587,0.0253,0.0276,0.7724,0.9777,0.0,False,88,23
1080,0.2,0.05,prior,11,model,0.6208,0.1365,0.0095371324,-0.0007770271,0.0773,0.1518,0.2287,0.0429,0.0273,0.0269,0.7858,0.9775,0.0,False,83,22
1080,0.4,0.0,treatment,0,prior,0.6,0.0867,0.0247853271,0.0,0.1134,0.1892,0.2944,0.0437,0.0395,0.0184,0.826,0.9012,0.0,False,0,0
1080,0.4,0.0,treatment,1,model,0.6,0.045,0.0380254868,0.0,0.2378,0.1166,0.3544,0.0952,0.0424,0.0034,0.9915,0.9015,0.3375,True,0,0
1080,0.4,0.0,treatment,2,model,0.6,0.0521,0.0347839523,0.0,0.1616,0.1938,0.3538,0.0622,0.044,0.0043,0.9897,0.8926,0.32,True,0,0
1080,0.4,0.0,treatment,3,model,0.6,0.0646,0.031410624,0.0,0.091,0.2515,0.34,0.0371,0.0431,0.0062,0.9916,0.8917,0.2662,True,0,0
1080,0.4,0.0,treatment,4,model,0.6,0.0512,0.0360475189,0.0,0.1972,0.2783,0.3544,0.0646,0.0426,0.0038,0.9919,0.8556,0.3663,True,0,0
1080,0.4,0.0,treatment,5,model,0.6,0.0575,0.0325236217,0.0,0.1658,0.1864,0.3519,0.0652,0.0452,0.0053,0.9944,0.947,0.2894,True,0,0
1080,0.4,0.0,treatment,6,model,0.6,0.0596,0.0334135269,0.0,0.1396,0.2882,0.3331,0.0423,0.0418,0.0071,0.9755,0.83,0.2844,True,0,0
1080,0.4,0.0,treatment,7,model,0.6,0.0508,0.0365332094,0.0,0.1673,0.1795,0.3237,0.0635,0.0405,0.0075,0.9829,0.9067,0.2094,True,0,0
1080,0.4,0.0,treatment,8,model,0.6,0.0479,0.0359294622,0.0,0.1699,0.1761,0.3381,0.063,0.0413,0.007,0.99,0.8854,0.3675,True,0,0
1080,0.4,0.0,treatment,9,model,0.6,0.0554,0.0337127954,0.0,0.1482,0.2436,0.3494,0.0542,0.0456,0.0049,0.9771,0.8685,0.2169,True,0,0
1080,0.4,0.0,treatment,10,model,0.6,0.0712,0.0302653072,0.0,0.0902,0.226,0.3162,0.0354,0.0376,0.0104,0.9604,0.7449,0.1187,True,0,0
1080,0.4,0.0,treatment,11,model,0.6,0.0521,0.0346176245,0.0,0.1638,0.2068,0.3506,0.0503,0.0415,0.0017,0.9901,0.8781,0.3125,True,0,0
1080,0.4,0.0,frozen,0,prior,0.6,0.0867,0.0247853271,0.0,0.1134,0.1892,0.2944,0.0437,0.0395,0.0184,0.826,0.9012,0.0,False,0,0
1080,0.4,0.0,frozen,1,model,0.6,0.045,0.0380254868,0.0,0.0877,0.2892,0.3544,0.0488,0.0472,0.0056,0.9915,0.9015,0.3375,True,0,0
1080,0.4,0.0,frozen,2,model,0.6,0.0429,0.0377802245,0.0,0.1106,0.2808,0.3675,0.0576,0.0473,0.0016,0.9909,0.8725,0.3412,True,0,0
1080,0.4,0.0,frozen,3,model,0.6,0.0567,0.0340750622,0.0,0.1004,0.2738,0.3519,0.0615,0.0451,0.0017,0.989,0.8694,0.3175,True,0,0
1080,0.4,0.0,frozen,4,model,0.6,0.0471,0.03744978,0.0,0.104,0.2797,0.3606,0.0561,0.0449,0.0037,0.9898,0.8932,0.3019,True,0,0
1080,0.4,0.0,frozen,5,model,0.6,0.0483,0.0362580168,0.0,0.1016,0.2802,0.3656,0.0568,0.049,0.0006,0.9886,0.839,0.3075,True,0,0
1080,0.4,0.0,frozen,6,model,0.6,0.0483,0.0375070272,0.0,0.0936,0.2829,0.35,0.0542,0.0446,0.0027,0.9915,0.8535,0.36,True,0,0
1080,0.4,0.0,frozen,7,model,0.6,0.035,0.0412929168,0.0,0.0878,0.2917,0.3475,0.0433,0.046,0.0062,0.9907,0.8788,0.345,True,0,0
1080,0.4,0.0,frozen,8,model,0.6,0.0425,0.037953915,0.0,0.0869,0.2803,0.3463,0.0474,0.0426,0.0017,0.9887,0.8754,0.3175,True,0,0
1080,0.4,0.0,frozen,9,model,0.6,0.0492,0.0367477257,0.0,0.0878,0.2912,0.3588,0.0507,0.048,0.0026,0.9879,0.898,0.3038,True,0,0
1080,0.4,0.0,frozen,10,model,0.6,0.0583,0.0341474316,0.0,0.0832,0.2708,0.3356,0.0559,0.0394,0.0057,0.9889,0.8925,0.2888,True,0,0
1080,0.4,0.0,frozen,11,model,0.6,0.0508,0.0364871629,0.0,0.0958,0.2713,0.3525,0.0564,0.0462,0.0053,0.989,0.8453,0.3038,True,0,0
1080,0.4,0.0,prior,0,prior,0.6,0.0867,0.0247853271,0.0,0.1134,0.1892,0.2944,0.0437,0.0395,0.0184,0.826,0.9012,0.0,False,0,0
1080,0.4,0.0,prior,1,model,0.6,0.0788,0.0288928749,0.0,0.1146,0.1948,0.3038,0.0367,0.0412,0.0114,0.8382,0.9005,0.0006,False,0,0
1080,0.4,0.0,prior,2,model,0.6,0.0892,0.0225664675,0.0,0.0969,0.2153,0.2981,0.0337,0.0421,0.0192,0.822,0.92,0.0019,False,0,0
1080,0.4,0.0,prior,3,model,0.6,0.0908,0.0239072054,0.0,0.1036,0.1974,0.3006,0.0354,0.04,0.0152,0.8207,0.9133,0.0025,False,0,0
1080,0.4,0.0,prior,4,model,0.6,0.0954,0.022482137,0.0,0.0867,0.2045,0.2881,0.0374,0.0378,0.019,0.8219,0.9222,0.0019,False,0,0
1080,0.4,0.0,prior,5,model,0.6,0.0917,0.0221418022,0.0,0.1158,0.195,0.3006,0.0454,0.0401,0.0152,0.8287,0.9141,0.0019,False,0,0
1080,0.4,0.0,prior,6,model,0.6,0.0838,0.0255781265,0.0,0.0926,0.2149,0.2969,0.0342,0.0419,0.0162,0.836,0.8972,0.0037,False,0,0
1080,0.4,0.0,prior,7,model,0.6,0.08,0.027257337,0.0,0.0981,0.1837,0.28,0.0492,0.0379,0.0208,0.8276,0.8971,0.0019,False,0,0
1080,0.4,0.0,prior,8,model,0.6,0.0767,0.0287312291,0.0,0.1201,0.1812,0.295,0.0458,0.0381,0.0164,0.8377,0.9123,0.0069,False,0,0
1080,0.4,0.0,prior,9,model,0.6,0.0879,0.0246562207,0.0,0.1034,0.1972,0.3006,0.0387,0.0426,0.0168,0.8191,0.9279,0.0031,False,0,0
1080,0.4,0.0,prior,10,model,0.6,0.0862,0.0249654365,0.0,0.1087,0.1851,0.2938,0.0384,0.0401,0.0164,0.8259,0.919,0.0006,False,0,0
1080,0.4,0.0,prior,11,model,0.6,0.0854,0.0255785881,0.0,0.091,0.2117,0.3006,0.0346,0.0402,0.0176,0.8207,0.9113,0.0044,False,0,0
1080,0.4,0.05,treatment,0,prior,0.6188,0.0929,0.0235533079,-0.0012320191,0.0819,0.2203,0.2944,0.044,0.0395,0.0175,0.826,0.9012,0.0,False,75,22
1080,0.4,0.05,treatment,1,model,0.615,0.0533,0.0367887854,-0.0009155479,0.173,0.2523,0.3532,0.0511,0.0402,0.0025,0.9798,0.8738,0.2781,True,60,18
1080,0.4,0.05,treatment,2,model,0.6178,0.0886,0.0229046545,-0.0002989002,0.1096,0.2719,0.3087,0.0363,0.0421,0.0161,0.91,0.845,0.0175,True,71,14
1080,0.4,0.05,treatment,3,model,0.6225,0.0711,0.0305975942,-0.002160039,0.1254,0.3899,0.3457,0.0505,0.0416,0.0011,0.9929,0.8733,0.3387,True,90,32
1080,0.4,0.05,treatment,4,model,0.621,0.0644,0.0326562638,-0.0019876132,0.1493,0.2812,0.3496,0.0531,0.0433,0.0039,0.9898,0.9256,0.21,True,84,29
1080,0.4,0.05,treatment,5,model,0.621,0.0624,0.0328990286,-0.001869432,0.1296,0.2722,0.3602,0.0477,0.0465,0.0037,0.9893,0.936,0.2838,True,84,27
1080,0.4,0.05,treatment,6,model,0.6218,0.0607,0.0341345941,-0.0019612373,0.0813,0.3236,0.347,0.0295,0.0411,0.0031,0.9923,0.9042,0.3325,True,87,30
1080,0.4,0.05,treatment,7,model,0.623,0.0678,0.0324221888,-0.0014728386,0.1189,0.2003,0.3123,0.0503,0.0389,0.0119,0.9695,0.8962,0.1837,True,92,27
1080,0.4,0.05,treatment,8,model,0.6178,0.0567,0.0343315327,0.0002585342,0.1872,0.1672,0.3375,0.0611,0.0398,0.0028,0.9788,0.6955,0.2013,True,71,11
1080,0.4,0.05,treatment,9,model,0.619,0.08,0.0267021916,-0.001055598,0.0851,0.2632,0.3241,0.0354,0.0451,0.013,0.9558,0.8943,0.1581,True,76,21
1080,0.4,0.05,treatment,10,model,0.6245,0.0693,0.0308078757,-0.0027118338,0.0613,0.3211,0.3356,0.0318,0.0427,0.0062,0.9865,0.8871,0.295,True,98,34
1080,0.4,0.05,treatment,11,model,0.6172,0.0717,0.0303190392,-0.0020690597,0.1058,0.2455,0.3325,0.0382,0.0435,0.0108,0.9894,0.8855,0.2731,True,69,28
1080,0.4,0.05,frozen,0,prior,0.6,0.0867,0.0247853271,0.0,0.1134,0.1892,0.2944,0.0437,0.0395,0.0184,0.826,0.9012,0.0,False,0,0
1080,0.4,0.05,frozen,1,model,0.6155,0.0516,0.0371013319,-0.0009241548,0.0875,0.2902,0.3563,0.0488,0.0475,0.0052,0.9915,0.9015,0.3375,True,62,19
1080,0.4,0.05,frozen,2,model,0.619,0.0497,0.0365877251,-0.0011924995,0.1154,0.2793,0.3727,0.0576,0.0489,0.0011,0.9909,0.8725,0.3412,True,76,20
1080,0.4,0.05,frozen,3,model,0.6218,0.0671,0.03213562,-0.0019394422,0.1001,0.2751,0.3516,0.0615,0.0452,0.0023,0.989,0.8694,0.3175,True,87,31
1080,0.4,0.05,frozen,4,model,0.619,0.0578,0.0353231373,-0.0021266427,0.1045,0.2787,0.3589,0.0561,0.044,0.0034,0.9898,0.8932,0.3019,True,76,30
1080,0.4,0.05,frozen,5,model,0.6198,0.0569,0.0346754144,-0.0015826023,0.1038,0.2813,0.3682,0.0568,0.0483,0.0004,0.9886,0.839,0.3075,True,79,25
1080,0.4,0.05,frozen,6,model,0.6202,0.0584,0.0353245992,-0.0021824279,0.0937,0.2838,0.3496,0.0542,0.0448,0.0029,0.9915,0.8535,0.36,True,81,29
1080,0.4,0.05,frozen,7,model,0.6205,0.0467,0.0390081103,-0.0022848065,0.0865,0.2911,0.3452,0.0433,0.0456,0.0064,0.9907,0.8788,0.345,True,82,32
1080,0.4,0.05,frozen,8,model,0.6165,0.047,0.0377867358,-0.0001671791,0.0895,0.2808,0.352,0.0474,0.0442,0.0011,0.9887,0.8754,0.3175,True,66,14
1080,0.4,0.05,frozen,9,model,0.62,0.0593,0.0347026562,-0.0020450695,0.0864,0.2927,0.3586,0.0507,0.0476,0.0025,0.9879,0.898,0.3038,True,80,29
1080,0.4,0.05,frozen,10,model,0.6248,0.0704,0.0310149243,-0.0031325073,0.0819,0.2717,0.3338,0.0559,0.0388,0.0051,0.9889,0.8925,0.2888,True,99,36
1080,0.4,0.05,frozen,11,model,0.6185,0.0627,0.0339193155,-0.0025678474,0.0943,0.2667,0.348,0.0564,0.0446,0.0049,0.989,0.8453,0.3038,True,74,33
1080,0.4,0.05,prior,0,prior,0.6188,0.0929,0.0235533079,-0.0012320191,0.0819,0.2203,0.2944,0.044,0.0395,0.0175,0.826,0.9012,0.0,False,75,22
1080,0.4,0.05,prior,1,model,0.6172,0.0834,0.0284191004,-0.0004737745,0.1261,0.1907,0.3063,0.0481,0.0408,0.0111,0.8382,0.9005,0.0006,False,69,17
1080,0.4,0.05,prior,2,model,0.6192,0.0941,0.0212457188,-0.0013207487,0.0534,0.282,0.3007,0.0237,0.0425,0.0191,0.822,0.92,0.0019,False,77,19
1080,0.4,0.05,prior,3,model,0.6232,0.1007,0.0217547457,-0.0021524597,0.0868,0.2435,0.2973,0.0214,0.0344,0.0129,0.8207,0.9133,0.0025,False,93,33
1080,0.4,0.05,prior,4,model,0.6215,0.1018,0.0212598085,-0.0012223285,0.0647,0.2252,0.2886,0.0164,0.0366,0.0191,0.8219,0.9222,0.0019,False,86,24
1080,0.4,0.05,prior,5,model,0.6195,0.0977,0.021082714,-0.0010590882,0.0949,0.2427,0.3016,0.0293,0.0413,0.017,0.8287,0.9141,0.0019,False,78,22
1080,0.4,0.05,prior,6,model,0.6195,0.0912,0.0238908482,-0.0016872783,0.0666,0.3047,0.2957,0.0497,0.0386,0.0181,0.836,0.8972,0.0037,False,78,25
1080,0.4,0.05,prior,7,model,0.6215,0.0869,0.0263195485,-0.0009377885,0.0994,0.2188,0.2801,0.0298,0.0367,0.0194,0.8276,0.8971,0.0019,False,86,24
1080,0.4,0.05,prior,8,model,0.619,0.0796,0.0285188202,-0.0002124089,0.1155,0.1894,0.3012,0.0486,0.0372,0.0161,0.8377,0.9123,0.0069,False,76,13
1080,0.4,0.05,prior,9,model,0.62,0.094,0.0237406692,-0.0009155515,0.1538,0.1784,0.302,0.0731,0.042,0.0177,0.8191,0.9279,0.0031,False,80,22
1080,0.4,0.05,prior,10,model,0.6228,0.0943,0.0228723773,-0.0020930592,0.124,0.1879,0.2929,0.0459,0.0362,0.0157,0.8259,0.919,0.0006,False,91,28
1080,0.4,0.05,prior,11,model,0.6218,0.0937,0.0242193261,-0.001359262,0.0936,0.2631,0.2994,0.0426,0.0367,0.0157,0.8207,0.9113,0.0044,False,87,28
1080,1.0,0.0,treatment,0,prior,0.6,0.0171,0.0461193689,0.0,0.3691,0.0297,0.3987,0.1485,0.0503,0.0002,0.9694,0.7794,0.1737,True,0,0
1080,1.0,0.0,treatment,1,model,0.6,0.0933,0.0238022164,0.0,0.068,0.2227,0.2819,0.0311,0.038,0.02,0.9669,0.9042,0.0844,True,0,0
1080,1.0,0.0,treatment,2,model,0.6,0.0425,0.0380910777,0.0,0.1694,0.1988,0.3681,0.0633,0.0458,0.002,0.9927,0.9198,0.405,True,0,0
1080,1.0,0.0,treatment,3,model,0.6,0.0696,0.030615752,0.0,0.1225,0.21,0.3325,0.0439,0.0399,0.0068,0.9833,0.8942,0.2575,True,0,0
1080,1.0,0.0,treatment,4,model,0.6,0.0604,0.0323840053,0.0,0.1486,0.192,0.3406,0.0591,0.0414,0.0075,0.9874,0.8853,0.2787,True,0,0
1080,1.0,0.0,treatment,5,model,0.6,0.0471,0.0367856613,0.0,0.1454,0.2589,0.3675,0.0492,0.047,0.0024,0.9952,0.9299,0.4256,True,0,0
1080,1.0,0.0,treatment,6,model,0.6,0.0596,0.0331142482,0.0,0.1023,0.2308,0.3331,0.0375,0.04,0.0048,0.9794,0.8461,0.1875,True,0,0
1080,1.0,0.0,treatment,7,model,0.6,0.0496,0.0361092573,0.0,0.1459,0.2182,0.3256,0.0535,0.0402,0.0073,0.9855,0.8016,0.2544,True,0,0
1080,1.0,0.0,treatment,8,model,0.6,0.0421,0.037483706,0.0,0.2188,0.128,0.3469,0.0881,0.0406,0.0043,0.9954,0.9371,0.3787,True,0,0
1080,1.0,0.0,treatment,9,model,0.6,0.0642,0.0318391609,0.0,0.1152,0.2287,0.3362,0.0409,0.0444,0.0089,0.9835,0.9135,0.2362,True,0,0
1080,1.0,0.0,treatment,10,model,0.6,0.05,0.0363384786,0.0,0.2349,0.1132,0.3481,0.0904,0.0411,0.0009,0.9921,0.8966,0.3194,True,0,0
1080,1.0,0.0,treatment,11,model,0.6,0.0737,0.0281216694,0.0,0.1189,0.202,0.3181,0.0504,0.0413,0.0114,0.9792,0.9073,0.185,True,0,0
1080,1.0,0.0,frozen,0,prior,0.6,0.0171,0.0461193689,0.0,0.3691,0.0297,0.3987,0.1485,0.0503,0.0002,0.9694,0.7794,0.1737,True,0,0
1080,1.0,0.0,frozen,1,model,0.6,0.0933,0.0238022164,0.0,0.2459,0.036,0.2819,0.1471,0.0185,0.0021,0.9669,0.9042,0.0844,True,0,0
1080,1.0,0.0,frozen,2,model,0.6,0.0992,0.0204292693,0.0,0.2474,0.0357,0.2831,0.1515,0.0175,0.0022,0.9664,0.8909,0.0612,True,0,0
1080,1.0,0.0,frozen,3,model,0.6,0.0967,0.0220672785,0.0,0.2558,0.0361,0.2919,0.1533,0.0193,0.0,0.968,0.9018,0.0631,True,0,0
1080,1.0,0.0,frozen,4,model,0.6,0.1004,0.0219392347,0.0,0.2441,0.0366,0.2806,0.1508,0.0193,0.0042,0.9737,0.9089,0.1094,True,0,0
1080,1.0,0.0,frozen,5,model,0.6,0.0963,0.0218380078,0.0,0.2578,0.0359,0.2938,0.1539,0.0224,0.0017,0.9677,0.9021,0.0956,True,0,0
1080,1.0,0.0,frozen,6,model,0.6,0.0938,0.0240792874,0.0,0.2458,0.036,0.2819,0.1477,0.0191,0.0012,0.968,0.9064,0.0887,True,0,0
1080,1.0,0.0,frozen,7,model,0.6,0.0883,0.0254001541,0.0,0.2312,0.0363,0.2675,0.1382,0.0136,0.002,0.9737,0.91,0.0906,True,0,0
1080,1.0,0.0,frozen,8,model,0.6,0.0875,0.0256322453,0.0,0.2426,0.0361,0.2787,0.1423,0.0183,0.0025,0.9714,0.8993,0.0825,True,0,0
1080,1.0,0.0,frozen,9,model,0.6,0.0971,0.0216552229,0.0,0.2504,0.0364,0.2869,0.1512,0.0193,0.0023,0.9717,0.9096,0.0875,True,0,0
1080,1.0,0.0,frozen,10,model,0.6,0.0942,0.0249051944,0.0,0.2458,0.0361,0.2819,0.1478,0.0191,0.0034,0.9659,0.9048,0.0819,True,0,0
1080,1.0,0.0,frozen,11,model,0.6,0.1021,0.0217628645,0.0,0.2401,0.0355,0.2756,0.1504,0.0183,0.0008,0.9656,0.8946,0.0744,True,0,0
1080,1.0,0.0,prior,0,prior,0.6,0.0171,0.0461193689,0.0,0.3691,0.0297,0.3987,0.1485,0.0503,0.0002,0.9694,0.7794,0.1737,True,0,0
1080,1.0,0.0,prior,1,model,0.6,0.0175,0.0463081073,0.0,0.3688,0.0268,0.3956,0.1474,0.049,0.0002,0.9733,0.8368,0.2219,True,0,0
1080,1.0,0.0,prior,2,model,0.6,0.0138,0.0473225821,0.0,0.3905,0.0208,0.4113,0.1561,0.0539,0.0003,0.9751,0.7635,0.25,True,0,0
1080,1.0,0.0,prior,3,model,0.6,0.0221,0.0445650906,0.0,0.3761,0.0277,0.4037,0.1507,0.0514,0.0002,0.9703,0.8347,0.1981,True,0,0
1080,1.0,0.0,prior,4,model,0.6,0.0088,0.0488308826,0.0,0.406,0.0121,0.4181,0.1626,0.0563,0.0,0.9724,0.8026,0.1888,True,0,0
1080,1.0,0.0,prior,5,model,0.6,0.0167,0.0466887971,0.0,0.3886,0.0245,0.4131,0.1556,0.055,0.0002,0.972,0.7699,0.1975,True,0,0
1080,1.0,0.0,prior,6,model,0.6,0.0133,0.0472397938,0.0,0.3805,0.0257,0.4025,0.1481,0.0512,0.0001,0.9736,0.7454,0.2344,True,0,0
1080,1.0,0.0,prior,7,model,0.6,0.0121,0.0478560029,0.0,0.3669,0.015,0.3819,0.1467,0.0442,0.0001,0.9752,0.7694,0.2306,True,0,0
1080,1.0,0.0,prior,8,model,0.6,0.0154,0.0469627079,0.0,0.3611,0.0258,0.3869,0.1449,0.0474,0.0002,0.9741,0.8296,0.2263,True,0,0
1080,1.0,0.0,prior,9,model,0.6,0.0154,0.0468976373,0.0,0.3848,0.0246,0.4094,0.1544,0.0541,0.0003,0.9732,0.8349,0.2069,True,0,0
1080,1.0,0.0,prior,10,model,0.6,0.0179,0.0461637429,0.0,0.3663,0.0299,0.3962,0.1466,0.0494,0.0001,0.973,0.851,0.2194,True,0,0
1080,1.0,0.0,prior,11,model,0.6,0.0175,0.0462491764,0.0,0.3749,0.0276,0.4025,0.1497,0.0516,0.0001,0.9679,0.8447,0.2131,True,0,0
1080,1.0,0.05,treatment,0,prior,0.6205,0.0282,0.04427573,-0.0018436389,0.2233,0.3147,0.4012,0.074,0.0535,0.0012,0.9694,0.7794,0.1737,True,82,29
1080,1.0,0.05,treatment,1,model,0.6155,0.0695,0.0315260988,-0.0007211029,0.1081,0.2248,0.3277,0.033,0.0406,0.0097,0.9814,0.858,0.2125,True,62,17
1080,1.0,0.05,treatment,2,model,0.617,0.0636,0.0327063226,-0.0013725489,0.1587,0.2232,0.3486,0.0586,0.0437,0.0029,0.9879,0.8378,0.2581,True,68,19
1080,1.0,0.05,treatment,3,model,0.6242,0.0813,0.0283625229,-0.0014811998,0.1011,0.2342,0.33,0.0385,0.0412,0.0043,0.9586,0.8966,0.1919,True,97,29
1080,1.0,0.05,treatment,4,model,0.6192,0.061,0.0343323999,-0.0018523993,0.1091,0.2516,0.3539,0.0307,0.0444,0.0048,0.993,0.9289,0.3581,True,77,27
1080,1.0,0.05,treatment,5,model,0.621,0.0705,0.0301403743,-0.0019221351,0.0989,0.2834,0.347,0.0275,0.045,0.0063,0.9843,0.8976,0.2637,True,84,28
1080,1.0,0.05,treatment,6,model,0.6205,0.0717,0.0304121966,-0.0020670584,0.1083,0.2608,0.3281,0.0349,0.0366,0.006,0.9856,0.8569,0.2975,True,82,29
1080,1.0,0.05,treatment,7,model,0.6208,0.0681,0.0323112208,-0.0020390557,0.0622,0.3162,0.3105,0.0371,0.0362,0.0075,0.9821,0.8166,0.2687,True,83,30
1080,1.0,0.05,treatment,8,model,0.615,0.0557,0.035218185,-0.0004927509,0.2248,0.1122,0.337,0.0858,0.0371,0.0024,0.9922,0.9146,0.3281,True,60,14
1080,1.0,0.05,treatment,9,model,0.6188,0.0982,0.0207472003,-0.0010211226,0.0504,0.3019,0.2944,0.0269,0.0413,0.0209,0.9153,0.8795,0.075,True,75,20
1080,1.0,0.05,treatment,10,model,0.6208,0.0636,0.0328232381,-0.0026392636,0.1378,0.3747,0.3421,0.0403,0.0415,0.0056,0.9929,0.9052,0.3406,True,83,30
1080,1.0,0.05,treatment,11,model,0.6188,0.08,0.0277060414,-0.0022528786,0.1401,0.314,0.32,0.053,0.037,0.0098,0.9699,0.8625,0.2281,True,75,31
1080,1.0,0.05,frozen,0,prior,0.6,0.0171,0.0461193689,0.0,0.3691,0.0297,0.3987,0.1485,0.0503,0.0002,0.9694,0.7794,0.1737,True,0,0
1080,1.0,0.05,frozen,1,model,0.615,0.0976,0.0232368503,-0.0005653661,0.2464,0.036,0.2825,0.1471,0.0186,0.0018,0.9669,0.9042,0.0844,True,60,16
1080,1.0,0.05,frozen,2,model,0.6172,0.1025,0.0198457623,-0.000583507,0.2505,0.0356,0.2861,0.1515,0.0184,0.002,0.9664,0.8909,0.0612,True,69,15
1080,1.0,0.05,frozen,3,model,0.6218,0.1033,0.0206874626,-0.0013798159,0.2561,0.0361,0.2921,0.1533,0.0194,0.0,0.968,0.9018,0.0631,True,87,25
1080,1.0,0.05,frozen,4,model,0.6205,0.1064,0.0209176312,-0.0010216035,0.2441,0.0365,0.2806,0.1508,0.0191,0.004,0.9737,0.9089,0.1094,True,82,23
1080,1.0,0.05,frozen,5,model,0.6208,0.1015,0.0206491145,-0.0011888934,0.26,0.0359,0.296,0.1539,0.023,0.0015,0.9677,0.9021,0.0956,True,83,21
1080,1.0,0.05,frozen,6,model,0.6225,0.1,0.0228151752,-0.0012641121,0.2467,0.036,0.2828,0.1477,0.0195,0.0012,0.968,0.9064,0.0887,True,90,24
1080,1.0,0.05,frozen,7,model,0.6198,0.0944,0.0242846272,-0.0011155269,0.2306,0.0364,0.2669,0.1382,0.0134,0.0021,0.9737,0.91,0.0906,True,79,22
1080,1.0,0.05,frozen,8,model,0.6158,0.0897,0.0252873541,-0.0003448911,0.247,0.0361,0.283,0.1423,0.0195,0.0027,0.9714,0.8993,0.0825,True,63,11
1080,1.0,0.05,frozen,9,model,0.6215,0.1034,0.0204546743,-0.0012005486,0.2508,0.0365,0.2873,0.1512,0.0193,0.0023,0.9717,0.9096,0.0875,True,86,24
1080,1.0,0.05,frozen,10,model,0.6225,0.1012,0.0228736972,-0.0020314972,0.2454,0.0361,0.2815,0.1478,0.0189,0.0031,0.9659,0.9048,0.0819,True,90,26
1080,1.0,0.05,frozen,11,model,0.6208,0.1091,0.0202618063,-0.0015010582,0.238,0.0356,0.2736,0.1504,0.0176,0.0011,0.9656,0.8946,0.0744,True,83,26
1080,1.0,0.05,prior,0,prior,0.6205,0.0282,0.04427573,-0.0018436389,0.2233,0.3147,0.4012,0.074,0.0535,0.0012,0.9694,0.7794,0.1737,True,82,29
1080,1.0,0.05,prior,1,model,0.6158,0.0252,0.0452463807,-0.0010617266,0.2749,0.1285,0.3988,0.1013,0.0526,0.0001,0.9733,0.8368,0.2219,True,63,20
1080,1.0,0.05,prior,2,model,0.616,0.0219,0.0457076627,-0.0016149194,0.2372,0.2511,0.4147,0.0607,0.0568,0.0004,0.9751,0.7635,0.25,True,64,21
1080,1.0,0.05,prior,3,model,0.6228,0.0357,0.0419852889,-0.0025798017,0.1748,0.3182,0.4042,0.0549,0.0543,0.0001,0.9703,0.8347,0.1981,True,91,36
1080,1.0,0.05,prior,4,model,0.6198,0.0214,0.046378756,-0.0024521267,0.2083,0.288,0.4188,0.0647,0.0584,0.0003,0.9724,0.8026,0.1888,True,79,32
1080,1.0,0.05,prior,5,model,0.6202,0.029,0.0440490408,-0.0026397562,0.1738,0.2453,0.4141,0.0306,0.0578,0.0003,0.972,0.7699,0.1975,True,81,32
1080,1.0,0.05,prior,6,model,0.6235,0.0273,0.0445463727,-0.0026934211,0.1443,0.2594,0.4037,0.0336,0.0534,0.0003,0.9736,0.7454,0.2344,True,94,36
1080,1.0,0.05,prior,7,model,0.6228,0.0253,0.0454807226,-0.0023752802,0.1216,0.2622,0.3824,0.0147,0.0485,0.0013,0.9752,0.7694,0.2306,True,91,34
1080,1.0,0.05,prior,8,model,0.616,0.0235,0.0452806574,-0.0016820505,0.1993,0.19,0.3893,0.037,0.0482,0.0009,0.9741,0.8296,0.2263,True,64,21
1080,1.0,0.05,prior,9,model,0.6188,0.0275,0.0445736665,-0.0023239709,0.1667,0.3344,0.4092,0.0323,0.0572,0.0,0.9732,0.8349,0.2069,True,75,31
1080,1.0,0.05,prior,10,model,0.625,0.0332,0.0422895429,-0.0038741999,0.1562,0.2943,0.396,0.039,0.0507,0.0003,0.973,0.851,0.2194,True,100,40
1080,1.0,0.05,prior,11,model,0.6198,0.0307,0.043802129,-0.0024470474,0.1757,0.3606,0.4011,0.0622,0.0535,0.0001,0.9679,0.8447,0.2131,True,79,34
1096,0.2,0.0,treatment,0,prior,0.6,0.1421,0.0054612371,0.0,0.0191,0.2058,0.2238,0.0322,0.0319,0.0341,0.7937,0.9736,0.0,False,0,0
1096,0.2,0.0,treatment,1,model,0.6,0.0421,0.0399675528,0.0,0.168,0.1916,0.3488,0.0625,0.0429,0.002,0.9938,0.8897,0.3262,True,0,0
1096,0.2,0.0,treatment,2,model,0.6,0.0542,0.0351881067,0.0,0.1869,0.1789,0.3494,0.0698,0.0427,0.0025,0.991,0.9033,0.2906,True,0,0
1096,0.2,0.0,treatment,3,model,0.6,0.0587,0.0322819955,0.0,0.1183,0.2189,0.3337,0.0472,0.041,0.0051,0.9922,0.94,0.2975,True,0,0
1096,0.2,0.0,treatment,4,model,0.6,0.0413,0.0388401873,0.0,0.1831,0.1727,0.3456,0.0677,0.041,0.0015,0.9874,0.9147,0.3187,True,0,0
1096,0.2,0.0,treatment,5,model,0.6,0.0583,0.0333560113,0.0,0.1537,0.1763,0.33,0.0616,0.0415,0.0085,0.9784,0.8435,0.1981,True,0,0
1096,0.2,0.0,treatment,6,model,0.6,0.0567,0.0339982906,0.0,0.1013,0.2447,0.3231,0.0366,0.0382,0.0075,0.9887,0.8666,0.2206,True,0,0
1096,0.2,0.0,treatment,7,model,0.6,0.0537,0.0350688322,0.0,0.1986,0.1414,0.34,0.0784,0.0374,0.0019,0.9829,0.7947,0.24,True,0,0
1096,0.2,0.0,treatment,8,model,0.6,0.0642,0.031364833,0.0,0.0988,0.2478,0.335,0.0388,0.0426,0.0088,0.9921,0.9299,0.3225,True,0,0
1096,0.2,0.0,treatment,9,model,0.6,0.055,0.0348852066,0.0,0.1677,0.1785,0.3463,0.0663,0.0414,0.0019,0.9897,0.8798,0.3525,True,0,0
1096,0.2,0.0,treatment,10,model,0.6,0.0496,0.036730587,0.0,0.1941,0.1284,0.3225,0.0838,0.0368,0.0078,0.9914,0.9197,0.3162,True,0,0
1096,0.2,0.0,treatment,11,model,0.6,0.0579,0.0350193835,0.0,0.1732,0.1799,0.3531,0.0656,0.0459,0.0053,0.9909,0.9053,0.2931,True,0,0
1096,0.2,0.0,frozen,0,prior,0.6,0.1421,0.0054612371,0.0,0.0191,0.2058,0.2238,0.0322,0.0319,0.0341,0.7937,0.9736,0.0,False,0,0
1096,0.2,0.0,frozen,1,model,0.6,0.0421,0.0399675528,0.0,0.0399,0.3739,0.3488,0.0242,0.0433,0.0,0.9938,0.8897,0.3262,True,0,0
1096,0.2,0.0,frozen,2,model,0.6,0.0454,0.037744013,0.0,0.0262,0.3674,0.3625,0.0194,0.0474,0.0002,0.9965,0.9527,0.3137,True,0,0
1096,0.2,0.0,frozen,3,model,0.6,0.0379,0.0389300104,0.0,0.0291,0.365,0.365,0.0165,0.0494,0.0018,0.9954,0.9489,0.3431,True,0,0
1096,0.2,0.0,frozen,4,model,0.6,0.0367,0.0399050413,0.0,0.0482,0.3795,0.3525,0.0216,0.0455,0.003,0.9948,0.9064,0.3419,True,0,0
1096,0.2,0.0,frozen,5,model,0.6,0.0379,0.0396298314,0.0,0.0249,0.3676,0.3606,0.0149,0.0479,0.0005,0.9963,0.9558,0.3588,True,0,0
1096,0.2,0.0,frozen,6,model,0.6,0.04,0.0396574648,0.0,0.0378,0.3686,0.3481,0.0207,0.0435,0.0016,0.996,0.9481,0.3544,True,0,0
1096,0.2,0.0,frozen,7,model,0.6,0.045,0.0379045827,0.0,0.0357,0.3651,0.3531,0.0222,0.0433,0.0006,0.9943,0.9069,0.3181,True,0,0
1096,0.2,0.0,frozen,8,model,0.6,0.0446,0.037086619,0.0,0.0384,0.3538,0.3644,0.0245,0.0466,0.0002,0.9947,0.9511,0.3281,True,0,0
1096,0.2,0.0,frozen,9,model,0.6,0.0479,0.0373063783,0.0,0.0363,0.3736,0.3569,0.0248,0.0463,0.0019,0.9953,0.9461,0.3519,True,0,0
1096,0.2,0.0,frozen,10,model,0.6,0.0429,0.0381863777,0.0,0.0518,0.3642,0.3325,0.0274,0.0395,0.0022,0.9955,0.9508,0.305,True,0,0
1096,0.2,0.0,frozen,11,model,0.6,0.045,0.0386565875,0.0,0.0442,0.376,0.3725,0.0265,0.05,0.0028,0.9962,0.9452,0.3538,True,0,0
1096,0.2,0.0,prior,0,prior,0.6,0.1421,0.0054612371,0.0,0.0191,0.2058,0.2238,0.0322,0.0319,0.0341,0.7937,0.9736,0.0,False,0,0
1096,0.2,0.0,prior,1,model,0.6,0.1283,0.0092167264,0.0,0.0533,0.1896,0.2194,0.0229,0.0277,0.0302,0.7877,0.974,0.0,False,0,0
1096,0.2,0.0,prior,2,model,0.6,0.1325,0.0094385357,0.0,0.0411,0.1968,0.2319,0.0316,0.0319,0.0326,0.787,0.9714,0.0,False,0,0
1096,0.2,0.0,prior,3,model,0.6,0.1325,0.007922932,0.0,0.0399,0.1902,0.2231,0.0262,0.0293,0.0315,0.7942,0.9771,0.0,False,0,0
1096,0.2,0.0,prior,4,model,0.6,0.1171,0.015617755,0.0,0.0589,0.175,0.2319,0.0332,0.0329,0.0329,0.7896,0.9746,0.0,False,0,0
1096,0.2,0.0,prior,5,model,0.6,0.1325,0.0105985631,0.0,0.0461,0.2082,0.2188,0.0137,0.0312,0.0344,0.7935,0.9731,0.0,False,0,0
1096,0.2,0.0,prior,6,model,0.6,0.1317,0.0095222594,0.0,0.0382,0.1863,0.2106,0.0213,0.0252,0.0366,0.7948,0.9781,0.0,False,0,0
1096,0.2,0.0,prior,7,model,0.6,0.1325,0.0085798996,0.0,0.0494,0.1831,0.2219,0.0347,0.0264,0.0308,0.8022,0.9739,0.0,False,0,0
1096,0.2,0.0,prior,8,model,0.6,0.1421,0.0062157082,0.0,0.0263,0.1965,0.2181,0.0259,0.0271,0.0307,0.7848,0.9736,0.0,False,0,0
1096,0.2,0.0,prior,9,model,0.6,0.1404,0.0082708834,0.0,0.0506,0.1936,0.2181,0.0259,0.023,0.0288,0.8043,0.9776,0.0,False,0,0
1096,0.2,0.0,prior,10,model,0.6,0.1171,0.0155536672,0.0,0.0461,0.1785,0.2213,0.0269,0.0285,0.0296,0.7791,0.9782,0.0,False,0,0
1096,0.2,0.0,prior,11,model,0.6,0.1383,0.0099124567,0.0,0.0502,0.207,0.2325,0.0227,0.0303,0.03,0.7942,0.9762,0.0,False,0,0
1096,0.2,0.05,treatment,0,prior,0.6218,0.146,0.0042532778,-0.0012079593,0.0434,0.2116,0.2221,0.0244,0.0314,0.0336,0.7937,0.9736,0.0,False,87,22
1096,0.2,0.05,treatment,1,model,0.6218,0.0523,0.0371559184,-0.0020177026,0.0991,0.3651,0.3496,0.0279,0.0422,0.0031,0.9972,0.9624,0.3825,True,87,33
1096,0.2,0.05,treatment,2,model,0.618,0.0611,0.0342890129,-0.0014091249,0.1463,0.2233,0.3521,0.0538,0.0447,0.0053,0.9886,0.9105,0.3,True,72,23
1096,0.2,0.05,treatment,3,model,0.6192,0.0549,0.0343732117,-0.0017470252,0.107,0.2664,0.3539,0.0503,0.0446,0.0048,0.9862,0.9171,0.3069,True,77,23
1096,0.2,0.05,treatment,4,model,0.6192,0.0634,0.0328284415,-0.0015567752,0.1268,0.2299,0.325,0.0399,0.0419,0.0127,0.987,0.9216,0.2431,True,77,23
1096,0.2,0.05,treatment,5,model,0.6238,0.0625,0.0338474433,-0.0028084067,0.0951,0.2979,0.3402,0.0388,0.0441,0.0056,0.9906,0.8888,0.2994,True,95,38
1096,0.2,0.05,treatment,6,model,0.618,0.0578,0.034444013,-0.0013598167,0.087,0.3234,0.3338,0.0299,0.0408,0.0103,0.9788,0.9139,0.2225,True,72,22
1096,0.2,0.05,treatment,7,model,0.6192,0.0622,0.0328627152,-0.0018470061,0.1765,0.3857,0.3408,0.065,0.0412,0.0025,0.9855,0.8952,0.3,True,77,25
1096,0.2,0.05,treatment,8,model,0.6195,0.0694,0.0299205147,-0.002162245,0.119,0.2213,0.3403,0.0344,0.0407,0.0058,0.9748,0.8598,0.1812,True,78,28
1096,0.2,0.05,treatment,9,model,0.6222,0.0868,0.0257357406,-0.0020843351,0.0751,0.2705,0.3111,0.016,0.0368,0.0098,0.9566,0.8386,0.1044,True,89,33
1096,0.2,0.05,treatment,10,model,0.6172,0.0599,0.0343485563,-0.0007110605,0.1785,0.2153,0.3181,0.0702,0.038,0.0099,0.9904,0.9324,0.2931,True,69,20
1096,0.2,0.05,treatment,11,model,0.6175,0.0834,0.0282992528,-0.0016545889,0.0525,0.3172,0.3255,0.0146,0.0435,0.0086,0.9649,0.7968,0.1881,True,70,27
1096,0.2,0.05,frozen,0,prior,0.6,0.1421,0.0054612371,0.0,0.0191,0.2058,0.2238,0.0322,0.0319,0.0341,0.7937,0.9736,0.0,False,0,0
1096,0.2,0.05,frozen,1,model,0.622,0.0539,0.0378873838,-0.002080169,0.041,0.3733,0.3472,0.0242,0.0425,0.0,0.9938,0.8897,0.3262,True,88,33
1096,0.2,0.05,frozen,2,model,0.6182,0.0542,0.0364957853,-0.0012482277,0.0304,0.3669,0.3635,0.0194,0.0491,0.0002,0.9965,0.9527,0.3137,True,73,25
1096,0.2,0.05,frozen,3,model,0.6195,0.048,0.0367960676,-0.0021339428,0.0318,0.3656,0.3653,0.0165,0.0496,0.0018,0.9954,0.9489,0.3431,True,78,28
1096,0.2,0.05,frozen,4,model,0.6178,0.0473,0.0374509196,-0.0024541217,0.0487,0.379,0.3499,0.0216,0.0449,0.0029,0.9948,0.9064,0.3419,True,71,29
1096,0.2,0.05,frozen,5,model,0.6242,0.0529,0.036298006,-0.0033318254,0.0278,0.3666,0.3566,0.0149,0.047,0.0017,0.9963,0.9558,0.3588,True,97,41
1096,0.2,0.05,frozen,6,model,0.6188,0.0481,0.0382605672,-0.0013968976,0.0404,0.3694,0.3502,0.0207,0.0436,0.0002,0.996,0.9481,0.3544,True,75,23
1096,0.2,0.05,frozen,7,model,0.6198,0.0545,0.0356777186,-0.0022268641,0.0326,0.3649,0.3537,0.0222,0.0433,0.0006,0.9943,0.9069,0.3181,True,79,27
1096,0.2,0.05,frozen,8,model,0.6192,0.0557,0.0344096076,-0.0026770115,0.0403,0.3521,0.3624,0.0245,0.0462,0.0002,0.9947,0.9511,0.3281,True,77,31
1096,0.2,0.05,frozen,9,model,0.6212,0.06,0.0353099412,-0.0019964371,0.0389,0.3729,0.3545,0.0248,0.0454,0.0019,0.9953,0.9461,0.3519,True,85,34
1096,0.2,0.05,frozen,10,model,0.6165,0.0507,0.0372361601,-0.0009502176,0.0501,0.3638,0.3325,0.0274,0.0394,0.0023,0.9955,0.9508,0.305,True,66,22
1096,0.2,0.05,frozen,11,model,0.616,0.054,0.0372304751,-0.0014261124,0.0447,0.3767,0.3717,0.0265,0.05,0.0032,0.9962,0.9452,0.3538,True,64,25
1096,0.2,0.05,prior,0,prior,0.6218,0.146,0.0042532778,-0.0012079593,0.0434,0.2116,0.2221,0.0244,0.0314,0.0336,0.7937,0.9736,0.0,False,87,22
1096,0.2,0.05,prior,1,model,0.6218,0.1315,0.0088328287,-0.0003838977,0.0742,0.1604,0.2194,0.0358,0.0253,0.0297,0.7877,0.974,0.0,False,87,19
1096,0.2,0.05,prior,2,model,0.6215,0.1352,0.0089647674,-0.0004737683,0.0563,0.1869,0.2332,0.0286,0.0288,0.0272,0.787,0.9714,0.0,False,86,18
1096,0.2,0.05,prior,3,model,0.6182,0.1347,0.0073036943,-0.0006192377,0.0695,0.1605,0.224,0.0394,0.0302,0.032,0.7942,0.9771,0.0,False,73,15
1096,0.2,0.05,prior,4,model,0.62,0.1194,0.0151166989,-0.0005010562,0.1113,0.1304,0.2342,0.0552,0.0292,0.0303,0.7896,0.9746,0.0,False,80,15
1096,0.2,0.05,prior,5,model,0.6225,0.1365,0.00990946,-0.0006891031,0.0598,0.2287,0.2172,0.0304,0.0273,0.0349,0.7935,0.9731,0.0,False,90,22
1096,0.2,0.05,prior,6,model,0.6188,0.1337,0.0094290745,-9.31849e-05,0.0508,0.1704,0.2111,0.0214,0.0265,0.0341,0.7948,0.9781,0.0,False,75,15
1096,0.2,0.05,prior,7,model,0.6212,0.1352,0.0080639863,-0.0005159133,0.0526,0.2005,0.2224,0.0297,0.0251,0.029,0.8022,0.9739,0.0,False,85,18
1096,0.2,0.05,prior,8,model,0.6202,0.1443,0.005742074,-0.0004736342,0.0428,0.2096,0.2186,0.0106,0.0271,0.0298,0.7848,0.9736,0.0,False,81,17
1096,0.2,0.05,prior,9,model,0.62,0.1456,0.0073067381,-0.0009641453,0.0252,0.2378,0.2138,0.0412,0.026,0.0307,0.8043,0.9776,0.0,False,80,24
1096,0.2,0.05,prior,10,model,0.6168,0.1204,0.0152632598,-0.0002904074,0.0598,0.1607,0.2205,0.0204,0.0241,0.0295,0.7791,0.9782,0.0,False,67,16
1096,0.2,0.05,prior,11,model,0.6185,0.1407,0.0097105119,-0.0002019448,0.0518,0.1842,0.2333,0.0328,0.0273,0.0299,0.7942,0.9762,0.0,False,74,16
1096,0.4,0.0,treatment,0,prior,0.6,0.0904,0.021821093,0.0,0.0936,0.2529,0.3013,0.0322,0.0449,0.0215,0.8322,0.905,0.0031,False,0,0
1096,0.4,0.0,treatment,1,model,0.6,0.0529,0.0355640159,0.0,0.1115,0.2519,0.3325,0.0312,0.0393,0.0051,0.9871,0.9218,0.2838,True,0,0
1096,0.4,0.0,treatment,2,model,0.6,0.0512,0.0362074109,0.0,0.2214,0.1323,0.3538,0.0905,0.0422,0.0004,0.9925,0.8365,0.3137,True,0,0
1096,0.4,0.0,treatment,3,model,0.6,0.0525,0.0340858559,0.0,0.1798,0.2046,0.3431,0.0619,0.0411,0.0035,0.9872,0.9313,0.2869,True,0,0
1096,0.4,0.0,treatment,4,model,0.6,0.0558,0.0338435578,0.0,0.1403,0.2075,0.3237,0.0543,0.0408,0.0069,0.9883,0.918,0.2506,True,0,0
1096,0.4,0.0,treatment,5,model,0.6,0.0496,0.0366148682,0.0,0.2055,0.1376,0.3431,0.0782,0.0402,0.0025,0.9908,0.9239,0.315,True,0,0
1096,0.4,0.0,treatment,6,model,0.6,0.0554,0.0334384254,0.0,0.1824,0.1503,0.325,0.074,0.039,0.0072,0.9865,0.8945,0.2131,True,0,0
1096,0.4,0.0,treatment,7,model,0.6,0.055,0.0341182831,0.0,0.1575,0.1867,0.3381,0.061,0.0412,0.0061,0.9846,0.9186,0.315,True,0,0
1096,0.4,0.0,treatment,8,model,0.6,0.0483,0.0367413249,0.0,0.2338,0.1249,0.3588,0.0919,0.0419,0.0032,0.9903,0.9032,0.2737,True,0,0
1096,0.4,0.0,treatment,9,model,0.6,0.0654,0.0305184823,0.0,0.0934,0.2397,0.3306,0.0384,0.0411,0.0078,0.9877,0.9106,0.3069,True,0,0
1096,0.4,0.0,treatment,10,model,0.6,0.0525,0.0361360187,0.0,0.1888,0.13,0.3181,0.0737,0.0345,0.0042,0.9897,0.9116,0.3281,True,0,0
1096,0.4,0.0,treatment,11,model,0.6,0.0646,0.0328776235,0.0,0.1708,0.182,0.3431,0.0683,0.0425,0.0037,0.9876,0.8382,0.2687,True,0,0
1096,0.4,0.0,frozen,0,prior,0.6,0.0904,0.021821093,0.0,0.0936,0.2529,0.3013,0.0322,0.0449,0.0215,0.8322,0.905,0.0031,False,0,0
1096,0.4,0.0,frozen,1,model,0.6,0.0529,0.0355640159,0.0,0.0701,0.3267,0.3325,0.0379,0.0422,0.0071,0.9871,0.9218,0.2838,True,0,0
1096,0.4,0.0,frozen,2,model,0.6,0.0479,0.037478512,0.0,0.0939,0.3305,0.3588,0.0441,0.0483,0.0039,0.9901,0.9043,0.2944,True,0,0
1096,0.4,0.0,frozen,3,model,0.6,0.0417,0.0380135212,0.0,0.1002,0.3232,0.3594,0.0435,0.0489,0.0031,0.9887,0.898,0.2956,True,0,0
1096,0.4,0.0,frozen,4,model,0.6,0.0375,0.0397564304,0.0,0.0898,0.3314,0.3513,0.0354,0.0471,0.0052,0.9888,0.9171,0.3031,True,0,0
1096,0.4,0.0,frozen,5,model,0.6,0.0404,0.0392128151,0.0,0.087,0.3347,0.3569,0.038,0.0483,0.005,0.9877,0.8948,0.3,True,0,0
1096,0.4,0.0,frozen,6,model,0.6,0.0454,0.0377441591,0.0,0.076,0.3289,0.34,0.0365,0.0422,0.0075,0.9873,0.8946,0.2825,True,0,0
1096,0.4,0.0,frozen,7,model,0.6,0.05,0.0364417466,0.0,0.0919,0.335,0.3456,0.0448,0.0454,0.002,0.9857,0.8821,0.2931,True,0,0
1096,0.4,0.0,frozen,8,model,0.6,0.0442,0.037359843,0.0,0.1042,0.314,0.365,0.0467,0.0475,0.0036,0.9874,0.8869,0.2894,True,0,0
1096,0.4,0.0,frozen,9,model,0.6,0.055,0.0336983309,0.0,0.0714,0.3387,0.3463,0.0393,0.0463,0.0085,0.9887,0.8919,0.3119,True,0,0
1096,0.4,0.0,frozen,10,model,0.6,0.0442,0.0386706153,0.0,0.0925,0.3279,0.3306,0.0406,0.0366,0.0026,0.9887,0.8987,0.2869,True,0,0
1096,0.4,0.0,frozen,11,model,0.6,0.0475,0.037809977,0.0,0.0978,0.3402,0.3688,0.0459,0.0497,0.0051,0.9891,0.9125,0.3181,True,0,0
1096,0.4,0.0,prior,0,prior,0.6,0.0904,0.021821093,0.0,0.0936,0.2529,0.3013,0.0322,0.0449,0.0215,0.8322,0.905,0.0031,False,0,0
1096,0.4,0.0,prior,1,model,0.6,0.0813,0.0248211002,0.0,0.1319,0.1581,0.29,0.053,0.0369,0.0183,0.8338,0.9174,0.0019,False,0,0
1096,0.4,0.0,prior,2,model,0.6,0.0858,0.0242937071,0.0,0.1057,0.1974,0.3019,0.0403,0.0422,0.0172,0.8279,0.9158,0.0019,False,0,0
1096,0.4,0.0,prior,3,model,0.6,0.0825,0.0242571634,0.0,0.0918,0.2064,0.2981,0.033,0.0422,0.0183,0.8363,0.906,0.0025,False,0,0
1096,0.4,0.0,prior,4,model,0.6,0.0717,0.0299383205,0.0,0.1373,0.1627,0.3,0.0522,0.0401,0.018,0.8232,0.9091,0.0081,False,0,0
1096,0.4,0.0,prior,5,model,0.6,0.0842,0.0253600633,0.0,0.0802,0.2188,0.2913,0.0252,0.0393,0.0191,0.8329,0.9046,0.0013,False,0,0
1096,0.4,0.0,prior,6,model,0.6,0.0821,0.0260556729,0.0,0.11,0.1758,0.285,0.0446,0.0416,0.0218,0.8266,0.909,0.0013,False,0,0
1096,0.4,0.0,prior,7,model,0.6,0.08,0.0251450719,0.0,0.1188,0.1912,0.3006,0.0495,0.0438,0.021,0.8278,0.9125,0.0025,False,0,0
1096,0.4,0.0,prior,8,model,0.6,0.0963,0.0206978497,0.0,0.0926,0.2035,0.2869,0.0403,0.0392,0.0198,0.8312,0.9018,0.0025,False,0,0
1096,0.4,0.0,prior,9,model,0.6,0.0879,0.0244545275,0.0,0.1217,0.195,0.2969,0.047,0.039,0.0137,0.8327,0.9042,0.0013,False,0,0
1096,0.4,0.0,prior,10,model,0.6,0.0717,0.0297798095,0.0,0.1384,0.151,0.2894,0.0537,0.0366,0.0152,0.8269,0.9089,0.0006,False,0,0
1096,0.4,0.0,prior,11,model,0.6,0.0887,0.0252733511,0.0,0.1159,0.1988,0.3069,0.0406,0.0419,0.0159,0.8251,0.9183,0.0031,False,0,0
1096,0.4,0.05,treatment,0,prior,0.623,0.0987,0.0197467073,-0.0020743857,0.0466,0.264,0.3004,0.0382,0.0434,0.0191,0.8322,0.905,0.0031,False,92,29
1096,0.4,0.05,treatment,1,model,0.6205,0.058,0.0354122675,-0.0020620121,0.1155,0.3088,0.3393,0.028,0.039,0.0037,0.9941,0.9464,0.3544,True,82,32
1096,0.4,0.05,treatment,2,model,0.6195,0.0658,0.0323483088,-0.0010045411,0.1367,0.2549,0.3456,0.0401,0.0429,0.0062,0.962,0.7412,0.1494,True,78,20
1096,0.4,0.05,treatment,3,model,0.6178,0.0623,0.0314965561,-0.0020419201,0.1179,0.294,0.3407,0.0279,0.0434,0.0039,0.9854,0.8438,0.3119,True,71,23
1096,0.4,0.05,treatment,4,model,0.6185,0.0691,0.030031576,-0.0019362873,0.1271,0.2805,0.3152,0.0417,0.0386,0.0135,0.9755,0.8734,0.2044,True,74,25
1096,0.4,0.05,treatment,5,model,0.6252,0.0672,0.0326023652,-0.0027139078,0.0915,0.3745,0.3336,0.0448,0.0435,0.0087,0.9771,0.7805,0.2112,True,101,38
1096,0.4,0.05,treatment,6,model,0.6178,0.0607,0.0336021085,-0.0014724846,0.134,0.3388,0.329,0.0448,0.0368,0.0023,0.9757,0.7885,0.1975,True,71,23
1096,0.4,0.05,treatment,7,model,0.6208,0.0749,0.029077435,-0.0018241813,0.1052,0.3167,0.321,0.0375,0.0379,0.0108,0.9376,0.9126,0.195,True,83,25
1096,0.4,0.05,treatment,8,model,0.6202,0.0641,0.0317122205,-0.002618676,0.0473,0.3421,0.3496,0.0357,0.0408,0.003,0.9911,0.9198,0.3137,True,81,31
1096,0.4,0.05,treatment,9,model,0.6185,0.0752,0.0286415468,-0.0017540044,0.096,0.3704,0.3277,0.0692,0.0356,0.0033,0.9743,0.685,0.1963,True,74,29
1096,0.4,0.05,treatment,10,model,0.6168,0.0693,0.0316562894,-0.0009314221,0.0983,0.3299,0.3027,0.0451,0.034,0.0072,0.9868,0.8675,0.29,True,67,21
1096,0.4,0.05,treatment,11,model,0.6188,0.0711,0.031732105,-0.0014007388,0.1764,0.2242,0.3462,0.073,0.0439,0.0081,0.9816,0.8487,0.2637,True,75,27
1096,0.4,0.05,frozen,0,prior,0.6,0.0904,0.021821093,0.0,0.0936,0.2529,0.3013,0.0322,0.0449,0.0215,0.8322,0.905,0.0031,False,0,0
1096,0.4,0.05,frozen,1,model,0.619,0.0634,0.0337146742,-0.0018493417,0.0743,0.3248,0.3294,0.0379,0.0412,0.0069,0.9871,0.9218,0.2838,True,76,30
1096,0.4,0.05,frozen,2,model,0.619,0.0565,0.0358903113,-0.0015882007,0.0938,0.3292,0.3602,0.0441,0.0491,0.0039,0.9901,0.9043,0.2944,True,76,25
1096,0.4,0.05,frozen,3,model,0.619,0.0513,0.0358966551,-0.0021168661,0.0991,0.3247,0.3596,0.0435,0.0487,0.0027,0.9887,0.898,0.2956,True,76,27
1096,0.4,0.05,frozen,4,model,0.6188,0.0469,0.0378819618,-0.0018744686,0.0921,0.3304,0.3515,0.0354,0.0467,0.0046,0.9888,0.9171,0.3031,True,75,26
1096,0.4,0.05,frozen,5,model,0.6255,0.0544,0.0364802759,-0.0027325393,0.0895,0.3358,0.3551,0.038,0.0472,0.0044,0.9877,0.8948,0.3,True,102,39
1096,0.4,0.05,frozen,6,model,0.6188,0.0533,0.0363383601,-0.001405799,0.08,0.3297,0.3416,0.0365,0.0425,0.0073,0.9873,0.8946,0.2825,True,75,23
1096,0.4,0.05,frozen,7,model,0.6188,0.0578,0.0346510299,-0.0017907167,0.0989,0.334,0.3475,0.0448,0.0451,0.0019,0.9857,0.8821,0.2931,True,75,23
1096,0.4,0.05,frozen,8,model,0.6205,0.0544,0.0349851297,-0.0023747133,0.1033,0.3134,0.3656,0.0467,0.0474,0.0034,0.9874,0.8869,0.2894,True,82,29
1096,0.4,0.05,frozen,9,model,0.6215,0.0672,0.0314303917,-0.0022679392,0.0717,0.3379,0.3428,0.0393,0.0455,0.0088,0.9887,0.8919,0.3119,True,86,35
1096,0.4,0.05,frozen,10,model,0.618,0.051,0.0379753796,-0.0006952357,0.0973,0.3289,0.3331,0.0406,0.0372,0.0027,0.9887,0.8987,0.2869,True,72,20
1096,0.4,0.05,frozen,11,model,0.6172,0.0559,0.0364071355,-0.0014028415,0.0969,0.341,0.3697,0.0459,0.0498,0.0044,0.9891,0.9125,0.3181,True,69,24
1096,0.4,0.05,prior,0,prior,0.623,0.0987,0.0197467073,-0.0020743857,0.0466,0.264,0.3004,0.0382,0.0434,0.0191,0.8322,0.905,0.0031,False,92,29
1096,0.4,0.05,prior,1,model,0.6228,0.0875,0.0241417553,-0.000679345,0.1147,0.1832,0.2922,0.0388,0.0343,0.0148,0.8338,0.9174,0.0019,False,91,23
1096,0.4,0.05,prior,2,model,0.6198,0.0916,0.0232111602,-0.0010825469,0.0491,0.2646,0.3037,0.0617,0.0399,0.0155,0.8279,0.9158,0.0019,False,79,21
1096,0.4,0.05,prior,3,model,0.6198,0.0891,0.0226616467,-0.0015955167,0.0844,0.2319,0.2985,0.0281,0.0427,0.0197,0.8363,0.906,0.0025,False,79,23
1096,0.4,0.05,prior,4,model,0.619,0.0763,0.0290123275,-0.000925993,0.118,0.1888,0.3038,0.041,0.04,0.0173,0.8232,0.9091,0.0081,False,76,17
1096,0.4,0.05,prior,5,model,0.622,0.092,0.0239602057,-0.0013998576,0.0902,0.2077,0.2903,0.0461,0.0411,0.0203,0.8329,0.9046,0.0013,False,88,27
1096,0.4,0.05,prior,6,model,0.6192,0.0876,0.0252787323,-0.0007769406,0.0899,0.2257,0.2863,0.0347,0.0418,0.0207,0.8266,0.909,0.0013,False,77,20
1096,0.4,0.05,prior,7,model,0.62,0.0867,0.0237915901,-0.0013534818,0.1162,0.1854,0.3013,0.0455,0.0431,0.0195,0.8278,0.9125,0.0025,False,80,23
1096,0.4,0.05,prior,8,model,0.6185,0.1015,0.0195699958,-0.0011278539,0.0973,0.2612,0.2877,0.0361,0.0386,0.0182,0.8312,0.9018,0.0025,False,74,20
1096,0.4,0.05,prior,9,model,0.621,0.0974,0.0226900342,-0.0017644933,0.044,0.2741,0.2929,0.0472,0.0385,0.0157,0.8327,0.9042,0.0013,False,84,31
1096,0.4,0.05,prior,10,model,0.6175,0.0781,0.0289488364,-0.000830973,0.0971,0.1918,0.2889,0.039,0.0364,0.0155,0.8269,0.9089,0.0006,False,70,21
1096,0.4,0.05,prior,11,model,0.6178,0.0943,0.0244430652,-0.0008302859,0.0983,0.2657,0.308,0.029,0.042,0.0179,0.8251,0.9183,0.0031,False,71,20
1096,1.0,0.0,treatment,0,prior,0.6,0.0192,0.0460936506,0.0,0.3639,0.0443,0.4081,0.1451,0.0534,0.0,0.9753,0.7529,0.2519,True,0,0
1096,1.0,0.0,treatment,1,model,0.6,0.0904,0.0232509798,0.0,0.0657,0.2534,0.2762,0.0328,0.0349,0.0189,0.9769,0.7622,0.17,True,0,0
1096,1.0,0.0,treatment,2,model,0.6,0.0458,0.0377918225,0.0,0.2367,0.2085,0.3619,0.0893,0.0428,0.0018,0.9952,0.9224,0.3875,True,0,0
1096,1.0,0.0,treatment,3,model,0.6,0.0537,0.0344927207,0.0,0.1416,0.2805,0.3412,0.0498,0.044,0.0055,0.9902,0.9086,0.28,True,0,0
1096,1.0,0.0,treatment,4,model,0.6,0.0433,0.0380700867,0.0,0.1622,0.1809,0.3425,0.0616,0.0405,0.0055,0.9936,0.9359,0.3475,True,0,0
1096,1.0,0.0,treatment,5,model,0.6,0.055,0.0348071612,0.0,0.1499,0.2079,0.335,0.0564,0.044,0.0062,0.9911,0.9028,0.3137,True,0,0
1096,1.0,0.0,treatment,6,model,0.6,0.0417,0.0394864267,0.0,0.211,0.1353,0.3456,0.0837,0.037,0.0009,0.9936,0.9201,0.3594,True,0,0
1096,1.0,0.0,treatment,7,model,0.6,0.0754,0.0285457809,0.0,0.0843,0.2854,0.3075,0.0268,0.0358,0.0086,0.9709,0.713,0.1688,True,0,0
1096,1.0,0.0,treatment,8,model,0.6,0.0483,0.0366108921,0.0,0.2106,0.149,0.3588,0.0804,0.0443,0.0026,0.9947,0.9385,0.3575,True,0,0
1096,1.0,0.0,treatment,9,model,0.6,0.0612,0.032607536,0.0,0.107,0.2339,0.3369,0.0358,0.0388,0.0005,0.978,0.7065,0.2081,True,0,0
1096,1.0,0.0,treatment,10,model,0.6,0.0558,0.0344076908,0.0,0.1125,0.2007,0.3131,0.0432,0.0348,0.006,0.9869,0.8178,0.2856,True,0,0
1096,1.0,0.0,treatment,11,model,0.6,0.0537,0.0353197428,0.0,0.1177,0.2541,0.3594,0.0401,0.0471,0.0045,0.9937,0.888,0.3987,True,0,0
1096,1.0,0.0,frozen,0,prior,0.6,0.0192,0.0460936506,0.0,0.3639,0.0443,0.4081,0.1451,0.0534,0.0,0.9753,0.7529,0.2519,True,0,0
1096,1.0,0.0,frozen,1,model,0.6,0.0904,0.0232509798,0.0,0.2213,0.0549,0.2762,0.1342,0.0151,0.0004,0.9769,0.7622,0.17,True,0,0
1096,1.0,0.0,frozen,2,model,0.6,0.0988,0.020619951,0.0,0.2282,0.0543,0.2825,0.1416,0.0165,0.0001,0.9784,0.8158,0.1581,True,0,0
1096,1.0,0.0,frozen,3,model,0.6,0.0879,0.0228338859,0.0,0.2343,0.0557,0.29,0.1378,0.0202,0.0025,0.9796,0.7647,0.1931,True,0,0
1096,1.0,0.0,frozen,4,model,0.6,0.0963,0.0225923701,0.0,0.2082,0.0549,0.2631,0.1319,0.0121,0.0002,0.9741,0.77,0.1631,True,0,0
1096,1.0,0.0,frozen,5,model,0.6,0.0871,0.0248678402,0.0,0.2329,0.054,0.2869,0.1371,0.0194,0.0002,0.9799,0.7527,0.1875,True,0,0
1096,1.0,0.0,frozen,6,model,0.6,0.0846,0.02517661,0.0,0.2272,0.054,0.2812,0.1331,0.0165,0.0,0.9817,0.8782,0.1831,True,0,0
1096,1.0,0.0,frozen,7,model,0.6,0.0896,0.0241623982,0.0,0.2315,0.0547,0.2863,0.1377,0.0173,0.0007,0.9828,0.8383,0.2094,True,0,0
1096,1.0,0.0,frozen,8,model,0.6,0.105,0.0205201808,0.0,0.2202,0.0536,0.2737,0.1425,0.0154,0.0003,0.9793,0.8872,0.1619,True,0,0
1096,1.0,0.0,frozen,9,model,0.6,0.0971,0.0212739068,0.0,0.2287,0.0544,0.2831,0.1411,0.0176,0.0006,0.9782,0.76,0.1762,True,0,0
1096,1.0,0.0,frozen,10,model,0.6,0.0862,0.0257043617,0.0,0.2137,0.0538,0.2675,0.1283,0.0142,0.0,0.9802,0.8531,0.1725,True,0,0
1096,1.0,0.0,frozen,11,model,0.6,0.0971,0.023331944,0.0,0.2404,0.054,0.2944,0.1455,0.021,0.0002,0.9753,0.7495,0.1444,True,0,0
1096,1.0,0.0,prior,0,prior,0.6,0.0192,0.0460936506,0.0,0.3639,0.0443,0.4081,0.1451,0.0534,0.0,0.9753,0.7529,0.2519,True,0,0
1096,1.0,0.0,prior,1,model,0.6,0.0142,0.0476860336,0.0,0.3713,0.0193,0.3906,0.1491,0.0469,0.0,0.9712,0.8614,0.1981,True,0,0
1096,1.0,0.0,prior,2,model,0.6,0.0158,0.0462958351,0.0,0.3881,0.0188,0.4069,0.1556,0.0522,0.0001,0.9708,0.8378,0.2181,True,0,0
1096,1.0,0.0,prior,3,model,0.6,0.01,0.0482018834,0.0,0.396,0.0109,0.4069,0.1586,0.052,0.0,0.9742,0.8702,0.2356,True,0,0
1096,1.0,0.0,prior,4,model,0.6,0.0129,0.0473455005,0.0,0.3725,0.0157,0.3881,0.1493,0.0466,0.0001,0.9714,0.7524,0.2162,True,0,0
1096,1.0,0.0,prior,5,model,0.6,0.0179,0.0463181622,0.0,0.3407,0.0499,0.3906,0.1361,0.0494,0.0008,0.9711,0.791,0.1856,True,0,0
1096,1.0,0.0,prior,6,model,0.6,0.0138,0.0475325839,0.0,0.366,0.0215,0.3875,0.1463,0.046,0.0001,0.9739,0.8481,0.2112,True,0,0
1096,1.0,0.0,prior,7,model,0.6,0.0175,0.0454192232,0.0,0.361,0.0334,0.3944,0.1429,0.0481,0.0001,0.9734,0.8307,0.2,True,0,0
1096,1.0,0.0,prior,8,model,0.6,0.02,0.0457786907,0.0,0.3711,0.0301,0.4012,0.1491,0.0506,0.0003,0.9697,0.8212,0.2013,True,0,0
1096,1.0,0.0,prior,9,model,0.6,0.0196,0.0454575281,0.0,0.3742,0.0251,0.3994,0.1487,0.0496,0.0,0.9699,0.8114,0.2175,True,0,0
1096,1.0,0.0,prior,10,model,0.6,0.0154,0.0470273177,0.0,0.3458,0.0279,0.3738,0.1385,0.0432,0.0007,0.9724,0.8498,0.2044,True,0,0
1096,1.0,0.0,prior,11,model,0.6,0.0225,0.0455188175,0.0,0.3577,0.0485,0.4062,0.1433,0.0543,0.0007,0.9736,0.8179,0.2263,True,0,0
1096,1.0,0.05,treatment,0,prior,0.6212,0.0326,0.0430834681,-0.0030101825,0.204,0.3399,0.4079,0.0568,0.0557,0.0007,0.9753,0.7529,0.2519,True,85,35
1096,1.0,0.05,treatment,1,model,0.6195,0.0738,0.0310533269,-0.0015966739,0.0911,0.323,0.3127,0.0508,0.0357,0.0084,0.9779,0.6525,0.2256,True,78,27
1096,1.0,0.05,treatment,2,model,0.6172,0.0587,0.0332903002,-0.0017519936,0.1611,0.2571,0.3553,0.0522,0.0429,0.0039,0.9907,0.9165,0.31,True,69,25
1096,1.0,0.05,treatment,3,model,0.6208,0.0656,0.0310401705,-0.0015728931,0.143,0.2046,0.3375,0.0692,0.0427,0.0077,0.9653,0.7282,0.1869,True,83,22
1096,1.0,0.05,treatment,4,model,0.6178,0.0603,0.0330782316,-0.0020499082,0.0671,0.2694,0.329,0.0283,0.0423,0.0084,0.9895,0.9297,0.2587,True,71,25
1096,1.0,0.05,treatment,5,model,0.6232,0.0586,0.0353340697,-0.0027782657,0.1101,0.2363,0.3464,0.0539,0.0469,0.0063,0.9901,0.915,0.2656,True,93,38
1096,1.0,0.05,treatment,6,model,0.6192,0.0581,0.0349018444,-0.0016518331,0.098,0.3046,0.3342,0.0398,0.0403,0.0085,0.9845,0.8856,0.33,True,77,25
1096,1.0,0.05,treatment,7,model,0.6225,0.0819,0.0270855763,-0.0018777651,0.1221,0.3281,0.3106,0.0398,0.0354,0.0061,0.9394,0.7848,0.0506,True,90,26
1096,1.0,0.05,treatment,8,model,0.62,0.0601,0.0335330495,-0.0023048296,0.0809,0.3154,0.3559,0.0378,0.0427,0.0037,0.9895,0.9087,0.3206,True,80,29
1096,1.0,0.05,treatment,9,model,0.6202,0.0963,0.0216403362,-0.0018749358,0.0736,0.2642,0.2943,0.0161,0.032,0.0049,0.9276,0.7445,0.0331,True,81,31
1096,1.0,0.05,treatment,10,model,0.6162,0.0698,0.0316024977,-0.0008817986,0.0798,0.2351,0.3016,0.0195,0.0291,0.0078,0.9639,0.8672,0.1969,True,65,21
1096,1.0,0.05,treatment,11,model,0.62,0.0766,0.0311978165,-0.0013827966,0.1008,0.3284,0.3382,0.0336,0.0439,0.0087,0.9721,0.7339,0.17,True,80,27
1096,1.0,0.05,frozen,0,prior,0.6,0.0192,0.0460936506,0.0,0.3639,0.0443,0.4081,0.1451,0.0534,0.0,0.9753,0.7529,0.2519,True,0,0
1096,1.0,0.05,frozen,1,model,0.619,0.0981,0.0218353407,-0.0014156391,0.2179,0.0551,0.273,0.1342,0.0143,0.0004,0.9769,0.7622,0.17,True,76,26
1096,1.0,0.05,frozen,2,model,0.6188,0.1034,0.0196374822,-0.0009824689,0.2297,0.0543,0.2839,0.1416,0.0167,0.0,0.9784,0.8158,0.1581,True,75,19
1096,1.0,0.05,frozen,3,model,0.6195,0.0936,0.0212309893,-0.0016028966,0.2352,0.0558,0.2911,0.1378,0.0208,0.0025,0.9796,0.7647,0.1931,True,78,21
1096,1.0,0.05,frozen,4,model,0.6195,0.1029,0.0209794462,-0.001612924,0.2059,0.055,0.2608,0.1319,0.0116,0.0002,0.9741,0.77,0.1631,True,78,24
1096,1.0,0.05,frozen,5,model,0.6275,0.0972,0.0229040936,-0.0019637466,0.2306,0.054,0.2846,0.1371,0.0191,0.0002,0.9799,0.7527,0.1875,True,110,35
1096,1.0,0.05,frozen,6,model,0.6172,0.0891,0.0244604942,-0.0007161158,0.2286,0.0542,0.2828,0.1331,0.0167,0.0,0.9817,0.8782,0.1831,True,69,17
1096,1.0,0.05,frozen,7,model,0.62,0.0952,0.0228298971,-0.0013325011,0.2328,0.0547,0.2875,0.1377,0.0175,0.0006,0.9828,0.8383,0.2094,True,80,21
1096,1.0,0.05,frozen,8,model,0.6198,0.1105,0.01916396,-0.0013562208,0.2201,0.0534,0.2735,0.1425,0.0152,0.0002,0.9793,0.8872,0.1619,True,79,22
1096,1.0,0.05,frozen,9,model,0.6202,0.1028,0.0201049825,-0.0011689242,0.2297,0.054,0.2837,0.1411,0.0174,0.0006,0.9782,0.76,0.1762,True,81,22
1096,1.0,0.05,frozen,10,model,0.6168,0.0904,0.025350938,-0.0003534237,0.2148,0.0539,0.2688,0.1283,0.0144,0.0,0.9802,0.8531,0.1725,True,67,16
1096,1.0,0.05,frozen,11,model,0.6185,0.1023,0.0225405818,-0.0007913621,0.2415,0.054,0.2955,0.1455,0.0213,0.0001,0.9753,0.7495,0.1444,True,74,20
1096,1.0,0.05,prior,0,prior,0.6212,0.0326,0.0430834681,-0.0030101825,0.204,0.3399,0.4079,0.0568,0.0557,0.0007,0.9753,0.7529,0.2519,True,85,35
1096,1.0,0.05,prior,1,model,0.6205,0.0278,0.0453559838,-0.0023300498,0.156,0.368,0.3887,0.0704,0.0497,0.0002,0.9712,0.8614,0.1981,True,82,35
1096,1.0,0.05,prior,2,model,0.6168,0.0255,0.0445361663,-0.0017596687,0.192,0.252,0.4083,0.0356,0.0549,0.0002,0.9708,0.8378,0.2181,True,67,25
1096,1.0,0.05,prior,3,model,0.6202,0.0218,0.0455832789,-0.0026186045,0.1316,0.2772,0.4088,0.0384,0.0558,0.0004,0.9742,0.8702,0.2356,True,81,30
1096,1.0,0.05,prior,4,model,0.6172,0.0247,0.0445319191,-0.0028135814,0.1221,0.3277,0.386,0.0455,0.0485,0.0005,0.9714,0.7524,0.2162,True,69,30
1096,1.0,0.05,prior,5,model,0.6232,0.0337,0.0430372687,-0.0032808935,0.116,0.339,0.3875,0.0532,0.0515,0.0001,0.9711,0.791,0.1856,True,93,41
1096,1.0,0.05,prior,6,model,0.6178,0.0239,0.0456231612,-0.0019094227,0.2646,0.3326,0.3885,0.104,0.0491,0.0004,0.9739,0.8481,0.2112,True,71,26
1096,1.0,0.05,prior,7,model,0.6172,0.0284,0.0428764689,-0.0025427543,0.187,0.2734,0.3939,0.0553,0.0515,0.0011,0.9734,0.8307,0.2,True,69,28
1096,1.0,0.05,prior,8,model,0.618,0.0324,0.0428480483,-0.0029306424,0.0968,0.3024,0.3992,0.0408,0.0536,0.0,0.9697,0.8212,0.2013,True,72,32
1096,1.0,0.05,prior,9,model,0.6212,0.0338,0.0429920307,-0.0024654975,0.1927,0.2518,0.3974,0.0257,0.0516,0.0007,0.9699,0.8114,0.2175,True,85,37
1096,1.0,0.05,prior,10,model,0.617,0.0255,0.045563461,-0.0014638567,0.1469,0.2515,0.3734,0.0451,0.0436,0.0005,0.9724,0.8498,0.2044,True,68,26
1096,1.0,0.05,prior,11,model,0.6178,0.034,0.0436375233,-0.0018812942,0.1763,0.2831,0.4055,0.0528,0.0556,0.0009,0.9736,0.8179,0.2263,True,71,30
1112,0.2,0.0,treatment,0,prior,0.6,0.1417,0.005366273,0.0,0.0524,0.1981,0.2206,0.0368,0.0305,0.0364,0.7983,0.9774,0.0,False,0,0
1112,0.2,0.0,treatment,1,model,0.6,0.0537,0.0347413626,0.0,0.1967,0.1464,0.3431,0.0799,0.0364,0.0008,0.9918,0.9064,0.3806,True,0,0
1112,0.2,0.0,treatment,2,model,0.6,0.0767,0.028797378,0.0,0.085,0.2456,0.3231,0.0321,0.0419,0.0093,0.9906,0.8924,0.32,True,0,0
1112,0.2,0.0,treatment,3,model,0.6,0.0462,0.0382294678,0.0,0.218,0.1289,0.3469,0.0874,0.0414,0.006,0.9825,0.9339,0.2494,True,0,0
1112,0.2,0.0,treatment,4,model,0.6,0.0642,0.0319538476,0.0,0.0798,0.2779,0.3381,0.0279,0.0444,0.0075,0.9877,0.8449,0.3075,True,0,0
1112,0.2,0.0,treatment,5,model,0.6,0.05,0.0358354729,0.0,0.1693,0.2047,0.3419,0.0614,0.0399,0.0032,0.9927,0.9106,0.3681,True,0,0
1112,0.2,0.0,treatment,6,model,0.6,0.0512,0.0372026849,0.0,0.1759,0.1868,0.3387,0.0591,0.0411,0.0039,0.9926,0.824,0.3631,True,0,0
1112,0.2,0.0,treatment,7,model,0.6,0.0571,0.0336448155,0.0,0.1794,0.1581,0.3375,0.0688,0.0427,0.0051,0.9837,0.859,0.2375,True,0,0
1112,0.2,0.0,treatment,8,model,0.6,0.0542,0.0358699301,0.0,0.1971,0.151,0.3481,0.0769,0.0443,0.0034,0.9945,0.9428,0.3306,True,0,0
1112,0.2,0.0,treatment,9,model,0.6,0.0575,0.0345988489,0.0,0.1752,0.1698,0.3212,0.0641,0.0344,0.0044,0.9738,0.8471,0.1994,True,0,0
1112,0.2,0.0,treatment,10,model,0.6,0.0667,0.0297644547,0.0,0.0976,0.2394,0.3325,0.0368,0.0438,0.0094,0.9908,0.9263,0.2825,True,0,0
1112,0.2,0.0,treatment,11,model,0.6,0.05,0.0364749659,0.0,0.2071,0.1785,0.3606,0.0791,0.0467,0.0031,0.9846,0.9196,0.2787,True,0,0
1112,0.2,0.0,frozen,0,prior,0.6,0.1417,0.005366273,0.0,0.0524,0.1981,0.2206,0.0368,0.0305,0.0364,0.7983,0.9774,0.0,False,0,0
1112,0.2,0.0,frozen,1,model,0.6,0.0537,0.0347413626,0.0,0.0308,0.3526,0.3431,0.0258,0.0442,0.0063,0.9918,0.9064,0.3806,True,0,0
1112,0.2,0.0,frozen,2,model,0.6,0.0458,0.0374378102,0.0,0.068,0.3367,0.3694,0.0414,0.0516,0.0058,0.9911,0.9051,0.3506,True,0,0
1112,0.2,0.0,frozen,3,model,0.6,0.0425,0.0398680526,0.0,0.0471,0.3428,0.3525,0.0316,0.0466,0.0042,0.9908,0.8703,0.4031,True,0,0
1112,0.2,0.0,frozen,4,model,0.6,0.0421,0.0378309545,0.0,0.0455,0.3606,0.3713,0.0332,0.0524,0.0032,0.9938,0.9175,0.4125,True,0,0
1112,0.2,0.0,frozen,5,model,0.6,0.0429,0.0387636566,0.0,0.0352,0.345,0.3525,0.0274,0.0463,0.0043,0.9925,0.9005,0.3969,True,0,0
1112,0.2,0.0,frozen,6,model,0.6,0.0442,0.0391375933,0.0,0.0319,0.3525,0.3494,0.0304,0.047,0.0058,0.9923,0.9192,0.43,True,0,0
1112,0.2,0.0,frozen,7,model,0.6,0.0421,0.0382235608,0.0,0.0739,0.3535,0.36,0.042,0.051,0.0078,0.9937,0.9173,0.41,True,0,0
1112,0.2,0.0,frozen,8,model,0.6,0.0433,0.0384762741,0.0,0.0602,0.3488,0.3644,0.0384,0.0492,0.0067,0.9926,0.9181,0.4012,True,0,0
1112,0.2,0.0,frozen,9,model,0.6,0.0387,0.0398598794,0.0,0.0306,0.3596,0.3494,0.0269,0.0465,0.0056,0.9936,0.9296,0.4331,True,0,0
1112,0.2,0.0,frozen,10,model,0.6,0.0454,0.0369123885,0.0,0.0539,0.3339,0.3644,0.0342,0.0502,0.0022,0.9928,0.891,0.3956,True,0,0
1112,0.2,0.0,frozen,11,model,0.6,0.0437,0.0385495907,0.0,0.0463,0.3511,0.37,0.0283,0.0509,0.0045,0.993,0.9002,0.3962,True,0,0
1112,0.2,0.0,prior,0,prior,0.6,0.1417,0.005366273,0.0,0.0524,0.1981,0.2206,0.0368,0.0305,0.0364,0.7983,0.9774,0.0,False,0,0
1112,0.2,0.0,prior,1,model,0.6,0.1358,0.0090809679,0.0,0.0427,0.1848,0.22,0.0181,0.0256,0.0277,0.7956,0.9756,0.0,False,0,0
1112,0.2,0.0,prior,2,model,0.6,0.1279,0.0124222718,0.0,0.056,0.2018,0.2462,0.0255,0.0335,0.0268,0.7961,0.9683,0.0,False,0,0
1112,0.2,0.0,prior,3,model,0.6,0.1379,0.0089851042,0.0,0.0364,0.1906,0.2094,0.022,0.0271,0.0369,0.7933,0.98,0.0,False,0,0
1112,0.2,0.0,prior,4,model,0.6,0.1342,0.0102498407,0.0,0.0364,0.215,0.2331,0.0173,0.0319,0.0289,0.7854,0.9737,0.0,False,0,0
1112,0.2,0.0,prior,5,model,0.6,0.1296,0.0128635352,0.0,0.04,0.1924,0.2225,0.0208,0.0277,0.0306,0.7865,0.9746,0.0,False,0,0
1112,0.2,0.0,prior,6,model,0.6,0.1346,0.0103890783,0.0,0.0288,0.1896,0.2137,0.0324,0.0299,0.0348,0.7773,0.978,0.0,False,0,0
1112,0.2,0.0,prior,7,model,0.6,0.1367,0.011004721,0.0,0.0537,0.2094,0.2181,0.014,0.0302,0.0311,0.8003,0.9752,0.0,False,0,0
1112,0.2,0.0,prior,8,model,0.6,0.1383,0.0091514523,0.0,0.052,0.203,0.2219,0.0348,0.0297,0.0345,0.7926,0.9726,0.0,False,0,0
1112,0.2,0.0,prior,9,model,0.6,0.1187,0.0155889418,0.0,0.0546,0.1747,0.2294,0.0331,0.0313,0.029,0.7973,0.9714,0.0,False,0,0
1112,0.2,0.0,prior,10,model,0.6,0.1388,0.0072873616,0.0,0.0315,0.2117,0.2244,0.0268,0.0301,0.0283,0.7869,0.971,0.0,False,0,0
1112,0.2,0.0,prior,11,model,0.6,0.1383,0.0074453642,0.0,0.0338,0.2026,0.2281,0.0195,0.0308,0.0327,0.8027,0.9772,0.0,False,0,0
1112,0.2,0.05,treatment,0,prior,0.622,0.1447,0.0052909699,-7.53031e-05,0.0556,0.1853,0.2202,0.0394,0.0248,0.0335,0.7983,0.9774,0.0,False,88,20
1112,0.2,0.05,treatment,1,model,0.6182,0.0623,0.0331895406,-0.002012575,0.192,0.4206,0.3432,0.0704,0.039,0.0014,0.9872,0.8449,0.2881,True,73,27
1112,0.2,0.05,treatment,2,model,0.618,0.0708,0.0313177932,-0.0013788286,0.134,0.3106,0.3442,0.0379,0.0455,0.0061,0.9863,0.9157,0.2606,True,72,21
1112,0.2,0.05,treatment,3,model,0.621,0.0495,0.038443676,-0.0019180679,0.1317,0.2769,0.3582,0.045,0.0443,0.0036,0.9931,0.9313,0.3356,True,84,30
1112,0.2,0.05,treatment,4,model,0.6158,0.0751,0.028389868,-0.0013333573,0.1353,0.444,0.3318,0.0949,0.0465,0.0073,0.9638,0.8325,0.1581,True,63,20
1112,0.2,0.05,treatment,5,model,0.6158,0.0564,0.0361133611,-0.0010549283,0.1482,0.3692,0.3435,0.0554,0.0447,0.0049,0.986,0.9069,0.3369,True,63,20
1112,0.2,0.05,treatment,6,model,0.6185,0.0703,0.0319350103,-0.0023870107,0.0672,0.3389,0.3218,0.0583,0.0376,0.008,0.9858,0.9323,0.3269,True,74,31
1112,0.2,0.05,treatment,7,model,0.6162,0.073,0.0296250015,-0.0007396108,0.1547,0.3498,0.3238,0.0433,0.037,0.0051,0.9836,0.7302,0.2531,True,65,18
1112,0.2,0.05,treatment,8,model,0.6198,0.0896,0.0254969064,-0.0010859487,0.1364,0.1834,0.3057,0.0566,0.0389,0.0098,0.9026,0.8771,0.0462,True,79,21
1112,0.2,0.05,treatment,9,model,0.618,0.0647,0.0327051514,-0.0021670065,0.082,0.2835,0.322,0.0449,0.0368,0.0052,0.9514,0.8264,0.1437,True,72,25
1112,0.2,0.05,treatment,10,model,0.6198,0.071,0.029570307,-0.0024399647,0.0759,0.2982,0.3393,0.0592,0.0485,0.0095,0.9415,0.9232,0.19,True,79,32
1112,0.2,0.05,treatment,11,model,0.6202,0.0593,0.0343691132,-0.0021399282,0.1773,0.335,0.3621,0.059,0.0493,0.0062,0.9768,0.8914,0.2725,True,81,25
1112,0.2,0.05,frozen,0,prior,0.6,0.1417,0.005366273,0.0,0.0524,0.1981,0.2206,0.0368,0.0305,0.0364,0.7983,0.9774,0.0,False,0,0
1112,0.2,0.05,frozen,1,model,0.6195,0.0638,0.0326037207,-0.0021376419,0.0303,0.3547,0.3417,0.0258,0.0441,0.0063,0.9918,0.9064,0.3806,True,78,29
1112,0.2,0.05,frozen,2,model,0.6168,0.0531,0.0360279769,-0.0014098333,0.0685,0.337,0.3718,0.0414,0.0521,0.0051,0.9911,0.9051,0.3506,True,67,21
1112,0.2,0.05,frozen,3,model,0.6212,0.0527,0.0382418936,-0.0016261591,0.0471,0.343,0.3531,0.0316,0.0466,0.0039,0.9908,0.8703,0.4031,True,85,29
1112,0.2,0.05,frozen,4,model,0.619,0.0501,0.0362827623,-0.0015481921,0.0472,0.3619,0.3747,0.0332,0.0534,0.0025,0.9938,0.9175,0.4125,True,76,23
1112,0.2,0.05,frozen,5,model,0.6172,0.0506,0.0375553431,-0.0012083136,0.0337,0.3461,0.354,0.0274,0.0464,0.0038,0.9925,0.9005,0.3969,True,69,22
1112,0.2,0.05,frozen,6,model,0.6195,0.0553,0.0370878868,-0.0020497065,0.0295,0.3523,0.3469,0.0304,0.0461,0.0054,0.9923,0.9192,0.43,True,78,31
1112,0.2,0.05,frozen,7,model,0.6198,0.05,0.0371285833,-0.0010949774,0.076,0.3549,0.3636,0.042,0.0521,0.0074,0.9937,0.9173,0.41,True,79,23
1112,0.2,0.05,frozen,8,model,0.618,0.0526,0.0366110785,-0.0018651956,0.0619,0.3471,0.3645,0.0384,0.051,0.0068,0.9926,0.9181,0.4012,True,72,26
1112,0.2,0.05,frozen,9,model,0.6175,0.049,0.0373482332,-0.0025116462,0.0343,0.3605,0.3471,0.0269,0.0462,0.0055,0.9936,0.9296,0.4331,True,70,28
1112,0.2,0.05,frozen,10,model,0.6205,0.058,0.0341449296,-0.0027674589,0.0525,0.3324,0.361,0.0342,0.0489,0.0021,0.9928,0.891,0.3956,True,82,35
1112,0.2,0.05,frozen,11,model,0.621,0.0527,0.0362294416,-0.0023201491,0.0504,0.3524,0.3734,0.0283,0.052,0.0044,0.993,0.9002,0.3962,True,84,26
1112,0.2,0.05,prior,0,prior,0.622,0.1447,0.0052909699,-7.53031e-05,0.0556,0.1853,0.2202,0.0394,0.0248,0.0335,0.7983,0.9774,0.0,False,88,20
1112,0.2,0.05,prior,1,model,0.6218,0.1391,0.0084337002,-0.0006472677,0.0557,0.1972,0.2194,0.0303,0.0221,0.0262,0.7956,0.9756,0.0,False,87,20
1112,0.2,0.05,prior,2,model,0.6172,0.13,0.0122004791,-0.0002217927,0.0401,0.2235,0.2482,0.0186,0.0348,0.0269,0.7961,0.9683,0.0,False,69,14
1112,0.2,0.05,prior,3,model,0.6195,0.1392,0.0090925019,0.0001073977,0.0456,0.1771,0.2109,0.0306,0.0238,0.0323,0.7933,0.98,0.0,False,78,14
1112,0.2,0.05,prior,4,model,0.6192,0.1385,0.0091054803,-0.0011443604,0.0453,0.2305,0.2311,0.0315,0.0316,0.0259,0.7854,0.9737,0.0,False,77,21
1112,0.2,0.05,prior,5,model,0.6202,0.1314,0.01252244,-0.0003410952,0.0671,0.168,0.2245,0.063,0.0211,0.0302,0.7865,0.9746,0.0,False,81,15
1112,0.2,0.05,prior,6,model,0.6212,0.138,0.0098036218,-0.0005854565,0.0405,0.1882,0.2125,0.0214,0.027,0.0362,0.7773,0.978,0.0,False,85,20
1112,0.2,0.05,prior,7,model,0.6195,0.138,0.0108639296,-0.0001407914,0.0697,0.2091,0.2201,0.0328,0.0304,0.0302,0.8003,0.9752,0.0,False,78,14
1112,0.2,0.05,prior,8,model,0.6178,0.1408,0.0087491432,-0.0004023091,0.037,0.2366,0.2217,0.0436,0.0296,0.0319,0.7926,0.9726,0.0,False,71,16
1112,0.2,0.05,prior,9,model,0.6202,0.1233,0.0142878519,-0.0013010899,0.0505,0.1835,0.2278,0.0208,0.0302,0.0308,0.7973,0.9714,0.0,False,81,21
1112,0.2,0.05,prior,10,model,0.6195,0.1416,0.0063934977,-0.0008938639,0.0351,0.2104,0.224,0.0113,0.0287,0.0281,0.7869,0.971,0.0,False,78,18
1112,0.2,0.05,prior,11,model,0.623,0.1388,0.0070589933,-0.0003863709,0.0473,0.2147,0.2328,0.0141,0.029,0.0307,0.8027,0.9772,0.0,False,92,14
1112,0.4,0.0,treatment,0,prior,0.6,0.0854,0.0241703109,0.0,0.096,0.2128,0.305,0.0339,0.0446,0.0173,0.831,0.9132,0.0019,False,0,0
1112,0.4,0.0,treatment,1,model,0.6,0.0537,0.03433812,0.0,0.1946,0.1485,0.3431,0.077,0.0371,0.0044,0.995,0.9315,0.4138,True,0,0
1112,0.4,0.0,treatment,2,model,0.6,0.0858,0.025585646,0.0,0.0938,0.2192,0.3094,0.0361,0.0387,0.0103,0.9442,0.7863,0.0344,True,0,0
1112,0.4,0.0,treatment,3,model,0.6,0.0467,0.0381173475,0.0,0.2142,0.1657,0.3463,0.0773,0.0439,0.0028,0.9836,0.9253,0.2769,True,0,0
1112,0.4,0.0,treatment,4,model,0.6,0.0583,0.0337319923,0.0,0.1243,0.2226,0.3469,0.0553,0.0488,0.0073,0.9838,0.9078,0.2694,True,0,0
1112,0.4,0.0,treatment,5,model,0.6,0.0483,0.0365822569,0.0,0.2126,0.1317,0.3444,0.081,0.0399,0.0047,0.9924,0.9033,0.3162,True,0,0
1112,0.4,0.0,treatment,6,model,0.6,0.0696,0.0304539951,0.0,0.1321,0.2,0.3113,0.0491,0.0355,0.0066,0.9874,0.9048,0.1812,True,0,0
1112,0.4,0.0,treatment,7,model,0.6,0.0587,0.0332615796,0.0,0.1539,0.1811,0.335,0.0607,0.0438,0.008,0.9837,0.8524,0.3225,True,0,0
1112,0.4,0.0,treatment,8,model,0.6,0.0508,0.0366418355,0.0,0.1823,0.1708,0.3531,0.0738,0.0451,0.0063,0.9835,0.8759,0.2594,True,0,0
1112,0.4,0.0,treatment,9,model,0.6,0.0433,0.0385902256,0.0,0.2444,0.0981,0.3425,0.0998,0.0391,0.0022,0.9929,0.9139,0.3538,True,0,0
1112,0.4,0.0,treatment,10,model,0.6,0.0654,0.0303751878,0.0,0.1448,0.1899,0.3344,0.0582,0.044,0.0037,0.9869,0.9184,0.1425,True,0,0
1112,0.4,0.0,treatment,11,model,0.6,0.0592,0.0331835179,0.0,0.1302,0.2609,0.3469,0.0456,0.0457,0.0061,0.989,0.916,0.3169,True,0,0
1112,0.4,0.0,frozen,0,prior,0.6,0.0854,0.0241703109,0.0,0.096,0.2128,0.305,0.0339,0.0446,0.0173,0.831,0.9132,0.0019,False,0,0
1112,0.4,0.0,frozen,1,model,0.6,0.0537,0.03433812,0.0,0.0538,0.3015,0.3431,0.0335,0.0417,0.0044,0.995,0.9315,0.4138,True,0,0
1112,0.4,0.0,frozen,2,model,0.6,0.0517,0.0358698771,0.0,0.0703,0.2959,0.3606,0.039,0.0466,0.0025,0.997,0.9536,0.43,True,0,0
1112,0.4,0.0,frozen,3,model,0.6,0.0387,0.0397243346,0.0,0.065,0.2989,0.3581,0.0308,0.0461,0.0018,0.9958,0.9367,0.4444,True,0,0
1112,0.4,0.0,frozen,4,model,0.6,0.0425,0.0377633192,0.0,0.0642,0.3112,0.3706,0.0325,0.0527,0.0027,0.9969,0.9541,0.455,True,0,0
1112,0.4,0.0,frozen,5,model,0.6,0.0429,0.0385355065,0.0,0.0573,0.2982,0.3525,0.0304,0.0424,0.0017,0.9971,0.9168,0.4575,True,0,0
1112,0.4,0.0,frozen,6,model,0.6,0.0454,0.0390545462,0.0,0.0475,0.3102,0.3475,0.0275,0.0466,0.0052,0.9967,0.9346,0.49,True,0,0
1112,0.4,0.0,frozen,7,model,0.6,0.0421,0.0378092465,0.0,0.0667,0.3112,0.36,0.0334,0.0459,0.0046,0.997,0.9348,0.4494,True,0,0
1112,0.4,0.0,frozen,8,model,0.6,0.0408,0.039823164,0.0,0.0704,0.3041,0.3681,0.0335,0.0512,0.0045,0.9974,0.9455,0.4606,True,0,0
1112,0.4,0.0,frozen,9,model,0.6,0.0375,0.0408481926,0.0,0.0478,0.3115,0.3513,0.0224,0.0467,0.0034,0.9972,0.9502,0.4788,True,0,0
1112,0.4,0.0,frozen,10,model,0.6,0.0471,0.0358420216,0.0,0.0773,0.2867,0.3619,0.0412,0.049,0.0027,0.9959,0.9435,0.4344,True,0,0
1112,0.4,0.0,frozen,11,model,0.6,0.0458,0.0376625017,0.0,0.0728,0.3,0.3669,0.0366,0.0484,0.003,0.9956,0.9351,0.4419,True,0,0
1112,0.4,0.0,prior,0,prior,0.6,0.0854,0.0241703109,0.0,0.096,0.2128,0.305,0.0339,0.0446,0.0173,0.831,0.9132,0.0019,False,0,0
1112,0.4,0.0,prior,1,model,0.6,0.0896,0.024292264,0.0,0.097,0.1946,0.2894,0.0357,0.0366,0.0145,0.8309,0.9178,0.0006,False,0,0
1112,0.4,0.0,prior,2,model,0.6,0.0833,0.0263966927,0.0,0.115,0.1991,0.3131,0.0443,0.0429,0.0107,0.8335,0.8899,0.0,False,0,0
1112,0.4,0.0,prior,3,model,0.6,0.0829,0.0260321454,0.0,0.1054,0.2017,0.2919,0.0386,0.0392,0.02,0.8247,0.9153,0.0019,False,0,0
1112,0.4,0.0,prior,4,model,0.6,0.0904,0.0234380491,0.0,0.1002,0.2079,0.2988,0.0395,0.0445,0.02,0.8278,0.9054,0.0,False,0,0
1112,0.4,0.0,prior,5,model,0.6,0.085,0.0261503348,0.0,0.0948,0.2019,0.2894,0.0358,0.039,0.018,0.8278,0.9105,0.005,False,0,0
1112,0.4,0.0,prior,6,model,0.6,0.085,0.0270403675,0.0,0.0879,0.2038,0.2881,0.0296,0.0401,0.0196,0.8244,0.9126,0.0031,False,0,0
1112,0.4,0.0,prior,7,model,0.6,0.0883,0.0248375887,0.0,0.0851,0.2056,0.2906,0.0314,0.0416,0.0176,0.8263,0.9232,0.0006,False,0,0
1112,0.4,0.0,prior,8,model,0.6,0.0838,0.0259451138,0.0,0.1087,0.1951,0.3038,0.0409,0.0432,0.018,0.8324,0.9159,0.0044,False,0,0
1112,0.4,0.0,prior,9,model,0.6,0.0792,0.0280245386,0.0,0.1133,0.1787,0.2888,0.0434,0.04,0.0187,0.8319,0.9252,0.0063,False,0,0
1112,0.4,0.0,prior,10,model,0.6,0.095,0.0209013652,0.0,0.0697,0.2436,0.29,0.0278,0.0419,0.02,0.8303,0.8991,0.0006,False,0,0
1112,0.4,0.0,prior,11,model,0.6,0.0813,0.026256792,0.0,0.1069,0.2191,0.3137,0.0357,0.043,0.016,0.822,0.9088,0.0031,False,0,0
1112,0.4,0.05,treatment,0,prior,0.6222,0.0948,0.0225797545,-0.0015905564,0.0666,0.2502,0.3024,0.036,0.0409,0.0184,0.831,0.9132,0.0019,False,89,31
1112,0.4,0.05,treatment,1,model,0.6205,0.0729,0.0302367817,-0.0019913856,0.0532,0.2742,0.3274,0.0213,0.0391,0.0069,0.9791,0.8133,0.235,True,82,29
1112,0.4,0.05,treatment,2,model,0.6175,0.0648,0.0322141058,-0.0016057602,0.1663,0.2199,0.3536,0.0582,0.0454,0.0048,0.9722,0.8744,0.22,True,70,23
1112,0.4,0.05,treatment,3,model,0.6232,0.0666,0.0334131873,-0.0011867437,0.151,0.2753,0.3318,0.055,0.0422,0.0078,0.9595,0.8737,0.165,True,93,27
1112,0.4,0.05,treatment,4,model,0.6192,0.0634,0.0325177678,-0.0016620312,0.102,0.3668,0.3533,0.0319,0.0465,0.0047,0.9907,0.9386,0.2906,True,77,24
1112,0.4,0.05,treatment,5,model,0.6188,0.0723,0.0297305438,-0.001092206,0.0763,0.2437,0.32,0.0311,0.0436,0.0152,0.9586,0.8759,0.1556,True,75,22
1112,0.4,0.05,treatment,6,model,0.6185,0.0578,0.0359680929,-0.0021950238,0.0955,0.3473,0.3421,0.0245,0.0452,0.0083,0.9766,0.8714,0.2994,True,74,31
1112,0.4,0.05,treatment,7,model,0.6192,0.0614,0.0336210376,-0.0007990253,0.1133,0.2727,0.3447,0.0165,0.0425,0.002,0.9918,0.8946,0.3925,True,77,20
1112,0.4,0.05,treatment,8,model,0.619,0.0687,0.0318430429,-0.0018362286,0.1046,0.2548,0.3392,0.0397,0.0454,0.0115,0.9514,0.9172,0.1769,True,76,25
1112,0.4,0.05,treatment,9,model,0.6168,0.0507,0.0368728352,-0.0023051362,0.0879,0.3741,0.3438,0.0499,0.0388,0.0017,0.9917,0.891,0.3575,True,67,26
1112,0.4,0.05,treatment,10,model,0.6205,0.083,0.0245121221,-0.0017358339,0.1305,0.2512,0.3202,0.0547,0.0419,0.0072,0.9665,0.8152,0.1606,True,82,26
1112,0.4,0.05,treatment,11,model,0.619,0.0626,0.0329593342,-0.0017380307,0.1085,0.3619,0.3556,0.0527,0.0479,0.005,0.9626,0.8385,0.2569,True,76,22
1112,0.4,0.05,frozen,0,prior,0.6,0.0854,0.0241703109,0.0,0.096,0.2128,0.305,0.0339,0.0446,0.0173,0.831,0.9132,0.0019,False,0,0
1112,0.4,0.05,frozen,1,model,0.62,0.0641,0.0321768825,-0.0021612375,0.0509,0.3018,0.3414,0.0335,0.0412,0.0044,0.995,0.9315,0.4138,True,80,30
1112,0.4,0.05,frozen,2,model,0.6185,0.0594,0.0342016288,-0.0016682483,0.0706,0.2971,0.363,0.039,0.0473,0.0025,0.997,0.9536,0.43,True,74,23
1112,0.4,0.05,frozen,3,model,0.6218,0.0507,0.0375969119,-0.0021274228,0.0689,0.2987,0.3569,0.0308,0.0458,0.002,0.9958,0.9367,0.4444,True,87,33
1112,0.4,0.05,frozen,4,model,0.6188,0.0501,0.0362612144,-0.0015021049,0.0673,0.3122,0.3744,0.0325,0.0521,0.0023,0.9969,0.9541,0.455,True,75,22
1112,0.4,0.05,frozen,5,model,0.6178,0.0514,0.0371900924,-0.0013454141,0.0587,0.2986,0.3532,0.0304,0.0428,0.0019,0.9971,0.9168,0.4575,True,71,24
1112,0.4,0.05,frozen,6,model,0.6198,0.0565,0.0369905373,-0.0020640089,0.0449,0.31,0.3452,0.0275,0.0447,0.0059,0.9967,0.9346,0.49,True,79,31
1112,0.4,0.05,frozen,7,model,0.6198,0.0496,0.0368348998,-0.0009743467,0.0723,0.3108,0.3642,0.0334,0.0474,0.0049,0.997,0.9348,0.4494,True,79,22
1112,0.4,0.05,frozen,8,model,0.6185,0.0505,0.037971131,-0.001852033,0.0711,0.3039,0.3683,0.0335,0.0512,0.0041,0.9974,0.9455,0.4606,True,74,27
1112,0.4,0.05,frozen,9,model,0.618,0.0469,0.0387895605,-0.0020586321,0.0476,0.3115,0.3508,0.0224,0.0467,0.0033,0.9972,0.9502,0.4788,True,72,26
1112,0.4,0.05,frozen,10,model,0.6212,0.06,0.0330610315,-0.0027809901,0.0741,0.2867,0.3584,0.0412,0.047,0.0027,0.9959,0.9435,0.4344,True,85,36
1112,0.4,0.05,frozen,11,model,0.6205,0.0548,0.0352809709,-0.0023815309,0.0757,0.2999,0.3696,0.0366,0.0492,0.0031,0.9956,0.9351,0.4419,True,82,26
1112,0.4,0.05,prior,0,prior,0.6222,0.0948,0.0225797545,-0.0015905564,0.0666,0.2502,0.3024,0.036,0.0409,0.0184,0.831,0.9132,0.0019,False,89,31
1112,0.4,0.05,prior,1,model,0.6212,0.097,0.0228954549,-0.0013968091,0.0895,0.2797,0.2884,0.0332,0.0351,0.0121,0.8309,0.9178,0.0006,False,85,26
1112,0.4,0.05,prior,2,model,0.6175,0.0891,0.0252192714,-0.0011774213,0.0602,0.3066,0.3144,0.0425,0.0429,0.0157,0.8335,0.8899,0.0,False,70,20
1112,0.4,0.05,prior,3,model,0.621,0.0898,0.0249195698,-0.0011125755,0.0952,0.2343,0.2922,0.043,0.0375,0.0182,0.8247,0.9153,0.0019,False,84,24
1112,0.4,0.05,prior,4,model,0.6185,0.0982,0.0215455542,-0.0018924949,0.0635,0.2463,0.2962,0.0606,0.0405,0.0141,0.8278,0.9054,0.0,False,74,26
1112,0.4,0.05,prior,5,model,0.6212,0.0913,0.0250893261,-0.0010610087,0.0351,0.2742,0.2904,0.0294,0.0385,0.0185,0.8278,0.9105,0.005,False,85,23
1112,0.4,0.05,prior,6,model,0.6222,0.0932,0.0253963919,-0.0016439757,0.0692,0.2668,0.2866,0.0692,0.0363,0.0159,0.8244,0.9126,0.0031,False,89,28
1112,0.4,0.05,prior,7,model,0.6198,0.0928,0.0243533255,-0.0004842632,0.0924,0.2326,0.2939,0.0251,0.0423,0.0195,0.8263,0.9232,0.0006,False,79,18
1112,0.4,0.05,prior,8,model,0.619,0.0901,0.0249881935,-0.0009569203,0.0741,0.2401,0.3045,0.0573,0.0413,0.0182,0.8324,0.9159,0.0044,False,76,22
1112,0.4,0.05,prior,9,model,0.62,0.0871,0.0261273828,-0.0018971558,0.0658,0.3157,0.2868,0.0657,0.0351,0.0156,0.8319,0.9252,0.0063,False,80,26
1112,0.4,0.05,prior,10,model,0.6192,0.1021,0.019182273,-0.0017190922,0.0994,0.2609,0.2882,0.0317,0.0364,0.0133,0.8303,0.8991,0.0006,False,77,25
1112,0.4,0.05,prior,11,model,0.6232,0.0866,0.0249935197,-0.0012632723,0.1128,0.2101,0.3192,0.0391,0.0457,0.016,0.822,0.9088,0.0031,False,93,21
1112,1.0,0.0,treatment,0,prior,0.6,0.0138,0.0475307783,0.0,0.3798,0.0327,0.4125,0.1496,0.0546,0.0004,0.9714,0.7369,0.2087,True,0,0
1112,1.0,0.0,treatment,1,model,0.6,0.1046,0.0183796567,0.0,0.0483,0.2284,0.2669,0.03,0.0326,0.0185,0.9658,0.6609,0.0769,True,0,0
1112,1.0,0.0,treatment,2,model,0.6,0.0542,0.0353040129,0.0,0.1876,0.2486,0.3569,0.0701,0.0467,0.004,0.9925,0.871,0.3069,True,0,0
1112,1.0,0.0,treatment,3,model,0.6,0.0446,0.0382927337,0.0,0.189,0.1613,0.3494,0.0727,0.0444,0.0057,0.9847,0.9227,0.2762,True,0,0
1112,1.0,0.0,treatment,4,model,0.6,0.0471,0.0364573832,0.0,0.2191,0.1531,0.3638,0.0786,0.0462,0.0033,0.9903,0.9075,0.2706,True,0,0
1112,1.0,0.0,treatment,5,model,0.6,0.0658,0.0315218421,0.0,0.0866,0.246,0.3181,0.0296,0.0392,0.0082,0.9844,0.8139,0.2125,True,0,0
1112,1.0,0.0,treatment,6,model,0.6,0.0492,0.0377602265,0.0,0.1655,0.2128,0.3419,0.061,0.0423,0.0055,0.9875,0.8503,0.275,True,0,0
1112,1.0,0.0,treatment,7,model,0.6,0.0592,0.0322558023,0.0,0.1107,0.2462,0.3344,0.0387,0.0399,0.0036,0.9921,0.9079,0.3719,True,0,0
1112,1.0,0.0,treatment,8,model,0.6,0.0604,0.0341616928,0.0,0.1941,0.1617,0.3387,0.0751,0.0446,0.0085,0.9751,0.9096,0.1856,True,0,0
1112,1.0,0.0,treatment,9,model,0.6,0.0542,0.0346250435,0.0,0.1585,0.1688,0.3262,0.0606,0.0368,0.0042,0.9921,0.9262,0.3531,True,0,0
1112,1.0,0.0,treatment,10,model,0.6,0.0587,0.0337010761,0.0,0.1747,0.1757,0.3444,0.0658,0.0458,0.0044,0.9788,0.8461,0.2288,True,0,0
1112,1.0,0.0,treatment,11,model,0.6,0.0446,0.0375837762,0.0,0.2027,0.2696,0.3688,0.0712,0.049,0.004,0.9922,0.9098,0.3369,True,0,0
1112,1.0,0.0,frozen,0,prior,0.6,0.0138,0.0475307783,0.0,0.3798,0.0327,0.4125,0.1496,0.0546,0.0004,0.9714,0.7369,0.2087,True,0,0
1112,1.0,0.0,frozen,1,model,0.6,0.1046,0.0183796567,0.0,0.23,0.0472,0.2669,0.1494,0.0114,0.0003,0.9658,0.6609,0.0769,True,0,0
1112,1.0,0.0,frozen,2,model,0.6,0.1083,0.0175150617,0.0,0.2338,0.0421,0.2756,0.1529,0.0142,0.0003,0.949,0.7114,0.025,True,0,0
1112,1.0,0.0,frozen,3,model,0.6,0.0958,0.0234568107,0.0,0.235,0.0387,0.2725,0.1458,0.0128,0.0002,0.9507,0.6784,0.0231,True,0,0
1112,1.0,0.0,frozen,4,model,0.6,0.1108,0.0176296944,0.0,0.2257,0.0463,0.2681,0.1511,0.012,0.0008,0.9537,0.6996,0.0281,True,0,0
1112,1.0,0.0,frozen,5,model,0.6,0.0958,0.0233563291,0.0,0.2353,0.0444,0.2731,0.1459,0.0129,0.0002,0.9564,0.6662,0.0387,True,0,0
1112,1.0,0.0,frozen,6,model,0.6,0.0988,0.0217972441,0.0,0.2172,0.0503,0.2675,0.1405,0.0126,0.0011,0.9567,0.6829,0.0512,True,0,0
1112,1.0,0.0,frozen,7,model,0.6,0.1054,0.0178062631,0.0,0.2218,0.0446,0.265,0.1465,0.0114,0.0003,0.9607,0.5972,0.0644,True,0,0
1112,1.0,0.0,frozen,8,model,0.6,0.1096,0.0184902192,0.0,0.2196,0.0467,0.265,0.148,0.0118,0.0001,0.9522,0.6071,0.0344,True,0,0
1112,1.0,0.0,frozen,9,model,0.6,0.105,0.0200893993,0.0,0.2158,0.0454,0.25,0.1437,0.0079,0.0001,0.9563,0.6528,0.04,True,0,0
1112,1.0,0.0,frozen,10,model,0.6,0.1096,0.0149744263,0.0,0.222,0.0464,0.2681,0.149,0.0122,0.0003,0.9548,0.634,0.0569,True,0,0
1112,1.0,0.0,frozen,11,model,0.6,0.1083,0.0167568853,0.0,0.2389,0.048,0.2731,0.1551,0.0127,0.0001,0.9611,0.5955,0.0631,True,0,0
1112,1.0,0.0,prior,0,prior,0.6,0.0138,0.0475307783,0.0,0.3798,0.0327,0.4125,0.1496,0.0546,0.0004,0.9714,0.7369,0.2087,True,0,0
1112,1.0,0.0,prior,1,model,0.6,0.0138,0.0472788461,0.0,0.3832,0.0368,0.4031,0.1484,0.0509,0.0,0.9711,0.7826,0.2019,True,0,0
1112,1.0,0.0,prior,2,model,0.6,0.0208,0.0452456609,0.0,0.3732,0.0337,0.4069,0.1494,0.0528,0.0,0.9678,0.8384,0.2062,True,0,0
1112,1.0,0.0,prior,3,model,0.6,0.015,0.0475197307,0.0,0.3618,0.032,0.3937,0.144,0.0483,0.0007,0.9683,0.8035,0.195,True,0,0
1112,1.0,0.0,prior,4,model,0.6,0.0133,0.0474527194,0.0,0.3976,0.0168,0.4144,0.1587,0.0548,0.0,0.9702,0.7867,0.1975,True,0,0
1112,1.0,0.0,prior,5,model,0.6,0.015,0.0473821802,0.0,0.3575,0.0368,0.3944,0.1412,0.0485,0.0001,0.9712,0.81,0.2206,True,0,0
1112,1.0,0.0,prior,6,model,0.6,0.0171,0.0467211716,0.0,0.3709,0.0191,0.39,0.1487,0.0471,0.0004,0.9702,0.7797,0.215,True,0,0
1112,1.0,0.0,prior,7,model,0.6,0.0167,0.0456802016,0.0,0.3731,0.025,0.3981,0.1493,0.0511,0.0001,0.9733,0.7962,0.2419,True,0,0
1112,1.0,0.0,prior,8,model,0.6,0.0192,0.0464785691,0.0,0.3711,0.0295,0.4006,0.1485,0.052,0.0002,0.9697,0.8003,0.1956,True,0,0
1112,1.0,0.0,prior,9,model,0.6,0.01,0.0487742765,0.0,0.3778,0.0147,0.3925,0.1514,0.0475,0.0002,0.9721,0.7949,0.2006,True,0,0
1112,1.0,0.0,prior,10,model,0.6,0.0154,0.0456216455,0.0,0.3865,0.031,0.4094,0.1493,0.0532,0.0,0.973,0.8215,0.2094,True,0,0
1112,1.0,0.0,prior,11,model,0.6,0.0133,0.0474607545,0.0,0.3945,0.0211,0.4156,0.158,0.0554,0.0005,0.974,0.816,0.2062,True,0,0
1112,1.0,0.05,treatment,0,prior,0.6238,0.0301,0.0444245854,-0.0031061929,0.1751,0.282,0.4106,0.0778,0.0574,0.0004,0.9714,0.7369,0.2087,True,95,42
1112,1.0,0.05,treatment,1,model,0.6212,0.0845,0.0258237499,-0.0012488002,0.0975,0.2807,0.3089,0.051,0.036,0.012,0.9255,0.8856,0.0938,True,85,25
1112,1.0,0.05,treatment,2,model,0.6168,0.0685,0.0318997023,-0.0011155398,0.106,0.2534,0.347,0.0379,0.0438,0.0044,0.985,0.5012,0.2675,True,67,18
1112,1.0,0.05,treatment,3,model,0.6238,0.0629,0.0355581695,-0.000798644,0.198,0.2859,0.3382,0.0767,0.0429,0.0054,0.9826,0.9002,0.2669,True,95,27
1112,1.0,0.05,treatment,4,model,0.616,0.0653,0.0321086725,-0.0017151633,0.1124,0.2645,0.3477,0.0364,0.0453,0.0047,0.965,0.8684,0.2137,True,64,21
1112,1.0,0.05,treatment,5,model,0.619,0.0699,0.0312470783,-0.0010259112,0.1069,0.2698,0.3241,0.0333,0.0414,0.008,0.9491,0.8742,0.1356,True,76,21
1112,1.0,0.05,treatment,6,model,0.6208,0.0648,0.0348427752,-0.0020627103,0.1056,0.3461,0.3322,0.0294,0.041,0.0077,0.9923,0.9182,0.2894,True,83,31
1112,1.0,0.05,treatment,7,model,0.619,0.0642,0.0324211063,-0.0007385636,0.0835,0.2611,0.3399,0.0411,0.0451,0.0095,0.9646,0.9245,0.2494,True,76,21
1112,1.0,0.05,treatment,8,model,0.6202,0.0601,0.0347222388,-0.0015842926,0.0891,0.2916,0.3542,0.0368,0.0452,0.0062,0.9887,0.9383,0.255,True,81,26
1112,1.0,0.05,treatment,9,model,0.6165,0.0681,0.032010244,-0.0019319404,0.0511,0.2734,0.3155,0.0187,0.0391,0.0096,0.971,0.6816,0.145,True,66,23
1112,1.0,0.05,treatment,10,model,0.6205,0.0685,0.0303613069,-0.0021251652,0.0995,0.2943,0.3439,0.0338,0.0461,0.0088,0.9915,0.9243,0.3875,True,82,32
1112,1.0,0.05,treatment,11,model,0.6212,0.0588,0.03413283,-0.001991538,0.1117,0.252,0.3637,0.0428,0.046,0.004,0.9876,0.9335,0.2687,True,85,24
1112,1.0,0.05,frozen,0,prior,0.6,0.0138,0.0475307783,0.0,0.3798,0.0327,0.4125,0.1496,0.0546,0.0004,0.9714,0.7369,0.2087,True,0,0
1112,1.0,0.05,frozen,1,model,0.6238,0.1098,0.0173106813,-0.0010689754,0.2309,0.0478,0.2684,0.1494,0.0118,0.0003,0.9658,0.6609,0.0769,True,95,23
1112,1.0,0.05,frozen,2,model,0.6198,0.1121,0.0166140633,-0.0009009984,0.2363,0.0422,0.2781,0.1529,0.0147,0.0003,0.949,0.7114,0.025,True,79,18
1112,1.0,0.05,frozen,3,model,0.6202,0.1032,0.0219997274,-0.0014570833,0.2339,0.038,0.2699,0.1458,0.0121,0.0004,0.9507,0.6784,0.0231,True,81,26
1112,1.0,0.05,frozen,4,model,0.6185,0.1148,0.0168461984,-0.0007834959,0.2256,0.0463,0.2693,0.1511,0.0124,0.0009,0.9537,0.6996,0.0281,True,74,18
1112,1.0,0.05,frozen,5,model,0.6245,0.1013,0.0227615344,-0.0005947947,0.2385,0.0442,0.2756,0.1459,0.0134,0.0002,0.9564,0.6662,0.0387,True,98,23
1112,1.0,0.05,frozen,6,model,0.6165,0.1042,0.0209999473,-0.0007972967,0.2173,0.0493,0.266,0.1405,0.0122,0.0013,0.9567,0.6829,0.0512,True,66,20
1112,1.0,0.05,frozen,7,model,0.6182,0.1088,0.0173475652,-0.0004586979,0.2249,0.0437,0.2672,0.1465,0.0119,0.0002,0.9607,0.5972,0.0644,True,73,16
1112,1.0,0.05,frozen,8,model,0.621,0.1135,0.0176131608,-0.0008770585,0.2215,0.0471,0.2672,0.148,0.0123,0.0001,0.9522,0.6071,0.0344,True,84,19
1112,1.0,0.05,frozen,9,model,0.6185,0.1091,0.0189785393,-0.00111086,0.216,0.0454,0.2503,0.1437,0.0081,0.0001,0.9563,0.6528,0.04,True,74,18
1112,1.0,0.05,frozen,10,model,0.618,0.1141,0.0140588706,-0.0009155558,0.2234,0.046,0.2683,0.149,0.0121,0.0003,0.9548,0.634,0.0569,True,72,19
1112,1.0,0.05,frozen,11,model,0.6195,0.1122,0.0157000129,-0.0010568724,0.2395,0.0483,0.2753,0.1551,0.0133,0.0001,0.9611,0.5955,0.0631,True,78,18
1112,1.0,0.05,prior,0,prior,0.6238,0.0301,0.0444245854,-0.0031061929,0.1751,0.282,0.4106,0.0778,0.0574,0.0004,0.9714,0.7369,0.2087,True,95,42
1112,1.0,0.05,prior,1,model,0.6205,0.0274,0.0445272174,-0.0027516287,0.1414,0.2924,0.4018,0.0214,0.0527,0.0002,0.9711,0.7826,0.2019,True,82,35
1112,1.0,0.05,prior,2,model,0.6178,0.0304,0.0433243751,-0.0019212858,0.1744,0.2699,0.4094,0.0438,0.0553,0.0004,0.9678,0.8384,0.2062,True,71,25
1112,1.0,0.05,prior,3,model,0.6218,0.0277,0.0453596304,-0.0021601003,0.1752,0.2194,0.3946,0.0504,0.0524,0.0013,0.9683,0.8035,0.195,True,87,33
1112,1.0,0.05,prior,4,model,0.618,0.0239,0.0452236145,-0.0022291049,0.2235,0.1932,0.4162,0.0418,0.057,0.0004,0.9702,0.7867,0.1975,True,72,27
1112,1.0,0.05,prior,5,model,0.6185,0.0247,0.0460609647,-0.0013212155,0.2071,0.1913,0.3971,0.0792,0.0517,0.0006,0.9712,0.81,0.2206,True,74,25
1112,1.0,0.05,prior,6,model,0.62,0.031,0.0439988192,-0.0027223524,0.1299,0.367,0.3868,0.0664,0.0496,0.0004,0.9702,0.7797,0.215,True,80,36
1112,1.0,0.05,prior,7,model,0.6192,0.0266,0.0441608991,-0.0015193025,0.1803,0.2209,0.4012,0.0684,0.0543,0.0004,0.9733,0.7962,0.2419,True,77,26
1112,1.0,0.05,prior,8,model,0.6182,0.0315,0.0438009789,-0.0026775902,0.1085,0.3345,0.3988,0.0389,0.0529,0.0012,0.9697,0.8003,0.1956,True,73,32
1112,1.0,0.05,prior,9,model,0.618,0.0218,0.0460198961,-0.0027543804,0.1704,0.3158,0.3914,0.0394,0.0497,0.0006,0.9721,0.7949,0.2006,True,72,30
1112,1.0,0.05,prior,10,model,0.6225,0.0301,0.0427113856,-0.0029102598,0.1225,0.3157,0.4086,0.0486,0.056,0.0,0.973,0.8215,0.2094,True,90,38
1112,1.0,0.05,prior,11,model,0.6205,0.0242,0.044922042,-0.0025387125,0.1637,0.3537,0.4196,0.0794,0.0598,0.0003,0.974,0.816,0.2062,True,82,28
1128,0.2,0.0,treatment,0,prior,0.6,0.1342,0.009383322,0.0,0.0409,0.2019,0.2144,0.0268,0.0254,0.0279,0.7825,0.9755,0.0,False,0,0
1128,0.2,0.0,treatment,1,model,0.6,0.0404,0.0388209641,0.0,0.1859,0.1682,0.3531,0.0742,0.0419,0.0022,0.9962,0.9301,0.3831,True,0,0
1128,0.2,0.0,treatment,2,model,0.6,0.0633,0.0333802082,0.0,0.1128,0.2291,0.3419,0.045,0.0444,0.0065,0.9821,0.8209,0.2931,True,0,0
1128,0.2,0.0,treatment,3,model,0.6,0.0517,0.0345045398,0.0,0.2047,0.1428,0.3475,0.0817,0.0423,0.0036,0.9923,0.9263,0.3088,True,0,0
1128,0.2,0.0,treatment,4,model,0.6,0.0621,0.0321998918,0.0,0.1084,0.2318,0.3319,0.0424,0.0433,0.0074,0.9771,0.8025,0.1819,True,0,0
1128,0.2,0.0,treatment,5,model,0.6,0.0437,0.0383740217,0.0,0.2502,0.1185,0.3688,0.0996,0.0445,0.0014,0.9937,0.9279,0.3588,True,0,0
1128,0.2,0.0,treatment,6,model,0.6,0.0846,0.0260938564,0.0,0.0619,0.3302,0.3225,0.022,0.0441,0.0129,0.9741,0.8335,0.1475,True,0,0
1128,0.2,0.0,treatment,7,model,0.6,0.0413,0.0393644451,0.0,0.2671,0.0804,0.3475,0.1067,0.0375,0.0041,0.997,0.9287,0.4713,True,0,0
1128,0.2,0.0,treatment,8,model,0.6,0.0596,0.0324167011,0.0,0.1369,0.1933,0.3275,0.0479,0.0367,0.0051,0.9901,0.9023,0.2462,True,0,0
1128,0.2,0.0,treatment,9,model,0.6,0.0563,0.0349901336,0.0,0.1461,0.1939,0.34,0.0568,0.0422,0.0042,0.9894,0.8158,0.3031,True,0,0
1128,0.2,0.0,treatment,10,model,0.6,0.0488,0.0356599124,0.0,0.2114,0.1317,0.3431,0.0868,0.0405,0.0045,0.9917,0.9003,0.32,True,0,0
1128,0.2,0.0,treatment,11,model,0.6,0.0567,0.035122499,0.0,0.1472,0.1678,0.315,0.0581,0.0333,0.0032,0.9888,0.9153,0.2975,True,0,0
1128,0.2,0.0,frozen,0,prior,0.6,0.1342,0.009383322,0.0,0.0409,0.2019,0.2144,0.0268,0.0254,0.0279,0.7825,0.9755,0.0,False,0,0
1128,0.2,0.0,frozen,1,model,0.6,0.0404,0.0388209641,0.0,0.0369,0.3608,0.3531,0.0264,0.0489,0.0047,0.9962,0.9301,0.3831,True,0,0
1128,0.2,0.0,frozen,2,model,0.6,0.0454,0.0389952855,0.0,0.0497,0.368,0.3688,0.029,0.0497,0.0016,0.997,0.9465,0.4,True,0,0
1128,0.2,0.0,frozen,3,model,0.6,0.0458,0.0371894642,0.0,0.0441,0.3542,0.3563,0.0283,0.0469,0.0037,0.9963,0.9504,0.3825,True,0,0
1128,0.2,0.0,frozen,4,model,0.6,0.04,0.0389446421,0.0,0.0519,0.3703,0.365,0.0265,0.0479,0.0004,0.9968,0.9453,0.4188,True,0,0
1128,0.2,0.0,frozen,5,model,0.6,0.0425,0.0387388561,0.0,0.0496,0.3641,0.3706,0.0278,0.0504,0.002,0.9959,0.9342,0.3912,True,0,0
1128,0.2,0.0,frozen,6,model,0.6,0.0475,0.0369687021,0.0,0.0513,0.3566,0.3781,0.032,0.0542,0.0059,0.9955,0.9221,0.3787,True,0,0
1128,0.2,0.0,frozen,7,model,0.6,0.045,0.0382635258,0.0,0.0523,0.3682,0.3419,0.031,0.0441,0.0032,0.9954,0.9449,0.4238,True,0,0
1128,0.2,0.0,frozen,8,model,0.6,0.045,0.0383316989,0.0,0.0349,0.3589,0.3494,0.0235,0.045,0.0043,0.9957,0.9466,0.365,True,0,0
1128,0.2,0.0,frozen,9,model,0.6,0.0404,0.0382673148,0.0,0.0453,0.3722,0.3638,0.0239,0.0487,0.0055,0.9962,0.9336,0.4012,True,0,0
1128,0.2,0.0,frozen,10,model,0.6,0.0396,0.0383003078,0.0,0.046,0.3563,0.3569,0.0303,0.0486,0.0052,0.9952,0.9237,0.3969,True,0,0
1128,0.2,0.0,frozen,11,model,0.6,0.0392,0.0404132206,0.0,0.0477,0.3555,0.3412,0.0311,0.0433,0.0029,0.9949,0.9276,0.3906,True,0,0
1128,0.2,0.0,prior,0,prior,0.6,0.1342,0.009383322,0.0,0.0409,0.2019,0.2144,0.0268,0.0254,0.0279,0.7825,0.9755,0.0,False,0,0
1128,0.2,0.0,prior,1,model,0.6,0.1354,0.0095407674,0.0,0.0368,0.1913,0.2106,0.0174,0.0273,0.0331,0.7771,0.9763,0.0,False,0,0
1128,0.2,0.0,prior,2,model,0.6,0.1354,0.0099567764,0.0,0.0488,0.1871,0.2338,0.0356,0.0315,0.0308,0.7819,0.9773,0.0,False,0,0
1128,0.2,0.0,prior,3,model,0.6,0.1375,0.0072475838,0.0,0.0462,0.1803,0.2188,0.0241,0.0269,0.0314,0.7936,0.9776,0.0,False,0,0
1128,0.2,0.0,prior,4,model,0.6,0.1242,0.0119989489,0.0,0.0615,0.1797,0.2387,0.025,0.0315,0.0297,0.7848,0.9721,0.0,False,0,0
1128,0.2,0.0,prior,5,model,0.6,0.1321,0.0118913184,0.0,0.0474,0.1889,0.2362,0.0252,0.031,0.0273,0.7903,0.9701,0.0,False,0,0
1128,0.2,0.0,prior,6,model,0.6,0.1417,0.0101180577,0.0,0.0518,0.1947,0.2369,0.0321,0.0345,0.0326,0.7898,0.9718,0.0,False,0,0
1128,0.2,0.0,prior,7,model,0.6,0.1379,0.0097576123,0.0,0.0257,0.1975,0.2025,0.0281,0.0242,0.0338,0.7776,0.9768,0.0,False,0,0
1128,0.2,0.0,prior,8,model,0.6,0.1283,0.0131822651,0.0,0.0416,0.1956,0.2244,0.0315,0.0278,0.0267,0.789,0.9699,0.0,False,0,0
1128,0.2,0.0,prior,9,model,0.6,0.1412,0.0075609812,0.0,0.036,0.2193,0.2125,0.0283,0.0275,0.0338,0.7869,0.9758,0.0,False,0,0
1128,0.2,0.0,prior,10,model,0.6,0.1304,0.0091933366,0.0,0.0364,0.2009,0.2206,0.0407,0.0282,0.0315,0.8036,0.9743,0.0,False,0,0
1128,0.2,0.0,prior,11,model,0.6,0.1217,0.0150799654,0.0,0.0523,0.191,0.2175,0.0188,0.0246,0.0284,0.7937,0.9751,0.0,False,0,0
1128,0.2,0.05,treatment,0,prior,0.6222,0.1366,0.0091387161,-0.0002446059,0.0553,0.1654,0.2151,0.0578,0.0225,0.0295,0.7825,0.9755,0.0,False,89,18
1128,0.2,0.05,treatment,1,model,0.6198,0.0537,0.0360664437,-0.0014831698,0.1491,0.1987,0.3478,0.0621,0.0433,0.0027,0.9793,0.9137,0.3331,True,79,25
1128,0.2,0.05,treatment,2,model,0.6155,0.0617,0.0341642729,-0.0003332871,0.1547,0.2161,0.3557,0.0602,0.0458,0.0061,0.9873,0.8727,0.2869,True,62,14
1128,0.2,0.05,treatment,3,model,0.6235,0.0654,0.0329320984,-0.0018704586,0.0673,0.2793,0.3433,0.0267,0.0432,0.0035,0.9922,0.8825,0.2869,True,94,29
1128,0.2,0.05,treatment,4,model,0.6182,0.0667,0.0320539897,-0.0011775036,0.1624,0.2866,0.3373,0.0555,0.0411,0.0048,0.9785,0.8704,0.1444,True,73,22
1128,0.2,0.05,treatment,5,model,0.6188,0.0772,0.0286371764,-0.001817115,0.0588,0.3268,0.3305,0.0177,0.0443,0.0091,0.9524,0.838,0.1181,True,75,24
1128,0.2,0.05,treatment,6,model,0.6205,0.0645,0.0332449936,-0.0014356946,0.1128,0.2693,0.3682,0.0377,0.0531,0.0085,0.9837,0.8579,0.2056,True,82,27
1128,0.2,0.05,treatment,7,model,0.6188,0.0614,0.0342002301,-0.0015376177,0.0875,0.2615,0.3298,0.0284,0.0385,0.006,0.9921,0.8591,0.3475,True,75,24
1128,0.2,0.05,treatment,8,model,0.6228,0.0735,0.0297513001,-0.0019864784,0.094,0.2611,0.3207,0.0193,0.0383,0.0115,0.9438,0.8844,0.1631,True,91,31
1128,0.2,0.05,treatment,9,model,0.6212,0.0813,0.0276937087,-0.0012536113,0.0893,0.3229,0.3149,0.0269,0.0399,0.0108,0.95,0.6685,0.0675,True,85,24
1128,0.2,0.05,treatment,10,model,0.6195,0.0662,0.0303986933,-0.0024154675,0.1334,0.2682,0.3298,0.0479,0.0407,0.0049,0.9901,0.9361,0.2381,True,78,30
1128,0.2,0.05,treatment,11,model,0.6225,0.0651,0.0333606025,-0.0011897526,0.1225,0.3336,0.3166,0.0382,0.0358,0.0057,0.9698,0.854,0.24,True,90,26
1128,0.2,0.05,frozen,0,prior,0.6,0.1342,0.009383322,0.0,0.0409,0.2019,0.2144,0.0268,0.0254,0.0279,0.7825,0.9755,0.0,False,0,0
1128,0.2,0.05,frozen,1,model,0.6202,0.048,0.0376967489,-0.0011242152,0.039,0.3628,0.3575,0.0264,0.0482,0.0049,0.9962,0.9301,0.3831,True,81,22
1128,0.2,0.05,frozen,2,model,0.617,0.0515,0.0379659862,-0.0010292993,0.0502,0.3672,0.3734,0.029,0.0511,0.0017,0.997,0.9465,0.4,True,68,18
1128,0.2,0.05,frozen,3,model,0.6232,0.0558,0.0351863478,-0.0020031164,0.0437,0.3531,0.359,0.0283,0.0473,0.0034,0.9963,0.9504,0.3825,True,93,29
1128,0.2,0.05,frozen,4,model,0.62,0.0504,0.0369828903,-0.0019617518,0.0518,0.3736,0.3651,0.0265,0.0482,0.0005,0.9968,0.9453,0.4188,True,80,29
1128,0.2,0.05,frozen,5,model,0.6188,0.0513,0.0368836618,-0.0018551943,0.0502,0.3634,0.3725,0.0278,0.0506,0.002,0.9959,0.9342,0.3912,True,75,25
1128,0.2,0.05,frozen,6,model,0.621,0.0576,0.0354504844,-0.0015182178,0.0521,0.3566,0.3799,0.032,0.0546,0.0058,0.9955,0.9221,0.3787,True,84,29
1128,0.2,0.05,frozen,7,model,0.6178,0.0522,0.0369278711,-0.0013356547,0.0528,0.3693,0.344,0.031,0.0435,0.0036,0.9954,0.9449,0.4238,True,71,21
1128,0.2,0.05,frozen,8,model,0.6238,0.0553,0.036359927,-0.0019717719,0.0389,0.3591,0.3515,0.0235,0.0454,0.0042,0.9957,0.9466,0.365,True,95,30
1128,0.2,0.05,frozen,9,model,0.6208,0.0495,0.0369021361,-0.0013651787,0.043,0.3722,0.3665,0.0239,0.0499,0.0059,0.9962,0.9336,0.4012,True,83,26
1128,0.2,0.05,frozen,10,model,0.6215,0.0507,0.0360049863,-0.0022953214,0.0506,0.3558,0.3567,0.0303,0.0482,0.0051,0.9952,0.9237,0.3969,True,86,31
1128,0.2,0.05,frozen,11,model,0.6202,0.0484,0.0388547269,-0.0015584938,0.0481,0.3569,0.3423,0.0311,0.0438,0.0032,0.9949,0.9276,0.3906,True,81,26
1128,0.2,0.05,prior,0,prior,0.6222,0.1366,0.0091387161,-0.0002446059,0.0553,0.1654,0.2151,0.0578,0.0225,0.0295,0.7825,0.9755,0.0,False,89,18
1128,0.2,0.05,prior,1,model,0.6215,0.136,0.0096098404,6.9073e-05,0.0445,0.1989,0.214,0.0193,0.026,0.0343,0.7771,0.9763,0.0,False,86,13
1128,0.2,0.05,prior,2,model,0.6182,0.1347,0.0104826288,0.0005258524,0.1018,0.1418,0.2397,0.0564,0.0268,0.0294,0.7819,0.9773,0.0,False,73,8
1128,0.2,0.05,prior,3,model,0.62,0.1403,0.0063700278,-0.000877556,0.0683,0.1842,0.2184,0.0209,0.0253,0.0303,0.7936,0.9776,0.0,False,80,18
1128,0.2,0.05,prior,4,model,0.6192,0.126,0.0120664477,6.74988e-05,0.055,0.2271,0.2416,0.0275,0.0288,0.0244,0.7848,0.9721,0.0,False,77,14
1128,0.2,0.05,prior,5,model,0.6165,0.133,0.0116683642,-0.0002229542,0.0593,0.1825,0.2392,0.031,0.0308,0.0245,0.7903,0.9701,0.0,False,66,11
1128,0.2,0.05,prior,6,model,0.6172,0.1434,0.0100768557,-4.1202e-05,0.0433,0.2163,0.2384,0.0133,0.0316,0.0285,0.7898,0.9718,0.0,False,69,14
1128,0.2,0.05,prior,7,model,0.6218,0.1403,0.0090807476,-0.0006768647,0.0463,0.1922,0.2022,0.0429,0.0218,0.0327,0.7776,0.9768,0.0,False,87,18
1128,0.2,0.05,prior,8,model,0.621,0.132,0.0124190486,-0.0007632165,0.0812,0.171,0.2236,0.0356,0.0228,0.025,0.789,0.9699,0.0,False,84,20
1128,0.2,0.05,prior,9,model,0.618,0.1436,0.0068176799,-0.0007433012,0.0536,0.2249,0.212,0.0232,0.0247,0.0323,0.7869,0.9758,0.0,False,72,16
1128,0.2,0.05,prior,10,model,0.619,0.1353,0.00811508,-0.0010782567,0.0628,0.1658,0.2172,0.0344,0.0244,0.0283,0.8036,0.9743,0.0,False,76,22
1128,0.2,0.05,prior,11,model,0.621,0.124,0.0148415351,-0.0002384303,0.0586,0.1877,0.219,0.0248,0.0284,0.0318,0.7937,0.9751,0.0,False,84,16
1128,0.4,0.0,treatment,0,prior,0.6,0.0879,0.0239230275,0.0,0.0786,0.2128,0.2838,0.0308,0.0373,0.019,0.8207,0.932,0.0025,False,0,0
1128,0.4,0.0,treatment,1,model,0.6,0.0383,0.0395116178,0.0,0.2536,0.1027,0.3563,0.1015,0.0409,0.002,0.9951,0.8464,0.415,True,0,0
1128,0.4,0.0,treatment,2,model,0.6,0.0746,0.0298572547,0.0,0.1088,0.2838,0.325,0.0321,0.0429,0.0107,0.9752,0.8802,0.17,True,0,0
1128,0.4,0.0,treatment,3,model,0.6,0.0542,0.0344240289,0.0,0.2147,0.129,0.3438,0.0845,0.0426,0.0058,0.9959,0.9386,0.3794,True,0,0
1128,0.4,0.0,treatment,4,model,0.6,0.0742,0.0280141188,0.0,0.1066,0.2181,0.3137,0.0501,0.0421,0.0145,0.9537,0.778,0.0887,True,0,0
1128,0.4,0.0,treatment,5,model,0.6,0.0425,0.0382067307,0.0,0.2222,0.1484,0.3706,0.0864,0.0441,0.0023,0.9889,0.8916,0.2775,True,0,0
1128,0.4,0.0,treatment,6,model,0.6,0.0646,0.0326730727,0.0,0.137,0.2155,0.3525,0.0542,0.0491,0.0063,0.9925,0.9133,0.3006,True,0,0
1128,0.4,0.0,treatment,7,model,0.6,0.0437,0.0388430389,0.0,0.2331,0.1106,0.3438,0.092,0.0392,0.0048,0.9856,0.8561,0.3663,True,0,0
1128,0.4,0.0,treatment,8,model,0.6,0.0596,0.032431613,0.0,0.1472,0.2029,0.3275,0.0584,0.0383,0.0064,0.9875,0.8751,0.2119,True,0,0
1128,0.4,0.0,treatment,9,model,0.6,0.0571,0.033778374,0.0,0.1375,0.2015,0.3387,0.0547,0.0455,0.0064,0.977,0.7833,0.2387,True,0,0
1128,0.4,0.0,treatment,10,model,0.6,0.0421,0.0379865838,0.0,0.1796,0.1735,0.3531,0.0673,0.0413,0.0018,0.9906,0.9374,0.3131,True,0,0
1128,0.4,0.0,treatment,11,model,0.6,0.0617,0.0334201483,0.0,0.0996,0.2098,0.3075,0.0391,0.0351,0.0069,0.9869,0.8866,0.2506,True,0,0
1128,0.4,0.0,frozen,0,prior,0.6,0.0879,0.0239230275,0.0,0.0786,0.2128,0.2838,0.0308,0.0373,0.019,0.8207,0.932,0.0025,False,0,0
1128,0.4,0.0,frozen,1,model,0.6,0.0383,0.0395116178,0.0,0.0562,0.3257,0.3563,0.0392,0.0456,0.0047,0.9951,0.8464,0.415,True,0,0
1128,0.4,0.0,frozen,2,model,0.6,0.0462,0.0386621427,0.0,0.0699,0.3257,0.3675,0.0494,0.0477,0.0009,0.9953,0.8625,0.4012,True,0,0
1128,0.4,0.0,frozen,3,model,0.6,0.0454,0.0372239175,0.0,0.0709,0.3173,0.3569,0.0498,0.0448,0.0031,0.9956,0.9014,0.38,True,0,0
1128,0.4,0.0,frozen,4,model,0.6,0.0429,0.0380337068,0.0,0.0495,0.3312,0.3606,0.0389,0.0459,0.002,0.9956,0.9036,0.3981,True,0,0
1128,0.4,0.0,frozen,5,model,0.6,0.0462,0.0381296074,0.0,0.0594,0.333,0.365,0.0456,0.0475,0.002,0.9961,0.9213,0.4444,True,0,0
1128,0.4,0.0,frozen,6,model,0.6,0.0425,0.0387824346,0.0,0.0736,0.3261,0.3856,0.0494,0.0531,0.0017,0.9949,0.9041,0.405,True,0,0
1128,0.4,0.0,frozen,7,model,0.6,0.0413,0.0397721008,0.0,0.0579,0.3214,0.3475,0.0436,0.0418,0.0003,0.9963,0.8751,0.4681,True,0,0
1128,0.4,0.0,frozen,8,model,0.6,0.0429,0.0383012174,0.0,0.0639,0.326,0.3525,0.0459,0.0468,0.0062,0.9956,0.9011,0.3906,True,0,0
1128,0.4,0.0,frozen,9,model,0.6,0.0421,0.0386452402,0.0,0.0583,0.3311,0.3613,0.0424,0.047,0.0024,0.9947,0.8739,0.4075,True,0,0
1128,0.4,0.0,frozen,10,model,0.6,0.0387,0.0390564794,0.0,0.0605,0.3181,0.3581,0.0429,0.0477,0.0031,0.9956,0.8922,0.4306,True,0,0
1128,0.4,0.0,frozen,11,model,0.6,0.04,0.0400918772,0.0,0.0545,0.3209,0.34,0.0405,0.0405,0.0019,0.9956,0.9205,0.4031,True,0,0
1128,0.4,0.0,prior,0,prior,0.6,0.0879,0.0239230275,0.0,0.0786,0.2128,0.2838,0.0308,0.0373,0.019,0.8207,0.932,0.0025,False,0,0
1128,0.4,0.0,prior,1,model,0.6,0.085,0.0249222491,0.0,0.0942,0.1928,0.2863,0.0353,0.0384,0.0188,0.8208,0.9197,0.0006,False,0,0
1128,0.4,0.0,prior,2,model,0.6,0.0829,0.026777403,0.0,0.1336,0.1789,0.3125,0.0604,0.0436,0.0167,0.8249,0.9176,0.0006,False,0,0
1128,0.4,0.0,prior,3,model,0.6,0.0858,0.0244643355,0.0,0.0834,0.2166,0.2963,0.0288,0.0414,0.0185,0.8299,0.9113,0.0006,False,0,0
1128,0.4,0.0,prior,4,model,0.6,0.0813,0.0254651662,0.0,0.1194,0.1859,0.3031,0.0436,0.0415,0.0151,0.8355,0.9104,0.0019,False,0,0
1128,0.4,0.0,prior,5,model,0.6,0.0875,0.026082662,0.0,0.1072,0.2105,0.3031,0.0334,0.043,0.016,0.8279,0.9096,0.0,False,0,0
1128,0.4,0.0,prior,6,model,0.6,0.0908,0.0244297666,0.0,0.0768,0.2396,0.3131,0.0276,0.048,0.0207,0.833,0.9155,0.0044,False,0,0
1128,0.4,0.0,prior,7,model,0.6,0.0854,0.0253760335,0.0,0.0956,0.2017,0.2812,0.0378,0.035,0.0196,0.8232,0.92,0.0044,False,0,0
1128,0.4,0.0,prior,8,model,0.6,0.08,0.027790018,0.0,0.1225,0.1796,0.2969,0.0447,0.039,0.017,0.8299,0.9045,0.0,False,0,0
1128,0.4,0.0,prior,9,model,0.6,0.0875,0.0243640438,0.0,0.0895,0.2047,0.2931,0.0359,0.042,0.0219,0.8231,0.9159,0.0006,False,0,0
1128,0.4,0.0,prior,10,model,0.6,0.0833,0.0243863067,0.0,0.1169,0.1769,0.2913,0.052,0.0417,0.021,0.8227,0.9218,0.0037,False,0,0
1128,0.4,0.0,prior,11,model,0.6,0.0737,0.0297409643,0.0,0.127,0.1695,0.2894,0.0486,0.0377,0.0162,0.8319,0.9098,0.0044,False,0,0
1128,0.4,0.05,treatment,0,prior,0.6202,0.0943,0.0230969721,-0.0008260555,0.09,0.2198,0.2837,0.0264,0.0339,0.0155,0.8207,0.932,0.0025,False,81,23
1128,0.4,0.05,treatment,1,model,0.6192,0.0569,0.035641699,-0.0014874597,0.0946,0.3486,0.3421,0.0336,0.0414,0.0059,0.9729,0.9035,0.2975,True,77,25
1128,0.4,0.05,treatment,2,model,0.618,0.0667,0.032507484,-0.0005056805,0.1467,0.2028,0.3495,0.0544,0.0447,0.0058,0.9739,0.8747,0.2231,True,72,16
1128,0.4,0.05,treatment,3,model,0.6258,0.0623,0.0336237678,-0.0017842585,0.1467,0.2037,0.35,0.0447,0.044,0.0002,0.9827,0.8605,0.1794,True,103,29
1128,0.4,0.05,treatment,4,model,0.621,0.0821,0.026750563,-0.0006365814,0.1082,0.2933,0.314,0.0312,0.0424,0.0157,0.9001,0.9233,0.0788,True,84,21
1128,0.4,0.05,treatment,5,model,0.6182,0.0598,0.0342001468,-0.0016861009,0.1832,0.2704,0.3582,0.0666,0.0444,0.0017,0.9865,0.8805,0.2856,True,73,22
1128,0.4,0.05,treatment,6,model,0.6215,0.08,0.0291638534,-0.0010906185,0.1175,0.2537,0.3435,0.0272,0.0472,0.0094,0.9547,0.9184,0.165,True,86,28
1128,0.4,0.05,treatment,7,model,0.62,0.069,0.032096462,-0.0013397499,0.1043,0.3396,0.3184,0.0528,0.0327,0.0041,0.9803,0.7979,0.3106,True,80,23
1128,0.4,0.05,treatment,8,model,0.62,0.0746,0.0290740594,-0.0019155723,0.1135,0.2323,0.3171,0.0387,0.0373,0.0087,0.9698,0.7433,0.1794,True,80,28
1128,0.4,0.05,treatment,9,model,0.6205,0.0649,0.032632007,-0.0010799802,0.0407,0.3325,0.3412,0.0273,0.0434,0.0055,0.9921,0.8928,0.3381,True,82,23
1128,0.4,0.05,treatment,10,model,0.6198,0.0617,0.0328883148,-0.0017033685,0.1645,0.2397,0.3373,0.0584,0.0429,0.0066,0.9669,0.922,0.215,True,79,25
1128,0.4,0.05,treatment,11,model,0.621,0.064,0.0345877937,-0.0013516646,0.1451,0.2224,0.3173,0.0565,0.0359,0.0096,0.9892,0.9166,0.2913,True,84,25
1128,0.4,0.05,frozen,0,prior,0.6,0.0879,0.0239230275,0.0,0.0786,0.2128,0.2838,0.0308,0.0373,0.019,0.8207,0.932,0.0025,False,0,0
1128,0.4,0.05,frozen,1,model,0.6188,0.0473,0.0380427426,-0.0014688752,0.0583,0.327,0.3574,0.0392,0.0462,0.0055,0.9951,0.8464,0.415,True,75,25
1128,0.4,0.05,frozen,2,model,0.6175,0.053,0.0374841828,-0.0011779599,0.0701,0.3258,0.3712,0.0494,0.0492,0.0009,0.9953,0.8625,0.4012,True,70,20
1128,0.4,0.05,frozen,3,model,0.6235,0.0557,0.0352017641,-0.0020221534,0.0763,0.3157,0.3592,0.0498,0.0445,0.0025,0.9956,0.9014,0.38,True,94,30
1128,0.4,0.05,frozen,4,model,0.6198,0.0524,0.0363027003,-0.0017310065,0.0504,0.3334,0.3616,0.0389,0.0463,0.0027,0.9956,0.9036,0.3981,True,79,27
1128,0.4,0.05,frozen,5,model,0.6205,0.0556,0.0360035941,-0.0021260133,0.0614,0.3334,0.3669,0.0456,0.0477,0.0022,0.9961,0.9213,0.4444,True,82,27
1128,0.4,0.05,frozen,6,model,0.6215,0.0535,0.0372085097,-0.001573925,0.0748,0.3259,0.3871,0.0494,0.0532,0.0015,0.9949,0.9041,0.405,True,86,31
1128,0.4,0.05,frozen,7,model,0.6182,0.0501,0.0377708313,-0.0020012695,0.0554,0.3235,0.3477,0.0436,0.0423,0.0007,0.9963,0.8751,0.4681,True,73,25
1128,0.4,0.05,frozen,8,model,0.6255,0.0536,0.036373585,-0.0019276324,0.0681,0.3259,0.3558,0.0459,0.0475,0.0057,0.9956,0.9011,0.3906,True,102,31
1128,0.4,0.05,frozen,9,model,0.62,0.0508,0.0373472712,-0.001297969,0.0618,0.3305,0.3638,0.0424,0.048,0.0022,0.9947,0.8739,0.4075,True,80,25
1128,0.4,0.05,frozen,10,model,0.6195,0.0492,0.0369328172,-0.0021236622,0.0624,0.316,0.3574,0.0429,0.0472,0.0026,0.9956,0.8922,0.4306,True,78,29
1128,0.4,0.05,frozen,11,model,0.6212,0.0495,0.0386176041,-0.0014742731,0.0541,0.3214,0.3413,0.0405,0.0404,0.0016,0.9956,0.9205,0.4031,True,85,27
1128,0.4,0.05,prior,0,prior,0.6202,0.0943,0.0230969721,-0.0008260555,0.09,0.2198,0.2837,0.0264,0.0339,0.0155,0.8207,0.932,0.0025,False,81,23
1128,0.4,0.05,prior,1,model,0.622,0.0892,0.0244663889,-0.0004558602,0.0524,0.2901,0.291,0.0579,0.0416,0.0229,0.8208,0.9197,0.0006,False,88,18
1128,0.4,0.05,prior,2,model,0.6168,0.0863,0.0264726899,-0.0003047131,0.1359,0.1822,0.317,0.0502,0.0444,0.0159,0.8249,0.9176,0.0006,False,67,14
1128,0.4,0.05,prior,3,model,0.6205,0.0931,0.0225949916,-0.0018693439,0.0932,0.2157,0.2958,0.0368,0.0356,0.0182,0.8299,0.9113,0.0006,False,82,25
1128,0.4,0.05,prior,4,model,0.621,0.0874,0.0246257871,-0.0008393791,0.068,0.2619,0.3054,0.0136,0.039,0.0155,0.8355,0.9104,0.0019,False,84,22
1128,0.4,0.05,prior,5,model,0.617,0.0916,0.0250953864,-0.0009872756,0.1094,0.2085,0.3061,0.0467,0.0448,0.0178,0.8279,0.9096,0.0,False,68,16
1128,0.4,0.05,prior,6,model,0.6192,0.0969,0.0236415508,-0.0007882158,0.0701,0.306,0.3145,0.0243,0.0477,0.0161,0.833,0.9155,0.0044,False,77,22
1128,0.4,0.05,prior,7,model,0.6195,0.0912,0.0241040138,-0.0012720198,0.0484,0.2859,0.2819,0.0445,0.0301,0.0149,0.8232,0.92,0.0044,False,78,21
1128,0.4,0.05,prior,8,model,0.6212,0.0881,0.0259594491,-0.0018305689,0.0858,0.2194,0.2957,0.0205,0.0379,0.0108,0.8299,0.9045,0.0,False,85,27
1128,0.4,0.05,prior,9,model,0.6178,0.0939,0.0227988332,-0.0015652107,0.0761,0.2293,0.2923,0.0226,0.0377,0.0156,0.8231,0.9159,0.0006,False,71,22
1128,0.4,0.05,prior,10,model,0.6175,0.0911,0.0227375178,-0.0016487889,0.0889,0.3009,0.2882,0.045,0.0302,0.0168,0.8227,0.9218,0.0037,False,70,25
1128,0.4,0.05,prior,11,model,0.6212,0.0793,0.0291116455,-0.0006293187,0.1116,0.1818,0.2924,0.0377,0.0373,0.018,0.8319,0.9098,0.0044,False,85,20
1128,1.0,0.0,treatment,0,prior,0.6,0.0154,0.0472921868,0.0,0.3608,0.0317,0.3925,0.1444,0.0491,0.0003,0.9709,0.8579,0.2087,True,0,0
1128,1.0,0.0,treatment,1,model,0.6,0.0767,0.0273944141,0.0,0.0532,0.2561,0.2988,0.0229,0.0406,0.0187,0.9835,0.9367,0.1494,True,0,0
1128,1.0,0.0,treatment,2,model,0.6,0.0512,0.0368068421,0.0,0.1659,0.2435,0.36,0.0646,0.0464,0.0035,0.9942,0.9384,0.3006,True,0,0
1128,1.0,0.0,treatment,3,model,0.6,0.0575,0.033427218,0.0,0.1299,0.2505,0.3387,0.0514,0.042,0.0107,0.9946,0.9101,0.34,True,0,0
1128,1.0,0.0,treatment,4,model,0.6,0.0467,0.037823117,0.0,0.2019,0.1531,0.355,0.0795,0.0421,0.0031,0.988,0.8968,0.2706,True,0,0
1128,1.0,0.0,treatment,5,model,0.6,0.0696,0.0298141612,0.0,0.0795,0.2778,0.33,0.0318,0.0435,0.0105,0.97,0.7912,0.1656,True,0,0
1128,1.0,0.0,treatment,6,model,0.6,0.0475,0.0380071205,0.0,0.1902,0.1879,0.3781,0.0731,0.052,0.0038,0.9955,0.9125,0.3744,True,0,0
1128,1.0,0.0,treatment,7,model,0.6,0.0558,0.0361578974,0.0,0.1793,0.1863,0.3256,0.0647,0.0403,0.0103,0.977,0.8055,0.1875,True,0,0
1128,1.0,0.0,treatment,8,model,0.6,0.0529,0.0354926132,0.0,0.1855,0.1524,0.3375,0.0725,0.0398,0.007,0.991,0.9205,0.2306,True,0,0
1128,1.0,0.0,treatment,9,model,0.6,0.0517,0.0358914079,0.0,0.1475,0.2101,0.3469,0.0539,0.0451,0.0051,0.9894,0.8978,0.2875,True,0,0
1128,1.0,0.0,treatment,10,model,0.6,0.0458,0.0366269298,0.0,0.1775,0.17,0.3475,0.0706,0.0411,0.0043,0.9932,0.9287,0.3162,True,0,0
1128,1.0,0.0,treatment,11,model,0.6,0.0546,0.0350658834,0.0,0.1551,0.1631,0.3181,0.0651,0.0384,0.0099,0.9912,0.9104,0.2775,True,0,0
1128,1.0,0.0,frozen,0,prior,0.6,0.0154,0.0472921868,0.0,0.3608,0.0317,0.3925,0.1444,0.0491,0.0003,0.9709,0.8579,0.2087,True,0,0
1128,1.0,0.0,frozen,1,model,0.6,0.0767,0.0273944141,0.0,0.258,0.0408,0.2988,0.1434,0.0234,0.0026,0.9835,0.9367,0.1494,True,0,0
1128,1.0,0.0,frozen,2,model,0.6,0.0896,0.0245154001,0.0,0.2622,0.0403,0.3025,0.1527,0.0242,0.0017,0.9835,0.9245,0.1437,True,0,0
1128,1.0,0.0,frozen,3,model,0.6,0.0892,0.0237474683,0.0,0.2515,0.0398,0.2913,0.1484,0.0217,0.0005,0.9809,0.9138,0.1544,True,0,0
1128,1.0,0.0,frozen,4,model,0.6,0.0788,0.0268113647,0.0,0.2657,0.0412,0.3069,0.1475,0.0248,0.0001,0.9852,0.9278,0.1481,True,0,0
1128,1.0,0.0,frozen,5,model,0.6,0.08,0.0262042211,0.0,0.2738,0.0406,0.3144,0.1517,0.0275,0.0011,0.9809,0.8843,0.1431,True,0,0
1128,1.0,0.0,frozen,6,model,0.6,0.085,0.0254738302,0.0,0.2817,0.0402,0.3219,0.1578,0.0326,0.0034,0.9803,0.913,0.1569,True,0,0
1128,1.0,0.0,frozen,7,model,0.6,0.0788,0.0275204858,0.0,0.2512,0.0401,0.2913,0.1418,0.0224,0.0014,0.9813,0.9152,0.1731,True,0,0
1128,1.0,0.0,frozen,8,model,0.6,0.075,0.0287400116,0.0,0.2642,0.0402,0.3044,0.1449,0.0236,0.0007,0.9807,0.9093,0.1444,True,0,0
1128,1.0,0.0,frozen,9,model,0.6,0.0704,0.0290883586,0.0,0.2782,0.0405,0.3187,0.1477,0.0271,0.0011,0.9824,0.8955,0.1663,True,0,0
1128,1.0,0.0,frozen,10,model,0.6,0.0767,0.0264604912,0.0,0.2614,0.0398,0.3013,0.1448,0.0258,0.0015,0.9776,0.9002,0.1375,True,0,0
1128,1.0,0.0,frozen,11,model,0.6,0.0838,0.026590242,0.0,0.2346,0.0398,0.2744,0.1387,0.0182,0.0029,0.9801,0.9235,0.1562,True,0,0
1128,1.0,0.0,prior,0,prior,0.6,0.0154,0.0472921868,0.0,0.3608,0.0317,0.3925,0.1444,0.0491,0.0003,0.9709,0.8579,0.2087,True,0,0
1128,1.0,0.0,prior,1,model,0.6,0.0117,0.0478429094,0.0,0.3801,0.0161,0.3962,0.1526,0.0488,0.0001,0.9743,0.8271,0.2169,True,0,0
1128,1.0,0.0,prior,2,model,0.6,0.0146,0.0477999622,0.0,0.3937,0.0213,0.415,0.1572,0.0552,0.0001,0.9701,0.8008,0.1688,True,0,0
1128,1.0,0.0,prior,3,model,0.6,0.015,0.0467791296,0.0,0.3855,0.017,0.4025,0.154,0.0507,0.0001,0.9732,0.8651,0.22,True,0,0
1128,1.0,0.0,prior,4,model,0.6,0.0112,0.0477754207,0.0,0.392,0.0161,0.4081,0.1569,0.0534,0.0005,0.971,0.8279,0.2081,True,0,0
1128,1.0,0.0,prior,5,model,0.6,0.0167,0.0464174508,0.0,0.3877,0.0217,0.4094,0.1554,0.0538,0.0003,0.9701,0.8317,0.2081,True,0,0
1128,1.0,0.0,prior,6,model,0.6,0.0183,0.0450995224,0.0,0.3983,0.0236,0.4219,0.1595,0.0577,0.0004,0.9767,0.8677,0.2269,True,0,0
1128,1.0,0.0,prior,7,model,0.6,0.0204,0.0450169153,0.0,0.3481,0.0306,0.3787,0.1391,0.044,0.0,0.9719,0.7545,0.2031,True,0,0
1128,1.0,0.0,prior,8,model,0.6,0.0167,0.0464005621,0.0,0.3615,0.0304,0.3919,0.1436,0.0473,0.0001,0.9724,0.8387,0.2131,True,0,0
1128,1.0,0.0,prior,9,model,0.6,0.0121,0.0482903048,0.0,0.3791,0.0271,0.4062,0.1511,0.0528,0.0,0.9716,0.7729,0.2225,True,0,0
1128,1.0,0.0,prior,10,model,0.6,0.0138,0.0474595829,0.0,0.3659,0.0297,0.3956,0.1463,0.0495,0.0008,0.9715,0.8035,0.2188,True,0,0
1128,1.0,0.0,prior,11,model,0.6,0.0133,0.0482337437,0.0,0.3617,0.0183,0.38,0.1444,0.0438,0.0001,0.9692,0.8592,0.1825,True,0,0
1128,1.0,0.05,treatment,0,prior,0.6212,0.0282,0.0453794955,-0.0019126913,0.1514,0.2722,0.3927,0.0421,0.0503,0.0001,0.9709,0.8579,0.2087,True,85,33
1128,1.0,0.05,treatment,1,model,0.6195,0.0722,0.0308629231,-0.0012427922,0.1027,0.2454,0.3173,0.0294,0.0417,0.0114,0.9664,0.8835,0.2681,True,78,22
1128,1.0,0.05,treatment,2,model,0.6168,0.0576,0.0356482294,-0.0006867807,0.1866,0.1802,0.3633,0.0731,0.0455,0.0027,0.9933,0.9119,0.3675,True,67,17
1128,1.0,0.05,treatment,3,model,0.625,0.0712,0.0313781487,-0.0015647432,0.0807,0.3018,0.3347,0.0166,0.0429,0.0072,0.9752,0.9254,0.1531,True,100,27
1128,1.0,0.05,treatment,4,model,0.6215,0.064,0.0328022035,-0.0010219253,0.1707,0.2572,0.3441,0.0661,0.0437,0.0078,0.9837,0.8933,0.1931,True,86,25
1128,1.0,0.05,treatment,5,model,0.616,0.0593,0.0330254145,-0.0022671154,0.1232,0.2403,0.3574,0.0364,0.0446,0.0022,0.994,0.927,0.3719,True,64,25
1128,1.0,0.05,treatment,6,model,0.6212,0.0809,0.0282265311,-0.0012764464,0.082,0.297,0.3419,0.019,0.0454,0.0078,0.9785,0.8442,0.205,True,85,27
1128,1.0,0.05,treatment,7,model,0.6168,0.0616,0.0331462899,-0.00171492,0.1704,0.2463,0.3281,0.0647,0.0377,0.0081,0.9929,0.9099,0.3812,True,67,22
1128,1.0,0.05,treatment,8,model,0.6242,0.0649,0.0322715035,-0.0019136684,0.1697,0.2875,0.336,0.0567,0.0416,0.0088,0.9834,0.8452,0.1994,True,97,30
1128,1.0,0.05,treatment,9,model,0.6195,0.065,0.0322088348,-0.0011068356,0.1043,0.2387,0.3403,0.035,0.0435,0.0078,0.9798,0.8379,0.2169,True,78,22
1128,1.0,0.05,treatment,10,model,0.6185,0.0627,0.0319949237,-0.0025854456,0.2168,0.2102,0.3349,0.0909,0.0434,0.0077,0.9891,0.9282,0.2175,True,74,31
1128,1.0,0.05,treatment,11,model,0.6208,0.0588,0.0354936678,-0.0015639379,0.1235,0.253,0.3256,0.0342,0.0328,0.0049,0.9931,0.9172,0.3906,True,83,27
1128,1.0,0.05,frozen,0,prior,0.6,0.0154,0.0472921868,0.0,0.3608,0.0317,0.3925,0.1444,0.0491,0.0003,0.9709,0.8579,0.2087,True,0,0
1128,1.0,0.05,frozen,1,model,0.6205,0.0814,0.0267198548,-0.0006745593,0.2622,0.0409,0.303,0.1434,0.0246,0.0027,0.9835,0.9367,0.1494,True,82,18
1128,1.0,0.05,frozen,2,model,0.6188,0.0941,0.0236878863,-0.0008275138,0.2653,0.0403,0.3056,0.1527,0.0254,0.0015,0.9835,0.9245,0.1437,True,75,18
1128,1.0,0.05,frozen,3,model,0.6238,0.0962,0.0223842667,-0.0013632016,0.2526,0.0397,0.2924,0.1484,0.0212,0.0005,0.9809,0.9138,0.1544,True,95,26
1128,1.0,0.05,frozen,4,model,0.6205,0.087,0.025371237,-0.0014401277,0.2645,0.0411,0.3057,0.1475,0.0242,0.0001,0.9852,0.9278,0.1481,True,82,27
1128,1.0,0.05,frozen,5,model,0.6175,0.0846,0.0251145555,-0.0010896656,0.2771,0.0406,0.3176,0.1517,0.0281,0.0011,0.9809,0.8843,0.1431,True,70,17
1128,1.0,0.05,frozen,6,model,0.6202,0.0927,0.0243971431,-0.0010766871,0.2818,0.0402,0.3219,0.1578,0.0324,0.0029,0.9803,0.913,0.1569,True,81,26
1128,1.0,0.05,frozen,7,model,0.6182,0.0841,0.0264612187,-0.0010592671,0.2527,0.04,0.2927,0.1418,0.023,0.0016,0.9813,0.9152,0.1731,True,73,19
1128,1.0,0.05,frozen,8,model,0.6228,0.0819,0.0277875948,-0.0009524168,0.2666,0.0403,0.3068,0.1449,0.0241,0.0005,0.9807,0.9093,0.1444,True,91,24
1128,1.0,0.05,frozen,9,model,0.6215,0.0788,0.0276909632,-0.0013973953,0.2785,0.0405,0.319,0.1477,0.0274,0.0009,0.9824,0.8955,0.1663,True,86,27
1128,1.0,0.05,frozen,10,model,0.6195,0.0843,0.0247649765,-0.0016955147,0.2605,0.0397,0.3003,0.1448,0.0255,0.0016,0.9776,0.9002,0.1375,True,78,25
1128,1.0,0.05,frozen,11,model,0.6218,0.0917,0.0253030093,-0.0012872327,0.2327,0.0397,0.2723,0.1387,0.0179,0.0034,0.9801,0.9235,0.1562,True,87,27
1128,1.0,0.05,prior,0,prior,0.6212,0.0282,0.0453794955,-0.0019126913,0.1514,0.2722,0.3927,0.0421,0.0503,0.0001,0.9709,0.8579,0.2087,True,85,33
1128,1.0,0.05,prior,1,model,0.6198,0.0222,0.0460678053,-0.0017751041,0.22,0.1791,0.3991,0.0498,0.0512,0.0007,0.9743,0.8271,0.2169,True,79,27
1128,1.0,0.05,prior,2,model,0.6168,0.0227,0.0464071357,-0.0013928265,0.152,0.3236,0.4194,0.0632,0.0579,0.0,0.9701,0.8008,0.1688,True,67,21
1128,1.0,0.05,prior,3,model,0.6225,0.0277,0.0442804731,-0.0024986565,0.1697,0.2749,0.4046,0.0349,0.0544,0.0007,0.9732,0.8651,0.22,True,90,33
1128,1.0,0.05,prior,4,model,0.6202,0.0234,0.045874387,-0.0019010337,0.1647,0.3312,0.4095,0.0513,0.0563,0.0002,0.971,0.8279,0.2081,True,81,31
1128,1.0,0.05,prior,5,model,0.6155,0.0272,0.0436014927,-0.0028159582,0.2389,0.26,0.4083,0.085,0.0556,0.0,0.9701,0.8317,0.2081,True,62,27
1128,1.0,0.05,prior,6,model,0.6212,0.0322,0.0430755685,-0.0020239539,0.1085,0.3148,0.4218,0.0368,0.0599,0.0005,0.9767,0.8677,0.2269,True,85,36
1128,1.0,0.05,prior,7,model,0.6178,0.0308,0.0427950918,-0.0022218236,0.1441,0.3248,0.3787,0.0458,0.0464,0.0005,0.9719,0.7545,0.2031,True,71,27
1128,1.0,0.05,prior,8,model,0.6228,0.0301,0.0439509974,-0.0024495648,0.2086,0.3409,0.3923,0.0438,0.0493,0.0007,0.9724,0.8387,0.2131,True,91,35
1128,1.0,0.05,prior,9,model,0.623,0.0245,0.0461456852,-0.0021446196,0.2013,0.2085,0.4098,0.0409,0.0561,0.0003,0.9716,0.7729,0.2225,True,92,32
1128,1.0,0.05,prior,10,model,0.6198,0.0266,0.044721042,-0.0027385409,0.1689,0.2989,0.3945,0.0258,0.0525,0.0015,0.9715,0.8035,0.2188,True,79,33
1128,1.0,0.05,prior,11,model,0.6235,0.0253,0.046500447,-0.0017332968,0.163,0.2257,0.3831,0.0277,0.0473,0.0004,0.9692,0.8592,0.1825,True,94,31
1144,0.2,0.0,treatment,0,prior,0.6,0.1333,0.0119711332,0.0,0.0437,0.1912,0.2162,0.0475,0.0262,0.0338,0.7839,0.9751,0.0,False,0,0
1144,0.2,0.0,treatment,1,model,0.6,0.0467,0.0385170119,0.0,0.2332,0.1299,0.3631,0.0897,0.0434,0.0017,0.9944,0.9326,0.3375,True,0,0
1144,0.2,0.0,treatment,2,model,0.6,0.0671,0.0302008755,0.0,0.1483,0.1998,0.3463,0.0578,0.046,0.0091,0.99,0.8885,0.2475,True,0,0
1144,0.2,0.0,treatment,3,model,0.6,0.0592,0.0339082734,0.0,0.0751,0.2996,0.3319,0.0155,0.0447,0.0091,0.9868,0.882,0.1944,True,0,0
1144,0.2,0.0,treatment,4,model,0.6,0.0462,0.0375135183,0.0,0.2619,0.0906,0.3525,0.1055,0.0418,0.0037,0.9933,0.9062,0.35,True,0,0
1144,0.2,0.0,treatment,5,model,0.6,0.0712,0.0281003283,0.0,0.1045,0.2101,0.305,0.0347,0.0352,0.0096,0.9742,0.8782,0.1556,True,0,0
1144,0.2,0.0,treatment,6,model,0.6,0.0625,0.032203843,0.0,0.109,0.2764,0.3294,0.0323,0.0441,0.0096,0.9694,0.9168,0.285,True,0,0
1144,0.2,0.0,treatment,7,model,0.6,0.045,0.0384182624,0.0,0.1495,0.188,0.3375,0.0594,0.043,0.0069,0.99,0.8764,0.2963,True,0,0
1144,0.2,0.0,treatment,8,model,0.6,0.0646,0.0309223905,0.0,0.1466,0.1897,0.3362,0.0588,0.0365,0.0039,0.9956,0.9277,0.3656,True,0,0
1144,0.2,0.0,treatment,9,model,0.6,0.0658,0.0307459575,0.0,0.0901,0.2726,0.3438,0.0307,0.0498,0.0102,0.993,0.8974,0.2825,True,0,0
1144,0.2,0.0,treatment,10,model,0.6,0.0512,0.0363660195,0.0,0.2116,0.1365,0.3481,0.0844,0.0421,0.0044,0.9922,0.9118,0.3513,True,0,0
1144,0.2,0.0,treatment,11,model,0.6,0.0617,0.0316478307,0.0,0.1071,0.2442,0.3381,0.0417,0.0464,0.0098,0.9885,0.8996,0.2931,True,0,0
1144,0.2,0.0,frozen,0,prior,0.6,0.1333,0.0119711332,0.0,0.0437,0.1912,0.2162,0.0475,0.0262,0.0338,0.7839,0.9751,0.0,False,0,0
1144,0.2,0.0,frozen,1,model,0.6,0.0467,0.0385170119,0.0,0.0539,0.3282,0.3631,0.0318,0.0468,0.0043,0.9944,0.9326,0.3375,True,0,0
1144,0.2,0.0,frozen,2,model,0.6,0.0462,0.0374876876,0.0,0.0646,0.3301,0.3775,0.0392,0.0528,0.0037,0.9956,0.9107,0.3844,True,0,0
1144,0.2,0.0,frozen,3,model,0.6,0.0404,0.0401683832,0.0,0.0516,0.3445,0.36,0.0351,0.0489,0.0026,0.9959,0.9413,0.3887,True,0,0
1144,0.2,0.0,frozen,4,model,0.6,0.0392,0.0398807253,0.0,0.0398,0.3361,0.3631,0.0327,0.0464,0.0028,0.9954,0.9359,0.3912,True,0,0
1144,0.2,0.0,frozen,5,model,0.6,0.035,0.0400736915,0.0,0.0471,0.3302,0.3594,0.0328,0.0458,0.0031,0.9943,0.9207,0.3644,True,0,0
1144,0.2,0.0,frozen,6,model,0.6,0.0404,0.0388788698,0.0,0.0446,0.3442,0.3625,0.0349,0.0485,0.0021,0.9961,0.928,0.4231,True,0,0
1144,0.2,0.0,frozen,7,model,0.6,0.0338,0.0412054334,0.0,0.0541,0.3391,0.3544,0.0357,0.0488,0.0042,0.9955,0.9299,0.3937,True,0,0
1144,0.2,0.0,frozen,8,model,0.6,0.0488,0.0362578356,0.0,0.0463,0.3316,0.36,0.0336,0.0458,0.0031,0.995,0.9335,0.3787,True,0,0
1144,0.2,0.0,frozen,9,model,0.6,0.0367,0.0405004252,0.0,0.063,0.3465,0.3875,0.0408,0.0553,0.0032,0.9959,0.9267,0.3644,True,0,0
1144,0.2,0.0,frozen,10,model,0.6,0.04,0.0404193563,0.0,0.058,0.344,0.365,0.036,0.0497,0.0027,0.9951,0.9281,0.3544,True,0,0
1144,0.2,0.0,frozen,11,model,0.6,0.0375,0.0398022113,0.0,0.0475,0.3452,0.3744,0.0301,0.0514,0.0026,0.9949,0.9079,0.3956,True,0,0
1144,0.2,0.0,prior,0,prior,0.6,0.1333,0.0119711332,0.0,0.0437,0.1912,0.2162,0.0475,0.0262,0.0338,0.7839,0.9751,0.0,False,0,0
1144,0.2,0.0,prior,1,model,0.6,0.1375,0.0089167968,0.0,0.0394,0.1905,0.2269,0.0265,0.0306,0.0336,0.7998,0.9761,0.0,False,0,0
1144,0.2,0.0,prior,2,model,0.6,0.1358,0.00976515,0.0,0.0446,0.2011,0.2431,0.0261,0.033,0.0289,0.7796,0.9768,0.0,False,0,0
1144,0.2,0.0,prior,3,model,0.6,0.1246,0.013149061,0.0,0.0572,0.1846,0.2338,0.0229,0.0336,0.0304,0.7739,0.9755,0.0,False,0,0
1144,0.2,0.0,prior,4,model,0.6,0.1363,0.0090602532,0.0,0.0268,0.1997,0.2175,0.0284,0.0248,0.0328,0.7774,0.9753,0.0,False,0,0
1144,0.2,0.0,prior,5,model,0.6,0.1304,0.0133026446,0.0,0.0396,0.2028,0.2162,0.0352,0.0281,0.031,0.7886,0.9724,0.0,False,0,0
1144,0.2,0.0,prior,6,model,0.6,0.1383,0.0085152293,0.0,0.0285,0.1971,0.2156,0.021,0.0291,0.0324,0.7866,0.9797,0.0,False,0,0
1144,0.2,0.0,prior,7,model,0.6,0.1288,0.0097844496,0.0,0.0282,0.1837,0.2119,0.0227,0.0284,0.0334,0.7964,0.9753,0.0,False,0,0
1144,0.2,0.0,prior,8,model,0.6,0.13,0.0103424965,0.0,0.0523,0.1881,0.2381,0.0313,0.0295,0.0273,0.7968,0.9697,0.0,False,0,0
1144,0.2,0.0,prior,9,model,0.6,0.14,0.0069117835,0.0,0.0236,0.2111,0.2325,0.0351,0.0309,0.0316,0.78,0.9733,0.0,False,0,0
1144,0.2,0.0,prior,10,model,0.6,0.1375,0.0091984645,0.0,0.0353,0.1853,0.2188,0.0245,0.0273,0.0349,0.7735,0.9734,0.0,False,0,0
1144,0.2,0.0,prior,11,model,0.6,0.1308,0.0098057619,0.0,0.0362,0.2135,0.2344,0.016,0.0337,0.0304,0.7916,0.9675,0.0,False,0,0
1144,0.2,0.05,treatment,0,prior,0.6175,0.1372,0.0110225743,-0.000948559,0.0614,0.2129,0.2137,0.0194,0.0216,0.0309,0.7839,0.9751,0.0,False,70,19
1144,0.2,0.05,treatment,1,model,0.6202,0.0629,0.0334489619,-0.0014728076,0.1428,0.2117,0.3535,0.0608,0.0407,0.0022,0.971,0.7674,0.1706,True,81,23
1144,0.2,0.05,treatment,2,model,0.6182,0.076,0.0293192509,-0.0018638728,0.1043,0.2936,0.3451,0.0344,0.049,0.0083,0.9488,0.8659,0.1881,True,73,27
1144,0.2,0.05,treatment,3,model,0.6205,0.0512,0.0374318293,-0.0014878791,0.1226,0.2372,0.3597,0.0146,0.0394,0.0004,0.9923,0.9249,0.2819,True,82,24
1144,0.2,0.05,treatment,4,model,0.622,0.1053,0.0202906824,-0.0015593331,0.0931,0.22,0.2731,0.0356,0.0347,0.0232,0.8627,0.927,0.0369,True,88,23
1144,0.2,0.05,treatment,5,model,0.6212,0.0604,0.0334291614,-0.0022114101,0.0955,0.3522,0.336,0.0441,0.0418,0.0038,0.9762,0.8908,0.2056,True,85,31
1144,0.2,0.05,treatment,6,model,0.6188,0.0659,0.0306941662,-0.0032990923,0.1901,0.4295,0.337,0.0727,0.0427,0.0069,0.9908,0.9095,0.3119,True,75,35
1144,0.2,0.05,treatment,7,model,0.6195,0.0549,0.0365625131,-0.0016429754,0.0758,0.3073,0.3364,0.0423,0.0422,0.0047,0.988,0.8985,0.2844,True,78,25
1144,0.2,0.05,treatment,8,model,0.6172,0.0709,0.0307054609,-0.0015615784,0.1291,0.2546,0.3383,0.0498,0.0392,0.0045,0.9923,0.9378,0.3475,True,69,21
1144,0.2,0.05,treatment,9,model,0.6205,0.0729,0.0303879843,-0.00228848,0.1333,0.4096,0.3472,0.0554,0.0453,0.0052,0.9802,0.8252,0.2112,True,82,31
1144,0.2,0.05,treatment,10,model,0.617,0.0774,0.0284333548,-0.0021990387,0.0895,0.3579,0.3192,0.0512,0.0438,0.014,0.9339,0.8724,0.1456,True,68,26
1144,0.2,0.05,treatment,11,model,0.6188,0.0594,0.0329523635,-0.0027029749,0.069,0.3713,0.3554,0.0265,0.0478,0.0063,0.9911,0.901,0.3319,True,75,33
1144,0.2,0.05,frozen,0,prior,0.6,0.1333,0.0119711332,0.0,0.0437,0.1912,0.2162,0.0475,0.0262,0.0338,0.7839,0.9751,0.0,False,0,0
1144,0.2,0.05,frozen,1,model,0.621,0.0539,0.037494354,-0.0010226579,0.0582,0.3291,0.3687,0.0318,0.0483,0.0041,0.9944,0.9326,0.3375,True,84,22
1144,0.2,0.05,frozen,2,model,0.6192,0.0553,0.0358597336,-0.001627954,0.0673,0.3298,0.3795,0.0392,0.0536,0.0036,0.9956,0.9107,0.3844,True,77,26
1144,0.2,0.05,frozen,3,model,0.6188,0.0481,0.0387648415,-0.0014035418,0.053,0.3447,0.3633,0.0351,0.0499,0.0025,0.9959,0.9413,0.3887,True,75,22
1144,0.2,0.05,frozen,4,model,0.6188,0.0501,0.0369688393,-0.002911886,0.0387,0.3357,0.3613,0.0327,0.0459,0.0025,0.9954,0.9359,0.3912,True,75,30
1144,0.2,0.05,frozen,5,model,0.6192,0.0472,0.0374589669,-0.0026147246,0.0454,0.3297,0.3559,0.0328,0.0453,0.0034,0.9943,0.9207,0.3644,True,77,33
1144,0.2,0.05,frozen,6,model,0.619,0.0537,0.0354278699,-0.0034509999,0.0402,0.3443,0.357,0.0349,0.0467,0.0019,0.9961,0.928,0.4231,True,76,36
1144,0.2,0.05,frozen,7,model,0.6202,0.0431,0.0395824323,-0.0016230011,0.0569,0.3382,0.3562,0.0357,0.0496,0.0045,0.9955,0.9299,0.3937,True,81,26
1144,0.2,0.05,frozen,8,model,0.6155,0.0569,0.0342924371,-0.0019653986,0.046,0.3309,0.3596,0.0336,0.0454,0.0027,0.995,0.9335,0.3787,True,62,23
1144,0.2,0.05,frozen,9,model,0.622,0.0506,0.0375611739,-0.0029392514,0.0634,0.3475,0.3849,0.0408,0.0547,0.0037,0.9959,0.9267,0.3644,True,88,38
1144,0.2,0.05,frozen,10,model,0.6195,0.0521,0.0376439914,-0.002775365,0.0579,0.3437,0.362,0.036,0.0489,0.0036,0.9951,0.9281,0.3544,True,78,33
1144,0.2,0.05,frozen,11,model,0.62,0.05,0.036887297,-0.0029149143,0.0515,0.3446,0.3717,0.0301,0.0511,0.0025,0.9949,0.9079,0.3956,True,80,34
1144,0.2,0.05,prior,0,prior,0.6175,0.1372,0.0110225743,-0.000948559,0.0614,0.2129,0.2137,0.0194,0.0216,0.0309,0.7839,0.9751,0.0,False,70,19
1144,0.2,0.05,prior,1,model,0.622,0.1387,0.0086508436,-0.0002659532,0.073,0.1572,0.2302,0.0463,0.0294,0.0338,0.7998,0.9761,0.0,False,88,15
1144,0.2,0.05,prior,2,model,0.6198,0.14,0.008765122,-0.001000028,0.0708,0.1744,0.2419,0.0361,0.0329,0.0277,0.7796,0.9768,0.0,False,79,21
1144,0.2,0.05,prior,3,model,0.6195,0.1263,0.0127501358,-0.0003989252,0.0642,0.2024,0.2365,0.0202,0.0314,0.0287,0.7739,0.9755,0.0,False,78,14
1144,0.2,0.05,prior,4,model,0.6198,0.1384,0.0085216458,-0.0005386074,0.0303,0.1881,0.2183,0.0382,0.0255,0.0294,0.7774,0.9753,0.0,False,79,16
1144,0.2,0.05,prior,5,model,0.621,0.1329,0.0130790705,-0.0002235741,0.0463,0.2099,0.217,0.0131,0.0264,0.0263,0.7886,0.9724,0.0,False,84,17
1144,0.2,0.05,prior,6,model,0.6192,0.1405,0.0078504916,-0.0006647378,0.032,0.1904,0.216,0.0133,0.0288,0.0303,0.7866,0.9797,0.0,False,77,16
1144,0.2,0.05,prior,7,model,0.6198,0.1307,0.0096780442,-0.0001064054,0.0661,0.1749,0.213,0.0247,0.0258,0.0337,0.7964,0.9753,0.0,False,79,15
1144,0.2,0.05,prior,8,model,0.6208,0.1321,0.0100752389,-0.0002672575,0.0645,0.1856,0.2406,0.0218,0.0282,0.027,0.7968,0.9697,0.0,False,83,16
1144,0.2,0.05,prior,9,model,0.619,0.143,0.006251917,-0.0006598665,0.0504,0.2201,0.2323,0.0482,0.0266,0.0264,0.78,0.9733,0.0,False,76,18
1144,0.2,0.05,prior,10,model,0.6208,0.1418,0.0079672338,-0.0012312307,0.0343,0.1997,0.2162,0.0368,0.027,0.032,0.7735,0.9734,0.0,False,83,22
1144,0.2,0.05,prior,11,model,0.619,0.1369,0.0078345777,-0.0019711842,0.0394,0.2195,0.2297,0.0313,0.0286,0.0298,0.7916,0.9675,0.0,False,76,25
1144,0.4,0.0,treatment,0,prior,0.6,0.0767,0.0282363456,0.0,0.1214,0.182,0.3013,0.0472,0.0419,0.0196,0.8325,0.9038,0.0013,False,0,0
1144,0.4,0.0,treatment,1,model,0.6,0.0425,0.0387406269,0.0,0.2774,0.0919,0.3694,0.1106,0.0442,0.0024,0.9925,0.9153,0.3119,True,0,0
1144,0.4,0.0,treatment,2,model,0.6,0.0725,0.0287191904,0.0,0.0845,0.2732,0.3381,0.0328,0.0475,0.011,0.9815,0.8418,0.1688,True,0,0
1144,0.4,0.0,treatment,3,model,0.6,0.0467,0.0366780701,0.0,0.1899,0.1607,0.3506,0.0722,0.0428,0.0066,0.9911,0.911,0.3219,True,0,0
1144,0.4,0.0,treatment,4,model,0.6,0.0592,0.0338330605,0.0,0.163,0.1702,0.3331,0.066,0.0387,0.0054,0.9853,0.8872,0.2288,True,0,0
1144,0.4,0.0,treatment,5,model,0.6,0.0508,0.0352431804,0.0,0.1441,0.192,0.3356,0.0549,0.0414,0.0058,0.9795,0.857,0.26,True,0,0
1144,0.4,0.0,treatment,6,model,0.6,0.0533,0.03571946,0.0,0.1623,0.1808,0.3431,0.0694,0.0434,0.0069,0.9865,0.7611,0.2744,True,0,0
1144,0.4,0.0,treatment,7,model,0.6,0.0479,0.0379366824,0.0,0.1646,0.1741,0.3331,0.0608,0.0425,0.0072,0.994,0.9405,0.3625,True,0,0
1144,0.4,0.0,treatment,8,model,0.6,0.0617,0.0316211805,0.0,0.1749,0.2009,0.3406,0.0671,0.0391,0.0036,0.9912,0.8939,0.3337,True,0,0
1144,0.4,0.0,treatment,9,model,0.6,0.0729,0.0290552794,0.0,0.1502,0.1854,0.3331,0.0564,0.0432,0.007,0.9846,0.7832,0.2288,True,0,0
1144,0.4,0.0,treatment,10,model,0.6,0.0508,0.0359643581,0.0,0.1913,0.1575,0.3488,0.075,0.0409,0.0032,0.9949,0.9331,0.3931,True,0,0
1144,0.4,0.0,treatment,11,model,0.6,0.0629,0.0318316078,0.0,0.0644,0.2719,0.3362,0.0232,0.0484,0.0094,0.9885,0.8786,0.3438,True,0,0
1144,0.4,0.0,frozen,0,prior,0.6,0.0767,0.0282363456,0.0,0.1214,0.182,0.3013,0.0472,0.0419,0.0196,0.8325,0.9038,0.0013,False,0,0
1144,0.4,0.0,frozen,1,model,0.6,0.0425,0.0387406269,0.0,0.1296,0.2461,0.3694,0.0653,0.0464,0.0008,0.9925,0.9153,0.3119,True,0,0
1144,0.4,0.0,frozen,2,model,0.6,0.0492,0.0361393577,0.0,0.1235,0.2526,0.3731,0.069,0.0506,0.0034,0.9955,0.9366,0.3669,True,0,0
1144,0.4,0.0,frozen,3,model,0.6,0.0471,0.0378219069,0.0,0.0963,0.2578,0.35,0.0545,0.0466,0.0036,0.9928,0.9018,0.3169,True,0,0
1144,0.4,0.0,frozen,4,model,0.6,0.0471,0.0376980328,0.0,0.1018,0.2529,0.3513,0.0576,0.0463,0.0016,0.9941,0.9151,0.3356,True,0,0
1144,0.4,0.0,frozen,5,model,0.6,0.0408,0.0377231914,0.0,0.1042,0.2529,0.3506,0.0554,0.0426,0.0042,0.9936,0.9203,0.3344,True,0,0
1144,0.4,0.0,frozen,6,model,0.6,0.0446,0.0377664746,0.0,0.1029,0.2575,0.3563,0.0555,0.0497,0.0045,0.9928,0.8646,0.3438,True,0,0
1144,0.4,0.0,frozen,7,model,0.6,0.04,0.0390591707,0.0,0.0868,0.2618,0.345,0.047,0.0462,0.0051,0.9937,0.9084,0.3412,True,0,0
1144,0.4,0.0,frozen,8,model,0.6,0.0537,0.0344098323,0.0,0.1128,0.2476,0.3525,0.0656,0.043,0.0016,0.9916,0.8596,0.315,True,0,0
1144,0.4,0.0,frozen,9,model,0.6,0.0408,0.0390392442,0.0,0.1301,0.2591,0.3812,0.0645,0.0519,0.0036,0.9935,0.8984,0.3375,True,0,0
1144,0.4,0.0,frozen,10,model,0.6,0.0421,0.0380983792,0.0,0.1027,0.26,0.3619,0.0524,0.0458,0.0024,0.9922,0.8961,0.3394,True,0,0
1144,0.4,0.0,frozen,11,model,0.6,0.0396,0.0388023931,0.0,0.1161,0.2607,0.3713,0.0577,0.0496,0.0019,0.9936,0.9143,0.3456,True,0,0
1144,0.4,0.0,prior,0,prior,0.6,0.0767,0.0282363456,0.0,0.1214,0.182,0.3013,0.0472,0.0419,0.0196,0.8325,0.9038,0.0013,False,0,0
1144,0.4,0.0,prior,1,model,0.6,0.0921,0.0222387682,0.0,0.0834,0.2145,0.295,0.032,0.0423,0.0211,0.8369,0.9074,0.0006,False,0,0
1144,0.4,0.0,prior,2,model,0.6,0.0862,0.0244201425,0.0,0.1339,0.1836,0.3175,0.054,0.0456,0.014,0.8289,0.9019,0.0013,False,0,0
1144,0.4,0.0,prior,3,model,0.6,0.0771,0.0279043783,0.0,0.1054,0.2142,0.305,0.037,0.0442,0.0168,0.8207,0.9184,0.0044,False,0,0
1144,0.4,0.0,prior,4,model,0.6,0.0862,0.0244611544,0.0,0.123,0.1865,0.2925,0.0443,0.0347,0.0159,0.8244,0.9177,0.0031,False,0,0
1144,0.4,0.0,prior,5,model,0.6,0.0758,0.0286862669,0.0,0.136,0.1622,0.2981,0.0552,0.0406,0.0158,0.8348,0.8997,0.0044,False,0,0
1144,0.4,0.0,prior,6,model,0.6,0.09,0.0244262994,0.0,0.0963,0.1956,0.2881,0.0423,0.0398,0.0185,0.8296,0.9154,0.0025,False,0,0
1144,0.4,0.0,prior,7,model,0.6,0.0804,0.0254124834,0.0,0.0713,0.216,0.2844,0.0224,0.04,0.0209,0.8255,0.9122,0.0019,False,0,0
1144,0.4,0.0,prior,8,model,0.6,0.0854,0.0244541646,0.0,0.1327,0.177,0.305,0.0514,0.0406,0.0144,0.8411,0.8971,0.0013,False,0,0
1144,0.4,0.0,prior,9,model,0.6,0.0871,0.0248177486,0.0,0.133,0.228,0.3119,0.0496,0.0467,0.0185,0.8341,0.8961,0.0013,False,0,0
1144,0.4,0.0,prior,10,model,0.6,0.0817,0.0268375305,0.0,0.1202,0.1946,0.3025,0.0432,0.0431,0.0191,0.8215,0.9214,0.0013,False,0,0
1144,0.4,0.0,prior,11,model,0.6,0.0821,0.025341098,0.0,0.0894,0.2182,0.3075,0.0309,0.0439,0.0172,0.8427,0.9038,0.0031,False,0,0
1144,0.4,0.05,treatment,0,prior,0.618,0.085,0.0265395019,-0.0016968436,0.0719,0.2579,0.2984,0.0242,0.0398,0.0186,0.8325,0.9038,0.0013,False,72,26
1144,0.4,0.05,treatment,1,model,0.621,0.0543,0.0363572965,-0.0013452784,0.1227,0.262,0.3681,0.0299,0.0476,0.0037,0.9917,0.9014,0.255,True,84,23
1144,0.4,0.05,treatment,2,model,0.6175,0.0777,0.0277505792,-0.0016599231,0.0609,0.3109,0.3418,0.0298,0.0472,0.0081,0.9867,0.8899,0.2175,True,70,24
1144,0.4,0.05,treatment,3,model,0.6188,0.0533,0.0367401698,-0.0009107994,0.225,0.1355,0.3548,0.0885,0.0461,0.0034,0.9817,0.9012,0.2619,True,75,19
1144,0.4,0.05,treatment,4,model,0.6172,0.068,0.0306328309,-0.0025413404,0.1214,0.3205,0.3312,0.0441,0.0431,0.0089,0.9783,0.9366,0.2844,True,69,25
1144,0.4,0.05,treatment,5,model,0.6195,0.0513,0.0357338337,-0.0026957685,0.1612,0.2895,0.3495,0.0489,0.0408,0.001,0.9896,0.936,0.2263,True,78,34
1144,0.4,0.05,treatment,6,model,0.6208,0.0749,0.0288903098,-0.0025228262,0.1446,0.4031,0.3237,0.0586,0.043,0.0107,0.952,0.8813,0.1913,True,83,32
1144,0.4,0.05,treatment,7,model,0.6198,0.052,0.0365482101,-0.0017008753,0.1055,0.2781,0.3412,0.0245,0.0395,0.004,0.994,0.9067,0.3494,True,79,26
1144,0.4,0.05,treatment,8,model,0.6165,0.0912,0.0231968768,-0.0013397334,0.1164,0.2676,0.3051,0.0401,0.0368,0.0098,0.9501,0.83,0.1469,True,66,19
1144,0.4,0.05,treatment,9,model,0.6215,0.068,0.0324339528,-0.0025148263,0.0584,0.3544,0.356,0.0295,0.0527,0.0108,0.988,0.908,0.2331,True,86,33
1144,0.4,0.05,treatment,10,model,0.619,0.063,0.0331032459,-0.0025731493,0.0652,0.298,0.3438,0.029,0.0414,0.0043,0.9917,0.9371,0.3475,True,76,32
1144,0.4,0.05,treatment,11,model,0.62,0.0605,0.0334187193,-0.0023081922,0.0791,0.4201,0.3546,0.0577,0.0481,0.0078,0.9934,0.9251,0.3669,True,80,32
1144,0.4,0.05,frozen,0,prior,0.6,0.0767,0.0282363456,0.0,0.1214,0.182,0.3013,0.0472,0.0419,0.0196,0.8325,0.9038,0.0013,False,0,0
1144,0.4,0.05,frozen,1,model,0.6192,0.0509,0.0371276156,-0.0016130113,0.1323,0.247,0.3723,0.0653,0.0475,0.0007,0.9925,0.9153,0.3119,True,77,24
1144,0.4,0.05,frozen,2,model,0.62,0.0593,0.0341545352,-0.0019848225,0.1257,0.2525,0.3737,0.069,0.0511,0.0037,0.9955,0.9366,0.3669,True,80,29
1144,0.4,0.05,frozen,3,model,0.6192,0.0537,0.0365975124,-0.0012243945,0.1029,0.2577,0.3546,0.0545,0.0459,0.004,0.9928,0.9018,0.3169,True,77,20
1144,0.4,0.05,frozen,4,model,0.6192,0.0573,0.0349066955,-0.0027913373,0.1009,0.2515,0.35,0.0576,0.0458,0.0016,0.9941,0.9151,0.3356,True,77,29
1144,0.4,0.05,frozen,5,model,0.6202,0.0524,0.0354859092,-0.0022372822,0.102,0.253,0.3483,0.0554,0.0423,0.0045,0.9936,0.9203,0.3344,True,81,32
1144,0.4,0.05,frozen,6,model,0.622,0.0575,0.0346616876,-0.003104787,0.0983,0.2594,0.3532,0.0555,0.0482,0.0042,0.9928,0.8646,0.3438,True,88,36
1144,0.4,0.05,frozen,7,model,0.6208,0.0487,0.0374867675,-0.0015724033,0.09,0.2601,0.3474,0.047,0.047,0.005,0.9937,0.9084,0.3412,True,83,25
1144,0.4,0.05,frozen,8,model,0.6172,0.0616,0.0326390182,-0.0017708142,0.1156,0.2474,0.3534,0.0656,0.043,0.0014,0.9916,0.8596,0.315,True,69,23
1144,0.4,0.05,frozen,9,model,0.6208,0.0548,0.035996218,-0.0030430262,0.1258,0.2601,0.3771,0.0645,0.0512,0.0038,0.9935,0.8984,0.3375,True,83,38
1144,0.4,0.05,frozen,10,model,0.618,0.053,0.0357427663,-0.0023556129,0.1026,0.258,0.3593,0.0524,0.0452,0.0025,0.9922,0.8961,0.3394,True,72,30
1144,0.4,0.05,frozen,11,model,0.618,0.0522,0.0359433226,-0.0028590705,0.1119,0.2606,0.3665,0.0577,0.0484,0.0023,0.9936,0.9143,0.3456,True,72,34
1144,0.4,0.05,prior,0,prior,0.618,0.085,0.0265395019,-0.0016968436,0.0719,0.2579,0.2984,0.0242,0.0398,0.0186,0.8325,0.9038,0.0013,False,72,26
1144,0.4,0.05,prior,1,model,0.6235,0.0974,0.0211867535,-0.0010520147,0.087,0.2148,0.2988,0.0234,0.0364,0.0158,0.8369,0.9074,0.0006,False,94,22
1144,0.4,0.05,prior,2,model,0.619,0.0937,0.0227954095,-0.001624733,0.0787,0.2442,0.3169,0.0195,0.0453,0.0123,0.8289,0.9019,0.0013,False,76,25
1144,0.4,0.05,prior,3,model,0.619,0.0824,0.0267535603,-0.001150818,0.1143,0.1935,0.3077,0.0399,0.0453,0.0153,0.8207,0.9184,0.0044,False,76,19
1144,0.4,0.05,prior,4,model,0.6205,0.0927,0.0228926381,-0.0015685163,0.0979,0.235,0.2931,0.0333,0.0369,0.0182,0.8244,0.9177,0.0031,False,82,23
1144,0.4,0.05,prior,5,model,0.623,0.0831,0.0276526344,-0.0010336325,0.0983,0.2686,0.2997,0.036,0.0394,0.0139,0.8348,0.8997,0.0044,False,92,25
1144,0.4,0.05,prior,6,model,0.6185,0.097,0.0225668536,-0.0018594458,0.0537,0.2476,0.2864,0.0316,0.0378,0.0195,0.8296,0.9154,0.0025,False,74,24
1144,0.4,0.05,prior,7,model,0.6195,0.0864,0.0243885348,-0.0010239486,0.0734,0.2123,0.2852,0.0292,0.0392,0.0196,0.8255,0.9122,0.0019,False,78,21
1144,0.4,0.05,prior,8,model,0.619,0.0909,0.0233020771,-0.0011520876,0.0703,0.3021,0.3071,0.0465,0.0396,0.0123,0.8411,0.8971,0.0013,False,76,20
1144,0.4,0.05,prior,9,model,0.6215,0.0969,0.0224068833,-0.0024108653,0.0365,0.2809,0.3085,0.0379,0.0437,0.0152,0.8341,0.8961,0.0013,False,86,32
1144,0.4,0.05,prior,10,model,0.6198,0.0904,0.024415917,-0.0024216136,0.0559,0.2576,0.2998,0.0261,0.0406,0.0188,0.8215,0.9214,0.0013,False,79,28
1144,0.4,0.05,prior,11,model,0.6188,0.0905,0.0231748303,-0.0021662677,0.0643,0.3224,0.3049,0.0508,0.0406,0.0153,0.8427,0.9038,0.0031,False,75,27
1144,1.0,0.0,treatment,0,prior,0.6,0.0125,0.0481360777,0.0,0.376,0.0215,0.3975,0.1505,0.0494,0.0,0.9723,0.8255,0.22,True,0,0
1144,1.0,0.0,treatment,1,model,0.6,0.1158,0.0166183591,0.0,0.0436,0.2411,0.2594,0.0235,0.0348,0.0235,0.9706,0.9064,0.0781,True,0,0
1144,1.0,0.0,treatment,2,model,0.6,0.0462,0.0378153684,0.0,0.1991,0.1807,0.3775,0.0765,0.0501,0.0027,0.9901,0.9092,0.4012,True,0,0
1144,1.0,0.0,treatment,3,model,0.6,0.0629,0.0327012183,0.0,0.1413,0.2203,0.3262,0.0458,0.0429,0.0147,0.9778,0.8652,0.2587,True,0,0
1144,1.0,0.0,treatment,4,model,0.6,0.045,0.0378773837,0.0,0.2564,0.098,0.3544,0.0996,0.0434,0.0046,0.9815,0.9083,0.3725,True,0,0
1144,1.0,0.0,treatment,5,model,0.6,0.06,0.0317293484,0.0,0.1114,0.2524,0.3219,0.0425,0.0381,0.0091,0.9882,0.913,0.2512,True,0,0
1144,1.0,0.0,treatment,6,model,0.6,0.0571,0.0346064086,0.0,0.0879,0.2542,0.3375,0.035,0.0457,0.01,0.9759,0.6553,0.2056,True,0,0
1144,1.0,0.0,treatment,7,model,0.6,0.0433,0.0394123156,0.0,0.1598,0.1802,0.34,0.0644,0.0426,0.0035,0.9909,0.9306,0.2888,True,0,0
1144,1.0,0.0,treatment,8,model,0.6,0.0542,0.0345794744,0.0,0.1631,0.1888,0.3519,0.0637,0.04,0.0015,0.9953,0.9534,0.4019,True,0,0
1144,1.0,0.0,treatment,9,model,0.6,0.0663,0.0311026715,0.0,0.1411,0.2126,0.3431,0.0512,0.0457,0.0076,0.9855,0.905,0.2137,True,0,0
1144,1.0,0.0,treatment,10,model,0.6,0.0558,0.0338309762,0.0,0.167,0.1742,0.3412,0.0644,0.0396,0.0036,0.9899,0.8591,0.3925,True,0,0
1144,1.0,0.0,treatment,11,model,0.6,0.0625,0.0314337803,0.0,0.1217,0.2288,0.3369,0.0424,0.0445,0.0052,0.9839,0.9216,0.3194,True,0,0
1144,1.0,0.0,frozen,0,prior,0.6,0.0125,0.0481360777,0.0,0.376,0.0215,0.3975,0.1505,0.0494,0.0,0.9723,0.8255,0.22,True,0,0
1144,1.0,0.0,frozen,1,model,0.6,0.1158,0.0166183591,0.0,0.2273,0.032,0.2594,0.1569,0.0105,0.0012,0.9706,0.9064,0.0781,True,0,0
1144,1.0,0.0,frozen,2,model,0.6,0.1108,0.0191326828,0.0,0.2491,0.0315,0.2806,0.1627,0.0162,0.0018,0.9683,0.8719,0.1106,True,0,0
1144,1.0,0.0,frozen,3,model,0.6,0.1062,0.017827909,0.0,0.2287,0.0325,0.2612,0.1518,0.0115,0.0011,0.9749,0.884,0.1219,True,0,0
1144,1.0,0.0,frozen,4,model,0.6,0.1163,0.0172118951,0.0,0.2147,0.0328,0.2475,0.1521,0.0075,0.0014,0.9731,0.8933,0.1113,True,0,0
1144,1.0,0.0,frozen,5,model,0.6,0.1037,0.0186978505,0.0,0.2241,0.0321,0.2562,0.1484,0.0099,0.0027,0.9678,0.868,0.0981,True,0,0
1144,1.0,0.0,frozen,6,model,0.6,0.0983,0.0217327578,0.0,0.2422,0.0334,0.2756,0.1523,0.0139,0.0001,0.9796,0.8744,0.1363,True,0,0
1144,1.0,0.0,frozen,7,model,0.6,0.0996,0.0198739791,0.0,0.2229,0.0327,0.2556,0.1454,0.0099,0.0019,0.9757,0.8989,0.1163,True,0,0
1144,1.0,0.0,frozen,8,model,0.6,0.1075,0.0185275145,0.0,0.2399,0.032,0.2719,0.157,0.0137,0.003,0.9733,0.8865,0.13,True,0,0
1144,1.0,0.0,frozen,9,model,0.6,0.115,0.0159056111,0.0,0.2374,0.0326,0.27,0.1604,0.013,0.0012,0.973,0.9095,0.1,True,0,0
1144,1.0,0.0,frozen,10,model,0.6,0.1046,0.0195348572,0.0,0.235,0.0331,0.2681,0.1533,0.0125,0.0012,0.9744,0.8823,0.1269,True,0,0
1144,1.0,0.0,frozen,11,model,0.6,0.1154,0.0158871014,0.0,0.2244,0.0331,0.2575,0.1555,0.011,0.0006,0.9757,0.9057,0.1331,True,0,0
1144,1.0,0.0,prior,0,prior,0.6,0.0125,0.0481360777,0.0,0.376,0.0215,0.3975,0.1505,0.0494,0.0,0.9723,0.8255,0.22,True,0,0
1144,1.0,0.0,prior,1,model,0.6,0.02,0.0454075306,0.0,0.3556,0.0475,0.4031,0.1425,0.0521,0.0004,0.9711,0.8734,0.185,True,0,0
1144,1.0,0.0,prior,2,model,0.6,0.0171,0.0462950304,0.0,0.3948,0.0265,0.4213,0.1567,0.0569,0.0,0.975,0.8846,0.2375,True,0,0
1144,1.0,0.0,prior,3,model,0.6,0.0175,0.0466117635,0.0,0.3757,0.0187,0.3944,0.1499,0.048,0.0006,0.9741,0.8142,0.2344,True,0,0
1144,1.0,0.0,prior,4,model,0.6,0.0171,0.0468219889,0.0,0.3698,0.0265,0.3962,0.1482,0.0495,0.0002,0.9709,0.8253,0.21,True,0,0
1144,1.0,0.0,prior,5,model,0.6,0.0146,0.0468026673,0.0,0.3624,0.0276,0.39,0.1446,0.0475,0.0002,0.9713,0.7993,0.2162,True,0,0
1144,1.0,0.0,prior,6,model,0.6,0.0158,0.0468276193,0.0,0.3813,0.018,0.3994,0.153,0.0499,0.0,0.9722,0.8119,0.2238,True,0,0
1144,1.0,0.0,prior,7,model,0.6,0.0104,0.0482603198,0.0,0.3715,0.0179,0.3894,0.1492,0.048,0.0009,0.9728,0.8053,0.2481,True,0,0
1144,1.0,0.0,prior,8,model,0.6,0.0213,0.044477432,0.0,0.3696,0.0316,0.4012,0.1483,0.0504,0.0,0.9748,0.764,0.2169,True,0,0
1144,1.0,0.0,prior,9,model,0.6,0.0179,0.0458411586,0.0,0.3892,0.0264,0.4156,0.1557,0.0552,0.0,0.9723,0.837,0.2338,True,0,0
1144,1.0,0.0,prior,10,model,0.6,0.0146,0.047945155,0.0,0.3702,0.07,0.4031,0.1427,0.0515,0.0006,0.9716,0.831,0.2025,True,0,0
1144,1.0,0.0,prior,11,model,0.6,0.0129,0.0475568168,0.0,0.3955,0.0157,0.4113,0.1585,0.0545,0.0002,0.9744,0.863,0.2444,True,0,0
1144,1.0,0.05,treatment,0,prior,0.6182,0.0251,0.0453768235,-0.0027592542,0.1697,0.2322,0.3955,0.0339,0.0517,0.0004,0.9723,0.8255,0.22,True,73,32
1144,1.0,0.05,treatment,1,model,0.6228,0.0835,0.027210933,-0.0006228429,0.0882,0.2334,0.3214,0.029,0.0423,0.013,0.9508,0.8471,0.1544,True,91,19
1144,1.0,0.05,treatment,2,model,0.6195,0.0642,0.0332394468,-0.0014049008,0.1212,0.2722,0.3653,0.0387,0.0478,0.0052,0.9931,0.9382,0.2869,True,78,24
1144,1.0,0.05,treatment,3,model,0.6195,0.0601,0.0344705045,-0.0008169968,0.1486,0.2812,0.3443,0.0276,0.0448,0.006,0.9713,0.916,0.2612,True,78,20
1144,1.0,0.05,treatment,4,model,0.6218,0.0647,0.0320831338,-0.0021542802,0.1926,0.2333,0.3397,0.0786,0.0451,0.01,0.984,0.8865,0.1994,True,87,26
1144,1.0,0.05,treatment,5,model,0.6222,0.0643,0.0321020053,-0.0024491554,0.0586,0.3355,0.3302,0.0363,0.0382,0.0024,0.9659,0.6996,0.1512,True,89,35
1144,1.0,0.05,treatment,6,model,0.6202,0.0665,0.0317052938,-0.0028370081,0.2634,0.4836,0.3371,0.1035,0.0399,0.004,0.9926,0.8814,0.3575,True,81,33
1144,1.0,0.05,treatment,7,model,0.6222,0.0599,0.0344610584,-0.0013601334,0.0714,0.2588,0.3302,0.0263,0.0417,0.0092,0.9916,0.9326,0.3525,True,89,25
1144,1.0,0.05,treatment,8,model,0.6172,0.0774,0.0278476344,-0.0015648901,0.1392,0.249,0.3279,0.0439,0.0342,0.0035,0.9881,0.9185,0.2944,True,69,22
1144,1.0,0.05,treatment,9,model,0.6208,0.0818,0.0268870058,-0.0024068594,0.0921,0.4148,0.3329,0.0849,0.0415,0.0071,0.9834,0.8486,0.2094,True,83,32
1144,1.0,0.05,treatment,10,model,0.6192,0.0787,0.0270501195,-0.0023637716,0.0606,0.3641,0.3185,0.0637,0.0386,0.0105,0.9317,0.8236,0.1638,True,77,30
1144,1.0,0.05,treatment,11,model,0.618,0.0619,0.0324170508,-0.0023265135,0.0641,0.3479,0.3508,0.022,0.047,0.007,0.983,0.8564,0.2637,True,72,28
1144,1.0,0.05,frozen,0,prior,0.6,0.0125,0.0481360777,0.0,0.376,0.0215,0.3975,0.1505,0.0494,0.0,0.9723,0.8255,0.22,True,0,0
1144,1.0,0.05,frozen,1,model,0.6212,0.1191,0.0160023566,-0.0006160025,0.2301,0.0319,0.262,0.1569,0.0111,0.001,0.9706,0.9064,0.0781,True,85,18
1144,1.0,0.05,frozen,2,model,0.6165,0.1148,0.0183667504,-0.0007659324,0.2502,0.0314,0.2816,0.1627,0.0165,0.0017,0.9683,0.8719,0.1106,True,66,17
1144,1.0,0.05,frozen,3,model,0.6212,0.1091,0.0176673639,-0.0001605451,0.2328,0.0326,0.2653,0.1518,0.0125,0.0009,0.9749,0.884,0.1219,True,85,16
1144,1.0,0.05,frozen,4,model,0.6252,0.1216,0.0156961166,-0.0015157785,0.2146,0.0329,0.2475,0.1521,0.0075,0.0018,0.9731,0.8933,0.1113,True,101,25
1144,1.0,0.05,frozen,5,model,0.62,0.1089,0.0179136582,-0.0007841923,0.2238,0.0321,0.2559,0.1484,0.01,0.0029,0.9678,0.868,0.0981,True,80,21
1144,1.0,0.05,frozen,6,model,0.6205,0.1056,0.0197561837,-0.0019765741,0.24,0.0334,0.2734,0.1523,0.0134,0.0001,0.9796,0.8744,0.1363,True,82,26
1144,1.0,0.05,frozen,7,model,0.6188,0.1051,0.0187712632,-0.001102716,0.2218,0.0327,0.2544,0.1454,0.0097,0.0017,0.9757,0.8989,0.1163,True,75,21
1144,1.0,0.05,frozen,8,model,0.619,0.1119,0.0176859472,-0.0008415673,0.2411,0.0319,0.273,0.157,0.014,0.0029,0.9733,0.8865,0.13,True,76,19
1144,1.0,0.05,frozen,9,model,0.6198,0.1226,0.013991286,-0.0019143252,0.233,0.0327,0.2656,0.1604,0.0121,0.0015,0.973,0.9095,0.1,True,79,28
1144,1.0,0.05,frozen,10,model,0.6228,0.1112,0.0177580705,-0.0017767867,0.2339,0.0332,0.2671,0.1533,0.0123,0.0015,0.9744,0.8823,0.1269,True,91,26
1144,1.0,0.05,frozen,11,model,0.6195,0.1235,0.0135204832,-0.0023666181,0.2185,0.0331,0.2516,0.1555,0.01,0.001,0.9757,0.9057,0.1331,True,78,29
1144,1.0,0.05,prior,0,prior,0.6182,0.0251,0.0453768235,-0.0027592542,0.1697,0.2322,0.3955,0.0339,0.0517,0.0004,0.9723,0.8255,0.22,True,73,32
1144,1.0,0.05,prior,1,model,0.621,0.0306,0.0432983845,-0.0021091462,0.1619,0.2453,0.407,0.026,0.0548,0.0018,0.9711,0.8734,0.185,True,84,28
1144,1.0,0.05,prior,2,model,0.62,0.0278,0.0445102349,-0.0017847955,0.1546,0.2704,0.425,0.0553,0.0618,0.001,0.975,0.8846,0.2375,True,80,28
1144,1.0,0.05,prior,3,model,0.6198,0.0266,0.0448163753,-0.0017953882,0.2544,0.1702,0.3991,0.0668,0.0522,0.0004,0.9741,0.8142,0.2344,True,79,24
1144,1.0,0.05,prior,4,model,0.6202,0.0286,0.0440578612,-0.0027641277,0.1194,0.2783,0.3976,0.0531,0.0525,0.0004,0.9709,0.8253,0.21,True,81,30
1144,1.0,0.05,prior,5,model,0.6212,0.0282,0.0442360666,-0.0025666007,0.1599,0.229,0.3888,0.0428,0.0508,0.0014,0.9713,0.7993,0.2162,True,85,35
1144,1.0,0.05,prior,6,model,0.62,0.0306,0.0432237245,-0.0036038948,0.1651,0.3231,0.3954,0.0408,0.0528,0.0009,0.9722,0.8119,0.2238,True,80,38
1144,1.0,0.05,prior,7,model,0.6198,0.0218,0.0461106611,-0.0021496587,0.2512,0.2058,0.3905,0.0696,0.0499,0.0002,0.9728,0.8053,0.2481,True,79,29
1144,1.0,0.05,prior,8,model,0.618,0.0311,0.0424495834,-0.0020278487,0.2325,0.2409,0.4031,0.0531,0.0531,0.0011,0.9748,0.764,0.2169,True,72,26
1144,1.0,0.05,prior,9,model,0.6188,0.0335,0.0422196543,-0.0036215043,0.1295,0.3738,0.4098,0.051,0.0577,0.0009,0.9723,0.837,0.2338,True,75,40
1144,1.0,0.05,prior,10,model,0.6195,0.0287,0.044706327,-0.003238828,0.1081,0.3208,0.4001,0.0426,0.0525,0.0004,0.9716,0.831,0.2025,True,78,36
1144,1.0,0.05,prior,11,model,0.6205,0.029,0.0434761676,-0.0040806492,0.1086,0.3632,0.4065,0.0333,0.0587,0.0011,0.9744,0.863,0.2444,True,82,41
1160,0.2,0.0,treatment,0,prior,0.6,0.1317,0.0101134846,0.0,0.0524,0.1758,0.2269,0.0338,0.0293,0.0264,0.792,0.9736,0.0,False,0,0
1160,0.2,0.0,treatment,1,model,0.6,0.0413,0.0401645032,0.0,0.2579,0.1602,0.3806,0.0971,0.047,0.0004,0.993,0.8998,0.3669,True,0,0
1160,0.2,0.0,treatment,2,model,0.6,0.0642,0.0304372182,0.0,0.0958,0.2539,0.3219,0.036,0.0413,0.0091,0.9763,0.8385,0.2125,True,0,0
1160,0.2,0.0,treatment,3,model,0.6,0.0475,0.0369392794,0.0,0.2202,0.226,0.3588,0.0804,0.044,0.0041,0.9897,0.9129,0.405,True,0,0
1160,0.2,0.0,treatment,4,model,0.6,0.06,0.0330417532,0.0,0.1788,0.1932,0.3463,0.0628,0.0403,0.0027,0.9866,0.9051,0.3256,True,0,0
1160,0.2,0.0,treatment,5,model,0.6,0.0721,0.0283404826,0.0,0.0853,0.2297,0.315,0.036,0.038,0.0102,0.9804,0.8118,0.2725,True,0,0
1160,0.2,0.0,treatment,6,model,0.6,0.0508,0.0353637759,0.0,0.1091,0.2416,0.3506,0.0396,0.0446,0.0028,0.9903,0.8931,0.2994,True,0,0
1160,0.2,0.0,treatment,7,model,0.6,0.0517,0.0349266064,0.0,0.1541,0.2083,0.3406,0.0572,0.0421,0.0054,0.9785,0.8641,0.2169,True,0,0
1160,0.2,0.0,treatment,8,model,0.6,0.0471,0.0365120949,0.0,0.1916,0.1722,0.3638,0.0759,0.0457,0.0039,0.9898,0.9287,0.325,True,0,0
1160,0.2,0.0,treatment,9,model,0.6,0.0533,0.0349387205,0.0,0.1309,0.1991,0.33,0.0546,0.0395,0.0086,0.987,0.7728,0.3463,True,0,0
1160,0.2,0.0,treatment,10,model,0.6,0.0492,0.0372726266,0.0,0.152,0.2142,0.3663,0.0566,0.0458,0.0032,0.9949,0.917,0.3431,True,0,0
1160,0.2,0.0,treatment,11,model,0.6,0.0579,0.0345177324,0.0,0.1119,0.2393,0.3431,0.0339,0.0417,0.0045,0.9888,0.8706,0.23,True,0,0
1160,0.2,0.0,frozen,0,prior,0.6,0.1317,0.0101134846,0.0,0.0524,0.1758,0.2269,0.0338,0.0293,0.0264,0.792,0.9736,0.0,False,0,0
1160,0.2,0.0,frozen,1,model,0.6,0.0413,0.0401645032,0.0,0.0878,0.2939,0.3806,0.031,0.0523,0.0015,0.993,0.8998,0.3669,True,0,0
1160,0.2,0.0,frozen,2,model,0.6,0.0408,0.0385529665,0.0,0.0602,0.2977,0.3569,0.0216,0.0459,0.0031,0.9918,0.8812,0.3625,True,0,0
1160,0.2,0.0,frozen,3,model,0.6,0.0471,0.0378777301,0.0,0.0636,0.2957,0.3594,0.0243,0.0499,0.0051,0.9915,0.874,0.3394,True,0,0
1160,0.2,0.0,frozen,4,model,0.6,0.0508,0.0360299173,0.0,0.0668,0.2932,0.36,0.0273,0.0471,0.0032,0.9924,0.9043,0.33,True,0,0
1160,0.2,0.0,frozen,5,model,0.6,0.0492,0.0369725243,0.0,0.0541,0.2969,0.3494,0.0195,0.0456,0.0039,0.9919,0.9021,0.3331,True,0,0
1160,0.2,0.0,frozen,6,model,0.6,0.0421,0.0387307264,0.0,0.0702,0.2947,0.3638,0.0273,0.0496,0.0051,0.9936,0.8966,0.37,True,0,0
1160,0.2,0.0,frozen,7,model,0.6,0.045,0.037299713,0.0,0.0541,0.2965,0.3506,0.0189,0.0467,0.0043,0.9942,0.9389,0.3394,True,0,0
1160,0.2,0.0,frozen,8,model,0.6,0.0375,0.0396754982,0.0,0.0836,0.2959,0.3781,0.0278,0.052,0.0039,0.9927,0.8956,0.355,True,0,0
1160,0.2,0.0,frozen,9,model,0.6,0.0387,0.0399406179,0.0,0.0551,0.2968,0.3519,0.0197,0.0484,0.0073,0.9915,0.9066,0.3319,True,0,0
1160,0.2,0.0,frozen,10,model,0.6,0.0387,0.0403235424,0.0,0.0878,0.2975,0.3819,0.0314,0.0526,0.0034,0.9914,0.8837,0.3594,True,0,0
1160,0.2,0.0,frozen,11,model,0.6,0.0467,0.0386227814,0.0,0.0655,0.2945,0.36,0.0237,0.0457,0.0022,0.9922,0.9109,0.3387,True,0,0
1160,0.2,0.0,prior,0,prior,0.6,0.1317,0.0101134846,0.0,0.0524,0.1758,0.2269,0.0338,0.0293,0.0264,0.792,0.9736,0.0,False,0,0
1160,0.2,0.0,prior,1,model,0.6,0.1433,0.0083095571,0.0,0.0287,0.2182,0.2275,0.0411,0.0333,0.0347,0.773,0.9777,0.0,False,0,0
1160,0.2,0.0,prior,2,model,0.6,0.1329,0.00951823,0.0,0.04,0.1813,0.2188,0.0366,0.0285,0.0335,0.7891,0.9786,0.0,False,0,0
1160,0.2,0.0,prior,3,model,0.6,0.1392,0.0086863353,0.0,0.0424,0.1917,0.2213,0.0243,0.0306,0.033,0.7905,0.9784,0.0,False,0,0
1160,0.2,0.0,prior,4,model,0.6,0.1313,0.0105106948,0.0,0.0622,0.1866,0.2394,0.0221,0.0304,0.0286,0.7892,0.9776,0.0,False,0,0
1160,0.2,0.0,prior,5,model,0.6,0.14,0.0080040508,0.0,0.0338,0.1977,0.2131,0.0203,0.0258,0.0321,0.7949,0.9783,0.0,False,0,0
1160,0.2,0.0,prior,6,model,0.6,0.1342,0.0094335721,0.0,0.039,0.208,0.2256,0.0332,0.0341,0.0364,0.7918,0.9748,0.0,False,0,0
1160,0.2,0.0,prior,7,model,0.6,0.1392,0.0069924185,0.0,0.018,0.1979,0.2094,0.0303,0.0245,0.0312,0.7842,0.9741,0.0,False,0,0
1160,0.2,0.0,prior,8,model,0.6,0.1363,0.0102704684,0.0,0.0342,0.2053,0.23,0.0228,0.0326,0.0321,0.7885,0.9731,0.0,False,0,0
1160,0.2,0.0,prior,9,model,0.6,0.1317,0.0108664042,0.0,0.0373,0.19,0.2125,0.0249,0.0258,0.0304,0.7825,0.9732,0.0,False,0,0
1160,0.2,0.0,prior,10,model,0.6,0.14,0.0079343946,0.0,0.0405,0.203,0.23,0.0234,0.0293,0.0314,0.7936,0.9724,0.0,False,0,0
1160,0.2,0.0,prior,11,model,0.6,0.1329,0.0113836593,0.0,0.0403,0.1951,0.2306,0.0253,0.0291,0.03,0.7982,0.9699,0.0,False,0,0
1160,0.2,0.05,treatment,0,prior,0.622,0.1342,0.0094402176,-0.000673267,0.0509,0.1906,0.2282,0.0193,0.0268,0.027,0.792,0.9736,0.0,False,88,18
1160,0.2,0.05,treatment,1,model,0.619,0.0715,0.0308713896,-0.001034396,0.1422,0.3345,0.3484,0.0423,0.0456,0.006,0.9631,0.8415,0.1363,True,76,21
1160,0.2,0.05,treatment,2,model,0.6262,0.0623,0.0327608813,-0.0028744983,0.1208,0.2539,0.3431,0.0342,0.0423,0.0085,0.9796,0.8854,0.3069,True,105,36
1160,0.2,0.05,treatment,3,model,0.6232,0.0646,0.0320759332,-0.0019625851,0.134,0.2483,0.3497,0.0361,0.0398,0.0022,0.9907,0.8875,0.3769,True,93,29
1160,0.2,0.05,treatment,4,model,0.622,0.08,0.027347612,-0.0022621548,0.0934,0.3164,0.33,0.0325,0.0437,0.0104,0.9566,0.8415,0.1294,True,88,33
1160,0.2,0.05,treatment,5,model,0.6242,0.0869,0.0255771082,-0.0017514995,0.1505,0.3024,0.3061,0.0436,0.0301,0.0054,0.9507,0.7905,0.0631,True,97,27
1160,0.2,0.05,treatment,6,model,0.6178,0.0907,0.0236671121,-0.0013647515,0.1091,0.3023,0.3002,0.0422,0.0353,0.0156,0.925,0.8097,0.0381,True,71,20
1160,0.2,0.05,treatment,7,model,0.6185,0.0582,0.034097168,-0.0017646867,0.1552,0.2896,0.344,0.0583,0.0421,0.0059,0.9733,0.9117,0.2919,True,74,26
1160,0.2,0.05,treatment,8,model,0.6188,0.0541,0.0361848364,-0.0009230149,0.1747,0.259,0.3679,0.0642,0.0475,0.0024,0.9934,0.9437,0.3356,True,75,25
1160,0.2,0.05,treatment,9,model,0.6215,0.0636,0.0329509192,-0.0014554957,0.1627,0.4177,0.3289,0.0673,0.0428,0.0094,0.9688,0.9174,0.2238,True,86,27
1160,0.2,0.05,treatment,10,model,0.6205,0.0633,0.0329691171,-0.0019497889,0.1127,0.2481,0.3603,0.0319,0.0437,0.0021,0.9827,0.8393,0.2988,True,82,30
1160,0.2,0.05,treatment,11,model,0.6195,0.0803,0.0287849648,-0.0007905459,0.1052,0.2505,0.3213,0.0389,0.0425,0.0112,0.9303,0.8587,0.1369,True,78,17
1160,0.2,0.05,frozen,0,prior,0.6,0.1317,0.0101134846,0.0,0.0524,0.1758,0.2269,0.0338,0.0293,0.0264,0.792,0.9736,0.0,False,0,0
1160,0.2,0.05,frozen,1,model,0.6155,0.0487,0.0390077681,-0.0011567351,0.0909,0.2926,0.3823,0.031,0.0529,0.0014,0.993,0.8998,0.3669,True,62,21
1160,0.2,0.05,frozen,2,model,0.625,0.054,0.0354016135,-0.003151353,0.0614,0.2965,0.356,0.0216,0.0452,0.0032,0.9918,0.8812,0.3625,True,100,37
1160,0.2,0.05,frozen,3,model,0.624,0.0581,0.0355058101,-0.0023719201,0.0646,0.2964,0.361,0.0243,0.0509,0.0055,0.9915,0.874,0.3394,True,96,32
1160,0.2,0.05,frozen,4,model,0.6205,0.0612,0.0338359345,-0.0021939827,0.0681,0.2916,0.3597,0.0273,0.0469,0.0032,0.9924,0.9043,0.33,True,82,30
1160,0.2,0.05,frozen,5,model,0.6202,0.0597,0.0345907821,-0.0023817421,0.054,0.2959,0.3483,0.0195,0.0454,0.0041,0.9919,0.9021,0.3331,True,81,30
1160,0.2,0.05,frozen,6,model,0.618,0.0526,0.0361893401,-0.0025413863,0.0691,0.294,0.3619,0.0273,0.0491,0.0048,0.9936,0.8966,0.37,True,72,29
1160,0.2,0.05,frozen,7,model,0.6168,0.0535,0.0357195951,-0.0015801179,0.0524,0.2979,0.3503,0.0189,0.0468,0.0045,0.9942,0.9389,0.3394,True,67,24
1160,0.2,0.05,frozen,8,model,0.6198,0.0472,0.0384804452,-0.001195053,0.0851,0.2973,0.38,0.0278,0.0528,0.0041,0.9927,0.8956,0.355,True,79,27
1160,0.2,0.05,frozen,9,model,0.624,0.0497,0.0381880431,-0.0017525747,0.0546,0.2991,0.3537,0.0197,0.0489,0.007,0.9915,0.9066,0.3319,True,96,31
1160,0.2,0.05,frozen,10,model,0.6215,0.0495,0.0383759564,-0.0019475861,0.0884,0.299,0.3838,0.0314,0.0533,0.0039,0.9914,0.8837,0.3594,True,86,30
1160,0.2,0.05,frozen,11,model,0.6195,0.0537,0.0372329593,-0.001389822,0.0682,0.2964,0.3647,0.0237,0.047,0.0023,0.9922,0.9109,0.3387,True,78,21
1160,0.2,0.05,prior,0,prior,0.622,0.1342,0.0094402176,-0.000673267,0.0509,0.1906,0.2282,0.0193,0.0268,0.027,0.792,0.9736,0.0,False,88,18
1160,0.2,0.05,prior,1,model,0.6168,0.1435,0.0088011316,0.0004915745,0.0326,0.2026,0.2309,0.0355,0.0316,0.0315,0.773,0.9777,0.0,False,67,10
1160,0.2,0.05,prior,2,model,0.6238,0.1379,0.0079496959,-0.0015685341,0.0389,0.2271,0.2159,0.0388,0.029,0.0306,0.7891,0.9786,0.0,False,95,25
1160,0.2,0.05,prior,3,model,0.6222,0.1418,0.0080003246,-0.0006860107,0.0446,0.2308,0.2217,0.0379,0.0287,0.0316,0.7905,0.9784,0.0,False,89,19
1160,0.2,0.05,prior,4,model,0.62,0.1359,0.0093343937,-0.0011763011,0.0812,0.2035,0.2375,0.0253,0.0288,0.0272,0.7892,0.9776,0.0,False,80,22
1160,0.2,0.05,prior,5,model,0.624,0.1414,0.007436223,-0.0005678278,0.0968,0.1839,0.2154,0.0458,0.0231,0.0284,0.7949,0.9783,0.0,False,96,17
1160,0.2,0.05,prior,6,model,0.619,0.1389,0.0081032887,-0.0013302834,0.034,0.2382,0.2224,0.0307,0.032,0.0354,0.7918,0.9748,0.0,False,76,22
1160,0.2,0.05,prior,7,model,0.6242,0.1398,0.0074152928,0.0004228744,0.0498,0.1805,0.2129,0.0343,0.0251,0.032,0.7842,0.9741,0.0,False,97,15
1160,0.2,0.05,prior,8,model,0.6178,0.1384,0.0101016699,-0.0001687985,0.0477,0.2142,0.2309,0.0152,0.0312,0.0305,0.7885,0.9731,0.0,False,71,15
1160,0.2,0.05,prior,9,model,0.6232,0.1356,0.0100384368,-0.0008279674,0.0635,0.2319,0.211,0.0319,0.0248,0.0322,0.7825,0.9732,0.0,False,93,22
1160,0.2,0.05,prior,10,model,0.6168,0.1443,0.0072576557,-0.0006767389,0.1015,0.1414,0.227,0.065,0.0301,0.0335,0.7936,0.9724,0.0,False,67,20
1160,0.2,0.05,prior,11,model,0.6202,0.1342,0.0112022263,-0.000181433,0.081,0.1793,0.2337,0.0339,0.0283,0.0275,0.7982,0.9699,0.0,False,81,14
1160,0.4,0.0,treatment,0,prior,0.6,0.0846,0.0245105824,0.0,0.1074,0.2212,0.2975,0.035,0.0389,0.0114,0.8291,0.9047,0.0044,False,0,0
1160,0.4,0.0,treatment,1,model,0.6,0.0517,0.0360467483,0.0,0.1873,0.1777,0.365,0.0743,0.0484,0.0045,0.9856,0.8838,0.2875,True,0,0
1160,0.4,0.0,treatment,2,model,0.6,0.0533,0.0340529719,0.0,0.1509,0.2426,0.3381,0.0534,0.0446,0.009,0.9876,0.9158,0.3162,True,0,0
1160,0.4,0.0,treatment,3,model,0.6,0.0525,0.0349818403,0.0,0.2071,0.1441,0.3513,0.0841,0.0416,0.0031,0.9901,0.9076,0.3406,True,0,0
1160,0.4,0.0,treatment,4,model,0.6,0.0629,0.03182054,0.0,0.0943,0.2485,0.3419,0.0349,0.0425,0.0049,0.9913,0.7975,0.3256,True,0,0
1160,0.4,0.0,treatment,5,model,0.6,0.0596,0.0332131652,0.0,0.1245,0.2139,0.3337,0.044,0.0378,0.0052,0.9793,0.8601,0.2381,True,0,0
1160,0.4,0.0,treatment,6,model,0.6,0.0504,0.0357834634,0.0,0.1963,0.2135,0.3513,0.0692,0.0468,0.0081,0.9923,0.9301,0.3187,True,0,0
1160,0.4,0.0,treatment,7,model,0.6,0.0479,0.0354459297,0.0,0.2317,0.1739,0.3463,0.0829,0.0412,0.0052,0.9934,0.9087,0.3125,True,0,0
1160,0.4,0.0,treatment,8,model,0.6,0.0471,0.0371930745,0.0,0.1958,0.168,0.3638,0.0756,0.0488,0.0041,0.9861,0.8864,0.2756,True,0,0
1160,0.4,0.0,treatment,9,model,0.6,0.0471,0.0375779582,0.0,0.1255,0.2148,0.3394,0.0468,0.0435,0.0055,0.9928,0.9322,0.4081,True,0,0
1160,0.4,0.0,treatment,10,model,0.6,0.0621,0.0321299326,0.0,0.1577,0.2457,0.3469,0.0529,0.0456,0.0089,0.971,0.8712,0.2387,True,0,0
1160,0.4,0.0,treatment,11,model,0.6,0.0579,0.0340646366,0.0,0.1517,0.2103,0.3431,0.06,0.0411,0.0052,0.9913,0.867,0.285,True,0,0
1160,0.4,0.0,frozen,0,prior,0.6,0.0846,0.0245105824,0.0,0.1074,0.2212,0.2975,0.035,0.0389,0.0114,0.8291,0.9047,0.0044,False,0,0
1160,0.4,0.0,frozen,1,model,0.6,0.0517,0.0360467483,0.0,0.1009,0.2934,0.365,0.051,0.05,0.0046,0.9856,0.8838,0.2875,True,0,0
1160,0.4,0.0,frozen,2,model,0.6,0.0462,0.0362762948,0.0,0.09,0.2997,0.3488,0.0433,0.0464,0.0039,0.9834,0.887,0.2775,True,0,0
1160,0.4,0.0,frozen,3,model,0.6,0.0525,0.0351596014,0.0,0.0919,0.2974,0.3513,0.0487,0.044,0.0035,0.9823,0.8847,0.24,True,0,0
1160,0.4,0.0,frozen,4,model,0.6,0.0558,0.0349656043,0.0,0.0842,0.3004,0.3525,0.0473,0.0482,0.0062,0.9833,0.8281,0.2487,True,0,0
1160,0.4,0.0,frozen,5,model,0.6,0.0621,0.0329310672,0.0,0.0676,0.2985,0.33,0.0429,0.0427,0.0107,0.9813,0.9142,0.2425,True,0,0
1160,0.4,0.0,frozen,6,model,0.6,0.0496,0.0367062216,0.0,0.0959,0.2929,0.3525,0.0487,0.0442,0.004,0.9843,0.8915,0.2581,True,0,0
1160,0.4,0.0,frozen,7,model,0.6,0.0504,0.0349411542,0.0,0.0882,0.2991,0.3425,0.0454,0.0422,0.0028,0.9824,0.903,0.2494,True,0,0
1160,0.4,0.0,frozen,8,model,0.6,0.0492,0.0359235367,0.0,0.1,0.2971,0.3606,0.0502,0.0463,0.0035,0.9846,0.88,0.2594,True,0,0
1160,0.4,0.0,frozen,9,model,0.6,0.0442,0.0381963709,0.0,0.0805,0.3015,0.3438,0.0384,0.045,0.0084,0.9844,0.8949,0.2562,True,0,0
1160,0.4,0.0,frozen,10,model,0.6,0.0504,0.036138127,0.0,0.1007,0.3033,0.3644,0.0496,0.048,0.0033,0.9856,0.911,0.2406,True,0,0
1160,0.4,0.0,frozen,11,model,0.6,0.0508,0.0360061643,0.0,0.0887,0.3068,0.3538,0.0456,0.0464,0.0038,0.9843,0.9092,0.2469,True,0,0
1160,0.4,0.0,prior,0,prior,0.6,0.0846,0.0245105824,0.0,0.1074,0.2212,0.2975,0.035,0.0389,0.0114,0.8291,0.9047,0.0044,False,0,0
1160,0.4,0.0,prior,1,model,0.6,0.0875,0.0253327929,0.0,0.1249,0.2023,0.3113,0.0478,0.0441,0.0172,0.8336,0.9067,0.0006,False,0,0
1160,0.4,0.0,prior,2,model,0.6,0.0817,0.0257310774,0.0,0.0939,0.2056,0.2956,0.0335,0.0406,0.0188,0.8306,0.9054,0.0025,False,0,0
1160,0.4,0.0,prior,3,model,0.6,0.0887,0.0241383337,0.0,0.0945,0.2111,0.2969,0.0356,0.0421,0.017,0.8232,0.9076,0.0013,False,0,0
1160,0.4,0.0,prior,4,model,0.6,0.0808,0.0263334191,0.0,0.1201,0.1989,0.315,0.0462,0.0437,0.0176,0.8313,0.9107,0.0025,False,0,0
1160,0.4,0.0,prior,5,model,0.6,0.0862,0.0259429119,0.0,0.1154,0.1836,0.2938,0.0427,0.0378,0.0168,0.8322,0.9143,0.0013,False,0,0
1160,0.4,0.0,prior,6,model,0.6,0.0838,0.0245395452,0.0,0.0951,0.2145,0.3013,0.0349,0.0426,0.0187,0.8311,0.9033,0.0037,False,0,0
1160,0.4,0.0,prior,7,model,0.6,0.0879,0.0231389114,0.0,0.0949,0.1927,0.2863,0.0413,0.0407,0.0212,0.835,0.8979,0.0013,False,0,0
1160,0.4,0.0,prior,8,model,0.6,0.0867,0.0242244684,0.0,0.1119,0.1925,0.3044,0.0416,0.0437,0.0185,0.8297,0.9062,0.0019,False,0,0
1160,0.4,0.0,prior,9,model,0.6,0.0842,0.0249748854,0.0,0.0893,0.2061,0.2838,0.0339,0.0391,0.0211,0.8324,0.901,0.0013,False,0,0
1160,0.4,0.0,prior,10,model,0.6,0.0958,0.0217859267,0.0,0.0572,0.2456,0.2963,0.0206,0.0412,0.0202,0.8226,0.92,0.0025,False,0,0
1160,0.4,0.0,prior,11,model,0.6,0.0875,0.0261002779,0.0,0.1116,0.1995,0.2988,0.0421,0.0396,0.0191,0.8306,0.9002,0.0013,False,0,0
1160,0.4,0.05,treatment,0,prior,0.6205,0.0915,0.0229001015,-0.0016104809,0.0712,0.2772,0.2978,0.0291,0.0373,0.0147,0.8291,0.9047,0.0044,False,82,24
1160,0.4,0.05,treatment,1,model,0.6182,0.0554,0.0369557975,-0.0017841067,0.1084,0.292,0.3739,0.0526,0.0467,0.0009,0.9892,0.8836,0.2888,True,73,26
1160,0.4,0.05,treatment,2,model,0.6245,0.0833,0.0246538791,-0.0027850296,0.0853,0.2736,0.3069,0.0295,0.0385,0.01,0.9587,0.8299,0.1744,True,98,34
1160,0.4,0.05,treatment,3,model,0.623,0.0638,0.0327327537,-0.0021560095,0.0759,0.3092,0.3508,0.0327,0.0402,0.0021,0.9885,0.9263,0.3106,True,92,32
1160,0.4,0.05,treatment,4,model,0.6218,0.0836,0.0263271128,-0.0021214964,0.0945,0.2664,0.3239,0.0322,0.0418,0.0084,0.9665,0.7691,0.1688,True,87,32
1160,0.4,0.05,treatment,5,model,0.624,0.0657,0.0330623578,-0.0022194699,0.1464,0.2502,0.3411,0.058,0.0404,0.0024,0.9862,0.8896,0.2419,True,96,30
1160,0.4,0.05,treatment,6,model,0.619,0.0582,0.0339399805,-0.0022999621,0.1358,0.3339,0.3537,0.0501,0.047,0.006,0.9874,0.9168,0.3187,True,76,26
1160,0.4,0.05,treatment,7,model,0.6168,0.0551,0.0339078661,-0.0014483456,0.2106,0.1818,0.3477,0.0827,0.0413,0.002,0.988,0.9246,0.2562,True,67,24
1160,0.4,0.05,treatment,8,model,0.6192,0.0581,0.0352712442,-0.0009696423,0.1706,0.3664,0.3618,0.0499,0.048,0.0032,0.9891,0.9295,0.3144,True,77,25
1160,0.4,0.05,treatment,9,model,0.621,0.0548,0.0367225121,-0.0016053313,0.1008,0.3364,0.343,0.0376,0.0404,0.0029,0.9884,0.9352,0.3088,True,84,27
1160,0.4,0.05,treatment,10,model,0.6225,0.0675,0.0318348607,-0.0016400526,0.166,0.4328,0.355,0.0857,0.0403,0.0017,0.9878,0.9063,0.31,True,90,29
1160,0.4,0.05,treatment,11,model,0.6198,0.0702,0.0319715781,-0.0008886433,0.2035,0.1845,0.3379,0.0778,0.0402,0.0057,0.9863,0.849,0.2419,True,79,18
1160,0.4,0.05,frozen,0,prior,0.6,0.0846,0.0245105824,0.0,0.1074,0.2212,0.2975,0.035,0.0389,0.0114,0.8291,0.9047,0.0044,False,0,0
1160,0.4,0.05,frozen,1,model,0.617,0.0592,0.0348255833,-0.001221165,0.1019,0.2933,0.3668,0.051,0.0511,0.005,0.9856,0.8838,0.2875,True,68,22
1160,0.4,0.05,frozen,2,model,0.6222,0.0583,0.0333090822,-0.0029672126,0.0918,0.2987,0.3468,0.0433,0.046,0.0046,0.9834,0.887,0.2775,True,89,34
1160,0.4,0.05,frozen,3,model,0.6222,0.0639,0.0327366711,-0.0024229303,0.0892,0.2975,0.3501,0.0487,0.0461,0.0034,0.9823,0.8847,0.24,True,89,33
1160,0.4,0.05,frozen,4,model,0.6208,0.0669,0.0326509112,-0.0023146931,0.0837,0.2983,0.3507,0.0473,0.0459,0.0064,0.9833,0.8281,0.2487,True,83,32
1160,0.4,0.05,frozen,5,model,0.6218,0.072,0.0305081415,-0.0024229257,0.0644,0.299,0.3291,0.0429,0.0426,0.0109,0.9813,0.9142,0.2425,True,87,30
1160,0.4,0.05,frozen,6,model,0.6198,0.0589,0.0345901465,-0.0021160751,0.0939,0.2943,0.3531,0.0487,0.0443,0.0034,0.9843,0.8915,0.2581,True,79,27
1160,0.4,0.05,frozen,7,model,0.6178,0.0599,0.0331648804,-0.0017762738,0.0859,0.3018,0.3407,0.0454,0.0439,0.004,0.9824,0.903,0.2494,True,71,27
1160,0.4,0.05,frozen,8,model,0.6195,0.0581,0.0349042667,-0.0010192701,0.0977,0.3,0.362,0.0502,0.0473,0.0037,0.9846,0.88,0.2594,True,78,26
1160,0.4,0.05,frozen,9,model,0.6225,0.0542,0.0365715249,-0.001624846,0.0816,0.3031,0.345,0.0384,0.0458,0.0091,0.9844,0.8949,0.2562,True,90,29
1160,0.4,0.05,frozen,10,model,0.62,0.0597,0.0346221966,-0.0015159304,0.0995,0.3054,0.3658,0.0496,0.0485,0.0031,0.9856,0.911,0.2406,True,80,27
1160,0.4,0.05,frozen,11,model,0.6188,0.0582,0.0344569352,-0.0015492291,0.0899,0.3088,0.3567,0.0456,0.0472,0.0035,0.9843,0.9092,0.2469,True,75,22
1160,0.4,0.05,prior,0,prior,0.6205,0.0915,0.0229001015,-0.0016104809,0.0712,0.2772,0.2978,0.0291,0.0373,0.0147,0.8291,0.9047,0.0044,False,82,24
1160,0.4,0.05,prior,1,model,0.6172,0.0923,0.0248918652,-0.0004409277,0.0639,0.2593,0.3135,0.0336,0.044,0.016,0.8336,0.9067,0.0006,False,69,18
1160,0.4,0.05,prior,2,model,0.625,0.0916,0.0230899524,-0.002641125,0.0923,0.2714,0.2933,0.0317,0.0402,0.0181,0.8306,0.9054,0.0025,False,100,33
1160,0.4,0.05,prior,3,model,0.624,0.095,0.0229910512,-0.0011472825,0.0905,0.2372,0.2999,0.0318,0.0371,0.018,0.8232,0.9076,0.0013,False,96,24
1160,0.4,0.05,prior,4,model,0.6195,0.0908,0.0241587202,-0.0021746989,0.1,0.2166,0.3108,0.0303,0.0407,0.0164,0.8313,0.9107,0.0025,False,78,31
1160,0.4,0.05,prior,5,model,0.623,0.0915,0.0246925893,-0.0012503226,0.0799,0.2379,0.2977,0.0271,0.0374,0.0103,0.8322,0.9143,0.0013,False,92,21
1160,0.4,0.05,prior,6,model,0.6192,0.0929,0.0221086586,-0.0024308866,0.0375,0.3029,0.2974,0.0328,0.0444,0.0216,0.8311,0.9033,0.0037,False,77,29
1160,0.4,0.05,prior,7,model,0.6208,0.0934,0.0226231882,-0.0005157232,0.1083,0.2409,0.2881,0.05,0.0363,0.0178,0.835,0.8979,0.0013,False,83,21
1160,0.4,0.05,prior,8,model,0.617,0.0928,0.0233738863,-0.0008505821,0.0788,0.2758,0.3042,0.0453,0.0439,0.0174,0.8297,0.9062,0.0019,False,68,21
1160,0.4,0.05,prior,9,model,0.6228,0.0915,0.0236113747,-0.0013635107,0.0885,0.2461,0.2836,0.037,0.036,0.0211,0.8324,0.901,0.0013,False,91,26
1160,0.4,0.05,prior,10,model,0.617,0.1025,0.0208895175,-0.0008964092,0.0451,0.269,0.2944,0.0352,0.0398,0.0217,0.8226,0.92,0.0025,False,68,23
1160,0.4,0.05,prior,11,model,0.6192,0.092,0.0252955979,-0.00080468,0.1283,0.2154,0.302,0.0469,0.0357,0.0154,0.8306,0.9002,0.0013,False,77,18
1160,1.0,0.0,treatment,0,prior,0.6,0.02,0.0448647191,0.0,0.3701,0.0243,0.3944,0.1484,0.0485,0.0007,0.9698,0.8352,0.2013,True,0,0
1160,1.0,0.0,treatment,1,model,0.6,0.1196,0.0151230622,0.0,0.058,0.2278,0.2631,0.0257,0.0365,0.0248,0.9269,0.8753,0.0275,True,0,0
1160,1.0,0.0,treatment,2,model,0.6,0.0417,0.0386125148,0.0,0.1336,0.2853,0.3556,0.0437,0.0432,0.0036,0.9877,0.7758,0.3631,True,0,0
1160,1.0,0.0,treatment,3,model,0.6,0.0488,0.0358613861,0.0,0.1593,0.2344,0.3569,0.0573,0.0439,0.0038,0.9916,0.9025,0.3575,True,0,0
1160,1.0,0.0,treatment,4,model,0.6,0.0629,0.0319706955,0.0,0.1226,0.2607,0.3419,0.0348,0.0414,0.0046,0.9928,0.9308,0.2725,True,0,0
1160,1.0,0.0,treatment,5,model,0.6,0.0642,0.0319791452,0.0,0.1401,0.1872,0.3269,0.052,0.0371,0.0019,0.9825,0.7049,0.18,True,0,0
1160,1.0,0.0,treatment,6,model,0.6,0.0587,0.0324101251,0.0,0.1199,0.2189,0.3387,0.0448,0.0416,0.0042,0.9793,0.8249,0.2062,True,0,0
1160,1.0,0.0,treatment,7,model,0.6,0.0554,0.033028977,0.0,0.1304,0.2257,0.335,0.0435,0.0389,0.0018,0.9848,0.8661,0.2619,True,0,0
1160,1.0,0.0,treatment,8,model,0.6,0.0462,0.0368598551,0.0,0.1704,0.195,0.365,0.0645,0.0474,0.0034,0.991,0.8906,0.3075,True,0,0
1160,1.0,0.0,treatment,9,model,0.6,0.0587,0.0333766416,0.0,0.1117,0.2206,0.3219,0.0411,0.0384,0.0083,0.9816,0.9092,0.2819,True,0,0
1160,1.0,0.0,treatment,10,model,0.6,0.0546,0.0350323973,0.0,0.1489,0.2092,0.3581,0.0546,0.0458,0.0041,0.9934,0.8953,0.3369,True,0,0
1160,1.0,0.0,treatment,11,model,0.6,0.0583,0.0344844512,0.0,0.1877,0.1572,0.3425,0.0713,0.0433,0.0063,0.9757,0.8053,0.2419,True,0,0
1160,1.0,0.0,frozen,0,prior,0.6,0.02,0.0448647191,0.0,0.3701,0.0243,0.3944,0.1484,0.0485,0.0007,0.9698,0.8352,0.2013,True,0,0
1160,1.0,0.0,frozen,1,model,0.6,0.1196,0.0151230622,0.0,0.2358,0.0274,0.2631,0.1555,0.0117,0.0,0.9269,0.8753,0.0275,True,0,0
1160,1.0,0.0,frozen,2,model,0.6,0.1179,0.0128171513,0.0,0.2139,0.0273,0.2412,0.1457,0.0079,0.0013,0.9215,0.8811,0.0306,True,0,0
1160,1.0,0.0,frozen,3,model,0.6,0.1221,0.0136612492,0.0,0.2195,0.0274,0.2469,0.1504,0.0097,0.0,0.921,0.8628,0.0319,True,0,0
1160,1.0,0.0,frozen,4,model,0.6,0.1204,0.0149760123,0.0,0.2282,0.0274,0.2556,0.1529,0.012,0.0,0.9284,0.8621,0.0213,True,0,0
1160,1.0,0.0,frozen,5,model,0.6,0.1138,0.0163486221,0.0,0.225,0.0275,0.2525,0.1475,0.0112,0.0006,0.9199,0.8906,0.0206,True,0,0
1160,1.0,0.0,frozen,6,model,0.6,0.1129,0.0170170582,0.0,0.2301,0.0274,0.2575,0.149,0.0116,0.0,0.9258,0.8698,0.03,True,0,0
1160,1.0,0.0,frozen,7,model,0.6,0.1196,0.0128288081,0.0,0.2113,0.0275,0.2387,0.1455,0.0106,0.0022,0.9222,0.8698,0.0306,True,0,0
1160,1.0,0.0,frozen,8,model,0.6,0.1133,0.0178352331,0.0,0.2372,0.0272,0.2644,0.1525,0.0132,0.0017,0.9184,0.8654,0.0175,True,0,0
1160,1.0,0.0,frozen,9,model,0.6,0.1108,0.0170186707,0.0,0.2163,0.0274,0.2437,0.1425,0.0095,0.0004,0.9273,0.8831,0.0169,True,0,0
1160,1.0,0.0,frozen,10,model,0.6,0.1187,0.0143699262,0.0,0.2344,0.0275,0.2619,0.1543,0.0139,0.0017,0.9226,0.8703,0.0112,True,0,0
1160,1.0,0.0,frozen,11,model,0.6,0.1275,0.0125115235,0.0,0.2114,0.0273,0.2387,0.1504,0.0083,0.0027,0.9232,0.8917,0.0138,True,0,0
1160,1.0,0.0,prior,0,prior,0.6,0.02,0.0448647191,0.0,0.3701,0.0243,0.3944,0.1484,0.0485,0.0007,0.9698,0.8352,0.2013,True,0,0
1160,1.0,0.0,prior,1,model,0.6,0.0204,0.0462704051,0.0,0.3849,0.027,0.4119,0.1537,0.0547,0.0002,0.9756,0.8038,0.2338,True,0,0
1160,1.0,0.0,prior,2,model,0.6,0.0154,0.0466957122,0.0,0.3759,0.0191,0.395,0.1507,0.0481,0.0002,0.9744,0.8509,0.2181,True,0,0
1160,1.0,0.0,prior,3,model,0.6,0.0183,0.045524036,0.0,0.3652,0.0373,0.4025,0.1462,0.051,0.0002,0.9747,0.8734,0.2369,True,0,0
1160,1.0,0.0,prior,4,model,0.6,0.0167,0.0465401508,0.0,0.3901,0.0212,0.4113,0.1558,0.0536,0.0,0.971,0.8009,0.2075,True,0,0
1160,1.0,0.0,prior,5,model,0.6,0.0204,0.0454579711,0.0,0.3619,0.0306,0.3925,0.1443,0.0484,0.0001,0.9694,0.8614,0.1844,True,0,0
1160,1.0,0.0,prior,6,model,0.6,0.0112,0.0483612636,0.0,0.3922,0.0178,0.41,0.1568,0.0534,0.0004,0.972,0.7949,0.2263,True,0,0
1160,1.0,0.0,prior,7,model,0.6,0.0154,0.0463117764,0.0,0.3713,0.0237,0.395,0.1488,0.0491,0.0002,0.9726,0.7777,0.2081,True,0,0
1160,1.0,0.0,prior,8,model,0.6,0.015,0.04686328,0.0,0.3883,0.0295,0.4119,0.15,0.0545,0.0,0.9693,0.8083,0.2162,True,0,0
1160,1.0,0.0,prior,9,model,0.6,0.0108,0.0479255952,0.0,0.3778,0.016,0.3937,0.151,0.0497,0.0002,0.9704,0.7949,0.1956,True,0,0
1160,1.0,0.0,prior,10,model,0.6,0.0129,0.0475024358,0.0,0.4048,0.0159,0.4206,0.1621,0.0567,0.0,0.9692,0.8284,0.2025,True,0,0
1160,1.0,0.0,prior,11,model,0.6,0.0192,0.0457211091,0.0,0.3708,0.0305,0.4012,0.1481,0.0511,0.0004,0.9725,0.7647,0.2075,True,0,0
1160,1.0,0.05,treatment,0,prior,0.618,0.0316,0.0417189491,-0.00314577,0.0912,0.3023,0.3933,0.0632,0.0493,0.0008,0.9698,0.8352,0.2013,True,72,30
1160,1.0,0.05,treatment,1,model,0.6178,0.0817,0.0276601629,-0.0008389066,0.0774,0.2706,0.3309,0.0363,0.0431,0.0089,0.9823,0.9051,0.1656,True,71,20
1160,1.0,0.05,treatment,2,model,0.6245,0.0624,0.0333645732,-0.0023117272,0.1873,0.2438,0.3415,0.0761,0.0435,0.0066,0.9697,0.8505,0.2425,True,98,34
1160,1.0,0.05,treatment,3,model,0.6218,0.0676,0.0309359484,-0.0018408706,0.168,0.203,0.3437,0.0647,0.0386,0.0044,0.9816,0.8521,0.2944,True,87,27
1160,1.0,0.05,treatment,4,model,0.6228,0.0839,0.0264542535,-0.0016295089,0.0832,0.2599,0.3241,0.0337,0.043,0.0077,0.9652,0.8645,0.1444,True,91,29
1160,1.0,0.05,treatment,5,model,0.6232,0.0778,0.0292316267,-0.0017186328,0.0899,0.2625,0.3205,0.0237,0.04,0.0075,0.968,0.9113,0.1737,True,93,28
1160,1.0,0.05,treatment,6,model,0.6178,0.0595,0.0345593346,-0.0023782409,0.1271,0.2552,0.3506,0.0454,0.048,0.0068,0.9797,0.8534,0.2625,True,71,27
1160,1.0,0.05,treatment,7,model,0.6172,0.0486,0.0367982855,-0.0017790178,0.1711,0.2522,0.3586,0.0572,0.0429,0.0028,0.9921,0.9108,0.35,True,69,27
1160,1.0,0.05,treatment,8,model,0.6222,0.0647,0.0336472954,-0.0009667053,0.0663,0.3082,0.3534,0.0204,0.0454,0.001,0.9738,0.768,0.2156,True,89,27
1160,1.0,0.05,treatment,9,model,0.6222,0.0562,0.036265204,-0.0015213928,0.0871,0.323,0.3415,0.0167,0.0426,0.0026,0.9918,0.9204,0.31,True,89,28
1160,1.0,0.05,treatment,10,model,0.6235,0.0878,0.0251781904,-0.0010818565,0.1408,0.2699,0.322,0.0585,0.0402,0.0102,0.9295,0.8803,0.1225,True,94,26
1160,1.0,0.05,treatment,11,model,0.62,0.0653,0.0335100647,-0.0007694511,0.1156,0.249,0.3461,0.044,0.0421,0.0049,0.979,0.8731,0.2444,True,80,18
1160,1.0,0.05,frozen,0,prior,0.6,0.02,0.0448647191,0.0,0.3701,0.0243,0.3944,0.1484,0.0485,0.0007,0.9698,0.8352,0.2013,True,0,0
1160,1.0,0.05,frozen,1,model,0.6182,0.1225,0.0149784542,-0.000144608,0.2379,0.0273,0.2652,0.1555,0.0122,0.0,0.9269,0.8753,0.0275,True,73,16
1160,1.0,0.05,frozen,2,model,0.627,0.1248,0.01055448,-0.0022626713,0.2113,0.0273,0.2386,0.1457,0.0074,0.0013,0.9215,0.8811,0.0306,True,108,30
1160,1.0,0.05,frozen,3,model,0.621,0.1264,0.0128720723,-0.000789177,0.2193,0.0274,0.2467,0.1504,0.0099,0.0,0.921,0.8628,0.0319,True,84,21
1160,1.0,0.05,frozen,4,model,0.6202,0.1278,0.0131317741,-0.0018442382,0.2234,0.0274,0.2508,0.1529,0.0113,0.0006,0.9284,0.8621,0.0213,True,81,28
1160,1.0,0.05,frozen,5,model,0.6222,0.1193,0.0149683225,-0.0013802996,0.2239,0.0276,0.2515,0.1475,0.0109,0.0008,0.9199,0.8906,0.0206,True,89,24
1160,1.0,0.05,frozen,6,model,0.6195,0.1195,0.0150705693,-0.0019464889,0.2269,0.0274,0.2543,0.149,0.0107,0.0003,0.9258,0.8698,0.03,True,78,25
1160,1.0,0.05,frozen,7,model,0.622,0.1222,0.0125215381,-0.00030727,0.2139,0.0275,0.2414,0.1455,0.0116,0.0021,0.9222,0.8698,0.0306,True,88,17
1160,1.0,0.05,frozen,8,model,0.622,0.1162,0.0179195908,8.43577e-05,0.2413,0.0272,0.2685,0.1525,0.0142,0.002,0.9184,0.8654,0.0175,True,88,17
1160,1.0,0.05,frozen,9,model,0.6218,0.1142,0.0166538531,-0.0003648176,0.2184,0.0274,0.2459,0.1425,0.0099,0.0005,0.9273,0.8831,0.0169,True,87,18
1160,1.0,0.05,frozen,10,model,0.6202,0.1217,0.0139872291,-0.0003826971,0.2372,0.0274,0.2646,0.1543,0.0144,0.0021,0.9226,0.8703,0.0112,True,81,17
1160,1.0,0.05,frozen,11,model,0.6178,0.1283,0.0123940205,-0.000117503,0.2153,0.0273,0.2426,0.1504,0.0094,0.0032,0.9232,0.8917,0.0138,True,71,11
1160,1.0,0.05,prior,0,prior,0.618,0.0316,0.0417189491,-0.00314577,0.0912,0.3023,0.3933,0.0632,0.0493,0.0008,0.9698,0.8352,0.2013,True,72,30
1160,1.0,0.05,prior,1,model,0.6162,0.03,0.0444459185,-0.0018244866,0.1895,0.2235,0.413,0.0579,0.0571,0.0008,0.9756,0.8038,0.2338,True,65,25
1160,1.0,0.05,prior,2,model,0.6242,0.0316,0.042775503,-0.0039202091,0.0728,0.3549,0.3925,0.0555,0.0506,0.0008,0.9744,0.8509,0.2181,True,97,42
1160,1.0,0.05,prior,3,model,0.6245,0.0324,0.042646052,-0.002877984,0.1349,0.2694,0.4041,0.0232,0.0524,0.0002,0.9747,0.8734,0.2369,True,98,37
1160,1.0,0.05,prior,4,model,0.6198,0.0307,0.0436520315,-0.0028881193,0.1989,0.3325,0.4089,0.0517,0.0566,0.0003,0.971,0.8009,0.2075,True,79,36
1160,1.0,0.05,prior,5,model,0.6232,0.0333,0.0426172247,-0.0028407464,0.1301,0.2841,0.3942,0.0558,0.0505,0.0006,0.9694,0.8614,0.1844,True,93,34
1160,1.0,0.05,prior,6,model,0.619,0.0234,0.0456685314,-0.0026927322,0.2126,0.2012,0.4101,0.0743,0.0578,0.0007,0.972,0.7949,0.2263,True,76,31
1160,1.0,0.05,prior,7,model,0.6182,0.0271,0.0442322087,-0.0020795678,0.1915,0.2773,0.3942,0.049,0.0512,0.0002,0.9726,0.7777,0.2081,True,73,30
1160,1.0,0.05,prior,8,model,0.62,0.0266,0.045343579,-0.0015197009,0.2066,0.2306,0.4138,0.0554,0.058,0.0007,0.9693,0.8083,0.2162,True,80,30
1160,1.0,0.05,prior,9,model,0.623,0.0241,0.045766002,-0.0021595932,0.1088,0.3286,0.3952,0.0569,0.052,0.0005,0.9704,0.7949,0.1956,True,92,34
1160,1.0,0.05,prior,10,model,0.6208,0.0258,0.0453664601,-0.0021359757,0.1634,0.2858,0.4219,0.0288,0.0601,0.0003,0.9692,0.8284,0.2025,True,83,33
1160,1.0,0.05,prior,11,model,0.618,0.0275,0.044350715,-0.0013703941,0.2759,0.2185,0.4058,0.0931,0.0544,0.0002,0.9725,0.7647,0.2075,True,72,22
1176,0.2,0.0,treatment,0,prior,0.6,0.1363,0.0074262671,0.0,0.0352,0.2248,0.2306,0.0282,0.0295,0.0282,0.7883,0.9749,0.0,False,0,0
1176,0.2,0.0,treatment,1,model,0.6,0.0496,0.0372354412,0.0,0.176,0.1639,0.3337,0.0678,0.0368,0.003,0.9878,0.8,0.2406,True,0,0
1176,0.2,0.0,treatment,2,model,0.6,0.0658,0.0315357638,0.0,0.1345,0.1986,0.3331,0.0551,0.0421,0.0044,0.9788,0.7869,0.2213,True,0,0
1176,0.2,0.0,treatment,3,model,0.6,0.0483,0.0368541102,0.0,0.2168,0.1474,0.3638,0.0824,0.0448,0.0034,0.9928,0.925,0.285,True,0,0
1176,0.2,0.0,treatment,4,model,0.6,0.0625,0.0329723005,0.0,0.1266,0.2204,0.3381,0.049,0.0452,0.0066,0.987,0.8475,0.2094,True,0,0
1176,0.2,0.0,treatment,5,model,0.6,0.0558,0.0352522778,0.0,0.1791,0.1646,0.3438,0.0715,0.0407,0.0031,0.9791,0.7393,0.2956,True,0,0
1176,0.2,0.0,treatment,6,model,0.6,0.0454,0.0370375319,0.0,0.172,0.2641,0.365,0.0522,0.0456,0.0023,0.994,0.9211,0.3331,True,0,0
1176,0.2,0.0,treatment,7,model,0.6,0.06,0.0334841562,0.0,0.1701,0.186,0.345,0.0701,0.0453,0.0079,0.9888,0.9204,0.3519,True,0,0
1176,0.2,0.0,treatment,8,model,0.6,0.0525,0.0337393847,0.0,0.1646,0.1869,0.3356,0.0609,0.0409,0.0078,0.9729,0.8961,0.1844,True,0,0
1176,0.2,0.0,treatment,9,model,0.6,0.0483,0.0370516434,0.0,0.1731,0.1768,0.3494,0.0664,0.0445,0.0053,0.9754,0.9245,0.2919,True,0,0
1176,0.2,0.0,treatment,10,model,0.6,0.0675,0.0310730626,0.0,0.1311,0.2565,0.3306,0.0468,0.0455,0.0111,0.9798,0.8597,0.1669,True,0,0
1176,0.2,0.0,treatment,11,model,0.6,0.0488,0.0381175048,0.0,0.1828,0.1541,0.3369,0.0732,0.0379,0.0041,0.9885,0.8928,0.2519,True,0,0
1176,0.2,0.0,frozen,0,prior,0.6,0.1363,0.0074262671,0.0,0.0352,0.2248,0.2306,0.0282,0.0295,0.0282,0.7883,0.9749,0.0,False,0,0
1176,0.2,0.0,frozen,1,model,0.6,0.0496,0.0372354412,0.0,0.0451,0.3762,0.3337,0.0308,0.0407,0.0022,0.9878,0.8,0.2406,True,0,0
1176,0.2,0.0,frozen,2,model,0.6,0.0454,0.0370849727,0.0,0.0357,0.3847,0.3638,0.0204,0.0481,0.0002,0.9856,0.8018,0.2394,True,0,0
1176,0.2,0.0,frozen,3,model,0.6,0.0454,0.0375242306,0.0,0.0289,0.391,0.3681,0.0157,0.0491,0.0,0.9908,0.8707,0.2956,True,0,0
1176,0.2,0.0,frozen,4,model,0.6,0.0471,0.0368117441,0.0,0.0386,0.3834,0.3613,0.0183,0.0495,0.0025,0.9865,0.7539,0.25,True,0,0
1176,0.2,0.0,frozen,5,model,0.6,0.0517,0.0361822268,0.0,0.0383,0.3841,0.35,0.022,0.0435,0.0001,0.9874,0.7731,0.2625,True,0,0
1176,0.2,0.0,frozen,6,model,0.6,0.0404,0.0397704547,0.0,0.0372,0.3761,0.3725,0.0213,0.048,0.0,0.9921,0.8715,0.2938,True,0,0
1176,0.2,0.0,frozen,7,model,0.6,0.0462,0.0374445817,0.0,0.0364,0.3826,0.3656,0.0174,0.0514,0.0013,0.9892,0.8154,0.2637,True,0,0
1176,0.2,0.0,frozen,8,model,0.6,0.0458,0.0360377685,0.0,0.0365,0.3742,0.3456,0.017,0.0443,0.0018,0.9881,0.7949,0.2494,True,0,0
1176,0.2,0.0,frozen,9,model,0.6,0.0375,0.0401788117,0.0,0.0366,0.388,0.3656,0.0194,0.0509,0.0021,0.9905,0.7778,0.3013,True,0,0
1176,0.2,0.0,frozen,10,model,0.6,0.0433,0.0392006401,0.0,0.0165,0.3705,0.3669,0.0134,0.0493,0.0003,0.989,0.7368,0.2606,True,0,0
1176,0.2,0.0,frozen,11,model,0.6,0.0529,0.0361514682,0.0,0.0627,0.3904,0.3306,0.0329,0.0407,0.004,0.9881,0.8246,0.3006,True,0,0
1176,0.2,0.0,prior,0,prior,0.6,0.1363,0.0074262671,0.0,0.0352,0.2248,0.2306,0.0282,0.0295,0.0282,0.7883,0.9749,0.0,False,0,0
1176,0.2,0.0,prior,1,model,0.6,0.1304,0.0105850021,0.0,0.045,0.1854,0.2125,0.0244,0.0256,0.0348,0.7827,0.9733,0.0,False,0,0
1176,0.2,0.0,prior,2,model,0.6,0.1388,0.0082980853,0.0,0.0328,0.2067,0.2238,0.0206,0.0253,0.0338,0.8058,0.9725,0.0,False,0,0
1176,0.2,0.0,prior,3,model,0.6,0.1321,0.0101528055,0.0,0.0682,0.1738,0.2381,0.0339,0.0318,0.0272,0.7809,0.9784,0.0,False,0,0
1176,0.2,0.0,prior,4,model,0.6,0.1329,0.0096779248,0.0,0.0555,0.1848,0.2325,0.0238,0.0335,0.0314,0.7748,0.979,0.0,False,0,0
1176,0.2,0.0,prior,5,model,0.6,0.1371,0.0093986865,0.0,0.0333,0.1967,0.2219,0.0228,0.0266,0.0281,0.7864,0.9782,0.0,False,0,0
1176,0.2,0.0,prior,6,model,0.6,0.1371,0.0078410311,0.0,0.049,0.1981,0.2275,0.0243,0.0295,0.0287,0.7826,0.979,0.0,False,0,0
1176,0.2,0.0,prior,7,model,0.6,0.1363,0.0103184037,0.0,0.0548,0.202,0.2306,0.0396,0.034,0.0335,0.7964,0.971,0.0,False,0,0
1176,0.2,0.0,prior,8,model,0.6,0.1271,0.0114920466,0.0,0.0449,0.1826,0.2238,0.0252,0.0291,0.0325,0.7846,0.9743,0.0,False,0,0
1176,0.2,0.0,prior,9,model,0.6,0.1288,0.0113390809,0.0,0.0482,0.1828,0.2288,0.025,0.0351,0.0375,0.7821,0.9752,0.0,False,0,0
1176,0.2,0.0,prior,10,model,0.6,0.1279,0.0129994534,0.0,0.0561,0.1991,0.24,0.0238,0.0315,0.0297,0.7953,0.9716,0.0,False,0,0
1176,0.2,0.0,prior,11,model,0.6,0.1233,0.0127732829,0.0,0.0636,0.1879,0.225,0.018,0.0266,0.0286,0.7889,0.9761,0.0,False,0,0
1176,0.2,0.05,treatment,0,prior,0.6185,0.1395,0.0068816367,-0.0005446304,0.0473,0.1953,0.23,0.0306,0.0268,0.029,0.7883,0.9749,0.0,False,74,18
1176,0.2,0.05,treatment,1,model,0.6228,0.0566,0.0356795361,-0.0015141564,0.1261,0.2182,0.3393,0.0354,0.0384,0.0021,0.9899,0.9066,0.2425,True,91,29
1176,0.2,0.05,treatment,2,model,0.618,0.0732,0.0296430978,-0.0016719508,0.1164,0.2672,0.3338,0.031,0.0418,0.0026,0.9779,0.9153,0.1787,True,72,26
1176,0.2,0.05,treatment,3,model,0.6195,0.0734,0.0305255621,-0.0013245251,0.0842,0.2969,0.339,0.0215,0.0475,0.0097,0.9286,0.913,0.1,True,78,24
1176,0.2,0.05,treatment,4,model,0.616,0.0633,0.0325647128,-0.0021516169,0.0908,0.3103,0.3483,0.0232,0.0475,0.0076,0.9636,0.9086,0.2169,True,64,25
1176,0.2,0.05,treatment,5,model,0.6192,0.0581,0.035186565,-0.0012634476,0.1271,0.2927,0.3546,0.0487,0.0426,0.0038,0.9844,0.9238,0.3081,True,77,23
1176,0.2,0.05,treatment,6,model,0.6225,0.0707,0.0299809566,-0.00235381,0.1433,0.199,0.3424,0.0712,0.0438,0.0071,0.981,0.8822,0.2181,True,90,31
1176,0.2,0.05,treatment,7,model,0.6168,0.0677,0.0309320062,-0.0016262991,0.0939,0.265,0.3451,0.0357,0.0435,0.0076,0.9815,0.7946,0.2487,True,67,19
1176,0.2,0.05,treatment,8,model,0.618,0.0659,0.0317733353,-0.0014353792,0.0826,0.2467,0.3272,0.0229,0.0413,0.0078,0.9585,0.8608,0.1894,True,72,21
1176,0.2,0.05,treatment,9,model,0.617,0.0636,0.0331231419,-0.0013580169,0.1476,0.2715,0.3381,0.059,0.0504,0.0129,0.9528,0.8827,0.205,True,68,23
1176,0.2,0.05,treatment,10,model,0.6185,0.0582,0.0348287739,-0.0022683037,0.1849,0.4215,0.3585,0.0653,0.0458,0.0036,0.9904,0.9287,0.3237,True,74,27
1176,0.2,0.05,treatment,11,model,0.621,0.07,0.0319950763,-0.0028982358,0.1132,0.3649,0.3179,0.0377,0.0403,0.012,0.9612,0.8744,0.2487,True,84,34
1176,0.2,0.05,frozen,0,prior,0.6,0.1363,0.0074262671,0.0,0.0352,0.2248,0.2306,0.0282,0.0295,0.0282,0.7883,0.9749,0.0,False,0,0
1176,0.2,0.05,frozen,1,model,0.6228,0.0598,0.0354824719,-0.0017529693,0.0426,0.3756,0.334,0.0308,0.0405,0.0019,0.9878,0.8,0.2406,True,91,30
1176,0.2,0.05,frozen,2,model,0.6195,0.0549,0.035095162,-0.0019898107,0.031,0.3827,0.3647,0.0204,0.0481,0.0001,0.9856,0.8018,0.2394,True,78,27
1176,0.2,0.05,frozen,3,model,0.62,0.0548,0.0359499159,-0.0015743147,0.0282,0.391,0.3697,0.0157,0.0494,0.0,0.9908,0.8707,0.2956,True,80,27
1176,0.2,0.05,frozen,4,model,0.6162,0.0568,0.0344717613,-0.0023399829,0.0376,0.3822,0.359,0.0183,0.0488,0.0024,0.9865,0.7539,0.25,True,65,27
1176,0.2,0.05,frozen,5,model,0.6212,0.0575,0.0355563611,-0.0006258658,0.0342,0.3861,0.3571,0.022,0.0452,0.0001,0.9874,0.7731,0.2625,True,85,19
1176,0.2,0.05,frozen,6,model,0.6192,0.0513,0.0373081259,-0.0024623288,0.0324,0.3756,0.3716,0.0213,0.0481,0.0,0.9921,0.8715,0.2938,True,77,30
1176,0.2,0.05,frozen,7,model,0.617,0.0535,0.035831816,-0.0016127657,0.036,0.3819,0.3681,0.0174,0.0519,0.001,0.9892,0.8154,0.2637,True,68,21
1176,0.2,0.05,frozen,8,model,0.622,0.0547,0.0340840896,-0.0019536789,0.0333,0.3735,0.3485,0.017,0.0444,0.0015,0.9881,0.7949,0.2494,True,88,26
1176,0.2,0.05,frozen,9,model,0.62,0.048,0.0382153551,-0.0019634566,0.0372,0.3881,0.3658,0.0194,0.0512,0.0036,0.9905,0.7778,0.3013,True,80,29
1176,0.2,0.05,frozen,10,model,0.6218,0.0539,0.0368856817,-0.0023149584,0.011,0.3713,0.3681,0.0134,0.0492,0.0002,0.989,0.7368,0.2606,True,87,30
1176,0.2,0.05,frozen,11,model,0.6202,0.0649,0.033433508,-0.0027179602,0.0669,0.3905,0.3259,0.0329,0.0393,0.0041,0.9881,0.8246,0.3006,True,81,34
1176,0.2,0.05,prior,0,prior,0.6185,0.1395,0.0068816367,-0.0005446304,0.0473,0.1953,0.23,0.0306,0.0268,0.029,0.7883,0.9749,0.0,False,74,18
1176,0.2,0.05,prior,1,model,0.622,0.1346,0.0096894072,-0.0008955949,0.024,0.2231,0.2103,0.0304,0.0229,0.0318,0.7827,0.9733,0.0,False,88,22
1176,0.2,0.05,prior,2,model,0.6212,0.1404,0.0079668159,-0.0003312694,0.0559,0.1867,0.2257,0.0328,0.0287,0.0292,0.8058,0.9725,0.0,False,85,16
1176,0.2,0.05,prior,3,model,0.6198,0.1363,0.0095717372,-0.0005810684,0.0517,0.2502,0.2367,0.0452,0.0302,0.0315,0.7809,0.9784,0.0,False,79,21
1176,0.2,0.05,prior,4,model,0.6192,0.1365,0.0092547928,-0.000423132,0.0581,0.1959,0.2318,0.0231,0.0319,0.0306,0.7748,0.979,0.0,False,77,19
1176,0.2,0.05,prior,5,model,0.6238,0.1387,0.0093362251,-6.24614e-05,0.0585,0.1938,0.2246,0.0306,0.0273,0.03,0.7864,0.9782,0.0,False,95,17
1176,0.2,0.05,prior,6,model,0.6168,0.1378,0.0079684764,0.0001274453,0.0428,0.2407,0.2303,0.0409,0.0289,0.0319,0.7826,0.979,0.0,False,67,11
1176,0.2,0.05,prior,7,model,0.617,0.1374,0.0099224904,-0.0003959133,0.0693,0.2012,0.233,0.03,0.0304,0.0303,0.7964,0.971,0.0,False,68,12
1176,0.2,0.05,prior,8,model,0.6208,0.1273,0.0113927939,-9.92528e-05,0.0671,0.164,0.2287,0.0348,0.0305,0.0324,0.7846,0.9743,0.0,False,83,11
1176,0.2,0.05,prior,9,model,0.617,0.1317,0.010835097,-0.0005039839,0.0427,0.1931,0.2285,0.025,0.0293,0.0346,0.7821,0.9752,0.0,False,68,16
1176,0.2,0.05,prior,10,model,0.621,0.1296,0.0129132266,-8.62268e-05,0.0921,0.1675,0.2434,0.0439,0.0307,0.026,0.7953,0.9716,0.0,False,84,15
1176,0.2,0.05,prior,11,model,0.6238,0.1267,0.0122866077,-0.0004866752,0.0461,0.2165,0.2259,0.0128,0.0262,0.0302,0.7889,0.9761,0.0,False,95,20
1176,0.4,0.0,treatment,0,prior,0.6,0.0908,0.0229049329,0.0,0.0806,0.2231,0.2988,0.0312,0.0396,0.0141,0.8259,0.9024,0.0013,False,0,0
1176,0.4,0.0,treatment,1,model,0.6,0.0483,0.0371174845,0.0,0.191,0.1481,0.3356,0.0722,0.034,0.0014,0.9918,0.9212,0.2981,True,0,0
1176,0.4,0.0,treatment,2,model,0.6,0.0767,0.0269999664,0.0,0.0397,0.3126,0.3169,0.0138,0.0415,0.0079,0.9902,0.8658,0.3419,True,0,0
1176,0.4,0.0,treatment,3,model,0.6,0.0408,0.0388904427,0.0,0.2255,0.1495,0.375,0.0891,0.0484,0.0029,0.9932,0.9119,0.3031,True,0,0
1176,0.4,0.0,treatment,4,model,0.6,0.0829,0.0257522051,0.0,0.0568,0.3041,0.3075,0.0243,0.0419,0.0131,0.931,0.8479,0.0475,True,0,0
1176,0.4,0.0,treatment,5,model,0.6,0.0554,0.0359244348,0.0,0.2131,0.1313,0.3444,0.0848,0.042,0.0042,0.976,0.7967,0.2387,True,0,0
1176,0.4,0.0,treatment,6,model,0.6,0.0525,0.034734877,0.0,0.1157,0.2485,0.3544,0.0412,0.0455,0.006,0.992,0.9299,0.3306,True,0,0
1176,0.4,0.0,treatment,7,model,0.6,0.0608,0.032982047,0.0,0.149,0.1947,0.3438,0.0566,0.0448,0.0075,0.9905,0.856,0.4031,True,0,0
1176,0.4,0.0,treatment,8,model,0.6,0.0508,0.0348634759,0.0,0.1396,0.1985,0.3381,0.056,0.0414,0.0061,0.9914,0.9244,0.3081,True,0,0
1176,0.4,0.0,treatment,9,model,0.6,0.0429,0.0385798298,0.0,0.1542,0.2513,0.3575,0.0568,0.0471,0.0033,0.9918,0.9147,0.3325,True,0,0
1176,0.4,0.0,treatment,10,model,0.6,0.0717,0.0300016112,0.0,0.0915,0.2704,0.3244,0.0375,0.0463,0.0162,0.9549,0.8619,0.1044,True,0,0
1176,0.4,0.0,treatment,11,model,0.6,0.045,0.0387337517,0.0,0.2143,0.1449,0.3425,0.0805,0.0349,0.0026,0.9926,0.944,0.3181,True,0,0
1176,0.4,0.0,frozen,0,prior,0.6,0.0908,0.0229049329,0.0,0.0806,0.2231,0.2988,0.0312,0.0396,0.0141,0.8259,0.9024,0.0013,False,0,0
1176,0.4,0.0,frozen,1,model,0.6,0.0483,0.0371174845,0.0,0.0253,0.3162,0.3356,0.0231,0.0439,0.0056,0.9918,0.9212,0.2981,True,0,0
1176,0.4,0.0,frozen,2,model,0.6,0.045,0.0373730061,0.0,0.0408,0.3299,0.3644,0.0267,0.0476,0.0001,0.9925,0.9335,0.2931,True,0,0
1176,0.4,0.0,frozen,3,model,0.6,0.0496,0.0373162329,0.0,0.0343,0.3341,0.3619,0.0269,0.0482,0.0013,0.9911,0.9329,0.3231,True,0,0
1176,0.4,0.0,frozen,4,model,0.6,0.0492,0.0358549671,0.0,0.0367,0.3256,0.3581,0.0279,0.0473,0.004,0.9924,0.9212,0.3,True,0,0
1176,0.4,0.0,frozen,5,model,0.6,0.0496,0.0365587731,0.0,0.0552,0.3239,0.3531,0.0353,0.0426,0.0007,0.992,0.9015,0.3137,True,0,0
1176,0.4,0.0,frozen,6,model,0.6,0.0492,0.0359617113,0.0,0.0421,0.3223,0.3594,0.0305,0.0446,0.0016,0.992,0.9499,0.3256,True,0,0
1176,0.4,0.0,frozen,7,model,0.6,0.0433,0.0380066865,0.0,0.0484,0.3284,0.37,0.0289,0.0484,0.0011,0.9916,0.939,0.3212,True,0,0
1176,0.4,0.0,frozen,8,model,0.6,0.0462,0.0365850531,0.0,0.0346,0.3209,0.345,0.0251,0.0455,0.0055,0.9936,0.9271,0.3088,True,0,0
1176,0.4,0.0,frozen,9,model,0.6,0.0375,0.0402975815,0.0,0.0348,0.3335,0.3656,0.0202,0.0501,0.0038,0.9927,0.9267,0.31,True,0,0
1176,0.4,0.0,frozen,10,model,0.6,0.045,0.0389530845,0.0,0.0554,0.3138,0.3644,0.0336,0.0477,0.0015,0.991,0.9359,0.2838,True,0,0
1176,0.4,0.0,frozen,11,model,0.6,0.0508,0.0362623154,0.0,0.0176,0.3457,0.3337,0.0201,0.0423,0.0075,0.9938,0.919,0.3312,True,0,0
1176,0.4,0.0,prior,0,prior,0.6,0.0908,0.0229049329,0.0,0.0806,0.2231,0.2988,0.0312,0.0396,0.0141,0.8259,0.9024,0.0013,False,0,0
1176,0.4,0.0,prior,1,model,0.6,0.0742,0.0293670405,0.0,0.1496,0.1488,0.2969,0.0629,0.0391,0.0173,0.8444,0.9047,0.0044,False,0,0
1176,0.4,0.0,prior,2,model,0.6,0.0854,0.0254063467,0.0,0.1184,0.1927,0.3038,0.0441,0.0416,0.0158,0.8355,0.9088,0.0013,False,0,0
1176,0.4,0.0,prior,3,model,0.6,0.085,0.0248082689,0.0,0.1387,0.2363,0.3088,0.0482,0.0406,0.0167,0.8282,0.9122,0.0019,False,0,0
1176,0.4,0.0,prior,4,model,0.6,0.0813,0.0264709682,0.0,0.1102,0.2088,0.31,0.0407,0.0464,0.0181,0.8288,0.9134,0.0006,False,0,0
1176,0.4,0.0,prior,5,model,0.6,0.0854,0.0254318182,0.0,0.126,0.1949,0.2994,0.0411,0.0386,0.0139,0.8295,0.9159,0.0056,False,0,0
1176,0.4,0.0,prior,6,model,0.6,0.0921,0.0229496895,0.0,0.1111,0.1877,0.295,0.0473,0.0416,0.0191,0.8308,0.9111,0.0,False,0,0
1176,0.4,0.0,prior,7,model,0.6,0.0846,0.0256862788,0.0,0.1179,0.2236,0.3081,0.0415,0.0449,0.0173,0.8389,0.901,0.0037,False,0,0
1176,0.4,0.0,prior,8,model,0.6,0.0758,0.0284112082,0.0,0.1112,0.1895,0.3006,0.0491,0.0434,0.0151,0.8375,0.9121,0.0031,False,0,0
1176,0.4,0.0,prior,9,model,0.6,0.0792,0.0272455279,0.0,0.1159,0.1916,0.3031,0.0425,0.0449,0.0202,0.8228,0.8965,0.0037,False,0,0
1176,0.4,0.0,prior,10,model,0.6,0.0875,0.0257805335,0.0,0.1012,0.2246,0.3006,0.0298,0.0402,0.0179,0.8305,0.9189,0.0013,False,0,0
1176,0.4,0.0,prior,11,model,0.6,0.0813,0.0263184069,0.0,0.127,0.171,0.2881,0.0475,0.0379,0.0183,0.8344,0.9111,0.0025,False,0,0
1176,0.4,0.05,treatment,0,prior,0.6188,0.0966,0.0219632764,-0.0009416565,0.0805,0.2781,0.2997,0.0297,0.0437,0.0186,0.8259,0.9024,0.0013,False,75,21
1176,0.4,0.05,treatment,1,model,0.6232,0.0634,0.0341288174,-0.0014597496,0.0884,0.2408,0.3285,0.0384,0.0402,0.0061,0.9934,0.8799,0.3069,True,93,30
1176,0.4,0.05,treatment,2,model,0.621,0.0656,0.0322282929,-0.0012414649,0.1006,0.275,0.3483,0.0466,0.0399,0.0022,0.9841,0.8343,0.3281,True,84,24
1176,0.4,0.05,treatment,3,model,0.6205,0.0838,0.027235329,-0.0014853725,0.117,0.3022,0.3228,0.0348,0.0406,0.0093,0.9379,0.8168,0.0619,True,82,27
1176,0.4,0.05,treatment,4,model,0.616,0.0682,0.0301723918,-0.0020554336,0.0589,0.3128,0.3405,0.0215,0.0443,0.0072,0.9774,0.8834,0.2775,True,64,25
1176,0.4,0.05,treatment,5,model,0.6215,0.0607,0.0345521017,-0.0005181038,0.1647,0.2014,0.352,0.0482,0.0414,0.0028,0.9795,0.8092,0.265,True,86,19
1176,0.4,0.05,treatment,6,model,0.6208,0.0709,0.0307863521,-0.0017026746,0.095,0.2458,0.3408,0.028,0.042,0.0064,0.974,0.8437,0.185,True,83,27
1176,0.4,0.05,treatment,7,model,0.6175,0.0636,0.0322138415,-0.0018433657,0.1308,0.2678,0.3523,0.0519,0.0466,0.0063,0.961,0.8451,0.1988,True,70,21
1176,0.4,0.05,treatment,8,model,0.6205,0.0592,0.0334786844,-0.0019374054,0.107,0.2575,0.3399,0.0352,0.0423,0.0062,0.9927,0.9439,0.3769,True,82,25
1176,0.4,0.05,treatment,9,model,0.619,0.0509,0.0368709112,-0.002140289,0.1445,0.2449,0.3602,0.0452,0.0485,0.0065,0.9916,0.9181,0.3069,True,76,30
1176,0.4,0.05,treatment,10,model,0.62,0.0597,0.0342416505,-0.0025512128,0.1943,0.3351,0.3572,0.0641,0.0454,0.0046,0.9911,0.7775,0.3212,True,80,31
1176,0.4,0.05,treatment,11,model,0.6215,0.0672,0.0320556325,-0.0029783816,0.1336,0.3041,0.323,0.0441,0.0387,0.0102,0.9553,0.9184,0.2125,True,86,34
1176,0.4,0.05,frozen,0,prior,0.6,0.0908,0.0229049329,0.0,0.0806,0.2231,0.2988,0.0312,0.0396,0.0141,0.8259,0.9024,0.0013,False,0,0
1176,0.4,0.05,frozen,1,model,0.6235,0.0593,0.0352000966,-0.001917388,0.0269,0.3147,0.3353,0.0231,0.0433,0.0054,0.9918,0.9212,0.2981,True,94,32
1176,0.4,0.05,frozen,2,model,0.6205,0.0532,0.0361026606,-0.0012703455,0.0459,0.329,0.3682,0.0267,0.0485,0.0001,0.9925,0.9335,0.2931,True,82,24
1176,0.4,0.05,frozen,3,model,0.6198,0.0593,0.0355053795,-0.0018108534,0.0336,0.3347,0.3623,0.0269,0.0484,0.0012,0.9911,0.9329,0.3231,True,79,28
1176,0.4,0.05,frozen,4,model,0.6178,0.0591,0.0336051302,-0.0022498369,0.0363,0.3245,0.3564,0.0279,0.0465,0.0037,0.9924,0.9212,0.3,True,71,28
1176,0.4,0.05,frozen,5,model,0.6212,0.0563,0.035907997,-0.0006507761,0.0591,0.3246,0.3591,0.0353,0.0443,0.0007,0.992,0.9015,0.3137,True,85,21
1176,0.4,0.05,frozen,6,model,0.619,0.059,0.0338171499,-0.0021445614,0.0415,0.3244,0.3589,0.0305,0.0455,0.0013,0.992,0.9499,0.3256,True,76,28
1176,0.4,0.05,frozen,7,model,0.6182,0.051,0.0362970882,-0.0017095984,0.0517,0.3285,0.3733,0.0289,0.0486,0.001,0.9916,0.939,0.3212,True,73,22
1176,0.4,0.05,frozen,8,model,0.6208,0.0552,0.0345371861,-0.0020478671,0.037,0.3221,0.3467,0.0251,0.0456,0.005,0.9936,0.9271,0.3088,True,83,26
1176,0.4,0.05,frozen,9,model,0.6185,0.0485,0.0380740535,-0.002223528,0.0333,0.332,0.3637,0.0202,0.0499,0.0046,0.9927,0.9267,0.31,True,74,30
1176,0.4,0.05,frozen,10,model,0.6192,0.0541,0.0368106394,-0.0021424451,0.0562,0.3146,0.3657,0.0336,0.0478,0.0017,0.991,0.9359,0.2838,True,77,26
1176,0.4,0.05,frozen,11,model,0.622,0.0623,0.0338164646,-0.0024458508,0.0206,0.3466,0.3313,0.0201,0.0413,0.0079,0.9938,0.919,0.3312,True,88,33
1176,0.4,0.05,prior,0,prior,0.6188,0.0966,0.0219632764,-0.0009416565,0.0805,0.2781,0.2997,0.0297,0.0437,0.0186,0.8259,0.9024,0.0013,False,75,21
1176,0.4,0.05,prior,1,model,0.6198,0.0827,0.0277358891,-0.0016311514,0.0793,0.2228,0.2945,0.038,0.0371,0.0178,0.8444,0.9047,0.0044,False,79,27
1176,0.4,0.05,prior,2,model,0.621,0.0914,0.0242786316,-0.0011277151,0.0763,0.2425,0.3061,0.0199,0.0402,0.0147,0.8355,0.9088,0.0013,False,84,22
1176,0.4,0.05,prior,3,model,0.62,0.0931,0.0233545078,-0.0014537611,0.103,0.2332,0.3072,0.0256,0.0411,0.011,0.8282,0.9122,0.0019,False,80,27
1176,0.4,0.05,prior,4,model,0.6198,0.0887,0.0250521139,-0.0014188543,0.1187,0.1922,0.3097,0.0494,0.0465,0.0209,0.8288,0.9134,0.0006,False,79,25
1176,0.4,0.05,prior,5,model,0.622,0.09,0.0249641762,-0.000467642,0.1233,0.1809,0.3042,0.0462,0.0349,0.0111,0.8295,0.9159,0.0056,False,88,19
1176,0.4,0.05,prior,6,model,0.6192,0.0985,0.0214168706,-0.001532819,0.0577,0.3274,0.2948,0.0573,0.0416,0.0202,0.8308,0.9111,0.0,False,77,23
1176,0.4,0.05,prior,7,model,0.6172,0.0887,0.024644048,-0.0010422308,0.1411,0.1738,0.3116,0.0591,0.0446,0.0174,0.8389,0.901,0.0037,False,69,16
1176,0.4,0.05,prior,8,model,0.621,0.0809,0.0273298574,-0.0010813508,0.1342,0.1783,0.3047,0.0532,0.0448,0.0194,0.8375,0.9121,0.0031,False,84,19
1176,0.4,0.05,prior,9,model,0.618,0.0866,0.0257753363,-0.0014701916,0.0707,0.258,0.3017,0.022,0.0438,0.0182,0.8228,0.8965,0.0037,False,72,24
1176,0.4,0.05,prior,10,model,0.6212,0.093,0.02465693,-0.0011236035,0.1181,0.2479,0.3036,0.0485,0.0421,0.0177,0.8305,0.9189,0.0013,False,85,21
1176,0.4,0.05,prior,11,model,0.6225,0.0896,0.0247965259,-0.001521881,0.1104,0.2592,0.2868,0.036,0.0376,0.0193,0.8344,0.9111,0.0025,False,90,28
1176,1.0,0.0,treatment,0,prior,0.6,0.0167,0.0456707367,0.0,0.3865,0.0235,0.41,0.1545,0.0533,0.0001,0.9714,0.8367,0.22,True,0,0
1176,1.0,0.0,treatment,1,model,0.6,0.1104,0.0177761854,0.0,0.07,0.1874,0.2425,0.0206,0.0301,0.0226,0.9711,0.882,0.0762,True,0,0
1176,1.0,0.0,treatment,2,model,0.6,0.055,0.033017845,0.0,0.1168,0.2532,0.3494,0.0398,0.0466,0.0045,0.978,0.8996,0.2944,True,0,0
1176,1.0,0.0,treatment,3,model,0.6,0.0475,0.0366801566,0.0,0.1944,0.1779,0.365,0.0736,0.0479,0.0061,0.9922,0.9205,0.2669,True,0,0
1176,1.0,0.0,treatment,4,model,0.6,0.0571,0.0341471027,0.0,0.1506,0.1957,0.3463,0.0575,0.0455,0.0067,0.9842,0.9238,0.235,True,0,0
1176,1.0,0.0,treatment,5,model,0.6,0.0604,0.0325252305,0.0,0.1788,0.2246,0.3369,0.0655,0.0407,0.0049,0.9861,0.8554,0.2913,True,0,0
1176,1.0,0.0,treatment,6,model,0.6,0.0558,0.033526581,0.0,0.1242,0.2278,0.3494,0.0443,0.0439,0.0062,0.9913,0.918,0.3488,True,0,0
1176,1.0,0.0,treatment,7,model,0.6,0.0612,0.033814367,0.0,0.1359,0.2481,0.3431,0.048,0.0462,0.0054,0.9927,0.924,0.335,True,0,0
1176,1.0,0.0,treatment,8,model,0.6,0.0429,0.0371683288,0.0,0.1751,0.1758,0.35,0.0695,0.0434,0.0039,0.9928,0.9306,0.2838,True,0,0
1176,1.0,0.0,treatment,9,model,0.6,0.0488,0.0367092575,0.0,0.154,0.203,0.3488,0.0586,0.0464,0.0057,0.992,0.9203,0.3038,True,0,0
1176,1.0,0.0,treatment,10,model,0.6,0.0567,0.0354652083,0.0,0.154,0.2302,0.3469,0.0504,0.0461,0.0041,0.9933,0.9142,0.2981,True,0,0
1176,1.0,0.0,treatment,11,model,0.6,0.0533,0.0363322058,0.0,0.1378,0.2259,0.33,0.0485,0.0387,0.0069,0.9919,0.9342,0.2556,True,0,0
1176,1.0,0.0,frozen,0,prior,0.6,0.0167,0.0456707367,0.0,0.3865,0.0235,0.41,0.1545,0.0533,0.0001,0.9714,0.8367,0.22,True,0,0
1176,1.0,0.0,frozen,1,model,0.6,0.1104,0.0177761854,0.0,0.2121,0.0304,0.2425,0.1435,0.0063,0.0011,0.9711,0.882,0.0762,True,0,0
1176,1.0,0.0,frozen,2,model,0.6,0.1158,0.0160384033,0.0,0.2278,0.0304,0.2581,0.153,0.0091,0.0,0.9682,0.8898,0.0475,True,0,0
1176,1.0,0.0,frozen,3,model,0.6,0.1167,0.0136593126,0.0,0.2311,0.0302,0.2612,0.1547,0.0101,0.0012,0.971,0.8823,0.0762,True,0,0
1176,1.0,0.0,frozen,4,model,0.6,0.1146,0.0169467096,0.0,0.2299,0.0301,0.26,0.1534,0.0101,0.0019,0.9702,0.8802,0.0887,True,0,0
1176,1.0,0.0,frozen,5,model,0.6,0.1171,0.0153701514,0.0,0.2217,0.0302,0.2519,0.1513,0.0078,0.0005,0.9702,0.9076,0.0731,True,0,0
1176,1.0,0.0,frozen,6,model,0.6,0.1237,0.0115266743,0.0,0.2174,0.0301,0.2475,0.1535,0.0066,0.0001,0.9701,0.905,0.0656,True,0,0
1176,1.0,0.0,frozen,7,model,0.6,0.1237,0.0155438768,0.0,0.2191,0.0303,0.2494,0.1542,0.0073,0.0003,0.9715,0.8958,0.0919,True,0,0
1176,1.0,0.0,frozen,8,model,0.6,0.1204,0.0127324892,0.0,0.2037,0.03,0.2338,0.1464,0.0056,0.0033,0.9676,0.8712,0.0831,True,0,0
1176,1.0,0.0,frozen,9,model,0.6,0.105,0.0198920139,0.0,0.2339,0.0304,0.2644,0.1488,0.0104,0.0005,0.9711,0.8923,0.0725,True,0,0
1176,1.0,0.0,frozen,10,model,0.6,0.1133,0.0166977806,0.0,0.2318,0.0301,0.2619,0.1535,0.01,0.0006,0.9726,0.9019,0.0681,True,0,0
1176,1.0,0.0,frozen,11,model,0.6,0.1154,0.0162993136,0.0,0.2064,0.0305,0.2369,0.144,0.0047,0.0016,0.9733,0.8968,0.0762,True,0,0
1176,1.0,0.0,prior,0,prior,0.6,0.0167,0.0456707367,0.0,0.3865,0.0235,0.41,0.1545,0.0533,0.0001,0.9714,0.8367,0.22,True,0,0
1176,1.0,0.0,prior,1,model,0.6,0.0154,0.0469536144,0.0,0.3612,0.0238,0.385,0.1444,0.0454,0.0004,0.9717,0.8532,0.2112,True,0,0
1176,1.0,0.0,prior,2,model,0.6,0.0158,0.0464029571,0.0,0.3873,0.0208,0.4081,0.1555,0.0532,0.0,0.9731,0.8555,0.2281,True,0,0
1176,1.0,0.0,prior,3,model,0.6,0.0163,0.0466467508,0.0,0.3909,0.0209,0.4119,0.1563,0.0544,0.0,0.9728,0.8223,0.2238,True,0,0
1176,1.0,0.0,prior,4,model,0.6,0.0158,0.0466543954,0.0,0.389,0.0191,0.4081,0.1559,0.0524,0.0001,0.9729,0.8631,0.2419,True,0,0
1176,1.0,0.0,prior,5,model,0.6,0.0171,0.0468941803,0.0,0.3639,0.038,0.4019,0.1458,0.0507,0.0001,0.9675,0.8237,0.1787,True,0,0
1176,1.0,0.0,prior,6,model,0.6,0.0187,0.0460475972,0.0,0.3619,0.0431,0.405,0.1435,0.0522,0.0,0.9747,0.8438,0.2387,True,0,0
1176,1.0,0.0,prior,7,model,0.6,0.015,0.0474948537,0.0,0.3937,0.0188,0.4125,0.1573,0.0538,0.0,0.972,0.8098,0.2169,True,0,0
1176,1.0,0.0,prior,8,model,0.6,0.0112,0.04819099,0.0,0.3767,0.0208,0.3975,0.1506,0.0492,0.0004,0.9742,0.824,0.2044,True,0,0
1176,1.0,0.0,prior,9,model,0.6,0.0167,0.0467174473,0.0,0.3754,0.0215,0.3969,0.1503,0.0505,0.0007,0.9729,0.79,0.2444,True,0,0
1176,1.0,0.0,prior,10,model,0.6,0.0175,0.0456808522,0.0,0.3673,0.0384,0.4056,0.1444,0.052,0.0001,0.9726,0.826,0.2069,True,0,0
1176,1.0,0.0,prior,11,model,0.6,0.0133,0.0473106113,0.0,0.3761,0.0139,0.39,0.1501,0.0463,0.0001,0.9755,0.8402,0.225,True,0,0
1176,1.0,0.05,treatment,0,prior,0.6215,0.0302,0.0435496747,-0.002121062,0.147,0.2803,0.4102,0.0207,0.0567,0.0,0.9714,0.8367,0.22,True,86,35
1176,1.0,0.05,treatment,1,model,0.6242,0.0809,0.0282834114,-0.0013870984,0.1465,0.1735,0.3001,0.0595,0.0327,0.0127,0.9024,0.928,0.1019,True,97,28
1176,1.0,0.05,treatment,2,model,0.6205,0.1015,0.0202274604,-0.0008009081,0.0698,0.2417,0.2892,0.0281,0.0419,0.0194,0.881,0.8821,0.0306,True,82,20
1176,1.0,0.05,treatment,3,model,0.6205,0.0536,0.0367674767,-0.0017136012,0.1869,0.3194,0.3722,0.0499,0.0475,0.0024,0.9917,0.9213,0.3094,True,82,28
1176,1.0,0.05,treatment,4,model,0.6148,0.0679,0.0308914867,-0.0016922425,0.1344,0.2399,0.34,0.0511,0.0475,0.0066,0.9809,0.8149,0.2787,True,59,22
1176,1.0,0.05,treatment,5,model,0.6192,0.061,0.0344359999,-0.0008536903,0.1801,0.2385,0.35,0.0553,0.0414,0.0022,0.9881,0.9305,0.3825,True,77,20
1176,1.0,0.05,treatment,6,model,0.6185,0.0752,0.0284530505,-0.0015534719,0.1105,0.3169,0.3322,0.0354,0.0406,0.0049,0.9865,0.8797,0.3156,True,74,22
1176,1.0,0.05,treatment,7,model,0.6188,0.0743,0.0282689645,-0.0017177826,0.1376,0.2771,0.3357,0.0545,0.0435,0.0064,0.9808,0.906,0.1888,True,75,22
1176,1.0,0.05,treatment,8,model,0.6188,0.0578,0.0333867845,-0.0021131562,0.2269,0.2873,0.341,0.0877,0.0393,0.0057,0.9851,0.8738,0.2631,True,75,25
1176,1.0,0.05,treatment,9,model,0.6182,0.0655,0.0332051874,-0.0020286226,0.0744,0.2868,0.336,0.0204,0.0455,0.0083,0.9638,0.8113,0.1619,True,73,28
1176,1.0,0.05,treatment,10,model,0.6215,0.0708,0.0305464558,-0.0017944833,0.1383,0.3485,0.3402,0.0489,0.0445,0.0092,0.9663,0.8889,0.22,True,86,26
1176,1.0,0.05,treatment,11,model,0.6202,0.0572,0.0356972903,-0.0027911831,0.0618,0.3351,0.3384,0.0249,0.0441,0.0069,0.9935,0.9427,0.3538,True,81,33
1176,1.0,0.05,frozen,0,prior,0.6,0.0167,0.0456707367,0.0,0.3865,0.0235,0.41,0.1545,0.0533,0.0001,0.9714,0.8367,0.22,True,0,0
1176,1.0,0.05,frozen,1,model,0.6242,0.1153,0.0174279086,-0.0003482768,0.2125,0.0304,0.2428,0.1435,0.0063,0.001,0.9711,0.882,0.0762,True,97,23
1176,1.0,0.05,frozen,2,model,0.62,0.119,0.0157434611,-0.0002949422,0.2302,0.0304,0.2605,0.153,0.0096,0.0,0.9682,0.8898,0.0475,True,80,17
1176,1.0,0.05,frozen,3,model,0.6185,0.1205,0.0131536152,-0.0005056974,0.2319,0.0302,0.2621,0.1547,0.0104,0.0017,0.971,0.8823,0.0762,True,74,18
1176,1.0,0.05,frozen,4,model,0.62,0.1194,0.0156229843,-0.0013237254,0.2298,0.0301,0.2599,0.1534,0.0101,0.0023,0.9702,0.8802,0.0887,True,80,21
1176,1.0,0.05,frozen,5,model,0.62,0.1202,0.0149126342,-0.0004575172,0.2238,0.0302,0.2539,0.1513,0.0082,0.0006,0.9702,0.9076,0.0731,True,80,17
1176,1.0,0.05,frozen,6,model,0.6192,0.1276,0.0104298522,-0.0010968221,0.2174,0.0302,0.2475,0.1535,0.0066,0.0,0.9701,0.905,0.0656,True,77,19
1176,1.0,0.05,frozen,7,model,0.6178,0.1271,0.0145116369,-0.0010322399,0.2196,0.0303,0.2498,0.1542,0.0074,0.0005,0.9715,0.8958,0.0919,True,71,17
1176,1.0,0.05,frozen,8,model,0.6175,0.1227,0.012109276,-0.0006232132,0.2053,0.03,0.2353,0.1464,0.0058,0.0033,0.9676,0.8712,0.0831,True,70,14
1176,1.0,0.05,frozen,9,model,0.618,0.1096,0.018700273,-0.0011917409,0.234,0.0304,0.2644,0.1488,0.0104,0.0005,0.9711,0.8923,0.0725,True,72,19
1176,1.0,0.05,frozen,10,model,0.6225,0.1165,0.0163984461,-0.0002993346,0.2355,0.0301,0.2656,0.1535,0.0109,0.0008,0.9726,0.9019,0.0681,True,90,18
1176,1.0,0.05,frozen,11,model,0.624,0.1222,0.0146563008,-0.0016430129,0.2029,0.0305,0.2334,0.144,0.004,0.0015,0.9733,0.8968,0.0762,True,96,28
1176,1.0,0.05,prior,0,prior,0.6215,0.0302,0.0435496747,-0.002121062,0.147,0.2803,0.4102,0.0207,0.0567,0.0,0.9714,0.8367,0.22,True,86,35
1176,1.0,0.05,prior,1,model,0.6225,0.0293,0.0444727853,-0.0024808291,0.1616,0.2441,0.3841,0.045,0.0484,0.0002,0.9717,0.8532,0.2112,True,90,36
1176,1.0,0.05,prior,2,model,0.6212,0.0278,0.0441132331,-0.0022897239,0.1521,0.2609,0.4106,0.0412,0.057,0.0013,0.9731,0.8555,0.2281,True,85,31
1176,1.0,0.05,prior,3,model,0.6208,0.0282,0.0446653884,-0.0019813624,0.1845,0.273,0.414,0.0522,0.0586,0.0015,0.9728,0.8223,0.2238,True,83,31
1176,1.0,0.05,prior,4,model,0.6175,0.0287,0.0437386353,-0.0029157602,0.195,0.272,0.4052,0.056,0.0557,0.0004,0.9729,0.8631,0.2419,True,70,33
1176,1.0,0.05,prior,5,model,0.6218,0.0265,0.045796673,-0.0010975073,0.2066,0.2526,0.4085,0.0251,0.0549,0.0002,0.9675,0.8237,0.1787,True,87,25
1176,1.0,0.05,prior,6,model,0.6195,0.0315,0.0433111921,-0.0027364051,0.1925,0.2735,0.4041,0.0413,0.0534,0.0001,0.9747,0.8438,0.2387,True,78,33
1176,1.0,0.05,prior,7,model,0.6178,0.0251,0.045069021,-0.0024258327,0.1864,0.2284,0.4147,0.0336,0.0586,0.0006,0.972,0.8098,0.2169,True,71,26
1176,1.0,0.05,prior,8,model,0.6208,0.0226,0.0457873217,-0.0024036683,0.2163,0.2629,0.4001,0.0609,0.0532,0.0,0.9742,0.824,0.2044,True,83,29
1176,1.0,0.05,prior,9,model,0.6165,0.028,0.0443801636,-0.0023372837,0.1127,0.2824,0.395,0.0125,0.0525,0.0012,0.9729,0.79,0.2444,True,66,29
1176,1.0,0.05,prior,10,model,0.6182,0.0299,0.0428578803,-0.0028229719,0.1086,0.3299,0.4041,0.0614,0.0565,0.0024,0.9726,0.826,0.2069,True,73,32
1176,1.0,0.05,prior,11,model,0.622,0.0293,0.0438488377,-0.0034617737,0.0963,0.3593,0.3856,0.0539,0.0494,0.0006,0.9755,0.8402,0.225,True,88,41
1192,0.2,0.0,treatment,0,prior,0.6,0.1363,0.0088409178,0.0,0.0473,0.1818,0.2263,0.0295,0.0291,0.0309,0.7965,0.9783,0.0,False,0,0
1192,0.2,0.0,treatment,1,model,0.6,0.0467,0.0372256317,0.0,0.2263,0.1306,0.3569,0.0883,0.0421,0.0028,0.9927,0.879,0.3613,True,0,0
1192,0.2,0.0,treatment,2,model,0.6,0.0717,0.0297018115,0.0,0.1317,0.1819,0.3113,0.052,0.0413,0.011,0.9576,0.8241,0.1044,True,0,0
1192,0.2,0.0,treatment,3,model,0.6,0.0367,0.0408052985,0.0,0.2408,0.1275,0.3675,0.0933,0.0461,0.0008,0.9916,0.9184,0.3906,True,0,0
1192,0.2,0.0,treatment,4,model,0.6,0.0712,0.0299066314,0.0,0.1093,0.2451,0.3212,0.0323,0.0382,0.004,0.9858,0.8737,0.1981,True,0,0
1192,0.2,0.0,treatment,5,model,0.6,0.0542,0.0337560741,0.0,0.1744,0.2125,0.3613,0.0662,0.0489,0.0037,0.9872,0.8764,0.2869,True,0,0
1192,0.2,0.0,treatment,6,model,0.6,0.0583,0.0343197853,0.0,0.1359,0.2047,0.3406,0.0532,0.0442,0.0048,0.9765,0.7606,0.2244,True,0,0
1192,0.2,0.0,treatment,7,model,0.6,0.0567,0.0358504909,0.0,0.1428,0.28,0.3337,0.048,0.0399,0.0067,0.9792,0.8704,0.2,True,0,0
1192,0.2,0.0,treatment,8,model,0.6,0.0492,0.0369722226,0.0,0.219,0.1178,0.3369,0.0869,0.0359,0.002,0.9919,0.9045,0.3262,True,0,0
1192,0.2,0.0,treatment,9,model,0.6,0.0604,0.031694517,0.0,0.1403,0.1979,0.3381,0.0534,0.0459,0.0096,0.9889,0.8831,0.2313,True,0,0
1192,0.2,0.0,treatment,10,model,0.6,0.0525,0.0358291799,0.0,0.1921,0.1497,0.3419,0.0772,0.0407,0.0058,0.9848,0.8663,0.2319,True,0,0
1192,0.2,0.0,treatment,11,model,0.6,0.0504,0.0358099337,0.0,0.143,0.2238,0.3669,0.05,0.0512,0.0057,0.9922,0.9156,0.3169,True,0,0
1192,0.2,0.0,frozen,0,prior,0.6,0.1363,0.0088409178,0.0,0.0473,0.1818,0.2263,0.0295,0.0291,0.0309,0.7965,0.9783,0.0,False,0,0
1192,0.2,0.0,frozen,1,model,0.6,0.0467,0.0372256317,0.0,0.0499,0.3107,0.3569,0.0236,0.0443,0.0006,0.9927,0.879,0.3613,True,0,0
1192,0.2,0.0,frozen,2,model,0.6,0.0462,0.0375236165,0.0,0.0529,0.3015,0.3494,0.0249,0.0436,0.0015,0.9924,0.9123,0.3619,True,0,0
1192,0.2,0.0,frozen,3,model,0.6,0.0379,0.0402404576,0.0,0.0677,0.3067,0.3656,0.0257,0.0484,0.0027,0.9933,0.9232,0.3575,True,0,0
1192,0.2,0.0,frozen,4,model,0.6,0.0471,0.0370744349,0.0,0.0562,0.3065,0.3575,0.0275,0.0461,0.0054,0.9914,0.8968,0.3506,True,0,0
1192,0.2,0.0,frozen,5,model,0.6,0.0488,0.0356713133,0.0,0.0622,0.3094,0.3694,0.0303,0.0508,0.006,0.9919,0.8714,0.3331,True,0,0
1192,0.2,0.0,frozen,6,model,0.6,0.0404,0.0402029556,0.0,0.0622,0.3084,0.3675,0.0253,0.0503,0.003,0.9927,0.9107,0.3575,True,0,0
1192,0.2,0.0,frozen,7,model,0.6,0.0442,0.0396000383,0.0,0.0584,0.2982,0.3525,0.0266,0.0437,0.0035,0.9922,0.9287,0.345,True,0,0
1192,0.2,0.0,frozen,8,model,0.6,0.045,0.0380540714,0.0,0.0458,0.3108,0.3431,0.0221,0.0409,0.005,0.992,0.9246,0.385,True,0,0
1192,0.2,0.0,frozen,9,model,0.6,0.0454,0.0371159045,0.0,0.0621,0.3117,0.3606,0.0285,0.0477,0.0057,0.9932,0.8632,0.3631,True,0,0
1192,0.2,0.0,frozen,10,model,0.6,0.0458,0.0375014389,0.0,0.0556,0.3098,0.3519,0.026,0.044,0.0038,0.9917,0.9078,0.3606,True,0,0
1192,0.2,0.0,frozen,11,model,0.6,0.0467,0.0372262523,0.0,0.0757,0.3028,0.3725,0.0342,0.0503,0.005,0.9903,0.9036,0.3494,True,0,0
1192,0.2,0.0,prior,0,prior,0.6,0.1363,0.0088409178,0.0,0.0473,0.1818,0.2263,0.0295,0.0291,0.0309,0.7965,0.9783,0.0,False,0,0
1192,0.2,0.0,prior,1,model,0.6,0.1308,0.0113820512,0.0,0.0518,0.1849,0.2306,0.0325,0.0304,0.0321,0.7872,0.9743,0.0,False,0,0
1192,0.2,0.0,prior,2,model,0.6,0.1329,0.0104182816,0.0,0.0483,0.198,0.2194,0.0118,0.0262,0.0281,0.7722,0.9751,0.0,False,0,0
1192,0.2,0.0,prior,3,model,0.6,0.1304,0.0102239082,0.0,0.0389,0.1957,0.2269,0.0196,0.0299,0.0328,0.7998,0.9719,0.0,False,0,0
1192,0.2,0.0,prior,4,model,0.6,0.1279,0.0119753436,0.0,0.0488,0.189,0.2362,0.0285,0.0297,0.0264,0.7844,0.9715,0.0,False,0,0
1192,0.2,0.0,prior,5,model,0.6,0.1367,0.008419229,0.0,0.0476,0.191,0.2375,0.0281,0.0329,0.0282,0.7802,0.9745,0.0,False,0,0
1192,0.2,0.0,prior,6,model,0.6,0.1371,0.0106314502,0.0,0.0433,0.2008,0.2225,0.0199,0.0299,0.0364,0.7803,0.9796,0.0,False,0,0
1192,0.2,0.0,prior,7,model,0.6,0.1258,0.0149520568,0.0,0.0582,0.1803,0.23,0.0335,0.0281,0.0314,0.7787,0.9729,0.0,False,0,0
1192,0.2,0.0,prior,8,model,0.6,0.1275,0.0121358911,0.0,0.0377,0.1838,0.2194,0.0304,0.0244,0.0307,0.7867,0.9747,0.0,False,0,0
1192,0.2,0.0,prior,9,model,0.6,0.1412,0.0053677522,0.0,0.0422,0.1915,0.2169,0.012,0.0271,0.0316,0.7906,0.9753,0.0,False,0,0
1192,0.2,0.0,prior,10,model,0.6,0.1292,0.0112377898,0.0,0.0506,0.1816,0.2269,0.0255,0.0286,0.0288,0.7858,0.9797,0.0,False,0,0
1192,0.2,0.0,prior,11,model,0.6,0.1442,0.0070267778,0.0,0.0459,0.2076,0.2263,0.0105,0.0293,0.0294,0.7919,0.9761,0.0,False,0,0
1192,0.2,0.05,treatment,0,prior,0.6148,0.1391,0.0082821973,-0.0005587205,0.0613,0.2139,0.2252,0.0553,0.0277,0.0331,0.7965,0.9783,0.0,False,59,15
1192,0.2,0.05,treatment,1,model,0.6175,0.0555,0.0353979198,-0.0007747835,0.1218,0.2351,0.3569,0.0317,0.0421,0.0024,0.9909,0.9155,0.3663,True,70,19
1192,0.2,0.05,treatment,2,model,0.6178,0.0781,0.0274287194,-0.0022390577,0.1381,0.2682,0.312,0.0506,0.0375,0.0078,0.9444,0.9044,0.105,True,71,25
1192,0.2,0.05,treatment,3,model,0.6168,0.0535,0.0364928792,-0.0012311884,0.1669,0.2534,0.3549,0.042,0.0419,0.0021,0.9921,0.9219,0.3119,True,67,20
1192,0.2,0.05,treatment,4,model,0.6208,0.093,0.0224898486,-0.0005743957,0.0703,0.2857,0.2993,0.0284,0.0375,0.0165,0.9267,0.8885,0.0894,True,83,19
1192,0.2,0.05,treatment,5,model,0.6208,0.0648,0.0320230157,-0.0030259689,0.1012,0.315,0.3606,0.0344,0.0477,0.0016,0.9911,0.9276,0.2669,True,83,35
1192,0.2,0.05,treatment,6,model,0.622,0.0643,0.0344042678,-0.0011455836,0.1384,0.2088,0.3472,0.0525,0.0437,0.004,0.9867,0.9146,0.2781,True,88,26
1192,0.2,0.05,treatment,7,model,0.621,0.0624,0.0355900712,-0.0007330107,0.1399,0.2146,0.3397,0.0543,0.0412,0.0081,0.9897,0.9055,0.2956,True,84,24
1192,0.2,0.05,treatment,8,model,0.6195,0.0678,0.0322907572,-0.001559931,0.1114,0.2374,0.3213,0.0334,0.0349,0.0031,0.954,0.8957,0.1819,True,78,24
1192,0.2,0.05,treatment,9,model,0.6192,0.0698,0.0294727262,-0.0024675757,0.125,0.3308,0.3368,0.0483,0.0442,0.01,0.9878,0.8905,0.2725,True,77,32
1192,0.2,0.05,treatment,10,model,0.6188,0.0578,0.0349840134,-0.0016330906,0.1414,0.2321,0.3475,0.0859,0.0434,0.0042,0.9875,0.8855,0.2669,True,75,23
1192,0.2,0.05,treatment,11,model,0.6175,0.07,0.0313077463,-0.0016716082,0.0879,0.2833,0.3497,0.0391,0.0503,0.0081,0.9782,0.8723,0.2275,True,70,25
1192,0.2,0.05,frozen,0,prior,0.6,0.1363,0.0088409178,0.0,0.0473,0.1818,0.2263,0.0295,0.0291,0.0309,0.7965,0.9783,0.0,False,0,0
1192,0.2,0.05,frozen,1,model,0.618,0.0542,0.035984283,-0.0012413487,0.0507,0.3121,0.3593,0.0236,0.0452,0.0004,0.9927,0.879,0.3613,True,72,22
1192,0.2,0.05,frozen,2,model,0.6188,0.0549,0.0357389682,-0.0017846482,0.0543,0.3012,0.3502,0.0249,0.0437,0.0016,0.9924,0.9123,0.3619,True,75,25
1192,0.2,0.05,frozen,3,model,0.6175,0.0453,0.0389402451,-0.0013002125,0.0704,0.3082,0.3686,0.0257,0.0494,0.0022,0.9933,0.9232,0.3575,True,70,21
1192,0.2,0.05,frozen,4,model,0.619,0.0549,0.0358924418,-0.0011819931,0.0599,0.3058,0.3602,0.0275,0.0466,0.0047,0.9914,0.8968,0.3506,True,76,23
1192,0.2,0.05,frozen,5,model,0.6222,0.0607,0.0328202761,-0.0028510372,0.0617,0.3093,0.3686,0.0303,0.0506,0.0059,0.9919,0.8714,0.3331,True,89,34
1192,0.2,0.05,frozen,6,model,0.6202,0.0496,0.0389880982,-0.0012148574,0.0646,0.3073,0.37,0.0253,0.0509,0.0029,0.9927,0.9107,0.3575,True,81,26
1192,0.2,0.05,frozen,7,model,0.6215,0.0535,0.0385916173,-0.001008421,0.0586,0.299,0.3547,0.0266,0.0445,0.0037,0.9922,0.9287,0.345,True,86,27
1192,0.2,0.05,frozen,8,model,0.6188,0.0529,0.0363928068,-0.0016612646,0.0453,0.312,0.3449,0.0221,0.0415,0.005,0.992,0.9246,0.385,True,75,23
1192,0.2,0.05,frozen,9,model,0.6225,0.0578,0.0345301105,-0.002585794,0.0636,0.3102,0.3589,0.0285,0.0473,0.0053,0.9932,0.8632,0.3631,True,90,35
1192,0.2,0.05,frozen,10,model,0.621,0.0535,0.0360187969,-0.0014826421,0.0568,0.3112,0.3562,0.026,0.0452,0.0037,0.9917,0.9078,0.3606,True,84,23
1192,0.2,0.05,frozen,11,model,0.6152,0.0561,0.0351616671,-0.0020645852,0.0747,0.3026,0.3704,0.0342,0.05,0.005,0.9903,0.9036,0.3494,True,61,26
1192,0.2,0.05,prior,0,prior,0.6148,0.1391,0.0082821973,-0.0005587205,0.0613,0.2139,0.2252,0.0553,0.0277,0.0331,0.7965,0.9783,0.0,False,59,15
1192,0.2,0.05,prior,1,model,0.6182,0.133,0.0110637805,-0.0003182707,0.0529,0.191,0.2318,0.0169,0.0288,0.0303,0.7872,0.9743,0.0,False,73,15
1192,0.2,0.05,prior,2,model,0.621,0.1369,0.0092133233,-0.0012049584,0.0658,0.2173,0.2177,0.0272,0.0264,0.0315,0.7722,0.9751,0.0,False,84,21
1192,0.2,0.05,prior,3,model,0.6168,0.1346,0.0091158139,-0.0011080944,0.0538,0.1941,0.2244,0.0435,0.0295,0.0324,0.7998,0.9719,0.0,False,67,19
1192,0.2,0.05,prior,4,model,0.6218,0.1323,0.0110201581,-0.0009551855,0.0368,0.2077,0.2353,0.0309,0.0301,0.0264,0.7844,0.9715,0.0,False,87,22
1192,0.2,0.05,prior,5,model,0.6218,0.1403,0.0075574531,-0.0008617759,0.0438,0.2041,0.2373,0.0139,0.0326,0.0251,0.7802,0.9745,0.0,False,87,21
1192,0.2,0.05,prior,6,model,0.6195,0.1388,0.0105027906,-0.0001286596,0.0344,0.2165,0.224,0.0125,0.0301,0.0345,0.7803,0.9796,0.0,False,78,15
1192,0.2,0.05,prior,7,model,0.6188,0.1297,0.0145486325,-0.0004034244,0.0561,0.2562,0.2289,0.05,0.0268,0.0295,0.7787,0.9729,0.0,False,75,19
1192,0.2,0.05,prior,8,model,0.6188,0.1309,0.0114910551,-0.000644836,0.0253,0.2193,0.2184,0.0166,0.028,0.0325,0.7867,0.9747,0.0,False,75,18
1192,0.2,0.05,prior,9,model,0.6212,0.1441,0.0047389958,-0.0006287564,0.0421,0.2044,0.2165,0.0201,0.0262,0.0308,0.7906,0.9753,0.0,False,85,19
1192,0.2,0.05,prior,10,model,0.622,0.1314,0.0107350655,-0.0005027243,0.0367,0.2166,0.2288,0.0279,0.0268,0.0302,0.7858,0.9797,0.0,False,88,17
1192,0.2,0.05,prior,11,model,0.618,0.1468,0.0064222798,-0.000604498,0.0449,0.2149,0.2258,0.0232,0.0288,0.0297,0.7919,0.9761,0.0,False,72,17
1192,0.4,0.0,treatment,0,prior,0.6,0.0942,0.0227888751,0.0,0.0747,0.2204,0.2894,0.0272,0.0388,0.0175,0.8216,0.9218,0.0006,False,0,0
1192,0.4,0.0,treatment,1,model,0.6,0.0446,0.0387015245,0.0,0.229,0.1546,0.36,0.0865,0.0414,0.0017,0.9928,0.9236,0.3931,True,0,0
1192,0.4,0.0,treatment,2,model,0.6,0.075,0.0283870549,0.0,0.1043,0.2051,0.3063,0.0409,0.0395,0.0096,0.9752,0.8637,0.22,True,0,0
1192,0.4,0.0,treatment,3,model,0.6,0.0446,0.0381187142,0.0,0.1956,0.16,0.3556,0.0776,0.0473,0.0065,0.9915,0.919,0.3194,True,0,0
1192,0.4,0.0,treatment,4,model,0.6,0.0583,0.0342763793,0.0,0.1694,0.1712,0.3406,0.0661,0.041,0.0031,0.9887,0.92,0.2225,True,0,0
1192,0.4,0.0,treatment,5,model,0.6,0.0563,0.0324692924,0.0,0.1626,0.1956,0.3581,0.0645,0.0438,0.0024,0.9837,0.8974,0.26,True,0,0
1192,0.4,0.0,treatment,6,model,0.6,0.0583,0.0342819294,0.0,0.1291,0.2116,0.3406,0.0493,0.0448,0.0092,0.9893,0.6069,0.3331,True,0,0
1192,0.4,0.0,treatment,7,model,0.6,0.0496,0.0380025908,0.0,0.1686,0.2283,0.3444,0.0587,0.0403,0.0057,0.9916,0.9334,0.2387,True,0,0
1192,0.4,0.0,treatment,8,model,0.6,0.0554,0.0353206823,0.0,0.1619,0.1838,0.3275,0.0607,0.0409,0.0079,0.9858,0.8892,0.27,True,0,0
1192,0.4,0.0,treatment,9,model,0.6,0.0537,0.033397183,0.0,0.1886,0.1808,0.3481,0.0723,0.0418,0.007,0.9787,0.8038,0.2662,True,0,0
1192,0.4,0.0,treatment,10,model,0.6,0.0646,0.032426176,0.0,0.1317,0.1921,0.3237,0.0619,0.04,0.0111,0.9933,0.9158,0.2888,True,0,0
1192,0.4,0.0,treatment,11,model,0.6,0.0467,0.0370160986,0.0,0.1721,0.2011,0.3725,0.0636,0.0501,0.0041,0.9932,0.9317,0.3544,True,0,0
1192,0.4,0.0,frozen,0,prior,0.6,0.0942,0.0227888751,0.0,0.0747,0.2204,0.2894,0.0272,0.0388,0.0175,0.8216,0.9218,0.0006,False,0,0
1192,0.4,0.0,frozen,1,model,0.6,0.0446,0.0387015245,0.0,0.0521,0.321,0.36,0.031,0.0474,0.0035,0.9928,0.9236,0.3931,True,0,0
1192,0.4,0.0,frozen,2,model,0.6,0.0454,0.038355958,0.0,0.0524,0.3049,0.3506,0.0323,0.0478,0.0005,0.9909,0.9193,0.3688,True,0,0
1192,0.4,0.0,frozen,3,model,0.6,0.0383,0.0399411534,0.0,0.0643,0.3078,0.365,0.0328,0.0498,0.0031,0.9925,0.9292,0.41,True,0,0
1192,0.4,0.0,frozen,4,model,0.6,0.0479,0.0366430538,0.0,0.047,0.3115,0.3563,0.0316,0.0466,0.0038,0.991,0.9175,0.375,True,0,0
1192,0.4,0.0,frozen,5,model,0.6,0.05,0.0344087838,0.0,0.0586,0.3195,0.3675,0.0371,0.0534,0.0059,0.9915,0.9247,0.3875,True,0,0
1192,0.4,0.0,frozen,6,model,0.6,0.0413,0.0399251592,0.0,0.0616,0.312,0.3663,0.0337,0.0513,0.0008,0.9932,0.93,0.4062,True,0,0
1192,0.4,0.0,frozen,7,model,0.6,0.0475,0.0382193769,0.0,0.0497,0.3084,0.3475,0.0332,0.045,0.0037,0.9922,0.9298,0.3875,True,0,0
1192,0.4,0.0,frozen,8,model,0.6,0.0437,0.0382410823,0.0,0.0493,0.3063,0.345,0.0303,0.0451,0.0047,0.9925,0.8383,0.4113,True,0,0
1192,0.4,0.0,frozen,9,model,0.6,0.0417,0.0380326466,0.0,0.0688,0.3068,0.3663,0.0368,0.0526,0.0054,0.993,0.9195,0.4213,True,0,0
1192,0.4,0.0,frozen,10,model,0.6,0.0429,0.0382896999,0.0,0.0513,0.3136,0.3563,0.0298,0.0472,0.0033,0.9933,0.9227,0.3837,True,0,0
1192,0.4,0.0,frozen,11,model,0.6,0.0425,0.0386973814,0.0,0.0841,0.3063,0.3787,0.0431,0.0561,0.0069,0.9925,0.9219,0.4006,True,0,0
1192,0.4,0.0,prior,0,prior,0.6,0.0942,0.0227888751,0.0,0.0747,0.2204,0.2894,0.0272,0.0388,0.0175,0.8216,0.9218,0.0006,False,0,0
1192,0.4,0.0,prior,1,model,0.6,0.0804,0.0259140217,0.0,0.101,0.2175,0.3063,0.0338,0.0425,0.0167,0.8349,0.9059,0.0075,False,0,0
1192,0.4,0.0,prior,2,model,0.6,0.0871,0.0250257139,0.0,0.0933,0.1949,0.2881,0.0418,0.0338,0.0162,0.8266,0.9115,0.0044,False,0,0
1192,0.4,0.0,prior,3,model,0.6,0.0817,0.0262273962,0.0,0.097,0.2116,0.3,0.0347,0.0411,0.0186,0.8406,0.8994,0.0025,False,0,0
1192,0.4,0.0,prior,4,model,0.6,0.0846,0.0258633839,0.0,0.1228,0.182,0.3013,0.0477,0.0401,0.015,0.8306,0.9014,0.0019,False,0,0
1192,0.4,0.0,prior,5,model,0.6,0.0846,0.0251043844,0.0,0.0881,0.2275,0.3156,0.0498,0.0459,0.0144,0.8305,0.9112,0.0006,False,0,0
1192,0.4,0.0,prior,6,model,0.6,0.0858,0.0258420514,0.0,0.1128,0.1867,0.2994,0.0486,0.0439,0.0228,0.8228,0.9209,0.0031,False,0,0
1192,0.4,0.0,prior,7,model,0.6,0.0779,0.0288946112,0.0,0.1161,0.1951,0.3019,0.0462,0.0413,0.0201,0.833,0.9226,0.0081,False,0,0
1192,0.4,0.0,prior,8,model,0.6,0.0871,0.0244084211,0.0,0.0662,0.2309,0.28,0.0155,0.0349,0.0193,0.8236,0.9157,0.0013,False,0,0
1192,0.4,0.0,prior,9,model,0.6,0.0867,0.0236062045,0.0,0.0875,0.2298,0.2988,0.0279,0.0428,0.0172,0.836,0.916,0.0025,False,0,0
1192,0.4,0.0,prior,10,model,0.6,0.08,0.0280975637,0.0,0.1117,0.2044,0.3006,0.0373,0.0417,0.0177,0.8212,0.9233,0.0019,False,0,0
1192,0.4,0.0,prior,11,model,0.6,0.0892,0.0236898302,0.0,0.087,0.2264,0.3088,0.0309,0.0449,0.0179,0.8315,0.9077,0.0031,False,0,0
1192,0.4,0.05,treatment,0,prior,0.6148,0.0992,0.0218319657,-0.0009569094,0.076,0.2509,0.2888,0.0234,0.0389,0.0162,0.8216,0.9218,0.0006,False,59,18
1192,0.4,0.05,treatment,1,model,0.6182,0.0546,0.0364389403,-0.0014595022,0.1389,0.2199,0.3589,0.0332,0.0419,0.0015,0.9937,0.9264,0.3312,True,73,23
1192,0.4,0.05,treatment,2,model,0.6185,0.1027,0.0191610591,-0.0010309004,0.0727,0.2289,0.2726,0.0313,0.0352,0.0201,0.8773,0.8661,0.0131,True,74,19
1192,0.4,0.05,treatment,3,model,0.6162,0.0446,0.0392894058,-0.0011342322,0.2114,0.2258,0.3687,0.0662,0.0456,0.0018,0.994,0.9329,0.3056,True,65,19
1192,0.4,0.05,treatment,4,model,0.6202,0.0746,0.0291277296,-0.0010901772,0.1546,0.2001,0.3292,0.0658,0.0437,0.0095,0.9787,0.8996,0.2437,True,81,23
1192,0.4,0.05,treatment,5,model,0.6218,0.0663,0.0299240472,-0.0030592327,0.0986,0.3339,0.3589,0.0303,0.0507,0.0068,0.9882,0.9187,0.2938,True,87,35
1192,0.4,0.05,treatment,6,model,0.619,0.0549,0.0366768355,-0.0009620341,0.1365,0.2398,0.3602,0.0498,0.0483,0.0062,0.9848,0.9014,0.2619,True,76,24
1192,0.4,0.05,treatment,7,model,0.62,0.0573,0.0368911921,-0.0010421841,0.1221,0.3077,0.3474,0.0223,0.041,0.0045,0.9858,0.9381,0.3194,True,80,25
1192,0.4,0.05,treatment,8,model,0.6195,0.0851,0.0259706397,-0.001305465,0.0956,0.2273,0.293,0.037,0.0316,0.0112,0.9313,0.7548,0.0419,True,78,21
1192,0.4,0.05,treatment,9,model,0.622,0.0619,0.0325283296,-0.0025889634,0.1353,0.3439,0.3519,0.0379,0.0448,0.0042,0.9872,0.8618,0.2931,True,88,35
1192,0.4,0.05,treatment,10,model,0.62,0.0613,0.0340530042,-0.0016701912,0.1399,0.2485,0.3428,0.0482,0.0408,0.0019,0.9883,0.92,0.255,True,80,23
1192,0.4,0.05,treatment,11,model,0.6178,0.0692,0.0304194309,-0.001543917,0.1012,0.3557,0.3512,0.0305,0.0483,0.0071,0.9818,0.8968,0.2756,True,71,25
1192,0.4,0.05,frozen,0,prior,0.6,0.0942,0.0227888751,0.0,0.0747,0.2204,0.2894,0.0272,0.0388,0.0175,0.8216,0.9218,0.0006,False,0,0
1192,0.4,0.05,frozen,1,model,0.6185,0.0517,0.0376357112,-0.0010658134,0.0547,0.3223,0.3637,0.031,0.0485,0.0031,0.9928,0.9236,0.3931,True,74,21
1192,0.4,0.05,frozen,2,model,0.6182,0.0542,0.0362812367,-0.0020747213,0.0539,0.3041,0.351,0.0323,0.048,0.0004,0.9909,0.9193,0.3688,True,73,25
1192,0.4,0.05,frozen,3,model,0.6185,0.0457,0.038762049,-0.0011791044,0.0653,0.3101,0.3689,0.0328,0.0495,0.0027,0.9925,0.9292,0.41,True,74,21
1192,0.4,0.05,frozen,4,model,0.6198,0.0557,0.0355343335,-0.0011087203,0.0498,0.3126,0.3596,0.0316,0.0474,0.0034,0.991,0.9175,0.375,True,79,23
1192,0.4,0.05,frozen,5,model,0.6235,0.0626,0.0315209911,-0.0028877927,0.0579,0.319,0.3665,0.0371,0.0532,0.0066,0.9915,0.9247,0.3875,True,94,36
1192,0.4,0.05,frozen,6,model,0.6195,0.0508,0.0385353151,-0.001389844,0.0635,0.3101,0.3673,0.0337,0.0515,0.0005,0.9932,0.93,0.4062,True,78,27
1192,0.4,0.05,frozen,7,model,0.6208,0.0568,0.0371044243,-0.0011149527,0.0521,0.3075,0.3487,0.0332,0.0453,0.0033,0.9922,0.9298,0.3875,True,83,27
1192,0.4,0.05,frozen,8,model,0.619,0.0533,0.0362474824,-0.0019935999,0.0467,0.3075,0.3445,0.0303,0.0455,0.0048,0.9925,0.8383,0.4113,True,76,27
1192,0.4,0.05,frozen,9,model,0.62,0.054,0.0353450569,-0.0026875897,0.067,0.3044,0.3632,0.0368,0.0518,0.0057,0.993,0.9195,0.4213,True,80,34
1192,0.4,0.05,frozen,10,model,0.621,0.0503,0.0369823543,-0.0013073456,0.056,0.3149,0.3615,0.0298,0.0487,0.0031,0.9933,0.9227,0.3837,True,84,22
1192,0.4,0.05,frozen,11,model,0.6175,0.0518,0.0368024241,-0.0018949573,0.0855,0.3062,0.3791,0.0431,0.0561,0.007,0.9925,0.9219,0.4006,True,70,26
1192,0.4,0.05,prior,0,prior,0.6148,0.0992,0.0218319657,-0.0009569094,0.076,0.2509,0.2888,0.0234,0.0389,0.0162,0.8216,0.9218,0.0006,False,59,18
1192,0.4,0.05,prior,1,model,0.6175,0.0862,0.0248070018,-0.0011070199,0.1107,0.21,0.3072,0.0285,0.0417,0.0157,0.8349,0.9059,0.0075,False,70,20
1192,0.4,0.05,prior,2,model,0.622,0.0936,0.0236564458,-0.0013692681,0.1437,0.2322,0.289,0.0588,0.0337,0.0107,0.8266,0.9115,0.0044,False,88,24
1192,0.4,0.05,prior,3,model,0.6172,0.0883,0.0247676774,-0.0014597188,0.068,0.2355,0.2992,0.0556,0.0371,0.0162,0.8406,0.8994,0.0025,False,69,22
1192,0.4,0.05,prior,4,model,0.6198,0.092,0.0243588934,-0.0015044905,0.1047,0.2038,0.3005,0.0377,0.0398,0.0157,0.8306,0.9014,0.0019,False,79,25
1192,0.4,0.05,prior,5,model,0.622,0.0941,0.0226782391,-0.0024261453,0.068,0.2509,0.3135,0.0481,0.0468,0.0177,0.8305,0.9112,0.0006,False,88,31
1192,0.4,0.05,prior,6,model,0.6198,0.0916,0.0251690152,-0.0006730363,0.111,0.2978,0.3011,0.0432,0.0424,0.0171,0.8228,0.9209,0.0031,False,79,21
1192,0.4,0.05,prior,7,model,0.6198,0.0859,0.0278099983,-0.001084613,0.0702,0.282,0.3005,0.041,0.0397,0.0202,0.833,0.9226,0.0081,False,79,26
1192,0.4,0.05,prior,8,model,0.6188,0.0937,0.0231024366,-0.0013059845,0.0657,0.2442,0.2787,0.011,0.0313,0.0162,0.8236,0.9157,0.0013,False,75,23
1192,0.4,0.05,prior,9,model,0.6212,0.095,0.0217509312,-0.0018552733,0.0497,0.281,0.297,0.0231,0.037,0.0154,0.836,0.916,0.0025,False,85,28
1192,0.4,0.05,prior,10,model,0.6222,0.0856,0.026924139,-0.0011734247,0.1255,0.1824,0.3044,0.0375,0.0388,0.0166,0.8212,0.9233,0.0019,False,89,21
1192,0.4,0.05,prior,11,model,0.6195,0.0964,0.0221081486,-0.0015816816,0.0575,0.28,0.3081,0.0207,0.0441,0.0162,0.8315,0.9077,0.0031,False,78,25
1192,1.0,0.0,treatment,0,prior,0.6,0.0175,0.0459868336,0.0,0.3854,0.019,0.4044,0.1538,0.0516,0.0003,0.9744,0.7854,0.2338,True,0,0
1192,1.0,0.0,treatment,1,model,0.6,0.1483,0.0062647015,0.0,0.0354,0.1953,0.2044,0.0201,0.0234,0.0321,0.8317,0.9349,0.0,False,0,0
1192,1.0,0.0,treatment,2,model,0.6,0.0488,0.0363926162,0.0,0.2155,0.1301,0.3456,0.0863,0.0398,0.0032,0.9949,0.946,0.3837,True,0,0
1192,1.0,0.0,treatment,3,model,0.6,0.0596,0.034617752,0.0,0.1386,0.1985,0.3331,0.0493,0.0431,0.0044,0.9762,0.8364,0.2313,True,0,0
1192,1.0,0.0,treatment,4,model,0.6,0.055,0.0342060875,0.0,0.1785,0.1671,0.3456,0.0681,0.039,0.0012,0.9798,0.8477,0.2325,True,0,0
1192,1.0,0.0,treatment,5,model,0.6,0.0675,0.0291624372,0.0,0.1187,0.2225,0.3412,0.0494,0.0474,0.0089,0.9757,0.8258,0.1412,True,0,0
1192,1.0,0.0,treatment,6,model,0.6,0.0454,0.0383444854,0.0,0.2754,0.0846,0.36,0.1101,0.0407,0.0042,0.9938,0.9334,0.3194,True,0,0
1192,1.0,0.0,treatment,7,model,0.6,0.0946,0.0249723063,0.0,0.0387,0.2471,0.2769,0.0179,0.0329,0.0165,0.9092,0.7347,0.0,True,0,0
1192,1.0,0.0,treatment,8,model,0.6,0.0429,0.0383701768,0.0,0.2009,0.1454,0.3463,0.0786,0.0398,0.0031,0.9945,0.9393,0.3606,True,0,0
1192,1.0,0.0,treatment,9,model,0.6,0.0625,0.0305230723,0.0,0.0854,0.2513,0.335,0.029,0.0429,0.0081,0.9827,0.863,0.1925,True,0,0
1192,1.0,0.0,treatment,10,model,0.6,0.0583,0.0335768427,0.0,0.1177,0.303,0.3331,0.0456,0.0433,0.0088,0.9927,0.9286,0.2387,True,0,0
1192,1.0,0.0,treatment,11,model,0.6,0.0479,0.0365944097,0.0,0.1797,0.2184,0.3706,0.0678,0.0483,0.0023,0.9912,0.9234,0.3137,True,0,0
1192,1.0,0.0,frozen,0,prior,0.6,0.0175,0.0459868336,0.0,0.3854,0.019,0.4044,0.1538,0.0516,0.0003,0.9744,0.7854,0.2338,True,0,0
1192,1.0,0.0,frozen,1,model,0.6,0.1483,0.0062647015,0.0,0.185,0.0194,0.2044,0.1522,-0.0006,0.005,0.8317,0.9349,0.0,False,0,0
1192,1.0,0.0,frozen,2,model,0.6,0.1471,0.0049713959,0.0,0.1787,0.0194,0.1981,0.149,-0.0014,0.0003,0.82,0.94,0.0,False,0,0
1192,1.0,0.0,frozen,3,model,0.6,0.1433,0.0076279199,0.0,0.1881,0.0194,0.2075,0.1505,-0.0002,0.0006,0.8327,0.9452,0.0,False,0,0
1192,1.0,0.0,frozen,4,model,0.6,0.1462,0.0054783195,0.0,0.1894,0.0194,0.2087,0.1528,-0.0,0.0002,0.8186,0.9444,0.0,False,0,0
1192,1.0,0.0,frozen,5,model,0.6,0.1492,0.0040981459,0.0,0.1994,0.0194,0.2188,0.1585,0.0013,0.0,0.825,0.9325,0.0,False,0,0
1192,1.0,0.0,frozen,6,model,0.6,0.1421,0.0096926689,0.0,0.1956,0.0194,0.215,0.1527,0.0008,0.001,0.8309,0.9432,0.0,False,0,0
1192,1.0,0.0,frozen,7,model,0.6,0.1496,0.0095731906,0.0,0.175,0.0194,0.1944,0.149,-0.0019,0.0002,0.8366,0.9414,0.0,False,0,0
1192,1.0,0.0,frozen,8,model,0.6,0.1442,0.006746738,0.0,0.175,0.0194,0.1944,0.1457,-0.0019,0.0,0.8156,0.9445,0.0,False,0,0
1192,1.0,0.0,frozen,9,model,0.6,0.1425,0.0063036438,0.0,0.1956,0.0194,0.215,0.153,0.0008,0.0,0.8245,0.9302,0.0,False,0,0
1192,1.0,0.0,frozen,10,model,0.6,0.1533,0.0023245386,0.0,0.1712,0.0194,0.1906,0.1497,-0.0023,0.0005,0.8212,0.9451,0.0,False,0,0
1192,1.0,0.0,frozen,11,model,0.6,0.1646,-0.0012760932,0.0,0.1762,0.0194,0.1956,0.1585,-0.0017,0.0,0.8248,0.939,0.0,False,0,0
1192,1.0,0.0,prior,0,prior,0.6,0.0175,0.0459868336,0.0,0.3854,0.019,0.4044,0.1538,0.0516,0.0003,0.9744,0.7854,0.2338,True,0,0
1192,1.0,0.0,prior,1,model,0.6,0.0158,0.0469957111,0.0,0.3741,0.0291,0.4031,0.15,0.0509,0.0002,0.9751,0.8118,0.2206,True,0,0
1192,1.0,0.0,prior,2,model,0.6,0.0225,0.0447087273,0.0,0.3313,0.0537,0.385,0.1307,0.046,0.0002,0.9726,0.8625,0.1888,True,0,0
1192,1.0,0.0,prior,3,model,0.6,0.0154,0.047315055,0.0,0.3756,0.0237,0.3994,0.1505,0.05,0.0002,0.974,0.8678,0.2412,True,0,0
1192,1.0,0.0,prior,4,model,0.6,0.0196,0.0458964088,0.0,0.3626,0.0361,0.3987,0.1451,0.0499,0.0002,0.9705,0.8749,0.2288,True,0,0
1192,1.0,0.0,prior,5,model,0.6,0.0158,0.0462478257,0.0,0.3951,0.0236,0.4188,0.1583,0.0567,0.0001,0.9734,0.8463,0.2181,True,0,0
1192,1.0,0.0,prior,6,model,0.6,0.0167,0.0469527615,0.0,0.3729,0.0302,0.4031,0.1497,0.0518,0.0,0.9705,0.8594,0.2238,True,0,0
1192,1.0,0.0,prior,7,model,0.6,0.0192,0.0459628599,0.0,0.3599,0.0301,0.39,0.144,0.0467,0.0007,0.9747,0.8377,0.215,True,0,0
1192,1.0,0.0,prior,8,model,0.6,0.0171,0.0467626449,0.0,0.3665,0.0185,0.385,0.1468,0.0453,0.0,0.9732,0.8413,0.2313,True,0,0
1192,1.0,0.0,prior,9,model,0.6,0.0163,0.0459746952,0.0,0.3751,0.0293,0.4044,0.15,0.0523,0.0006,0.9748,0.8201,0.2475,True,0,0
1192,1.0,0.0,prior,10,model,0.6,0.015,0.0468196213,0.0,0.3756,0.0225,0.3981,0.1498,0.0492,0.0001,0.9739,0.8529,0.2238,True,0,0
1192,1.0,0.0,prior,11,model,0.6,0.0146,0.0468687691,0.0,0.3941,0.0265,0.4206,0.1583,0.0578,0.0001,0.9726,0.8553,0.2244,True,0,0
1192,1.0,0.05,treatment,0,prior,0.6192,0.0287,0.0441853098,-0.0018015238,0.1427,0.3786,0.4058,0.081,0.0549,0.0001,0.9744,0.7854,0.2338,True,77,29
1192,1.0,0.05,treatment,1,model,0.6175,0.0806,0.0273137506,-0.0006912975,0.1032,0.2394,0.3163,0.0255,0.0394,0.0122,0.9843,0.9012,0.2313,True,70,17
1192,1.0,0.05,treatment,2,model,0.6185,0.0643,0.0311167212,-0.0021138806,0.1931,0.1417,0.3349,0.0834,0.0394,0.0034,0.9841,0.8973,0.2238,True,74,26
1192,1.0,0.05,treatment,3,model,0.6158,0.0609,0.0341038414,-0.0007555292,0.169,0.2117,0.3422,0.0642,0.0449,0.0049,0.9626,0.902,0.2106,True,63,16
1192,1.0,0.05,treatment,4,model,0.6192,0.0735,0.030078149,-0.0015340597,0.1163,0.2889,0.3303,0.0725,0.0404,0.0038,0.9767,0.8028,0.2306,True,77,25
1192,1.0,0.05,treatment,5,model,0.6215,0.0752,0.0273926161,-0.0028447424,0.0329,0.314,0.3441,0.033,0.0467,0.0089,0.9564,0.8569,0.1844,True,86,33
1192,1.0,0.05,treatment,6,model,0.619,0.063,0.0345909497,-0.0005735541,0.1608,0.2286,0.3471,0.0575,0.0425,0.0032,0.9713,0.7337,0.2075,True,76,21
1192,1.0,0.05,treatment,7,model,0.6205,0.0725,0.0330669271,-0.0013384141,0.0818,0.3412,0.3228,0.0452,0.0387,0.0079,0.9866,0.9226,0.2437,True,82,27
1192,1.0,0.05,treatment,8,model,0.618,0.0599,0.03416366,-0.0010613689,0.1162,0.304,0.3331,0.0439,0.0392,0.0044,0.9843,0.8666,0.2444,True,72,19
1192,1.0,0.05,treatment,9,model,0.6198,0.0645,0.0312762198,-0.002696494,0.1119,0.3503,0.3458,0.0556,0.0449,0.0073,0.9876,0.9061,0.2875,True,79,34
1192,1.0,0.05,treatment,10,model,0.6185,0.0574,0.0348492376,-0.0008672943,0.1381,0.2099,0.348,0.044,0.0432,0.0039,0.99,0.7599,0.2969,True,74,17
1192,1.0,0.05,treatment,11,model,0.617,0.0729,0.0289451672,-0.0006362771,0.1727,0.2796,0.3446,0.0654,0.044,0.01,0.9618,0.895,0.225,True,68,18
1192,1.0,0.05,frozen,0,prior,0.6,0.0175,0.0459868336,0.0,0.3854,0.019,0.4044,0.1538,0.0516,0.0003,0.9744,0.7854,0.2338,True,0,0
1192,1.0,0.05,frozen,1,model,0.615,0.1488,0.006492085,0.0002273835,0.1864,0.0194,0.2058,0.1522,-0.0004,0.0049,0.8317,0.9349,0.0,False,60,10
1192,1.0,0.05,frozen,2,model,0.6195,0.1493,0.0045300493,-0.0004413466,0.1777,0.0194,0.1971,0.149,-0.0015,0.0003,0.82,0.94,0.0,False,78,17
1192,1.0,0.05,frozen,3,model,0.6168,0.1451,0.0073874706,-0.0002404493,0.188,0.0194,0.2074,0.1505,-0.0002,0.0007,0.8327,0.9452,0.0,False,67,14
1192,1.0,0.05,frozen,4,model,0.623,0.1465,0.006055693,0.0005773735,0.1928,0.0194,0.2122,0.1528,0.0004,0.0002,0.8186,0.9444,0.0,False,92,14
1192,1.0,0.05,frozen,5,model,0.6218,0.1532,0.0028672574,-0.0012308885,0.1967,0.0194,0.2161,0.1585,0.001,0.0,0.825,0.9325,0.0,False,87,23
1192,1.0,0.05,frozen,6,model,0.618,0.1416,0.0103090681,0.0006163992,0.1998,0.0194,0.2192,0.1527,0.0014,0.001,0.8309,0.9432,0.0,False,72,9
1192,1.0,0.05,frozen,7,model,0.6218,0.1524,0.0092446114,-0.0003285792,0.1729,0.0194,0.1923,0.149,-0.0021,0.0002,0.8366,0.9414,0.0,False,87,20
1192,1.0,0.05,frozen,8,model,0.6172,0.1442,0.0068287257,8.19877e-05,0.1772,0.0194,0.1966,0.1457,-0.0016,0.0,0.8156,0.9445,0.0,False,69,10
1192,1.0,0.05,frozen,9,model,0.6192,0.1465,0.0052449089,-0.0010587349,0.1927,0.0194,0.2121,0.153,0.0004,0.0,0.8245,0.9302,0.0,False,77,21
1192,1.0,0.05,frozen,10,model,0.618,0.1537,0.0022689701,-5.55685e-05,0.1724,0.0194,0.1918,0.1497,-0.0022,0.0004,0.8212,0.9451,0.0,False,72,12
1192,1.0,0.05,frozen,11,model,0.616,0.1648,-0.0010441188,0.0002319744,0.1772,0.0194,0.1966,0.1585,-0.0016,0.0,0.8248,0.939,0.0,False,64,11
1192,1.0,0.05,prior,0,prior,0.6192,0.0287,0.0441853098,-0.0018015238,0.1427,0.3786,0.4058,0.081,0.0549,0.0001,0.9744,0.7854,0.2338,True,77,29
1192,1.0,0.05,prior,1,model,0.6182,0.0255,0.0453580491,-0.0016376619,0.253,0.1811,0.406,0.0406,0.0524,0.0002,0.9751,0.8118,0.2206,True,73,25
1192,1.0,0.05,prior,2,model,0.6208,0.0342,0.0422067171,-0.0025020101,0.1823,0.3006,0.3856,0.0363,0.0482,0.0001,0.9726,0.8625,0.1888,True,83,31
1192,1.0,0.05,prior,3,model,0.6192,0.0246,0.0457344996,-0.0015805554,0.2443,0.2445,0.4038,0.0991,0.0539,0.0002,0.974,0.8678,0.2412,True,77,24
1192,1.0,0.05,prior,4,model,0.62,0.0294,0.0443657572,-0.0015306516,0.0918,0.3113,0.4026,0.0303,0.0529,0.0004,0.9705,0.8749,0.2288,True,80,26
1192,1.0,0.05,prior,5,model,0.622,0.0305,0.0428768272,-0.0033709985,0.187,0.3315,0.418,0.032,0.0586,0.0001,0.9734,0.8463,0.2181,True,88,38
1192,1.0,0.05,prior,6,model,0.6188,0.0271,0.0455655487,-0.0013872128,0.2254,0.2103,0.4052,0.0563,0.0539,0.0,0.9705,0.8594,0.2238,True,75,27
1192,1.0,0.05,prior,7,model,0.6198,0.0307,0.0444290042,-0.0015338556,0.1613,0.3012,0.3905,0.0284,0.0508,0.0013,0.9747,0.8377,0.215,True,79,30
1192,1.0,0.05,prior,8,model,0.6182,0.0279,0.0446662907,-0.0020963542,0.2141,0.171,0.3851,0.0612,0.0456,0.0002,0.9732,0.8413,0.2313,True,73,28
1192,1.0,0.05,prior,9,model,0.6205,0.0306,0.0429623024,-0.0030123928,0.1967,0.3534,0.4018,0.0809,0.054,0.0001,0.9748,0.8201,0.2475,True,82,37
1192,1.0,0.05,prior,10,model,0.6205,0.0242,0.0452349385,-0.0015846828,0.2331,0.2045,0.4038,0.0766,0.0533,0.0007,0.9739,0.8529,0.2238,True,82,24
1192,1.0,0.05,prior,11,model,0.6175,0.0267,0.0444201313,-0.0024486377,0.1412,0.2871,0.4196,0.0372,0.0588,0.0005,0.9726,0.8553,0.2244,True,70,31
1208,0.2,0.0,treatment,0,prior,0.6,0.1446,0.0060680677,0.0,0.0481,0.1876,0.2181,0.0153,0.0272,0.029,0.7929,0.9825,0.0,False,0,0
1208,0.2,0.0,treatment,1,model,0.6,0.0433,0.0375896338,0.0,0.2508,0.1049,0.3556,0.0983,0.0414,0.0025,0.9955,0.9378,0.3519,True,0,0
1208,0.2,0.0,treatment,2,model,0.6,0.08,0.0268825774,0.0,0.0685,0.241,0.295,0.0352,0.0387,0.0166,0.9637,0.8271,0.1931,True,0,0
1208,0.2,0.0,treatment,3,model,0.6,0.0475,0.0361289657,0.0,0.1815,0.1697,0.3513,0.0686,0.0424,0.0049,0.993,0.9487,0.3194,True,0,0
1208,0.2,0.0,treatment,4,model,0.6,0.0642,0.0307913841,0.0,0.133,0.1873,0.3194,0.057,0.0404,0.0119,0.9614,0.7766,0.1256,True,0,0
1208,0.2,0.0,treatment,5,model,0.6,0.0567,0.0334725264,0.0,0.1104,0.2446,0.355,0.0427,0.0458,0.0044,0.992,0.9403,0.3781,True,0,0
1208,0.2,0.0,treatment,6,model,0.6,0.0475,0.0369717302,0.0,0.2493,0.1359,0.3744,0.0944,0.0513,0.0036,0.9917,0.8969,0.3325,True,0,0
1208,0.2,0.0,treatment,7,model,0.6,0.0625,0.0312807963,0.0,0.1083,0.2452,0.3412,0.0355,0.0439,0.007,0.9893,0.9006,0.235,True,0,0
1208,0.2,0.0,treatment,8,model,0.6,0.0571,0.0342283028,0.0,0.1848,0.1495,0.3344,0.0864,0.0408,0.0057,0.9865,0.8816,0.2756,True,0,0
1208,0.2,0.0,treatment,9,model,0.6,0.0508,0.0359061157,0.0,0.1039,0.236,0.3387,0.0408,0.0444,0.0087,0.9872,0.8537,0.2856,True,0,0
1208,0.2,0.0,treatment,10,model,0.6,0.0542,0.0340908551,0.0,0.14,0.2116,0.34,0.0496,0.0451,0.0074,0.9904,0.8432,0.32,True,0,0
1208,0.2,0.0,treatment,11,model,0.6,0.0579,0.0340094526,0.0,0.1501,0.1952,0.3444,0.0611,0.0427,0.0063,0.9909,0.8905,0.3375,True,0,0
1208,0.2,0.0,frozen,0,prior,0.6,0.1446,0.0060680677,0.0,0.0481,0.1876,0.2181,0.0153,0.0272,0.029,0.7929,0.9825,0.0,False,0,0
1208,0.2,0.0,frozen,1,model,0.6,0.0433,0.0375896338,0.0,0.0358,0.3856,0.3556,0.0287,0.0496,0.0059,0.9955,0.9378,0.3519,True,0,0
1208,0.2,0.0,frozen,2,model,0.6,0.0425,0.038499705,0.0,0.0461,0.3736,0.3513,0.0322,0.0458,0.0027,0.9956,0.935,0.3306,True,0,0
1208,0.2,0.0,frozen,3,model,0.6,0.0446,0.0370124581,0.0,0.0522,0.3861,0.3556,0.0341,0.0479,0.0037,0.9947,0.9276,0.3275,True,0,0
1208,0.2,0.0,frozen,4,model,0.6,0.0375,0.0404008685,0.0,0.0559,0.3823,0.3594,0.0333,0.048,0.0033,0.995,0.9374,0.33,True,0,0
1208,0.2,0.0,frozen,5,model,0.6,0.0425,0.0375702382,0.0,0.074,0.3843,0.3762,0.0427,0.0491,0.0015,0.996,0.9418,0.3525,True,0,0
1208,0.2,0.0,frozen,6,model,0.6,0.0429,0.0395412636,0.0,0.0449,0.3819,0.3812,0.0305,0.0533,0.0032,0.9945,0.9013,0.3212,True,0,0
1208,0.2,0.0,frozen,7,model,0.6,0.0354,0.0399326608,0.0,0.0356,0.3852,0.3819,0.0225,0.0549,0.0014,0.9957,0.9454,0.3387,True,0,0
1208,0.2,0.0,frozen,8,model,0.6,0.0488,0.0363193935,0.0,0.0619,0.3731,0.3469,0.043,0.0444,0.0025,0.9966,0.9499,0.3412,True,0,0
1208,0.2,0.0,frozen,9,model,0.6,0.04,0.0401255257,0.0,0.0486,0.3847,0.355,0.0318,0.0483,0.0027,0.9961,0.9449,0.3619,True,0,0
1208,0.2,0.0,frozen,10,model,0.6,0.0362,0.0397470296,0.0,0.0551,0.3825,0.3669,0.0325,0.0496,0.0036,0.996,0.9429,0.355,True,0,0
1208,0.2,0.0,frozen,11,model,0.6,0.0475,0.0380087558,0.0,0.0502,0.3802,0.36,0.0367,0.049,0.0004,0.9963,0.9457,0.3412,True,0,0
1208,0.2,0.0,prior,0,prior,0.6,0.1446,0.0060680677,0.0,0.0481,0.1876,0.2181,0.0153,0.0272,0.029,0.7929,0.9825,0.0,False,0,0
1208,0.2,0.0,prior,1,model,0.6,0.1288,0.0098445239,0.0,0.0547,0.1821,0.2275,0.0365,0.0324,0.0335,0.7933,0.9738,0.0,False,0,0
1208,0.2,0.0,prior,2,model,0.6,0.1279,0.0116803509,0.0,0.0469,0.188,0.2231,0.0271,0.0279,0.0312,0.7893,0.975,0.0,False,0,0
1208,0.2,0.0,prior,3,model,0.6,0.1271,0.0105018838,0.0,0.0409,0.2003,0.2319,0.0162,0.0306,0.0299,0.7897,0.9747,0.0,False,0,0
1208,0.2,0.0,prior,4,model,0.6,0.1258,0.0117487273,0.0,0.0548,0.2005,0.2269,0.0181,0.0283,0.0296,0.787,0.974,0.0,False,0,0
1208,0.2,0.0,prior,5,model,0.6,0.1338,0.0083412956,0.0,0.043,0.1974,0.2394,0.0284,0.0318,0.0284,0.7945,0.9749,0.0,False,0,0
1208,0.2,0.0,prior,6,model,0.6,0.1442,0.0080277356,0.0,0.0207,0.2155,0.2294,0.0269,0.0323,0.0343,0.7872,0.9707,0.0,False,0,0
1208,0.2,0.0,prior,7,model,0.6,0.1383,0.0066979408,0.0,0.0578,0.1864,0.2275,0.0181,0.0299,0.0309,0.7806,0.9815,0.0,False,0,0
1208,0.2,0.0,prior,8,model,0.6,0.1296,0.0099381645,0.0,0.034,0.1928,0.2256,0.0311,0.0283,0.0302,0.7899,0.9726,0.0,False,0,0
1208,0.2,0.0,prior,9,model,0.6,0.1242,0.0130604989,0.0,0.0411,0.2076,0.2288,0.0197,0.0306,0.0322,0.788,0.9743,0.0,False,0,0
1208,0.2,0.0,prior,10,model,0.6,0.1325,0.0092715409,0.0,0.0384,0.2003,0.2225,0.0138,0.0309,0.0353,0.7962,0.9758,0.0,False,0,0
1208,0.2,0.0,prior,11,model,0.6,0.1296,0.0117856681,0.0,0.0487,0.2003,0.2369,0.0251,0.0299,0.03,0.7878,0.9684,0.0,False,0,0
1208,0.2,0.05,treatment,0,prior,0.6232,0.148,0.0048927586,-0.0011753091,0.0667,0.2077,0.217,0.0165,0.0272,0.0314,0.7929,0.9825,0.0,False,93,22
1208,0.2,0.05,treatment,1,model,0.6198,0.0528,0.0365396738,-0.0014200567,0.0794,0.312,0.3563,0.0263,0.0474,0.0069,0.9951,0.9466,0.3406,True,79,25
1208,0.2,0.05,treatment,2,model,0.6212,0.0608,0.0336227172,-0.0014760888,0.1672,0.3854,0.3386,0.0794,0.0408,0.0061,0.991,0.9174,0.3256,True,85,29
1208,0.2,0.05,treatment,3,model,0.622,0.0727,0.0285905438,-0.0023725596,0.1118,0.2862,0.3274,0.0537,0.0397,0.0065,0.9834,0.9025,0.2288,True,88,33
1208,0.2,0.05,treatment,4,model,0.6185,0.0618,0.0342091312,-0.0009859206,0.1792,0.2604,0.3355,0.0709,0.042,0.0025,0.9689,0.7979,0.1844,True,74,21
1208,0.2,0.05,treatment,5,model,0.6248,0.0668,0.0306798639,-0.0012191176,0.1157,0.2762,0.3578,0.0305,0.049,0.0094,0.9945,0.9412,0.3069,True,99,30
1208,0.2,0.05,treatment,6,model,0.6202,0.0738,0.0310834708,-0.0011497608,0.1381,0.2521,0.3489,0.0526,0.0501,0.0092,0.9871,0.9251,0.2344,True,81,24
1208,0.2,0.05,treatment,7,model,0.6215,0.066,0.0302202415,-0.0030465428,0.0929,0.2963,0.3514,0.0259,0.0455,0.0039,0.9782,0.8941,0.28,True,86,35
1208,0.2,0.05,treatment,8,model,0.6188,0.0764,0.0282621395,-0.0026955179,0.1238,0.3356,0.3167,0.0423,0.0395,0.0123,0.9898,0.929,0.2631,True,75,33
1208,0.2,0.05,treatment,9,model,0.6148,0.0521,0.0364402344,-0.0014028407,0.0548,0.3645,0.3478,0.0323,0.0469,0.0101,0.987,0.9292,0.3362,True,59,21
1208,0.2,0.05,treatment,10,model,0.6205,0.0665,0.0315921609,-0.0024407141,0.0792,0.3928,0.3353,0.0659,0.0447,0.0101,0.9818,0.8326,0.2075,True,82,30
1208,0.2,0.05,treatment,11,model,0.6138,0.0627,0.0338133009,-0.0009683743,0.1941,0.233,0.3469,0.0796,0.0422,0.0009,0.9874,0.8744,0.2675,True,55,18
1208,0.2,0.05,frozen,0,prior,0.6,0.1446,0.0060680677,0.0,0.0481,0.1876,0.2181,0.0153,0.0272,0.029,0.7929,0.9825,0.0,False,0,0
1208,0.2,0.05,frozen,1,model,0.6192,0.0533,0.0356022781,-0.0019873557,0.0369,0.389,0.3552,0.0287,0.05,0.0072,0.9955,0.9378,0.3519,True,77,28
1208,0.2,0.05,frozen,2,model,0.6225,0.0526,0.0369262913,-0.0015734137,0.0459,0.376,0.353,0.0322,0.0463,0.0031,0.9956,0.935,0.3306,True,90,29
1208,0.2,0.05,frozen,3,model,0.622,0.0571,0.0343765894,-0.0026358687,0.0513,0.387,0.3532,0.0341,0.0474,0.0035,0.9947,0.9276,0.3275,True,88,35
1208,0.2,0.05,frozen,4,model,0.62,0.0448,0.0395090065,-0.0008918621,0.0546,0.3821,0.3645,0.0333,0.0479,0.003,0.995,0.9374,0.33,True,80,21
1208,0.2,0.05,frozen,5,model,0.6232,0.0546,0.0358143245,-0.0017559137,0.073,0.3837,0.3769,0.0427,0.0492,0.0014,0.996,0.9418,0.3525,True,93,34
1208,0.2,0.05,frozen,6,model,0.6188,0.0529,0.0378125113,-0.0017287523,0.0424,0.3806,0.3816,0.0305,0.0537,0.0037,0.9945,0.9013,0.3212,True,75,28
1208,0.2,0.05,frozen,7,model,0.6225,0.0498,0.0366096868,-0.0033229741,0.0385,0.385,0.3788,0.0225,0.054,0.0021,0.9957,0.9454,0.3387,True,90,39
1208,0.2,0.05,frozen,8,model,0.624,0.0625,0.0336012992,-0.0027180943,0.0635,0.3728,0.3431,0.043,0.0431,0.0026,0.9966,0.9499,0.3412,True,96,39
1208,0.2,0.05,frozen,9,model,0.6148,0.0472,0.0385984454,-0.0015270804,0.0505,0.386,0.3556,0.0318,0.0482,0.0026,0.9961,0.9449,0.3619,True,59,20
1208,0.2,0.05,frozen,10,model,0.6212,0.0483,0.0368352832,-0.0029117464,0.0525,0.3847,0.3657,0.0325,0.051,0.0031,0.996,0.9429,0.355,True,85,33
1208,0.2,0.05,frozen,11,model,0.6158,0.0536,0.0371049149,-0.0009038409,0.0506,0.3813,0.363,0.0367,0.0497,0.0001,0.9963,0.9457,0.3412,True,63,18
1208,0.2,0.05,prior,0,prior,0.6232,0.148,0.0048927586,-0.0011753091,0.0667,0.2077,0.217,0.0165,0.0272,0.0314,0.7929,0.9825,0.0,False,93,22
1208,0.2,0.05,prior,1,model,0.6185,0.1318,0.0093394478,-0.000505076,0.0336,0.2099,0.2274,0.0114,0.0302,0.032,0.7933,0.9738,0.0,False,74,17
1208,0.2,0.05,prior,2,model,0.6182,0.131,0.0110784205,-0.0006019304,0.0523,0.2209,0.2227,0.0483,0.0275,0.0297,0.7893,0.975,0.0,False,73,17
1208,0.2,0.05,prior,3,model,0.6188,0.1333,0.008714929,-0.0017869548,0.0804,0.2049,0.2269,0.0299,0.0261,0.027,0.7897,0.9747,0.0,False,75,25
1208,0.2,0.05,prior,4,model,0.62,0.1266,0.0122439479,0.0004952206,0.0919,0.189,0.2309,0.0397,0.0279,0.0288,0.787,0.974,0.0,False,80,12
1208,0.2,0.05,prior,5,model,0.6232,0.1376,0.0078181529,-0.0005231428,0.065,0.1785,0.2395,0.0296,0.0288,0.025,0.7945,0.9749,0.0,False,93,22
1208,0.2,0.05,prior,6,model,0.621,0.1457,0.0075750825,-0.0004526531,0.0512,0.2286,0.2315,0.011,0.0307,0.034,0.7872,0.9707,0.0,False,84,16
1208,0.2,0.05,prior,7,model,0.624,0.141,0.0059185357,-0.0007794051,0.0294,0.2123,0.2287,0.0231,0.0309,0.031,0.7806,0.9815,0.0,False,96,20
1208,0.2,0.05,prior,8,model,0.6172,0.1345,0.0087747757,-0.0011633889,0.0673,0.2679,0.2221,0.0486,0.0263,0.0289,0.7899,0.9726,0.0,False,69,21
1208,0.2,0.05,prior,9,model,0.616,0.1262,0.0128333109,-0.0002271881,0.0652,0.1747,0.2298,0.0298,0.0312,0.0294,0.788,0.9743,0.0,False,64,13
1208,0.2,0.05,prior,10,model,0.6192,0.1336,0.0091109183,-0.0001606226,0.0715,0.1739,0.2252,0.0303,0.0285,0.0279,0.7962,0.9758,0.0,False,77,13
1208,0.2,0.05,prior,11,model,0.615,0.1309,0.0115094482,-0.0002762198,0.0577,0.1838,0.239,0.0273,0.0304,0.0286,0.7878,0.9684,0.0,False,60,11
1208,0.4,0.0,treatment,0,prior,0.6,0.0933,0.0227891524,0.0,0.0925,0.2457,0.295,0.03,0.0417,0.0178,0.8249,0.9159,0.0006,False,0,0
1208,0.4,0.0,treatment,1,model,0.6,0.0421,0.0384567596,0.0,0.2474,0.1101,0.3575,0.1016,0.0418,0.0012,0.9956,0.9408,0.3488,True,0,0
1208,0.4,0.0,treatment,2,model,0.6,0.0558,0.034388325,0.0,0.1371,0.2103,0.3312,0.0496,0.039,0.0035,0.9897,0.9193,0.2631,True,0,0
1208,0.4,0.0,treatment,3,model,0.6,0.0567,0.0327017236,0.0,0.1732,0.1787,0.3375,0.0633,0.0407,0.0063,0.9941,0.9371,0.2712,True,0,0
1208,0.4,0.0,treatment,4,model,0.6,0.055,0.0344364429,0.0,0.1328,0.2017,0.3331,0.0527,0.0432,0.0092,0.9882,0.8942,0.2812,True,0,0
1208,0.4,0.0,treatment,5,model,0.6,0.0575,0.0330691191,0.0,0.1178,0.2474,0.3538,0.0398,0.0441,0.0023,0.9944,0.9405,0.3475,True,0,0
1208,0.4,0.0,treatment,6,model,0.6,0.0583,0.0344880354,0.0,0.164,0.2288,0.3581,0.0575,0.0479,0.005,0.992,0.9183,0.3425,True,0,0
1208,0.4,0.0,treatment,7,model,0.6,0.0558,0.0349036836,0.0,0.1616,0.2489,0.3513,0.0576,0.0444,0.0032,0.9869,0.8174,0.3456,True,0,0
1208,0.4,0.0,treatment,8,model,0.6,0.0504,0.0364824055,0.0,0.1684,0.2044,0.3444,0.0618,0.0436,0.0052,0.9948,0.9373,0.405,True,0,0
1208,0.4,0.0,treatment,9,model,0.6,0.0512,0.0361894679,0.0,0.2009,0.1635,0.3381,0.0759,0.0406,0.0053,0.9849,0.8996,0.2631,True,0,0
1208,0.4,0.0,treatment,10,model,0.6,0.065,0.0310204583,0.0,0.1382,0.1856,0.3237,0.0561,0.0436,0.014,0.9763,0.8146,0.19,True,0,0
1208,0.4,0.0,treatment,11,model,0.6,0.0521,0.0356937034,0.0,0.2112,0.142,0.3531,0.0845,0.0455,0.0059,0.9927,0.9254,0.3181,True,0,0
1208,0.4,0.0,frozen,0,prior,0.6,0.0933,0.0227891524,0.0,0.0925,0.2457,0.295,0.03,0.0417,0.0178,0.8249,0.9159,0.0006,False,0,0
1208,0.4,0.0,frozen,1,model,0.6,0.0421,0.0384567596,0.0,0.0709,0.381,0.3575,0.0457,0.0495,0.0059,0.9956,0.9408,0.3488,True,0,0
1208,0.4,0.0,frozen,2,model,0.6,0.0379,0.0399723706,0.0,0.0746,0.3672,0.3581,0.0445,0.0464,0.0008,0.9957,0.9452,0.3319,True,0,0
1208,0.4,0.0,frozen,3,model,0.6,0.0458,0.0365918062,0.0,0.0866,0.3908,0.3538,0.0537,0.0493,0.0043,0.996,0.9464,0.3369,True,0,0
1208,0.4,0.0,frozen,4,model,0.6,0.0421,0.0387614755,0.0,0.0725,0.3777,0.3525,0.0457,0.0455,0.0048,0.996,0.9521,0.3325,True,0,0
1208,0.4,0.0,frozen,5,model,0.6,0.0475,0.0357255529,0.0,0.0927,0.3826,0.3688,0.0573,0.0487,0.0038,0.9959,0.9429,0.3381,True,0,0
1208,0.4,0.0,frozen,6,model,0.6,0.0475,0.0370882278,0.0,0.0741,0.3757,0.3744,0.0499,0.0521,0.0021,0.9956,0.9429,0.3375,True,0,0
1208,0.4,0.0,frozen,7,model,0.6,0.0404,0.0384800781,0.0,0.0738,0.3888,0.3744,0.0451,0.0543,0.0016,0.9951,0.9327,0.3369,True,0,0
1208,0.4,0.0,frozen,8,model,0.6,0.0462,0.0367167203,0.0,0.0888,0.3678,0.3506,0.0553,0.0458,0.0039,0.9944,0.9382,0.3431,True,0,0
1208,0.4,0.0,frozen,9,model,0.6,0.0421,0.0394565885,0.0,0.049,0.3714,0.3519,0.037,0.0512,0.0039,0.9958,0.9456,0.3475,True,0,0
1208,0.4,0.0,frozen,10,model,0.6,0.0379,0.0391156394,0.0,0.0716,0.3784,0.3644,0.0431,0.0495,0.002,0.9953,0.9161,0.3481,True,0,0
1208,0.4,0.0,frozen,11,model,0.6,0.0433,0.0380988735,0.0,0.0847,0.3767,0.3663,0.0517,0.0499,0.0035,0.9952,0.9323,0.3544,True,0,0
1208,0.4,0.0,prior,0,prior,0.6,0.0933,0.0227891524,0.0,0.0925,0.2457,0.295,0.03,0.0417,0.0178,0.8249,0.9159,0.0006,False,0,0
1208,0.4,0.0,prior,1,model,0.6,0.0825,0.0252246527,0.0,0.0962,0.2007,0.2969,0.0369,0.0432,0.0188,0.8292,0.9063,0.0019,False,0,0
1208,0.4,0.0,prior,2,model,0.6,0.0762,0.0272445502,0.0,0.1287,0.1784,0.3006,0.0454,0.0403,0.0172,0.8337,0.9048,0.0,False,0,0
1208,0.4,0.0,prior,3,model,0.6,0.0817,0.0249659394,0.0,0.1194,0.2096,0.3,0.0386,0.0389,0.0186,0.8323,0.9136,0.0006,False,0,0
1208,0.4,0.0,prior,4,model,0.6,0.0821,0.0260972052,0.0,0.1032,0.1914,0.2925,0.0461,0.0389,0.0185,0.8281,0.9039,0.0006,False,0,0
1208,0.4,0.0,prior,5,model,0.6,0.0875,0.0233541114,0.0,0.1082,0.2006,0.3088,0.0444,0.0448,0.0182,0.829,0.9136,0.0037,False,0,0
1208,0.4,0.0,prior,6,model,0.6,0.0958,0.022606101,0.0,0.0737,0.2305,0.3019,0.0354,0.0428,0.0224,0.8383,0.9055,0.0031,False,0,0
1208,0.4,0.0,prior,7,model,0.6,0.0825,0.0250329905,0.0,0.1431,0.1913,0.3113,0.0528,0.044,0.0178,0.8165,0.9114,0.0019,False,0,0
1208,0.4,0.0,prior,8,model,0.6,0.0846,0.0250411787,0.0,0.081,0.2121,0.2931,0.0292,0.0402,0.0173,0.8266,0.9042,0.0037,False,0,0
1208,0.4,0.0,prior,9,model,0.6,0.0779,0.027211557,0.0,0.1099,0.1976,0.2981,0.0391,0.0417,0.017,0.8308,0.9146,0.0025,False,0,0
1208,0.4,0.0,prior,10,model,0.6,0.0783,0.0269168096,0.0,0.1351,0.2009,0.3038,0.0486,0.0428,0.0166,0.8352,0.903,0.0006,False,0,0
1208,0.4,0.0,prior,11,model,0.6,0.0871,0.0248137158,0.0,0.1076,0.1963,0.3006,0.0493,0.0438,0.0195,0.8415,0.8936,0.0019,False,0,0
1208,0.4,0.05,treatment,0,prior,0.6212,0.1014,0.0205773602,-0.0022117922,0.0719,0.2837,0.2931,0.0395,0.0389,0.0206,0.8249,0.9159,0.0006,False,85,28
1208,0.4,0.05,treatment,1,model,0.6208,0.0544,0.0354176305,-0.0015348817,0.0973,0.304,0.3546,0.0308,0.0467,0.0022,0.9935,0.9491,0.3419,True,83,26
1208,0.4,0.05,treatment,2,model,0.6222,0.0735,0.0304522567,-0.0008807462,0.1754,0.3341,0.3183,0.0726,0.0393,0.0092,0.9475,0.8289,0.1656,True,89,27
1208,0.4,0.05,treatment,3,model,0.623,0.0706,0.0296212226,-0.0019662059,0.0823,0.3346,0.3316,0.0457,0.0428,0.0047,0.9902,0.9292,0.2181,True,92,31
1208,0.4,0.05,treatment,4,model,0.617,0.0559,0.0353954283,-0.0005646451,0.1189,0.2739,0.344,0.0456,0.041,0.0018,0.9897,0.8778,0.4044,True,68,18
1208,0.4,0.05,treatment,5,model,0.6222,0.08,0.026365471,-0.0014135771,0.0918,0.3556,0.3342,0.0647,0.0405,0.0067,0.9879,0.9194,0.2531,True,89,28
1208,0.4,0.05,treatment,6,model,0.6198,0.0746,0.0310908662,-0.0010276441,0.0429,0.3142,0.3471,0.0352,0.0449,0.0079,0.9804,0.8924,0.175,True,79,25
1208,0.4,0.05,treatment,7,model,0.6208,0.0681,0.0300451284,-0.0029073176,0.1332,0.3087,0.3474,0.0316,0.0471,0.0059,0.9714,0.8694,0.21,True,83,33
1208,0.4,0.05,treatment,8,model,0.621,0.0692,0.0312291847,-0.0030611582,0.0702,0.3432,0.3298,0.0267,0.0402,0.0048,0.9875,0.9202,0.2587,True,84,37
1208,0.4,0.05,treatment,9,model,0.6142,0.0529,0.036658904,-0.0016476357,0.1118,0.3734,0.3461,0.0535,0.0454,0.0039,0.9838,0.9109,0.2631,True,57,21
1208,0.4,0.05,treatment,10,model,0.6208,0.0656,0.0314569249,-0.002289102,0.0701,0.3037,0.3368,0.0389,0.0453,0.0103,0.9899,0.934,0.2944,True,83,29
1208,0.4,0.05,treatment,11,model,0.6142,0.0655,0.0334091001,-0.0011061953,0.1273,0.3123,0.3428,0.0437,0.0428,0.0053,0.9887,0.9046,0.2963,True,57,18
1208,0.4,0.05,frozen,0,prior,0.6,0.0933,0.0227891524,0.0,0.0925,0.2457,0.295,0.03,0.0417,0.0178,0.8249,0.9159,0.0006,False,0,0
1208,0.4,0.05,frozen,1,model,0.6195,0.0525,0.0363774282,-0.0020793314,0.0698,0.3847,0.3568,0.0457,0.05,0.0073,0.9956,0.9408,0.3488,True,78,29
1208,0.4,0.05,frozen,2,model,0.6232,0.0489,0.0384440478,-0.0015283228,0.0751,0.3707,0.3597,0.0445,0.047,0.0011,0.9957,0.9452,0.3319,True,93,31
1208,0.4,0.05,frozen,3,model,0.6218,0.0579,0.0340484424,-0.0025433638,0.0877,0.3912,0.3516,0.0537,0.0487,0.0045,0.996,0.9464,0.3369,True,87,34
1208,0.4,0.05,frozen,4,model,0.6185,0.0485,0.0380898037,-0.0006716718,0.0738,0.3774,0.3571,0.0457,0.0464,0.0034,0.996,0.9521,0.3325,True,74,19
1208,0.4,0.05,frozen,5,model,0.6218,0.0587,0.0341104294,-0.0016151235,0.0887,0.3782,0.3688,0.0573,0.0489,0.0036,0.9959,0.9429,0.3381,True,87,32
1208,0.4,0.05,frozen,6,model,0.6205,0.0576,0.0355219018,-0.001566326,0.0698,0.3748,0.3755,0.0499,0.0528,0.0025,0.9956,0.9429,0.3375,True,82,29
1208,0.4,0.05,frozen,7,model,0.6218,0.0535,0.0353169025,-0.0031631755,0.0766,0.3879,0.3721,0.0451,0.0535,0.0015,0.9951,0.9327,0.3369,True,87,36
1208,0.4,0.05,frozen,8,model,0.6238,0.0609,0.033567447,-0.0031492733,0.0894,0.3695,0.3455,0.0553,0.0445,0.004,0.9944,0.9382,0.3431,True,95,41
1208,0.4,0.05,frozen,9,model,0.6158,0.0495,0.0379783431,-0.0014782454,0.049,0.3707,0.3526,0.037,0.0515,0.0037,0.9958,0.9456,0.3475,True,63,21
1208,0.4,0.05,frozen,10,model,0.62,0.05,0.0358841063,-0.0032315332,0.0708,0.379,0.3618,0.0431,0.049,0.0024,0.9953,0.9161,0.3481,True,80,33
1208,0.4,0.05,frozen,11,model,0.6152,0.0508,0.0368370611,-0.0012618125,0.0857,0.3789,0.3671,0.0517,0.0501,0.0036,0.9952,0.9323,0.3544,True,61,21
1208,0.4,0.05,prior,0,prior,0.6212,0.1014,0.0205773602,-0.0022117922,0.0719,0.2837,0.2931,0.0395,0.0389,0.0206,0.8249,0.9159,0.0006,False,85,28
1208,0.4,0.05,prior,1,model,0.617,0.0883,0.0240494043,-0.0011752484,0.059,0.293,0.297,0.0328,0.0429,0.0184,0.8292,0.9063,0.0019,False,68,20
1208,0.4,0.05,prior,2,model,0.6188,0.084,0.025974852,-0.0012696982,0.1114,0.2252,0.299,0.0314,0.0395,0.0156,0.8337,0.9048,0.0,False,75,25
1208,0.4,0.05,prior,3,model,0.6188,0.0905,0.0228389175,-0.0021270219,0.1219,0.271,0.2964,0.0492,0.0389,0.0168,0.8323,0.9136,0.0006,False,75,28
1208,0.4,0.05,prior,4,model,0.6188,0.0857,0.0260420108,-5.51944e-05,0.098,0.2578,0.297,0.0481,0.0351,0.018,0.8281,0.9039,0.0006,False,75,15
1208,0.4,0.05,prior,5,model,0.624,0.0954,0.0222277059,-0.0011264055,0.0932,0.2311,0.3098,0.0256,0.0423,0.0146,0.829,0.9136,0.0037,False,96,28
1208,0.4,0.05,prior,6,model,0.6222,0.102,0.0214603059,-0.0011457951,0.0932,0.3098,0.3038,0.0363,0.0456,0.0203,0.8383,0.9055,0.0031,False,89,24
1208,0.4,0.05,prior,7,model,0.6238,0.0918,0.0227425362,-0.0022904543,0.0597,0.2831,0.3103,0.0273,0.0421,0.0138,0.8165,0.9114,0.0019,False,95,31
1208,0.4,0.05,prior,8,model,0.6172,0.0932,0.0231249569,-0.0019162218,0.1209,0.3326,0.2887,0.0677,0.0352,0.0151,0.8266,0.9042,0.0037,False,69,27
1208,0.4,0.05,prior,9,model,0.6148,0.0826,0.0262676958,-0.0009438612,0.1042,0.2119,0.2992,0.0411,0.0429,0.0191,0.8308,0.9146,0.0025,False,59,16
1208,0.4,0.05,prior,10,model,0.62,0.0859,0.0251953895,-0.0017214201,0.0734,0.2845,0.3033,0.0314,0.042,0.0179,0.8352,0.903,0.0006,False,80,25
1208,0.4,0.05,prior,11,model,0.6142,0.0904,0.0243103927,-0.0005033231,0.1115,0.2182,0.3033,0.0369,0.0428,0.0189,0.8415,0.8936,0.0019,False,57,13
1208,1.0,0.0,treatment,0,prior,0.6,0.0129,0.0473417795,0.0,0.3958,0.0198,0.4156,0.1587,0.0559,0.0002,0.9713,0.7853,0.1988,True,0,0
1208,1.0,0.0,treatment,1,model,0.6,0.1167,0.0129287691,0.0,0.0461,0.2208,0.2456,0.0166,0.0304,0.0259,0.9697,0.9224,0.0775,True,0,0
1208,1.0,0.0,treatment,2,model,0.6,0.045,0.0373950272,0.0,0.2486,0.0989,0.3475,0.1013,0.0373,0.0031,0.9941,0.9198,0.3969,True,0,0
1208,1.0,0.0,treatment,3,model,0.6,0.08,0.0268051883,0.0,0.0968,0.2407,0.3025,0.0382,0.0366,0.0096,0.9763,0.5773,0.1338,True,0,0
1208,1.0,0.0,treatment,4,model,0.6,0.0458,0.0379183658,0.0,0.1693,0.2078,0.3469,0.0569,0.0399,0.0008,0.9918,0.9244,0.4069,True,0,0
1208,1.0,0.0,treatment,5,model,0.6,0.0638,0.0305075341,0.0,0.1476,0.1967,0.3444,0.0591,0.0477,0.0082,0.9886,0.8988,0.2762,True,0,0
1208,1.0,0.0,treatment,6,model,0.6,0.0488,0.0374761451,0.0,0.2598,0.1176,0.3725,0.1038,0.0464,0.0028,0.9881,0.8506,0.29,True,0,0
1208,1.0,0.0,treatment,7,model,0.6,0.0621,0.03148051,0.0,0.151,0.2057,0.3419,0.0552,0.0456,0.0088,0.9895,0.9165,0.2125,True,0,0
1208,1.0,0.0,treatment,8,model,0.6,0.0492,0.036700532,0.0,0.1653,0.1814,0.3463,0.0643,0.0417,0.0038,0.9876,0.9031,0.2881,True,0,0
1208,1.0,0.0,treatment,9,model,0.6,0.0617,0.0330775899,0.0,0.1402,0.187,0.3225,0.0709,0.0427,0.0097,0.9828,0.8324,0.27,True,0,0
1208,1.0,0.0,treatment,10,model,0.6,0.0483,0.0363241363,0.0,0.2102,0.1473,0.3488,0.0795,0.0423,0.0044,0.9901,0.9063,0.2838,True,0,0
1208,1.0,0.0,treatment,11,model,0.6,0.0663,0.0313853551,0.0,0.1278,0.2553,0.3319,0.0416,0.043,0.0073,0.9849,0.7733,0.2687,True,0,0
1208,1.0,0.0,frozen,0,prior,0.6,0.0129,0.0473417795,0.0,0.3958,0.0198,0.4156,0.1587,0.0559,0.0002,0.9713,0.7853,0.1988,True,0,0
1208,1.0,0.0,frozen,1,model,0.6,0.1167,0.0129287691,0.0,0.2159,0.0297,0.2456,0.1529,0.0066,0.0017,0.9697,0.9224,0.0775,True,0,0
1208,1.0,0.0,frozen,2,model,0.6,0.1133,0.0167382408,0.0,0.2156,0.0294,0.245,0.1508,0.0063,0.0016,0.9723,0.9187,0.0981,True,0,0
1208,1.0,0.0,frozen,3,model,0.6,0.1163,0.0134887949,0.0,0.2173,0.0308,0.2481,0.1533,0.0066,0.0,0.977,0.93,0.0912,True,0,0
1208,1.0,0.0,frozen,4,model,0.6,0.105,0.0187075736,0.0,0.2282,0.0299,0.2581,0.1509,0.0092,0.0022,0.9734,0.9112,0.0931,True,0,0
1208,1.0,0.0,frozen,5,model,0.6,0.1083,0.0156725926,0.0,0.2474,0.0301,0.2775,0.1605,0.0134,0.0002,0.9724,0.9047,0.0938,True,0,0
1208,1.0,0.0,frozen,6,model,0.6,0.11,0.0173923704,0.0,0.2499,0.0307,0.2806,0.1624,0.0143,0.0,0.9761,0.9096,0.0844,True,0,0
1208,1.0,0.0,frozen,7,model,0.6,0.1217,0.0111568802,0.0,0.2221,0.0304,0.2525,0.1584,0.0078,0.0003,0.9723,0.9073,0.0719,True,0,0
1208,1.0,0.0,frozen,8,model,0.6,0.1233,0.0101127001,0.0,0.205,0.03,0.235,0.1525,0.0044,0.002,0.9695,0.9213,0.0712,True,0,0
1208,1.0,0.0,frozen,9,model,0.6,0.1058,0.018255876,0.0,0.2265,0.0298,0.2562,0.1508,0.009,0.0022,0.9745,0.9162,0.0869,True,0,0
1208,1.0,0.0,frozen,10,model,0.6,0.1083,0.0173577929,0.0,0.2289,0.0299,0.2587,0.1531,0.0095,0.0009,0.9717,0.9153,0.1056,True,0,0
1208,1.0,0.0,frozen,11,model,0.6,0.1142,0.0150185647,0.0,0.23,0.03,0.26,0.1571,0.0092,0.0001,0.9733,0.9223,0.0862,True,0,0
1208,1.0,0.0,prior,0,prior,0.6,0.0129,0.0473417795,0.0,0.3958,0.0198,0.4156,0.1587,0.0559,0.0002,0.9713,0.7853,0.1988,True,0,0
1208,1.0,0.0,prior,1,model,0.6,0.0196,0.0456337401,0.0,0.3671,0.0242,0.3912,0.1472,0.0487,0.0007,0.9724,0.8311,0.2381,True,0,0
1208,1.0,0.0,prior,2,model,0.6,0.0167,0.0460030448,0.0,0.3625,0.0275,0.39,0.1448,0.0474,0.0014,0.9715,0.8241,0.1919,True,0,0
1208,1.0,0.0,prior,3,model,0.6,0.0142,0.0474077411,0.0,0.3769,0.0243,0.4012,0.1513,0.051,0.0002,0.9708,0.8694,0.2288,True,0,0
1208,1.0,0.0,prior,4,model,0.6,0.0154,0.0469110522,0.0,0.3658,0.0267,0.3925,0.1463,0.0487,0.0013,0.9735,0.8219,0.2244,True,0,0
1208,1.0,0.0,prior,5,model,0.6,0.0187,0.0450121244,0.0,0.3805,0.0314,0.4119,0.1522,0.0559,0.0005,0.9707,0.8251,0.2213,True,0,0
1208,1.0,0.0,prior,6,model,0.6,0.015,0.0469520147,0.0,0.3992,0.0239,0.4231,0.1594,0.0579,0.0003,0.972,0.825,0.2037,True,0,0
1208,1.0,0.0,prior,7,model,0.6,0.0133,0.0467661562,0.0,0.397,0.018,0.415,0.1585,0.055,0.0002,0.9721,0.8366,0.2281,True,0,0
1208,1.0,0.0,prior,8,model,0.6,0.0171,0.04619207,0.0,0.3663,0.0281,0.3944,0.1469,0.049,0.0004,0.973,0.8211,0.2031,True,0,0
1208,1.0,0.0,prior,9,model,0.6,0.0142,0.0474959555,0.0,0.3677,0.026,0.3937,0.1474,0.0485,0.0002,0.9715,0.861,0.2269,True,0,0
1208,1.0,0.0,prior,10,model,0.6,0.0142,0.047511376,0.0,0.3739,0.0261,0.4,0.15,0.0507,0.0003,0.9724,0.8141,0.2231,True,0,0
1208,1.0,0.0,prior,11,model,0.6,0.0163,0.0469752262,0.0,0.376,0.0309,0.4069,0.1504,0.0523,0.0,0.974,0.6828,0.2437,True,0,0
1208,1.0,0.05,treatment,0,prior,0.623,0.0269,0.0443676362,-0.0029741433,0.1348,0.2823,0.4171,0.0605,0.0579,0.0013,0.9713,0.7853,0.1988,True,92,36
1208,1.0,0.05,treatment,1,model,0.6168,0.0758,0.0288935897,-0.0011416666,0.0738,0.2868,0.317,0.0223,0.043,0.0152,0.9824,0.7693,0.1775,True,67,20
1208,1.0,0.05,treatment,2,model,0.6198,0.0617,0.0339451496,-0.0012853923,0.1821,0.3193,0.336,0.0732,0.0393,0.0054,0.9906,0.9007,0.29,True,79,26
1208,1.0,0.05,treatment,3,model,0.6215,0.0696,0.0299528733,-0.0023053745,0.0693,0.2917,0.3322,0.0306,0.0414,0.0108,0.9699,0.8907,0.23,True,86,32
1208,1.0,0.05,treatment,4,model,0.618,0.0522,0.0367966893,-0.0009435937,0.1711,0.2701,0.3508,0.0588,0.0429,0.0045,0.9915,0.9269,0.3706,True,72,20
1208,1.0,0.05,treatment,5,model,0.6235,0.0802,0.0271963153,-0.0013192195,0.1011,0.2643,0.3347,0.0387,0.0421,0.0065,0.9912,0.9449,0.2594,True,94,30
1208,1.0,0.05,treatment,6,model,0.6192,0.0775,0.0293071458,-0.0014012067,0.1479,0.2507,0.3421,0.06,0.0471,0.0102,0.9558,0.7959,0.1388,True,77,27
1208,1.0,0.05,treatment,7,model,0.622,0.0595,0.0324745249,-0.0031999904,0.1798,0.2413,0.3624,0.0703,0.0471,0.0027,0.9907,0.928,0.2838,True,88,36
1208,1.0,0.05,treatment,8,model,0.6218,0.076,0.0288124517,-0.0029011856,0.116,0.3205,0.3192,0.0394,0.0404,0.0096,0.959,0.8847,0.2006,True,87,34
1208,1.0,0.05,treatment,9,model,0.6152,0.0549,0.0356976407,-0.0016424885,0.142,0.4178,0.3437,0.0787,0.0437,0.0073,0.9904,0.9278,0.36,True,61,22
1208,1.0,0.05,treatment,10,model,0.6212,0.0632,0.0323860226,-0.0021998654,0.0603,0.2893,0.3413,0.0156,0.0452,0.0062,0.9835,0.8999,0.235,True,85,29
1208,1.0,0.05,treatment,11,model,0.617,0.0656,0.0332290905,-0.0008466589,0.1675,0.3492,0.3446,0.0611,0.0441,0.007,0.9893,0.9208,0.3362,True,68,19
1208,1.0,0.05,frozen,0,prior,0.6,0.0129,0.0473417795,0.0,0.3958,0.0198,0.4156,0.1587,0.0559,0.0002,0.9713,0.7853,0.1988,True,0,0
1208,1.0,0.05,frozen,1,model,0.6185,0.1188,0.0126381629,-0.0002906062,0.2186,0.0297,0.2484,0.1529,0.0072,0.0018,0.9697,0.9224,0.0775,True,74,14
1208,1.0,0.05,frozen,2,model,0.6208,0.118,0.015976891,-0.0007613498,0.2151,0.0294,0.2446,0.1508,0.0061,0.0013,0.9723,0.9187,0.0981,True,83,21
1208,1.0,0.05,frozen,3,model,0.6175,0.1206,0.0125914121,-0.0008973828,0.2162,0.0308,0.2471,0.1533,0.0064,0.0,0.977,0.93,0.0912,True,70,19
1208,1.0,0.05,frozen,4,model,0.6195,0.1069,0.0186651507,-4.2423e-05,0.2329,0.0299,0.2628,0.1509,0.0103,0.0018,0.9734,0.9112,0.0931,True,78,13
1208,1.0,0.05,frozen,5,model,0.6205,0.1144,0.0146435929,-0.0010289997,0.2465,0.0302,0.2767,0.1605,0.0132,0.0003,0.9724,0.9047,0.0938,True,82,24
1208,1.0,0.05,frozen,6,model,0.6215,0.115,0.0165893534,-0.000803017,0.2513,0.0308,0.282,0.1624,0.0147,0.0005,0.9761,0.9096,0.0844,True,86,22
1208,1.0,0.05,frozen,7,model,0.6188,0.124,0.0108686615,-0.0002882187,0.2247,0.0304,0.2551,0.1584,0.0084,0.0006,0.9723,0.9073,0.0719,True,75,15
1208,1.0,0.05,frozen,8,model,0.6208,0.1285,0.0090636688,-0.0010490313,0.2027,0.03,0.2327,0.1525,0.004,0.0021,0.9695,0.9213,0.0712,True,83,23
1208,1.0,0.05,frozen,9,model,0.6165,0.1079,0.0178372947,-0.0004185812,0.2297,0.0298,0.2595,0.1508,0.0098,0.0027,0.9745,0.9162,0.0869,True,66,12
1208,1.0,0.05,frozen,10,model,0.6225,0.1141,0.016025886,-0.0013319069,0.2284,0.0299,0.2583,0.1531,0.0094,0.0007,0.9717,0.9153,0.1056,True,90,24
1208,1.0,0.05,frozen,11,model,0.6168,0.1171,0.0145671024,-0.0004514623,0.2316,0.03,0.2616,0.1571,0.0096,0.0001,0.9733,0.9223,0.0862,True,67,15
1208,1.0,0.05,prior,0,prior,0.623,0.0269,0.0443676362,-0.0029741433,0.1348,0.2823,0.4171,0.0605,0.0579,0.0013,0.9713,0.7853,0.1988,True,92,36
1208,1.0,0.05,prior,1,model,0.6208,0.031,0.0435713899,-0.0020623502,0.1909,0.3441,0.3929,0.043,0.0511,0.0002,0.9724,0.8311,0.2381,True,83,30
1208,1.0,0.05,prior,2,model,0.6198,0.029,0.0440544546,-0.0019485902,0.1057,0.3364,0.3892,0.0541,0.0496,0.0009,0.9715,0.8241,0.1919,True,79,32
1208,1.0,0.05,prior,3,model,0.6212,0.029,0.0443233635,-0.0030843776,0.1595,0.3447,0.3987,0.0742,0.0529,0.0004,0.9708,0.8694,0.2288,True,85,38
1208,1.0,0.05,prior,4,model,0.617,0.0235,0.0457568416,-0.0011542106,0.2276,0.2601,0.3962,0.065,0.0507,0.0001,0.9735,0.8219,0.2244,True,68,21
1208,1.0,0.05,prior,5,model,0.6242,0.0316,0.043148105,-0.0018640194,0.2001,0.3201,0.4158,0.0796,0.0581,0.0,0.9707,0.8251,0.2213,True,97,34
1208,1.0,0.05,prior,6,model,0.6215,0.0274,0.0451324491,-0.0018195656,0.1823,0.2982,0.426,0.0262,0.0607,0.0004,0.972,0.825,0.2037,True,86,32
1208,1.0,0.05,prior,7,model,0.6245,0.03,0.0430288699,-0.0037372862,0.1294,0.3004,0.4134,0.0294,0.0577,0.0004,0.9721,0.8366,0.2281,True,98,43
1208,1.0,0.05,prior,8,model,0.6215,0.0338,0.0424940762,-0.0036979938,0.1886,0.3997,0.3884,0.0827,0.0485,0.0002,0.973,0.8211,0.2031,True,86,43
1208,1.0,0.05,prior,9,model,0.6148,0.0232,0.0458357707,-0.0016601848,0.1947,0.2668,0.3939,0.0614,0.0565,0.0015,0.9715,0.861,0.2269,True,59,23
1208,1.0,0.05,prior,10,model,0.6195,0.0278,0.0441672069,-0.0033441691,0.1787,0.2329,0.3975,0.0477,0.054,0.0016,0.9724,0.8141,0.2231,True,78,35
1208,1.0,0.05,prior,11,model,0.6158,0.0248,0.0457477427,-0.0012274835,0.1878,0.293,0.4092,0.055,0.055,0.0001,0.974,0.6828,0.2437,True,63,22
1224,0.2,0.0,treatment,0,prior,0.6,0.1412,0.0070851597,0.0,0.0653,0.2011,0.2213,0.0346,0.0271,0.0284,0.7917,0.9792,0.0,False,0,0
1224,0.2,0.0,treatment,1,model,0.6,0.0483,0.0383850879,0.0,0.2698,0.0958,0.3656,0.1068,0.0421,0.001,0.9927,0.9412,0.3337,True,0,0
1224,0.2,0.0,treatment,2,model,0.6,0.0963,0.0229840757,0.0,0.0785,0.2525,0.2888,0.0187,0.0392,0.0189,0.908,0.8297,0.0106,True,0,0
1224,0.2,0.0,treatment,3,model,0.6,0.0371,0.0401990052,0.0,0.2703,0.1003,0.3706,0.1057,0.0454,0.0009,0.9945,0.9161,0.3669,True,0,0
1224,0.2,0.0,treatment,4,model,0.6,0.0604,0.0333937055,0.0,0.115,0.264,0.3412,0.0414,0.0453,0.0106,0.9897,0.924,0.3125,True,0,0
1224,0.2,0.0,treatment,5,model,0.6,0.0558,0.0332096225,0.0,0.1527,0.1982,0.3438,0.0568,0.0447,0.0077,0.9741,0.8917,0.3237,True,0,0
1224,0.2,0.0,treatment,6,model,0.6,0.0542,0.0346643082,0.0,0.1307,0.218,0.3488,0.0502,0.0426,0.0026,0.9931,0.8602,0.3362,True,0,0
1224,0.2,0.0,treatment,7,model,0.6,0.0533,0.0360679555,0.0,0.0947,0.2719,0.355,0.0298,0.0471,0.006,0.9932,0.9348,0.3469,True,0,0
1224,0.2,0.0,treatment,8,model,0.6,0.0467,0.0355396117,0.0,0.239,0.136,0.3488,0.0883,0.0417,0.0038,0.9912,0.9164,0.285,True,0,0
1224,0.2,0.0,treatment,9,model,0.6,0.0629,0.0306041992,0.0,0.1498,0.3425,0.3325,0.0506,0.0437,0.0073,0.9856,0.9092,0.2737,True,0,0
1224,0.2,0.0,treatment,10,model,0.6,0.0583,0.0338150894,0.0,0.1602,0.1802,0.34,0.0639,0.0426,0.0042,0.9771,0.8777,0.1825,True,0,0
1224,0.2,0.0,treatment,11,model,0.6,0.0446,0.037729743,0.0,0.17,0.1706,0.3406,0.0655,0.0424,0.0069,0.9914,0.9002,0.335,True,0,0
1224,0.2,0.0,frozen,0,prior,0.6,0.1412,0.0070851597,0.0,0.0653,0.2011,0.2213,0.0346,0.0271,0.0284,0.7917,0.9792,0.0,False,0,0
1224,0.2,0.0,frozen,1,model,0.6,0.0483,0.0383850879,0.0,0.0396,0.3769,0.3656,0.0253,0.0531,0.0062,0.9927,0.9412,0.3337,True,0,0
1224,0.2,0.0,frozen,2,model,0.6,0.0471,0.0379333362,0.0,0.0696,0.3536,0.3625,0.0381,0.0495,0.0014,0.9931,0.8765,0.3387,True,0,0
1224,0.2,0.0,frozen,3,model,0.6,0.0392,0.0394144727,0.0,0.05,0.3622,0.3675,0.0262,0.0533,0.0067,0.9945,0.9475,0.3694,True,0,0
1224,0.2,0.0,frozen,4,model,0.6,0.0408,0.0387363668,0.0,0.0393,0.3658,0.3706,0.0216,0.055,0.0066,0.9923,0.9111,0.3675,True,0,0
1224,0.2,0.0,frozen,5,model,0.6,0.045,0.0376118605,0.0,0.0598,0.3632,0.36,0.0326,0.0493,0.0056,0.9939,0.93,0.3381,True,0,0
1224,0.2,0.0,frozen,6,model,0.6,0.0367,0.0404604159,0.0,0.0436,0.355,0.375,0.0217,0.0551,0.0063,0.9929,0.9271,0.34,True,0,0
1224,0.2,0.0,frozen,7,model,0.6,0.0467,0.0376085268,0.0,0.0419,0.3658,0.365,0.0269,0.0502,0.0051,0.9916,0.9192,0.3375,True,0,0
1224,0.2,0.0,frozen,8,model,0.6,0.0425,0.0386492666,0.0,0.0447,0.3661,0.355,0.0253,0.0485,0.0082,0.9938,0.9112,0.3644,True,0,0
1224,0.2,0.0,frozen,9,model,0.6,0.0387,0.0383627917,0.0,0.0627,0.3598,0.3688,0.0309,0.054,0.0062,0.9912,0.9269,0.3387,True,0,0
1224,0.2,0.0,frozen,10,model,0.6,0.0467,0.0369123136,0.0,0.0564,0.3558,0.3575,0.0328,0.0488,0.0039,0.9915,0.9417,0.3181,True,0,0
1224,0.2,0.0,frozen,11,model,0.6,0.035,0.0412449804,0.0,0.0562,0.3611,0.355,0.0251,0.0481,0.0018,0.993,0.9386,0.3225,True,0,0
1224,0.2,0.0,prior,0,prior,0.6,0.1412,0.0070851597,0.0,0.0653,0.2011,0.2213,0.0346,0.0271,0.0284,0.7917,0.9792,0.0,False,0,0
1224,0.2,0.0,prior,1,model,0.6,0.1333,0.0112096569,0.0,0.0619,0.2118,0.2381,0.0228,0.0289,0.0267,0.7928,0.9725,0.0,False,0,0
1224,0.2,0.0,prior,2,model,0.6,0.1363,0.0099130924,0.0,0.0342,0.2027,0.2288,0.015,0.0286,0.0294,0.7876,0.9725,0.0,False,0,0
1224,0.2,0.0,prior,3,model,0.6,0.1321,0.0091855766,0.0,0.0544,0.1896,0.2281,0.0218,0.0299,0.0316,0.7725,0.9796,0.0,False,0,0
1224,0.2,0.0,prior,4,model,0.6,0.1363,0.0106917372,0.0,0.0436,0.206,0.2275,0.0329,0.0336,0.0352,0.7814,0.9711,0.0,False,0,0
1224,0.2,0.0,prior,5,model,0.6,0.1242,0.0137788767,0.0,0.0517,0.1944,0.2412,0.0254,0.0304,0.0271,0.7834,0.9754,0.0,False,0,0
1224,0.2,0.0,prior,6,model,0.6,0.1388,0.0067745044,0.0,0.0444,0.201,0.2219,0.0227,0.0271,0.0302,0.7932,0.9725,0.0,False,0,0
1224,0.2,0.0,prior,7,model,0.6,0.1313,0.011482528,0.0,0.0443,0.1982,0.2381,0.0374,0.0342,0.0339,0.787,0.9751,0.0,False,0,0
1224,0.2,0.0,prior,8,model,0.6,0.1317,0.0106972421,0.0,0.0354,0.1931,0.2213,0.0281,0.0294,0.0311,0.7926,0.9758,0.0,False,0,0
1224,0.2,0.0,prior,9,model,0.6,0.14,0.0063975273,0.0,0.0141,0.2109,0.2169,0.0366,0.0309,0.0359,0.8066,0.9779,0.0,False,0,0
1224,0.2,0.0,prior,10,model,0.6,0.1358,0.0094608686,0.0,0.0515,0.1756,0.2238,0.026,0.0287,0.0303,0.7876,0.98,0.0,False,0,0
1224,0.2,0.0,prior,11,model,0.6,0.1258,0.0121401747,0.0,0.0554,0.203,0.2188,0.0272,0.0296,0.0369,0.787,0.9699,0.0,False,0,0
1224,0.2,0.05,treatment,0,prior,0.6215,0.1444,0.0065429107,-0.000542249,0.0281,0.2047,0.2206,0.0241,0.0269,0.0288,0.7917,0.9792,0.0,False,86,20
1224,0.2,0.05,treatment,1,model,0.618,0.0587,0.0357065835,-0.0019420264,0.0891,0.3351,0.3639,0.0217,0.0497,0.0064,0.9894,0.9025,0.3556,True,72,27
1224,0.2,0.05,treatment,2,model,0.6202,0.0552,0.0360572294,-0.0017061314,0.132,0.345,0.366,0.0434,0.0506,0.0051,0.9909,0.9164,0.3225,True,81,26
1224,0.2,0.05,treatment,3,model,0.6208,0.0624,0.0328154311,-0.0017692188,0.2091,0.1493,0.3474,0.0879,0.0389,0.0026,0.9862,0.9003,0.2687,True,83,28
1224,0.2,0.05,treatment,4,model,0.6205,0.0975,0.022233671,-0.0011045001,0.0687,0.2703,0.2958,0.0213,0.0359,0.0151,0.8738,0.8713,0.0006,True,82,21
1224,0.2,0.05,treatment,5,model,0.6188,0.0655,0.0313721132,-0.0009539424,0.1156,0.2267,0.3423,0.034,0.0423,0.0077,0.9626,0.7673,0.1431,True,75,19
1224,0.2,0.05,treatment,6,model,0.6182,0.0578,0.0336834986,-0.0020683759,0.1093,0.3589,0.3569,0.0435,0.0457,0.003,0.9921,0.8876,0.2469,True,73,28
1224,0.2,0.05,treatment,7,model,0.6202,0.058,0.0354212095,-0.0027030887,0.1625,0.4218,0.3634,0.0678,0.0473,0.0019,0.9949,0.9315,0.3544,True,81,32
1224,0.2,0.05,treatment,8,model,0.6185,0.0667,0.0315923277,-0.0019697156,0.0951,0.3333,0.3309,0.0325,0.0411,0.0106,0.9812,0.9132,0.2575,True,74,27
1224,0.2,0.05,treatment,9,model,0.6235,0.0698,0.0296606362,-0.0029054576,0.1266,0.3502,0.338,0.0376,0.042,0.0048,0.9825,0.896,0.3219,True,94,39
1224,0.2,0.05,treatment,10,model,0.6152,0.065,0.0316246334,-0.0026968976,0.0279,0.3409,0.3405,0.0537,0.0426,0.008,0.9809,0.8834,0.2625,True,61,29
1224,0.2,0.05,treatment,11,model,0.625,0.0612,0.0339230984,-0.003873908,0.1046,0.422,0.3327,0.1165,0.0388,0.0039,0.987,0.8283,0.2781,True,100,45
1224,0.2,0.05,frozen,0,prior,0.6,0.1412,0.0070851597,0.0,0.0653,0.2011,0.2213,0.0346,0.0271,0.0284,0.7917,0.9792,0.0,False,0,0
1224,0.2,0.05,frozen,1,model,0.6192,0.0585,0.0363616492,-0.0020234387,0.0425,0.3796,0.3651,0.0253,0.0529,0.0059,0.9927,0.9412,0.3337,True,77,29
1224,0.2,0.05,frozen,2,model,0.62,0.0569,0.0360893742,-0.0018439619,0.0721,0.3534,0.3632,0.0381,0.0494,0.0014,0.9931,0.8765,0.3387,True,80,28
1224,0.2,0.05,frozen,3,model,0.62,0.05,0.0372216774,-0.0021927952,0.0499,0.363,0.3671,0.0262,0.0537,0.0074,0.9945,0.9475,0.3694,True,80,30
1224,0.2,0.05,frozen,4,model,0.6208,0.052,0.0362184411,-0.0025179257,0.0384,0.3648,0.3705,0.0216,0.0549,0.0069,0.9923,0.9111,0.3675,True,83,31
1224,0.2,0.05,frozen,5,model,0.6192,0.0529,0.0363253882,-0.0012864723,0.0621,0.364,0.3631,0.0326,0.0508,0.0059,0.9939,0.93,0.3381,True,77,23
1224,0.2,0.05,frozen,6,model,0.618,0.0469,0.0382869536,-0.0021734624,0.0408,0.3563,0.3743,0.0217,0.0549,0.0063,0.9929,0.9271,0.34,True,72,28
1224,0.2,0.05,frozen,7,model,0.6198,0.0581,0.0348786116,-0.0027299152,0.0425,0.3637,0.3629,0.0269,0.0505,0.0055,0.9916,0.9192,0.3375,True,79,32
1224,0.2,0.05,frozen,8,model,0.6182,0.053,0.0365041546,-0.002145112,0.0443,0.364,0.353,0.0253,0.0486,0.008,0.9938,0.9112,0.3644,True,73,29
1224,0.2,0.05,frozen,9,model,0.6228,0.0526,0.035444306,-0.0029184857,0.0587,0.3587,0.3658,0.0309,0.0525,0.0069,0.9912,0.9269,0.3387,True,91,38
1224,0.2,0.05,frozen,10,model,0.6155,0.0569,0.0343161288,-0.0025961848,0.0567,0.354,0.3537,0.0328,0.0477,0.0042,0.9915,0.9417,0.3181,True,62,28
1224,0.2,0.05,frozen,11,model,0.626,0.0511,0.0375910353,-0.0036539451,0.0562,0.3606,0.3503,0.0251,0.0469,0.0022,0.993,0.9386,0.3225,True,104,44
1224,0.2,0.05,prior,0,prior,0.6215,0.1444,0.0065429107,-0.000542249,0.0281,0.2047,0.2206,0.0241,0.0269,0.0288,0.7917,0.9792,0.0,False,86,20
1224,0.2,0.05,prior,1,model,0.6162,0.1359,0.0106871133,-0.0005225436,0.0921,0.2177,0.2384,0.0362,0.0307,0.0278,0.7928,0.9725,0.0,False,65,15
1224,0.2,0.05,prior,2,model,0.6192,0.1381,0.0096205917,-0.0002925007,0.0823,0.208,0.2305,0.0392,0.03,0.0312,0.7876,0.9725,0.0,False,77,15
1224,0.2,0.05,prior,3,model,0.6192,0.1365,0.0081120634,-0.0010735132,0.0133,0.2271,0.2259,0.0438,0.021,0.0311,0.7725,0.9796,0.0,False,77,21
1224,0.2,0.05,prior,4,model,0.6185,0.1399,0.0094826099,-0.0012091273,0.0647,0.2365,0.2261,0.0413,0.0322,0.0327,0.7814,0.9711,0.0,False,74,19
1224,0.2,0.05,prior,5,model,0.6168,0.1261,0.0137169039,-6.19728e-05,0.0817,0.1626,0.2433,0.0391,0.0323,0.0277,0.7834,0.9754,0.0,False,67,13
1224,0.2,0.05,prior,6,model,0.6188,0.141,0.0060964418,-0.0006780626,0.0729,0.2237,0.2223,0.0333,0.0269,0.0268,0.7932,0.9725,0.0,False,75,16
1224,0.2,0.05,prior,7,model,0.618,0.1355,0.010202452,-0.001280076,0.0332,0.2252,0.2363,0.0346,0.0271,0.0285,0.787,0.9751,0.0,False,72,20
1224,0.2,0.05,prior,8,model,0.6175,0.1336,0.0105352281,-0.000162014,0.09,0.2313,0.2222,0.0465,0.0263,0.0288,0.7926,0.9758,0.0,False,70,14
1224,0.2,0.05,prior,9,model,0.629,0.1451,0.0054781989,-0.0009193284,0.041,0.1895,0.2143,0.0189,0.0278,0.0333,0.8066,0.9779,0.0,False,116,29
1224,0.2,0.05,prior,10,model,0.6168,0.1394,0.0082317144,-0.0012291543,0.0695,0.1935,0.2218,0.0268,0.0266,0.028,0.7876,0.98,0.0,False,67,18
1224,0.2,0.05,prior,11,model,0.625,0.1312,0.0106487471,-0.0014914275,0.0191,0.2138,0.216,0.0192,0.0259,0.0329,0.787,0.9699,0.0,False,100,26
1224,0.4,0.0,treatment,0,prior,0.6,0.0883,0.0232573616,0.0,0.0941,0.221,0.3006,0.0346,0.0439,0.0197,0.8277,0.907,0.0,False,0,0
1224,0.4,0.0,treatment,1,model,0.6,0.0483,0.0384043388,0.0,0.2343,0.1313,0.3656,0.0921,0.0429,0.0018,0.9954,0.9532,0.36,True,0,0
1224,0.4,0.0,treatment,2,model,0.6,0.0733,0.0298794333,0.0,0.1158,0.2073,0.3231,0.0442,0.0419,0.0077,0.9843,0.9061,0.2,True,0,0
1224,0.4,0.0,treatment,3,model,0.6,0.0471,0.0360508388,0.0,0.2091,0.21,0.3556,0.0778,0.0429,0.003,0.9909,0.9188,0.2969,True,0,0
1224,0.4,0.0,treatment,4,model,0.6,0.0587,0.0336305043,0.0,0.0856,0.2847,0.3438,0.0191,0.0484,0.0138,0.9884,0.8001,0.2963,True,0,0
1224,0.4,0.0,treatment,5,model,0.6,0.0454,0.0375012504,0.0,0.2264,0.133,0.3594,0.0891,0.0443,0.0019,0.9867,0.8546,0.2531,True,0,0
1224,0.4,0.0,treatment,6,model,0.6,0.0583,0.0340573745,0.0,0.0876,0.3043,0.3425,0.0257,0.0444,0.0039,0.9874,0.9111,0.245,True,0,0
1224,0.4,0.0,treatment,7,model,0.6,0.0529,0.0363190448,0.0,0.1548,0.2775,0.3556,0.0531,0.0473,0.0042,0.9886,0.8388,0.3281,True,0,0
1224,0.4,0.0,treatment,8,model,0.6,0.0496,0.0367951244,0.0,0.184,0.1715,0.3444,0.0671,0.0431,0.0065,0.9856,0.7927,0.2988,True,0,0
1224,0.4,0.0,treatment,9,model,0.6,0.07,0.0290924303,0.0,0.0875,0.3287,0.3219,0.0316,0.0454,0.0107,0.9853,0.9105,0.2062,True,0,0
1224,0.4,0.0,treatment,10,model,0.6,0.05,0.0362385982,0.0,0.2022,0.1503,0.3525,0.078,0.0417,0.0036,0.9883,0.8799,0.3619,True,0,0
1224,0.4,0.0,treatment,11,model,0.6,0.0483,0.0365783524,0.0,0.1909,0.1841,0.335,0.0703,0.0401,0.0052,0.9822,0.8725,0.1762,True,0,0
1224,0.4,0.0,frozen,0,prior,0.6,0.0883,0.0232573616,0.0,0.0941,0.221,0.3006,0.0346,0.0439,0.0197,0.8277,0.907,0.0,False,0,0
1224,0.4,0.0,frozen,1,model,0.6,0.0483,0.0384043388,0.0,0.054,0.3177,0.3656,0.0383,0.0496,0.0007,0.9954,0.9532,0.36,True,0,0
1224,0.4,0.0,frozen,2,model,0.6,0.0475,0.0378229193,0.0,0.081,0.2974,0.3619,0.0495,0.0491,0.0024,0.995,0.941,0.3525,True,0,0
1224,0.4,0.0,frozen,3,model,0.6,0.0396,0.0388417082,0.0,0.0741,0.3064,0.3669,0.0424,0.0503,0.0051,0.9943,0.9436,0.3544,True,0,0
1224,0.4,0.0,frozen,4,model,0.6,0.0442,0.0378733827,0.0,0.0624,0.3083,0.3656,0.0397,0.0505,0.0067,0.9959,0.9489,0.3962,True,0,0
1224,0.4,0.0,frozen,5,model,0.6,0.0442,0.0385104261,0.0,0.0626,0.3066,0.3613,0.0401,0.0479,0.001,0.9952,0.9478,0.3412,True,0,0
1224,0.4,0.0,frozen,6,model,0.6,0.0354,0.0405372406,0.0,0.0788,0.3,0.3769,0.0413,0.0528,0.0035,0.995,0.935,0.375,True,0,0
1224,0.4,0.0,frozen,7,model,0.6,0.0442,0.0387182337,0.0,0.0739,0.3098,0.3688,0.0446,0.0489,0.0026,0.995,0.9457,0.3837,True,0,0
1224,0.4,0.0,frozen,8,model,0.6,0.0442,0.0380163244,0.0,0.0532,0.3099,0.3525,0.0364,0.0461,0.0035,0.9955,0.9423,0.3781,True,0,0
1224,0.4,0.0,frozen,9,model,0.6,0.0404,0.0380895916,0.0,0.0734,0.3044,0.3663,0.0422,0.049,0.0012,0.9946,0.9092,0.35,True,0,0
1224,0.4,0.0,frozen,10,model,0.6,0.0467,0.0369321273,0.0,0.0728,0.3,0.3575,0.0461,0.0487,0.0039,0.995,0.9379,0.3588,True,0,0
1224,0.4,0.0,frozen,11,model,0.6,0.0404,0.0398614246,0.0,0.0597,0.309,0.3469,0.0366,0.0437,0.0024,0.9947,0.9375,0.365,True,0,0
1224,0.4,0.0,prior,0,prior,0.6,0.0883,0.0232573616,0.0,0.0941,0.221,0.3006,0.0346,0.0439,0.0197,0.8277,0.907,0.0,False,0,0
1224,0.4,0.0,prior,1,model,0.6,0.0846,0.0259502278,0.0,0.1102,0.222,0.3113,0.0388,0.0409,0.0161,0.833,0.9101,0.0,False,0,0
1224,0.4,0.0,prior,2,model,0.6,0.0896,0.0254030728,0.0,0.0944,0.2103,0.2988,0.0339,0.0408,0.0145,0.8345,0.8853,0.0019,False,0,0
1224,0.4,0.0,prior,3,model,0.6,0.0825,0.0260035537,0.0,0.1301,0.1987,0.3025,0.0511,0.0441,0.0184,0.8214,0.9131,0.0013,False,0,0
1224,0.4,0.0,prior,4,model,0.6,0.0808,0.0275313478,0.0,0.111,0.2154,0.3106,0.0397,0.0502,0.0223,0.8297,0.901,0.0013,False,0,0
1224,0.4,0.0,prior,5,model,0.6,0.0792,0.0274357662,0.0,0.1128,0.2097,0.3088,0.0349,0.0426,0.0163,0.8229,0.9055,0.0056,False,0,0
1224,0.4,0.0,prior,6,model,0.6,0.0846,0.0253735967,0.0,0.1074,0.2074,0.3031,0.0364,0.0446,0.0185,0.8323,0.9088,0.0019,False,0,0
1224,0.4,0.0,prior,7,model,0.6,0.0887,0.0238966024,0.0,0.1264,0.1867,0.3019,0.0494,0.0427,0.021,0.8271,0.9188,0.0006,False,0,0
1224,0.4,0.0,prior,8,model,0.6,0.085,0.025462691,0.0,0.1038,0.1874,0.2913,0.0415,0.0391,0.0172,0.8316,0.9144,0.0025,False,0,0
1224,0.4,0.0,prior,9,model,0.6,0.0879,0.0230903339,0.0,0.0953,0.215,0.295,0.0425,0.0413,0.0173,0.8281,0.8994,0.0031,False,0,0
1224,0.4,0.0,prior,10,model,0.6,0.0817,0.0260950505,0.0,0.1263,0.1812,0.305,0.0474,0.0439,0.0181,0.8281,0.9176,0.0,False,0,0
1224,0.4,0.0,prior,11,model,0.6,0.0825,0.0252244797,0.0,0.1226,0.1612,0.2838,0.0514,0.0377,0.0211,0.8331,0.9145,0.0056,False,0,0
1224,0.4,0.05,treatment,0,prior,0.622,0.0941,0.0224879663,-0.0007693952,0.0803,0.2591,0.3036,0.0138,0.0404,0.0159,0.8277,0.907,0.0,False,88,22
1224,0.4,0.05,treatment,1,model,0.618,0.0667,0.0338350258,-0.0017151883,0.0392,0.3271,0.3508,0.031,0.0485,0.0077,0.9798,0.8931,0.3006,True,72,25
1224,0.4,0.05,treatment,2,model,0.6218,0.0732,0.0297363574,-0.0015596361,0.126,0.3285,0.3377,0.0403,0.0431,0.0043,0.97,0.8896,0.1456,True,87,27
1224,0.4,0.05,treatment,3,model,0.6212,0.0732,0.0296597518,-0.0019346844,0.1367,0.3073,0.33,0.048,0.041,0.0076,0.9526,0.8871,0.1588,True,85,28
1224,0.4,0.05,treatment,4,model,0.6202,0.0673,0.0321112815,-0.002174863,0.0905,0.3266,0.345,0.0284,0.0465,0.0084,0.9587,0.8795,0.1594,True,81,28
1224,0.4,0.05,treatment,5,model,0.6175,0.0603,0.0339897172,-0.001247129,0.0675,0.2999,0.3497,0.035,0.0426,0.003,0.9741,0.9196,0.2238,True,70,22
1224,0.4,0.05,treatment,6,model,0.618,0.0716,0.0292666953,-0.0011605091,0.1024,0.3187,0.3344,0.0409,0.0405,0.0062,0.9886,0.9122,0.245,True,72,21
1224,0.4,0.05,treatment,7,model,0.62,0.0613,0.0350543546,-0.0030910995,0.1478,0.4534,0.3579,0.074,0.0485,0.0019,0.9935,0.9324,0.265,True,80,35
1224,0.4,0.05,treatment,8,model,0.6165,0.0584,0.0346900126,-0.002052022,0.1898,0.2817,0.3429,0.0626,0.043,0.0038,0.9898,0.8918,0.3119,True,66,27
1224,0.4,0.05,treatment,9,model,0.6222,0.0771,0.0272395328,-0.0022151475,0.0916,0.2881,0.325,0.0364,0.0438,0.0115,0.9389,0.9255,0.235,True,89,32
1224,0.4,0.05,treatment,10,model,0.6165,0.06,0.0332079627,-0.0024927544,0.115,0.4184,0.3494,0.06,0.045,0.0052,0.9916,0.9279,0.3387,True,66,28
1224,0.4,0.05,treatment,11,model,0.6238,0.0581,0.0357724926,-0.0035637426,0.0817,0.3916,0.3369,0.0549,0.0424,0.0053,0.9925,0.9259,0.3244,True,95,42
1224,0.4,0.05,frozen,0,prior,0.6,0.0883,0.0232573616,0.0,0.0941,0.221,0.3006,0.0346,0.0439,0.0197,0.8277,0.907,0.0,False,0,0
1224,0.4,0.05,frozen,1,model,0.619,0.0578,0.036568896,-0.0018354428,0.0527,0.3204,0.3661,0.0383,0.0495,0.0005,0.9954,0.9532,0.36,True,76,27
1224,0.4,0.05,frozen,2,model,0.62,0.0581,0.0356882673,-0.0021346521,0.0803,0.2985,0.3612,0.0495,0.0487,0.0024,0.995,0.941,0.3525,True,80,30
1224,0.4,0.05,frozen,3,model,0.6185,0.0505,0.0365691169,-0.0022725913,0.0695,0.307,0.365,0.0424,0.0502,0.0053,0.9943,0.9436,0.3544,True,74,30
1224,0.4,0.05,frozen,4,model,0.6202,0.0552,0.0353065136,-0.002566869,0.0625,0.3079,0.3647,0.0397,0.0501,0.0066,0.9959,0.9489,0.3962,True,81,31
1224,0.4,0.05,frozen,5,model,0.6165,0.0523,0.0370959544,-0.0014144717,0.0621,0.3049,0.3618,0.0401,0.0488,0.0009,0.9952,0.9478,0.3412,True,66,23
1224,0.4,0.05,frozen,6,model,0.6172,0.0458,0.0381912624,-0.0023459782,0.0776,0.3005,0.3756,0.0413,0.0529,0.0046,0.995,0.935,0.375,True,69,28
1224,0.4,0.05,frozen,7,model,0.619,0.0561,0.0356858185,-0.0030324152,0.0739,0.3087,0.3655,0.0446,0.0481,0.0028,0.995,0.9457,0.3837,True,76,33
1224,0.4,0.05,frozen,8,model,0.6192,0.0537,0.0362652238,-0.0017511006,0.0545,0.3086,0.3526,0.0364,0.0456,0.0036,0.9955,0.9423,0.3781,True,77,27
1224,0.4,0.05,frozen,9,model,0.6245,0.054,0.0355038897,-0.0025857019,0.0726,0.3036,0.3648,0.0422,0.0488,0.0012,0.9946,0.9092,0.35,True,98,38
1224,0.4,0.05,frozen,10,model,0.6155,0.0565,0.034486535,-0.0024455923,0.0721,0.2976,0.3544,0.0461,0.0478,0.0039,0.995,0.9379,0.3588,True,62,27
1224,0.4,0.05,frozen,11,model,0.6255,0.0564,0.0362167661,-0.0036446586,0.0527,0.3107,0.3411,0.0366,0.0426,0.003,0.9947,0.9375,0.365,True,102,44
1224,0.4,0.05,prior,0,prior,0.622,0.0941,0.0224879663,-0.0007693952,0.0803,0.2591,0.3036,0.0138,0.0404,0.0159,0.8277,0.907,0.0,False,88,22
1224,0.4,0.05,prior,1,model,0.6165,0.0908,0.0247183109,-0.0012319169,0.1049,0.2601,0.311,0.0301,0.0399,0.0134,0.833,0.9101,0.0,False,66,21
1224,0.4,0.05,prior,2,model,0.6198,0.0964,0.0237991759,-0.0016038969,0.0969,0.2515,0.2985,0.0373,0.0369,0.0091,0.8345,0.8853,0.0019,False,79,24
1224,0.4,0.05,prior,3,model,0.6188,0.0901,0.024240399,-0.0017631547,0.0677,0.2384,0.301,0.0162,0.0408,0.0161,0.8214,0.9131,0.0013,False,75,25
1224,0.4,0.05,prior,4,model,0.6182,0.0894,0.02527626,-0.0022550878,0.0523,0.2731,0.3078,0.0236,0.0415,0.0189,0.8297,0.901,0.0013,False,73,27
1224,0.4,0.05,prior,5,model,0.6182,0.0841,0.0268797239,-0.0005560423,0.109,0.2169,0.3117,0.0325,0.0411,0.0122,0.8229,0.9055,0.0056,False,73,18
1224,0.4,0.05,prior,6,model,0.619,0.0913,0.0238750687,-0.0014985281,0.0923,0.2536,0.3031,0.027,0.0436,0.0161,0.8323,0.9088,0.0019,False,76,23
1224,0.4,0.05,prior,7,model,0.618,0.0967,0.0219455156,-0.0019510868,0.0473,0.2887,0.2991,0.0359,0.0386,0.0157,0.8271,0.9188,0.0006,False,72,26
1224,0.4,0.05,prior,8,model,0.6165,0.09,0.0247030137,-0.0007596773,0.0598,0.2625,0.292,0.0458,0.0361,0.019,0.8316,0.9144,0.0025,False,66,18
1224,0.4,0.05,prior,9,model,0.6275,0.0976,0.0211742814,-0.0019160525,0.026,0.2995,0.294,0.0401,0.0407,0.0181,0.8281,0.8994,0.0031,False,110,34
1224,0.4,0.05,prior,10,model,0.6175,0.0883,0.0243808835,-0.001714167,0.0479,0.2987,0.3046,0.0412,0.0431,0.0176,0.8281,0.9176,0.0,False,70,22
1224,0.4,0.05,prior,11,model,0.6235,0.0918,0.0231196508,-0.0021048289,0.0924,0.3411,0.2809,0.0658,0.0371,0.0237,0.8331,0.9145,0.0056,False,94,31
1224,1.0,0.0,treatment,0,prior,0.6,0.0196,0.0448862624,0.0,0.3709,0.0328,0.4037,0.1484,0.053,0.0001,0.975,0.8755,0.2338,True,0,0
1224,1.0,0.0,treatment,1,model,0.6,0.0829,0.0273126359,0.0,0.0719,0.2477,0.3137,0.0338,0.0422,0.0144,0.9718,0.8685,0.1638,True,0,0
1224,1.0,0.0,treatment,2,model,0.6,0.0546,0.0336153852,0.0,0.1916,0.1602,0.3513,0.0724,0.0405,0.0037,0.9857,0.9082,0.2687,True,0,0
1224,1.0,0.0,treatment,3,model,0.6,0.0675,0.0297507755,0.0,0.0926,0.2422,0.325,0.0278,0.0416,0.0086,0.9867,0.9079,0.2156,True,0,0
1224,1.0,0.0,treatment,4,model,0.6,0.0454,0.0376070625,0.0,0.1664,0.2039,0.3638,0.0592,0.0498,0.0071,0.9864,0.8183,0.2769,True,0,0
1224,1.0,0.0,treatment,5,model,0.6,0.0629,0.0311669288,0.0,0.1147,0.2184,0.3331,0.0452,0.0429,0.0072,0.9531,0.7911,0.0725,True,0,0
1224,1.0,0.0,treatment,6,model,0.6,0.0475,0.0362152604,0.0,0.2057,0.269,0.3588,0.0771,0.0479,0.0049,0.9828,0.8899,0.285,True,0,0
1224,1.0,0.0,treatment,7,model,0.6,0.0512,0.0366364458,0.0,0.156,0.2736,0.3581,0.0525,0.045,0.0019,0.9934,0.9353,0.3306,True,0,0
1224,1.0,0.0,treatment,8,model,0.6,0.0471,0.038099072,0.0,0.2198,0.1421,0.3481,0.0822,0.0437,0.007,0.9915,0.8787,0.3125,True,0,0
1224,1.0,0.0,treatment,9,model,0.6,0.0617,0.0300844695,0.0,0.114,0.2322,0.3344,0.0401,0.0459,0.0107,0.9871,0.9159,0.1869,True,0,0
1224,1.0,0.0,treatment,10,model,0.6,0.0504,0.0354106033,0.0,0.2385,0.1134,0.3519,0.0947,0.0426,0.0042,0.9938,0.896,0.3194,True,0,0
1224,1.0,0.0,treatment,11,model,0.6,0.0646,0.0315387664,0.0,0.1361,0.1931,0.3106,0.0511,0.0374,0.0122,0.9535,0.735,0.0975,True,0,0
1224,1.0,0.0,frozen,0,prior,0.6,0.0196,0.0448862624,0.0,0.3709,0.0328,0.4037,0.1484,0.053,0.0001,0.975,0.8755,0.2338,True,0,0
1224,1.0,0.0,frozen,1,model,0.6,0.0829,0.0273126359,0.0,0.2778,0.036,0.3137,0.1506,0.0281,0.0025,0.9718,0.8685,0.1638,True,0,0
1224,1.0,0.0,frozen,2,model,0.6,0.075,0.0282029074,0.0,0.2844,0.0362,0.3206,0.1485,0.0288,0.0006,0.977,0.8781,0.1825,True,0,0
1224,1.0,0.0,frozen,3,model,0.6,0.0688,0.0305132454,0.0,0.2873,0.0359,0.3231,0.1462,0.0293,0.0017,0.9714,0.8581,0.1588,True,0,0
1224,1.0,0.0,frozen,4,model,0.6,0.07,0.0300796261,0.0,0.2906,0.0363,0.3269,0.1479,0.0301,0.0009,0.9781,0.8504,0.1781,True,0,0
1224,1.0,0.0,frozen,5,model,0.6,0.0838,0.0255887871,0.0,0.2662,0.0357,0.3019,0.1467,0.0237,0.0036,0.9701,0.8613,0.1619,True,0,0
1224,1.0,0.0,frozen,6,model,0.6,0.075,0.0292843216,0.0,0.2818,0.0357,0.3175,0.1475,0.0289,0.0021,0.9701,0.8541,0.1706,True,0,0
1224,1.0,0.0,frozen,7,model,0.6,0.0846,0.0271853002,0.0,0.2719,0.0362,0.3081,0.1493,0.025,0.0025,0.9715,0.8368,0.155,True,0,0
1224,1.0,0.0,frozen,8,model,0.6,0.0746,0.0292504544,0.0,0.271,0.0359,0.3069,0.143,0.0257,0.0026,0.9718,0.864,0.1756,True,0,0
1224,1.0,0.0,frozen,9,model,0.6,0.0733,0.0290339452,0.0,0.2812,0.0357,0.3169,0.1465,0.0279,0.0005,0.9735,0.8533,0.1719,True,0,0
1224,1.0,0.0,frozen,10,model,0.6,0.0775,0.0271768317,0.0,0.2756,0.0357,0.3113,0.1464,0.026,0.0028,0.9679,0.8484,0.1537,True,0,0
1224,1.0,0.0,frozen,11,model,0.6,0.0721,0.029730036,0.0,0.2633,0.0361,0.2994,0.1385,0.0249,0.0014,0.9738,0.8727,0.1888,True,0,0
1224,1.0,0.0,prior,0,prior,0.6,0.0196,0.0448862624,0.0,0.3709,0.0328,0.4037,0.1484,0.053,0.0001,0.975,0.8755,0.2338,True,0,0
1224,1.0,0.0,prior,1,model,0.6,0.0179,0.0465526499,0.0,0.3848,0.0266,0.4113,0.1527,0.0537,0.0004,0.9729,0.8435,0.2087,True,0,0
1224,1.0,0.0,prior,2,model,0.6,0.0213,0.0458545135,0.0,0.3744,0.0269,0.4012,0.1503,0.0513,0.0004,0.9685,0.8395,0.1719,True,0,0
1224,1.0,0.0,prior,3,model,0.6,0.0138,0.0477061077,0.0,0.3822,0.0234,0.4056,0.1527,0.0528,0.0001,0.9721,0.8137,0.2069,True,0,0
1224,1.0,0.0,prior,4,model,0.6,0.0154,0.0467451645,0.0,0.3874,0.0213,0.4088,0.1552,0.054,0.0001,0.9732,0.8567,0.2144,True,0,0
1224,1.0,0.0,prior,5,model,0.6,0.0146,0.0470550337,0.0,0.3855,0.0202,0.4056,0.1539,0.0527,0.0,0.9715,0.865,0.2006,True,0,0
1224,1.0,0.0,prior,6,model,0.6,0.0104,0.0476800757,0.0,0.3999,0.0145,0.4144,0.1598,0.0548,0.0001,0.9733,0.8219,0.195,True,0,0
1224,1.0,0.0,prior,7,model,0.6,0.0196,0.045884048,0.0,0.374,0.0316,0.4056,0.1498,0.0523,0.0005,0.9683,0.8223,0.2013,True,0,0
1224,1.0,0.0,prior,8,model,0.6,0.0183,0.045874105,0.0,0.3691,0.0222,0.3912,0.148,0.0473,0.0002,0.9733,0.8167,0.2225,True,0,0
1224,1.0,0.0,prior,9,model,0.6,0.0175,0.0455960704,0.0,0.368,0.0326,0.4006,0.1475,0.0518,0.0003,0.9743,0.852,0.2375,True,0,0
1224,1.0,0.0,prior,10,model,0.6,0.0171,0.0460893569,0.0,0.3792,0.0227,0.4019,0.152,0.0504,0.0,0.9729,0.8577,0.1981,True,0,0
1224,1.0,0.0,prior,11,model,0.6,0.0125,0.0477221705,0.0,0.3706,0.0182,0.3887,0.1481,0.0467,0.0,0.9748,0.8401,0.2019,True,0,0
1224,1.0,0.05,treatment,0,prior,0.6228,0.0309,0.0434085307,-0.0014777317,0.2279,0.3638,0.4082,0.0628,0.0557,0.0006,0.975,0.8755,0.2338,True,91,30
1224,1.0,0.05,treatment,1,model,0.618,0.0785,0.0289391289,-0.0015857732,0.069,0.3745,0.3318,0.0553,0.0447,0.0087,0.9871,0.9101,0.2606,True,72,24
1224,1.0,0.05,treatment,2,model,0.6208,0.0769,0.0287896159,-0.0014428745,0.1254,0.269,0.3309,0.0541,0.0453,0.0065,0.9494,0.8493,0.1581,True,83,25
1224,1.0,0.05,treatment,3,model,0.6212,0.0604,0.0333552017,-0.0016011002,0.0847,0.2888,0.3512,0.017,0.0458,0.006,0.9731,0.9272,0.2875,True,85,27
1224,1.0,0.05,treatment,4,model,0.6195,0.0638,0.0333966261,-0.0022853199,0.1231,0.2964,0.3502,0.0471,0.0476,0.0067,0.9777,0.9333,0.2056,True,78,28
1224,1.0,0.05,treatment,5,model,0.6178,0.0583,0.0349495709,-0.0014353056,0.0605,0.3678,0.3532,0.0369,0.0466,0.0045,0.986,0.9057,0.2863,True,71,23
1224,1.0,0.05,treatment,6,model,0.6188,0.0606,0.0327538042,-0.0014900388,0.0568,0.3206,0.3528,0.0297,0.0494,0.009,0.9886,0.9332,0.2013,True,75,24
1224,1.0,0.05,treatment,7,model,0.6205,0.0596,0.0349540075,-0.0028244091,0.1895,0.2475,0.361,0.0648,0.0455,0.0059,0.9903,0.9208,0.3194,True,82,33
1224,1.0,0.05,treatment,8,model,0.6185,0.0687,0.0318683723,-0.0018834113,0.129,0.2422,0.3277,0.0531,0.0396,0.0043,0.968,0.6122,0.1731,True,74,27
1224,1.0,0.05,treatment,9,model,0.625,0.0688,0.0312199643,-0.002002993,0.1159,0.3078,0.3407,0.0353,0.0448,0.0079,0.9569,0.9145,0.2606,True,100,33
1224,1.0,0.05,treatment,10,model,0.6168,0.0689,0.0292749605,-0.0026501041,0.0845,0.388,0.3353,0.0513,0.0404,0.0101,0.988,0.8974,0.25,True,67,29
1224,1.0,0.05,treatment,11,model,0.6258,0.0675,0.0326904017,-0.0034582125,0.096,0.3738,0.3226,0.0506,0.0386,0.008,0.9665,0.713,0.1481,True,103,42
1224,1.0,0.05,frozen,0,prior,0.6,0.0196,0.0448862624,0.0,0.3709,0.0328,0.4037,0.1484,0.053,0.0001,0.975,0.8755,0.2338,True,0,0
1224,1.0,0.05,frozen,1,model,0.6198,0.0896,0.0259935847,-0.0013190512,0.2789,0.036,0.3149,0.1506,0.0284,0.0023,0.9718,0.8685,0.1638,True,79,23
1224,1.0,0.05,frozen,2,model,0.6198,0.0831,0.0267414917,-0.0014614157,0.284,0.0362,0.3202,0.1485,0.0287,0.0008,0.977,0.8781,0.1825,True,79,26
1224,1.0,0.05,frozen,3,model,0.6195,0.0751,0.0293401296,-0.0011731158,0.29,0.0359,0.3259,0.1462,0.03,0.0015,0.9714,0.8581,0.1588,True,78,21
1224,1.0,0.05,frozen,4,model,0.6188,0.0788,0.0280038354,-0.0020757907,0.289,0.0363,0.3252,0.1479,0.0296,0.0012,0.9781,0.8504,0.1781,True,75,27
1224,1.0,0.05,frozen,5,model,0.618,0.0894,0.0246397377,-0.0009490495,0.2673,0.0357,0.303,0.1467,0.0238,0.0034,0.9701,0.8613,0.1619,True,72,20
1224,1.0,0.05,frozen,6,model,0.618,0.0829,0.0272973477,-0.0019869739,0.2804,0.0357,0.3161,0.1475,0.0288,0.0024,0.9701,0.8541,0.1706,True,72,25
1224,1.0,0.05,frozen,7,model,0.6185,0.0934,0.024717937,-0.0024673633,0.2686,0.0362,0.3047,0.1493,0.0238,0.0024,0.9715,0.8368,0.155,True,74,28
1224,1.0,0.05,frozen,8,model,0.62,0.0815,0.027846008,-0.0014044464,0.272,0.0359,0.3079,0.143,0.0255,0.0023,0.9718,0.864,0.1756,True,80,23
1224,1.0,0.05,frozen,9,model,0.6238,0.0838,0.0267938438,-0.0022401015,0.2792,0.0357,0.315,0.1465,0.0271,0.0004,0.9735,0.8533,0.1719,True,95,33
1224,1.0,0.05,frozen,10,model,0.617,0.0863,0.0247860634,-0.0023907683,0.2718,0.0356,0.3074,0.1464,0.0252,0.0038,0.9679,0.8484,0.1537,True,68,27
1224,1.0,0.05,frozen,11,model,0.6238,0.0838,0.0269687813,-0.0027612546,0.2582,0.0361,0.2944,0.1385,0.0244,0.0015,0.9738,0.8727,0.1888,True,95,36
1224,1.0,0.05,prior,0,prior,0.6228,0.0309,0.0434085307,-0.0014777317,0.2279,0.3638,0.4082,0.0628,0.0557,0.0006,0.975,0.8755,0.2338,True,91,30
1224,1.0,0.05,prior,1,model,0.617,0.0292,0.0442963959,-0.002256254,0.2331,0.2563,0.4106,0.0672,0.0565,0.0001,0.9729,0.8435,0.2087,True,68,29
1224,1.0,0.05,prior,2,model,0.6218,0.0338,0.0432508114,-0.0026037021,0.2333,0.2687,0.4025,0.0812,0.056,0.0015,0.9685,0.8395,0.1719,True,87,33
1224,1.0,0.05,prior,3,model,0.6182,0.0255,0.0453488517,-0.0023572561,0.1363,0.2789,0.4054,0.0313,0.0555,0.0002,0.9721,0.8137,0.2069,True,73,30
1224,1.0,0.05,prior,4,model,0.6198,0.0286,0.0438384398,-0.0029067247,0.1447,0.2629,0.4076,0.0174,0.0574,0.0026,0.9732,0.8567,0.2144,True,79,34
1224,1.0,0.05,prior,5,model,0.6185,0.0247,0.0453513915,-0.0017036422,0.1165,0.2917,0.4083,0.0432,0.056,0.0001,0.9715,0.865,0.2006,True,74,26
1224,1.0,0.05,prior,6,model,0.617,0.0235,0.0447190502,-0.0029610255,0.0884,0.4029,0.4112,0.0681,0.0579,0.0004,0.9733,0.8219,0.195,True,68,33
1224,1.0,0.05,prior,7,model,0.6182,0.0328,0.0427754187,-0.0031086293,0.2062,0.3457,0.4028,0.073,0.054,0.0009,0.9683,0.8223,0.2013,True,73,34
1224,1.0,0.05,prior,8,model,0.6182,0.0299,0.0435870297,-0.0022870753,0.1345,0.2674,0.3903,0.0368,0.0512,0.0017,0.9733,0.8167,0.2225,True,73,30
1224,1.0,0.05,prior,9,model,0.6265,0.0335,0.0425191761,-0.0030768943,0.1352,0.292,0.4009,0.0214,0.0547,0.0001,0.9743,0.852,0.2375,True,106,42
1224,1.0,0.05,prior,10,model,0.6175,0.0296,0.0431547151,-0.0029346418,0.1415,0.3993,0.3993,0.0747,0.0523,0.0003,0.9729,0.8577,0.1981,True,70,32
1224,1.0,0.05,prior,11,model,0.6248,0.0312,0.0434541684,-0.0042680021,0.1218,0.3106,0.3824,0.039,0.0474,0.0001,0.9748,0.8401,0.2019,True,99,48
1240,0.2,0.0,treatment,0,prior,0.6,0.1258,0.0142005928,0.0,0.0606,0.1762,0.23,0.0387,0.0304,0.0312,0.796,0.9757,0.0,False,0,0
1240,0.2,0.0,treatment,1,model,0.6,0.0367,0.0406758283,0.0,0.2779,0.0808,0.3588,0.1104,0.0389,0.0007,0.9964,0.9414,0.4306,True,0,0
1240,0.2,0.0,treatment,2,model,0.6,0.0933,0.022029803,0.0,0.061,0.2385,0.2881,0.0209,0.0356,0.014,0.9512,0.6118,0.0288,True,0,0
1240,0.2,0.0,treatment,3,model,0.6,0.0467,0.0380221633,0.0,0.2141,0.1443,0.3581,0.0823,0.0448,0.0038,0.9944,0.9057,0.3962,True,0,0
1240,0.2,0.0,treatment,4,model,0.6,0.0567,0.0340584638,0.0,0.1917,0.1723,0.3356,0.072,0.0389,0.0041,0.9903,0.9141,0.2412,True,0,0
1240,0.2,0.0,treatment,5,model,0.6,0.0629,0.0312091392,0.0,0.1279,0.2034,0.3312,0.0496,0.0384,0.0044,0.9861,0.9293,0.2919,True,0,0
1240,0.2,0.0,treatment,6,model,0.6,0.0604,0.0317228638,0.0,0.1567,0.1807,0.33,0.059,0.0403,0.0068,0.9879,0.902,0.2756,True,0,0
1240,0.2,0.0,treatment,7,model,0.6,0.0529,0.0344363656,0.0,0.1465,0.1966,0.3419,0.0525,0.044,0.0071,0.9943,0.9263,0.2781,True,0,0
1240,0.2,0.0,treatment,8,model,0.6,0.0546,0.0334997536,0.0,0.1665,0.2255,0.3525,0.0598,0.0466,0.0049,0.9868,0.9028,0.2988,True,0,0
1240,0.2,0.0,treatment,9,model,0.6,0.0533,0.0362730735,0.0,0.1853,0.2226,0.3444,0.0667,0.0414,0.0042,0.9807,0.9089,0.27,True,0,0
1240,0.2,0.0,treatment,10,model,0.6,0.0587,0.0334053913,0.0,0.1255,0.2158,0.335,0.0492,0.0395,0.0063,0.9867,0.7255,0.235,True,0,0
1240,0.2,0.0,treatment,11,model,0.6,0.045,0.0381447553,0.0,0.2114,0.1548,0.3663,0.0827,0.0424,0.0004,0.9896,0.9124,0.27,True,0,0
1240,0.2,0.0,frozen,0,prior,0.6,0.1258,0.0142005928,0.0,0.0606,0.1762,0.23,0.0387,0.0304,0.0312,0.796,0.9757,0.0,False,0,0
1240,0.2,0.0,frozen,1,model,0.6,0.0367,0.0406758283,0.0,0.0726,0.3183,0.3588,0.0301,0.0472,0.0009,0.9964,0.9414,0.4306,True,0,0
1240,0.2,0.0,frozen,2,model,0.6,0.0458,0.0376250648,0.0,0.0602,0.3108,0.3594,0.0306,0.0467,0.0024,0.9946,0.9396,0.4144,True,0,0
1240,0.2,0.0,frozen,3,model,0.6,0.0433,0.0383981714,0.0,0.0648,0.3166,0.3631,0.0314,0.0498,0.0023,0.9958,0.9273,0.4294,True,0,0
1240,0.2,0.0,frozen,4,model,0.6,0.0437,0.0378244072,0.0,0.0548,0.3226,0.355,0.027,0.0476,0.0065,0.9951,0.9339,0.4156,True,0,0
1240,0.2,0.0,frozen,5,model,0.6,0.0471,0.0368006385,0.0,0.0583,0.3052,0.355,0.0314,0.0473,0.0054,0.9931,0.8902,0.3781,True,0,0
1240,0.2,0.0,frozen,6,model,0.6,0.0429,0.0376039634,0.0,0.0482,0.315,0.3563,0.0236,0.0458,0.0019,0.9944,0.9386,0.4188,True,0,0
1240,0.2,0.0,frozen,7,model,0.6,0.0429,0.0390634895,0.0,0.0489,0.3204,0.3569,0.0242,0.0464,0.0057,0.9965,0.9502,0.4556,True,0,0
1240,0.2,0.0,frozen,8,model,0.6,0.0467,0.037088439,0.0,0.0756,0.3117,0.3644,0.0375,0.0491,0.0022,0.9942,0.9261,0.4263,True,0,0
1240,0.2,0.0,frozen,9,model,0.6,0.0467,0.0376961263,0.0,0.0745,0.295,0.3544,0.0381,0.0482,0.0038,0.9921,0.9213,0.3994,True,0,0
1240,0.2,0.0,frozen,10,model,0.6,0.0437,0.0385119063,0.0,0.0591,0.3172,0.3575,0.0288,0.0455,0.0029,0.9951,0.9164,0.4381,True,0,0
1240,0.2,0.0,frozen,11,model,0.6,0.0417,0.0391255711,0.0,0.0607,0.322,0.3713,0.0279,0.0516,0.0028,0.9955,0.8987,0.4075,True,0,0
1240,0.2,0.0,prior,0,prior,0.6,0.1258,0.0142005928,0.0,0.0606,0.1762,0.23,0.0387,0.0304,0.0312,0.796,0.9757,0.0,False,0,0
1240,0.2,0.0,prior,1,model,0.6,0.1367,0.0074317633,0.0,0.0362,0.2081,0.2087,0.0244,0.0265,0.0346,0.7719,0.9791,0.0,False,0,0
1240,0.2,0.0,prior,2,model,0.6,0.14,0.0078723618,0.0,0.031,0.1948,0.2181,0.0246,0.0267,0.0345,0.8033,0.978,0.0,False,0,0
1240,0.2,0.0,prior,3,model,0.6,0.1454,0.0079175559,0.0,0.026,0.1885,0.21,0.0254,0.0266,0.0334,0.8016,0.978,0.0,False,0,0
1240,0.2,0.0,prior,4,model,0.6,0.125,0.0102544067,0.0,0.0487,0.1874,0.2331,0.0235,0.0324,0.029,0.7952,0.9755,0.0,False,0,0
1240,0.2,0.0,prior,5,model,0.6,0.1462,0.004916288,0.0,0.0302,0.2019,0.2062,0.0331,0.0282,0.0373,0.7961,0.9784,0.0,False,0,0
1240,0.2,0.0,prior,6,model,0.6,0.135,0.0077345369,0.0,0.0272,0.2034,0.2181,0.0267,0.0232,0.0328,0.7955,0.9741,0.0,False,0,0
1240,0.2,0.0,prior,7,model,0.6,0.1279,0.0121214582,0.0,0.0465,0.195,0.2294,0.0228,0.0308,0.032,0.7854,0.9756,0.0,False,0,0
1240,0.2,0.0,prior,8,model,0.6,0.1396,0.0080794871,0.0,0.0367,0.189,0.225,0.0268,0.0283,0.0288,0.8063,0.977,0.0,False,0,0
1240,0.2,0.0,prior,9,model,0.6,0.1358,0.0096751072,0.0,0.0392,0.2113,0.2206,0.0182,0.029,0.0341,0.7911,0.9712,0.0,False,0,0
1240,0.2,0.0,prior,10,model,0.6,0.1462,0.0065830437,0.0,0.0275,0.2,0.2037,0.0353,0.0249,0.0359,0.799,0.9788,0.0,False,0,0
1240,0.2,0.0,prior,11,model,0.6,0.1279,0.0113832082,0.0,0.0588,0.2001,0.2419,0.0161,0.0355,0.0319,0.7915,0.9723,0.0,False,0,0
1240,0.2,0.05,treatment,0,prior,0.6198,0.1303,0.0133075724,-0.0008930203,0.0678,0.1781,0.2281,0.0243,0.0295,0.032,0.796,0.9757,0.0,False,79,21
1240,0.2,0.05,treatment,1,model,0.6198,0.0524,0.0372095146,-0.001917508,0.2125,0.3583,0.3498,0.0606,0.0385,0.0,0.9939,0.9309,0.3287,True,79,27
1240,0.2,0.05,treatment,2,model,0.617,0.092,0.022770552,-0.0020404118,0.0736,0.2789,0.299,0.0312,0.0381,0.0154,0.9272,0.7842,0.0625,True,68,25
1240,0.2,0.05,treatment,3,model,0.623,0.0534,0.0367308222,-0.0031396865,0.1284,0.4451,0.366,0.0857,0.045,0.0009,0.9928,0.8694,0.3694,True,92,37
1240,0.2,0.05,treatment,4,model,0.623,0.0678,0.0321653234,-0.0021053563,0.1216,0.2488,0.3342,0.0593,0.0415,0.0027,0.9854,0.8962,0.2594,True,92,30
1240,0.2,0.05,treatment,5,model,0.6178,0.0643,0.0320540491,-0.0022604613,0.0768,0.3383,0.3414,0.031,0.0432,0.0066,0.9642,0.8952,0.2456,True,71,30
1240,0.2,0.05,treatment,6,model,0.621,0.06,0.0333403911,-0.0013045558,0.0764,0.2811,0.3456,0.0209,0.0441,0.0012,0.9889,0.9301,0.2762,True,84,25
1240,0.2,0.05,treatment,7,model,0.6195,0.073,0.029740368,-0.0018095624,0.0503,0.325,0.3239,0.0386,0.0406,0.0098,0.9781,0.8765,0.1719,True,78,30
1240,0.2,0.05,treatment,8,model,0.617,0.0665,0.0322032618,-0.0021389179,0.0646,0.2823,0.3466,0.0264,0.0469,0.004,0.9884,0.9127,0.2956,True,68,31
1240,0.2,0.05,treatment,9,model,0.6215,0.0684,0.033773876,-0.0008054318,0.147,0.1905,0.3362,0.0486,0.0427,0.0049,0.9791,0.844,0.2562,True,86,22
1240,0.2,0.05,treatment,10,model,0.6162,0.0702,0.030518037,-0.001913391,0.0946,0.2344,0.3283,0.0236,0.0377,0.0057,0.9881,0.9151,0.2806,True,65,21
1240,0.2,0.05,treatment,11,model,0.6228,0.0851,0.0263083507,-0.0014559158,0.0784,0.2583,0.3194,0.0234,0.045,0.0107,0.9095,0.8602,0.075,True,91,27
1240,0.2,0.05,frozen,0,prior,0.6,0.1258,0.0142005928,0.0,0.0606,0.1762,0.23,0.0387,0.0304,0.0312,0.796,0.9757,0.0,False,0,0
1240,0.2,0.05,frozen,1,model,0.6195,0.0472,0.0383841825,-0.0022916458,0.0683,0.318,0.3581,0.0301,0.0469,0.001,0.9964,0.9414,0.4306,True,78,29
1240,0.2,0.05,frozen,2,model,0.617,0.0571,0.0348001594,-0.0028249054,0.0565,0.3108,0.3551,0.0306,0.0455,0.003,0.9946,0.9396,0.4144,True,68,31
1240,0.2,0.05,frozen,3,model,0.6218,0.0555,0.0355402787,-0.0028578926,0.0631,0.3168,0.3615,0.0314,0.0494,0.0024,0.9958,0.9273,0.4294,True,87,34
1240,0.2,0.05,frozen,4,model,0.6228,0.0566,0.0348265543,-0.002997853,0.0554,0.3214,0.3526,0.027,0.0469,0.0061,0.9951,0.9339,0.4156,True,91,36
1240,0.2,0.05,frozen,5,model,0.6195,0.0585,0.0344618543,-0.0023387842,0.0562,0.3031,0.3522,0.0314,0.0462,0.0051,0.9931,0.8902,0.3781,True,78,32
1240,0.2,0.05,frozen,6,model,0.6198,0.0524,0.0360356719,-0.0015682915,0.0491,0.3152,0.357,0.0236,0.0464,0.0025,0.9944,0.9386,0.4188,True,79,27
1240,0.2,0.05,frozen,7,model,0.6208,0.054,0.0372001051,-0.0018633843,0.0483,0.3195,0.356,0.0242,0.046,0.0062,0.9965,0.9502,0.4556,True,83,31
1240,0.2,0.05,frozen,8,model,0.6205,0.058,0.0349451815,-0.0021432576,0.0774,0.3111,0.363,0.0375,0.0485,0.0019,0.9942,0.9261,0.4263,True,82,32
1240,0.2,0.05,frozen,9,model,0.6208,0.0556,0.0362398653,-0.001456261,0.0773,0.2957,0.3566,0.0381,0.0487,0.0036,0.9921,0.9213,0.3994,True,83,26
1240,0.2,0.05,frozen,10,model,0.6165,0.0511,0.036548733,-0.0019631733,0.0619,0.3169,0.3592,0.0288,0.0455,0.0022,0.9951,0.9164,0.4381,True,66,21
1240,0.2,0.05,frozen,11,model,0.6198,0.0512,0.0375374696,-0.0015881015,0.063,0.3219,0.3728,0.0279,0.0514,0.0021,0.9955,0.8987,0.4075,True,79,27
1240,0.2,0.05,prior,0,prior,0.6198,0.1303,0.0133075724,-0.0008930203,0.0678,0.1781,0.2281,0.0243,0.0295,0.032,0.796,0.9757,0.0,False,79,21
1240,0.2,0.05,prior,1,model,0.6218,0.1395,0.007036459,-0.0003953043,0.0522,0.1833,0.2082,0.0231,0.0252,0.0339,0.7719,0.9791,0.0,False,87,19
1240,0.2,0.05,prior,2,model,0.6218,0.1435,0.0069695596,-0.0009028021,0.0714,0.1948,0.2168,0.0253,0.0254,0.0309,0.8033,0.978,0.0,False,87,21
1240,0.2,0.05,prior,3,model,0.6178,0.1477,0.0070028578,-0.0009146981,0.0356,0.1959,0.2093,0.0199,0.026,0.0341,0.8016,0.978,0.0,False,71,16
1240,0.2,0.05,prior,4,model,0.62,0.1298,0.0092929446,-0.0009614621,0.0422,0.2549,0.2309,0.0431,0.0299,0.0288,0.7952,0.9755,0.0,False,80,22
1240,0.2,0.05,prior,5,model,0.6188,0.1491,0.0038971889,-0.0010190991,0.0564,0.2437,0.2046,0.042,0.0239,0.0321,0.7961,0.9784,0.0,False,75,18
1240,0.2,0.05,prior,6,model,0.624,0.1362,0.0079248389,0.000190302,0.0273,0.2358,0.2214,0.032,0.0296,0.0309,0.7955,0.9741,0.0,False,96,16
1240,0.2,0.05,prior,7,model,0.6182,0.1298,0.0120894037,-3.20546e-05,0.0391,0.2308,0.2312,0.0224,0.0298,0.03,0.7854,0.9756,0.0,False,73,14
1240,0.2,0.05,prior,8,model,0.6205,0.1418,0.007904459,-0.0001750281,0.0622,0.1844,0.226,0.0434,0.0305,0.0338,0.8063,0.977,0.0,False,82,17
1240,0.2,0.05,prior,9,model,0.6228,0.1389,0.0090619432,-0.0006131641,0.0567,0.2053,0.2207,0.033,0.0197,0.0319,0.7911,0.9712,0.0,False,91,20
1240,0.2,0.05,prior,10,model,0.6192,0.1465,0.0062952641,-0.0002877796,0.0501,0.1887,0.2062,0.0559,0.0225,0.0312,0.799,0.9788,0.0,False,77,12
1240,0.2,0.05,prior,11,model,0.622,0.1318,0.0108010252,-0.000582183,0.0742,0.1855,0.2421,0.0307,0.0324,0.0261,0.7915,0.9723,0.0,False,88,21
1240,0.4,0.0,treatment,0,prior,0.6,0.0758,0.0291571823,0.0,0.1155,0.1944,0.305,0.0398,0.0418,0.0179,0.8307,0.9097,0.0025,False,0,0
1240,0.4,0.0,treatment,1,model,0.6,0.0504,0.0362143853,0.0,0.1751,0.231,0.3381,0.0621,0.0403,0.003,0.9718,0.8083,0.1756,True,0,0
1240,0.4,0.0,treatment,2,model,0.6,0.0583,0.0336622677,0.0,0.1276,0.2448,0.3406,0.0419,0.0416,0.0028,0.9882,0.8685,0.3187,True,0,0
1240,0.4,0.0,treatment,3,model,0.6,0.0533,0.0365337347,0.0,0.202,0.1462,0.3481,0.0812,0.042,0.0034,0.9781,0.8699,0.1869,True,0,0
1240,0.4,0.0,treatment,4,model,0.6,0.0658,0.0310866832,0.0,0.1306,0.2015,0.3219,0.0486,0.0404,0.007,0.9893,0.9126,0.33,True,0,0
1240,0.4,0.0,treatment,5,model,0.6,0.0525,0.0352551278,0.0,0.2158,0.1311,0.3469,0.0866,0.044,0.0025,0.9835,0.8927,0.2938,True,0,0
1240,0.4,0.0,treatment,6,model,0.6,0.0604,0.0326977792,0.0,0.1111,0.2397,0.33,0.0424,0.0412,0.0075,0.9913,0.8534,0.3038,True,0,0
1240,0.4,0.0,treatment,7,model,0.6,0.06,0.0334984719,0.0,0.1125,0.2394,0.3312,0.0459,0.0417,0.0069,0.9933,0.8883,0.3525,True,0,0
1240,0.4,0.0,treatment,8,model,0.6,0.0542,0.0343192295,0.0,0.1662,0.1869,0.3531,0.0637,0.0459,0.0067,0.9926,0.9011,0.2975,True,0,0
1240,0.4,0.0,treatment,9,model,0.6,0.0633,0.0332592567,0.0,0.1566,0.2284,0.3294,0.0519,0.041,0.0057,0.975,0.7616,0.1525,True,0,0
1240,0.4,0.0,treatment,10,model,0.6,0.0529,0.0356563199,0.0,0.1476,0.209,0.3438,0.0557,0.0435,0.0084,0.9914,0.9115,0.2419,True,0,0
1240,0.4,0.0,treatment,11,model,0.6,0.0517,0.0364183915,0.0,0.1439,0.2133,0.3563,0.0534,0.0484,0.0065,0.9841,0.8449,0.2106,True,0,0
1240,0.4,0.0,frozen,0,prior,0.6,0.0758,0.0291571823,0.0,0.1155,0.1944,0.305,0.0398,0.0418,0.0179,0.8307,0.9097,0.0025,False,0,0
1240,0.4,0.0,frozen,1,model,0.6,0.0504,0.0362143853,0.0,0.0874,0.2725,0.3381,0.0444,0.0408,0.0033,0.9718,0.8083,0.1756,True,0,0
1240,0.4,0.0,frozen,2,model,0.6,0.0612,0.0330089129,0.0,0.096,0.2576,0.3362,0.0549,0.0383,0.004,0.9679,0.7979,0.1519,True,0,0
1240,0.4,0.0,frozen,3,model,0.6,0.0563,0.0344866832,0.0,0.092,0.2728,0.3438,0.0503,0.0431,0.0043,0.9715,0.8166,0.1944,True,0,0
1240,0.4,0.0,frozen,4,model,0.6,0.0521,0.0362228521,0.0,0.0846,0.2729,0.3425,0.0438,0.0427,0.0023,0.9724,0.8596,0.1956,True,0,0
1240,0.4,0.0,frozen,5,model,0.6,0.0596,0.0335489472,0.0,0.0821,0.2599,0.3362,0.0486,0.0402,0.0022,0.9687,0.8254,0.1644,True,0,0
1240,0.4,0.0,frozen,6,model,0.6,0.0567,0.0336553081,0.0,0.0788,0.2722,0.3356,0.0445,0.0397,0.0005,0.9724,0.8389,0.1894,True,0,0
1240,0.4,0.0,frozen,7,model,0.6,0.0517,0.0360979868,0.0,0.0945,0.2682,0.3438,0.0485,0.0406,0.0022,0.9739,0.8207,0.1919,True,0,0
1240,0.4,0.0,frozen,8,model,0.6,0.0633,0.0312754029,0.0,0.0923,0.2641,0.3394,0.0549,0.0418,0.0042,0.9709,0.8005,0.1787,True,0,0
1240,0.4,0.0,frozen,9,model,0.6,0.0583,0.0337344747,0.0,0.0891,0.2551,0.3369,0.0522,0.0401,0.0017,0.9748,0.7864,0.1837,True,0,0
1240,0.4,0.0,frozen,10,model,0.6,0.0608,0.0332708157,0.0,0.0759,0.2722,0.3319,0.046,0.038,0.0011,0.9684,0.8094,0.1663,True,0,0
1240,0.4,0.0,frozen,11,model,0.6,0.0525,0.0355688149,0.0,0.0965,0.2697,0.355,0.0495,0.0452,0.0037,0.9732,0.8236,0.1931,True,0,0
1240,0.4,0.0,prior,0,prior,0.6,0.0758,0.0291571823,0.0,0.1155,0.1944,0.305,0.0398,0.0418,0.0179,0.8307,0.9097,0.0025,False,0,0
1240,0.4,0.0,prior,1,model,0.6,0.085,0.0245970914,0.0,0.1072,0.2051,0.2863,0.0361,0.0396,0.0209,0.8198,0.9232,0.0044,False,0,0
1240,0.4,0.0,prior,2,model,0.6,0.0929,0.0231207886,0.0,0.098,0.2079,0.2888,0.0352,0.0364,0.0194,0.8326,0.9184,0.0019,False,0,0
1240,0.4,0.0,prior,3,model,0.6,0.0958,0.0236461589,0.0,0.0694,0.2249,0.2844,0.0339,0.0411,0.025,0.8224,0.9151,0.0006,False,0,0
1240,0.4,0.0,prior,4,model,0.6,0.0746,0.0272856335,0.0,0.1279,0.1876,0.3088,0.0484,0.0401,0.0119,0.8342,0.9061,0.0025,False,0,0
1240,0.4,0.0,prior,5,model,0.6,0.0929,0.0230612213,0.0,0.0788,0.2204,0.2863,0.0374,0.039,0.0174,0.8378,0.9044,0.0019,False,0,0
1240,0.4,0.0,prior,6,model,0.6,0.0833,0.0238096112,0.0,0.1224,0.1915,0.2956,0.0422,0.0384,0.0169,0.8362,0.9129,0.0019,False,0,0
1240,0.4,0.0,prior,7,model,0.6,0.0808,0.027472699,0.0,0.1102,0.2049,0.3,0.0354,0.0429,0.0192,0.8287,0.9063,0.0019,False,0,0
1240,0.4,0.0,prior,8,model,0.6,0.0871,0.0236724151,0.0,0.1083,0.2032,0.3038,0.0397,0.0422,0.0182,0.8346,0.9018,0.0025,False,0,0
1240,0.4,0.0,prior,9,model,0.6,0.085,0.0250590719,0.0,0.0987,0.2195,0.2969,0.0373,0.0413,0.0157,0.8297,0.9143,0.0063,False,0,0
1240,0.4,0.0,prior,10,model,0.6,0.0946,0.0234469408,0.0,0.0749,0.2083,0.2812,0.0304,0.0356,0.0182,0.8292,0.9132,0.0,False,0,0
1240,0.4,0.0,prior,11,model,0.6,0.0783,0.0277477541,0.0,0.1216,0.1991,0.3162,0.0422,0.0461,0.0148,0.8249,0.9017,0.0019,False,0,0
1240,0.4,0.05,treatment,0,prior,0.621,0.0837,0.0276240668,-0.0015331154,0.0509,0.2719,0.3047,0.0277,0.0414,0.0162,0.8307,0.9097,0.0025,False,84,26
1240,0.4,0.05,treatment,1,model,0.622,0.0591,0.0345157822,-0.0019229601,0.088,0.3438,0.3406,0.0381,0.0429,0.0056,0.9657,0.8804,0.1794,True,88,28
1240,0.4,0.05,treatment,2,model,0.6142,0.0708,0.0298158811,-0.0024616241,0.1089,0.3741,0.3312,0.0362,0.041,0.0071,0.9838,0.8554,0.255,True,57,28
1240,0.4,0.05,treatment,3,model,0.62,0.0718,0.0302179722,-0.0030014967,0.0253,0.3282,0.3336,0.0444,0.0408,0.0069,0.9637,0.8001,0.25,True,80,35
1240,0.4,0.05,treatment,4,model,0.622,0.0663,0.0323436208,-0.002318023,0.0754,0.2655,0.336,0.0351,0.0417,0.0058,0.9688,0.923,0.2762,True,88,32
1240,0.4,0.05,treatment,5,model,0.6188,0.076,0.0282694819,-0.0019882732,0.1069,0.2948,0.3233,0.0359,0.0386,0.0094,0.968,0.8336,0.2031,True,75,27
1240,0.4,0.05,treatment,6,model,0.6202,0.0645,0.0323250028,-0.0015166024,0.0744,0.3558,0.3377,0.0493,0.0435,0.0054,0.9708,0.6719,0.1456,True,81,27
1240,0.4,0.05,treatment,7,model,0.619,0.0618,0.0338826668,-0.0015939307,0.1168,0.226,0.3419,0.0398,0.0399,0.0049,0.9881,0.9193,0.2156,True,76,29
1240,0.4,0.05,treatment,8,model,0.618,0.0898,0.0241755454,-0.001970753,0.0842,0.3601,0.3096,0.0429,0.0409,0.0153,0.9292,0.79,0.0606,True,72,28
1240,0.4,0.05,treatment,9,model,0.6245,0.0641,0.0341297976,-0.0015720918,0.0672,0.2784,0.3455,0.0496,0.0434,0.0056,0.9852,0.9263,0.2963,True,98,28
1240,0.4,0.05,treatment,10,model,0.6185,0.0869,0.0233385449,-0.0015975697,0.0865,0.2338,0.3028,0.0242,0.0345,0.0135,0.9328,0.8732,0.1512,True,74,20
1240,0.4,0.05,treatment,11,model,0.6212,0.0793,0.0279077708,-0.0019333758,0.0662,0.3168,0.3281,0.0329,0.0459,0.0099,0.9433,0.7912,0.0925,True,85,29
1240,0.4,0.05,frozen,0,prior,0.6,0.0758,0.0291571823,0.0,0.1155,0.1944,0.305,0.0398,0.0418,0.0179,0.8307,0.9097,0.0025,False,0,0
1240,0.4,0.05,frozen,1,model,0.6208,0.06,0.0342042512,-0.0020101341,0.0874,0.2727,0.3382,0.0444,0.0408,0.0035,0.9718,0.8083,0.1756,True,83,28
1240,0.4,0.05,frozen,2,model,0.6165,0.0706,0.0305818866,-0.0024270263,0.0917,0.2584,0.3331,0.0549,0.0376,0.0041,0.9679,0.7979,0.1519,True,66,27
1240,0.4,0.05,frozen,3,model,0.62,0.0665,0.0319016906,-0.0025849926,0.0877,0.2721,0.3421,0.0503,0.0425,0.0043,0.9715,0.8166,0.1944,True,80,30
1240,0.4,0.05,frozen,4,model,0.6235,0.0642,0.0333565493,-0.0028663028,0.0844,0.2724,0.3406,0.0438,0.0419,0.0023,0.9724,0.8596,0.1956,True,94,35
1240,0.4,0.05,frozen,5,model,0.6192,0.0686,0.0315931958,-0.0019557514,0.0824,0.2592,0.3355,0.0486,0.0396,0.0028,0.9687,0.8254,0.1644,True,77,27
1240,0.4,0.05,frozen,6,model,0.6205,0.0645,0.0324198698,-0.0012354383,0.0807,0.2724,0.3379,0.0445,0.0403,0.0003,0.9724,0.8389,0.1894,True,82,24
1240,0.4,0.05,frozen,7,model,0.6215,0.0628,0.0342625928,-0.001835394,0.0962,0.2661,0.3421,0.0485,0.04,0.0022,0.9739,0.8207,0.1919,True,86,32
1240,0.4,0.05,frozen,8,model,0.6202,0.0738,0.0290840504,-0.0021913524,0.0924,0.2628,0.3371,0.0549,0.0409,0.0041,0.9709,0.8005,0.1787,True,81,31
1240,0.4,0.05,frozen,9,model,0.6208,0.0656,0.0327850347,-0.0009494399,0.0907,0.2559,0.3401,0.0522,0.0409,0.0015,0.9748,0.7864,0.1837,True,83,23
1240,0.4,0.05,frozen,10,model,0.617,0.0677,0.0314738444,-0.0017969713,0.0782,0.2727,0.3329,0.046,0.0382,0.0016,0.9684,0.8094,0.1663,True,68,21
1240,0.4,0.05,frozen,11,model,0.619,0.0622,0.0338538003,-0.0017150147,0.0958,0.2712,0.3543,0.0495,0.0449,0.0038,0.9732,0.8236,0.1931,True,76,28
1240,0.4,0.05,prior,0,prior,0.621,0.0837,0.0276240668,-0.0015331154,0.0509,0.2719,0.3047,0.0277,0.0414,0.0162,0.8307,0.9097,0.0025,False,84,26
1240,0.4,0.05,prior,1,model,0.6202,0.0923,0.0230604515,-0.0015366399,0.0803,0.2277,0.2851,0.0364,0.0377,0.0221,0.8198,0.9232,0.0044,False,81,25
1240,0.4,0.05,prior,2,model,0.62,0.1008,0.021172159,-0.0019486297,0.0687,0.2597,0.2862,0.0223,0.0385,0.0196,0.8326,0.9184,0.0019,False,80,27
1240,0.4,0.05,prior,3,model,0.6192,0.1038,0.0212828406,-0.0023633183,0.0605,0.2285,0.281,0.0342,0.0398,0.0211,0.8224,0.9151,0.0006,False,77,27
1240,0.4,0.05,prior,4,model,0.6198,0.0835,0.0254253947,-0.0018602388,0.1001,0.2892,0.3064,0.0328,0.039,0.011,0.8342,0.9061,0.0025,False,79,28
1240,0.4,0.05,prior,5,model,0.618,0.0991,0.0214866459,-0.0015745754,0.0608,0.2731,0.2853,0.0363,0.0368,0.0207,0.8378,0.9044,0.0019,False,72,22
1240,0.4,0.05,prior,6,model,0.6232,0.0895,0.022986347,-0.0008232643,0.0867,0.2317,0.2986,0.0225,0.0422,0.0177,0.8362,0.9129,0.0019,False,93,23
1240,0.4,0.05,prior,7,model,0.619,0.0889,0.0260084152,-0.0014642838,0.0602,0.3065,0.2979,0.0441,0.0417,0.0164,0.8287,0.9063,0.0019,False,76,26
1240,0.4,0.05,prior,8,model,0.6212,0.0954,0.022156867,-0.0015155481,0.0453,0.2619,0.3023,0.0272,0.0405,0.0149,0.8346,0.9018,0.0025,False,85,28
1240,0.4,0.05,prior,9,model,0.621,0.0914,0.0240381895,-0.0010208824,0.0809,0.2205,0.2982,0.0394,0.0381,0.0208,0.8297,0.9143,0.0063,False,84,23
1240,0.4,0.05,prior,10,model,0.6188,0.0994,0.0219607137,-0.0014862271,0.0938,0.2138,0.2826,0.0718,0.034,0.0157,0.8292,0.9132,0.0,False,75,19
1240,0.4,0.05,prior,11,model,0.6205,0.0862,0.0263419721,-0.001405782,0.0868,0.3204,0.3162,0.0408,0.0457,0.0138,0.8249,0.9017,0.0019,False,82,26
1240,1.0,0.0,treatment,0,prior,0.6,0.0175,0.0470170749,0.0,0.3712,0.0213,0.3925,0.1485,0.0479,0.0002,0.9746,0.8699,0.2125,True,0,0
1240,1.0,0.0,treatment,1,model,0.6,0.1187,0.0150095653,0.0,0.0501,0.2292,0.2356,0.0237,0.0301,0.0263,0.9229,0.7659,0.0031,True,0,0
1240,1.0,0.0,treatment,2,model,0.6,0.0425,0.0394602567,0.0,0.2342,0.1317,0.3644,0.0932,0.0438,0.0004,0.9913,0.9185,0.3431,True,0,0
1240,1.0,0.0,treatment,3,model,0.6,0.0629,0.0325357164,0.0,0.1065,0.2844,0.3337,0.0301,0.0458,0.0117,0.9844,0.7817,0.2556,True,0,0
1240,1.0,0.0,treatment,4,model,0.6,0.0442,0.037696657,0.0,0.2691,0.0853,0.3544,0.1092,0.0408,0.0032,0.9925,0.9134,0.3606,True,0,0
1240,1.0,0.0,treatment,5,model,0.6,0.0625,0.0316774186,0.0,0.1223,0.2096,0.3319,0.0533,0.042,0.0057,0.9894,0.9075,0.2531,True,0,0
1240,1.0,0.0,treatment,6,model,0.6,0.0508,0.0352107259,0.0,0.1677,0.1767,0.3444,0.0647,0.0392,0.0009,0.993,0.9242,0.39,True,0,0
1240,1.0,0.0,treatment,7,model,0.6,0.0575,0.0342490802,0.0,0.1624,0.1726,0.335,0.063,0.0421,0.0051,0.9932,0.8957,0.3675,True,0,0
1240,1.0,0.0,treatment,8,model,0.6,0.0521,0.0346702703,0.0,0.191,0.1662,0.3563,0.0737,0.0435,0.002,0.9861,0.796,0.2931,True,0,0
1240,1.0,0.0,treatment,9,model,0.6,0.0746,0.0282805885,0.0,0.0749,0.2997,0.3125,0.0254,0.0417,0.0144,0.9802,0.8621,0.2131,True,0,0
1240,1.0,0.0,treatment,10,model,0.6,0.0462,0.0366620132,0.0,0.2259,0.1279,0.3538,0.0906,0.0434,0.0034,0.9951,0.9146,0.3969,True,0,0
1240,1.0,0.0,treatment,11,model,0.6,0.0517,0.0364760178,0.0,0.1575,0.2451,0.3563,0.058,0.0447,0.0021,0.9882,0.878,0.2256,True,0,0
1240,1.0,0.0,frozen,0,prior,0.6,0.0175,0.0470170749,0.0,0.3712,0.0213,0.3925,0.1485,0.0479,0.0002,0.9746,0.8699,0.2125,True,0,0
1240,1.0,0.0,frozen,1,model,0.6,0.1187,0.0150095653,0.0,0.2119,0.0237,0.2356,0.1464,0.0042,0.0005,0.9229,0.7659,0.0031,True,0,0
1240,1.0,0.0,frozen,2,model,0.6,0.1212,0.0125927029,0.0,0.2225,0.0237,0.2462,0.1523,0.0063,0.0005,0.9227,0.7478,0.0013,True,0,0
1240,1.0,0.0,frozen,3,model,0.6,0.1246,0.0135260687,0.0,0.2175,0.0237,0.2412,0.1523,0.0053,0.0007,0.9191,0.7872,0.0,True,0,0
1240,1.0,0.0,frozen,4,model,0.6,0.1171,0.0137555975,0.0,0.2213,0.0237,0.245,0.1492,0.006,0.0002,0.92,0.7779,0.0044,True,0,0
1240,1.0,0.0,frozen,5,model,0.6,0.1263,0.0125478458,0.0,0.2125,0.0237,0.2362,0.1513,0.0043,0.0003,0.9169,0.8075,0.0013,True,0,0
1240,1.0,0.0,frozen,6,model,0.6,0.1271,0.0102983365,0.0,0.2063,0.0237,0.23,0.149,0.0032,0.0002,0.9127,0.7894,0.0019,True,0,0
1240,1.0,0.0,frozen,7,model,0.6,0.1175,0.0167824029,0.0,0.2213,0.0237,0.245,0.1494,0.006,0.0002,0.9126,0.7689,0.0006,True,0,0
1240,1.0,0.0,frozen,8,model,0.6,0.1163,0.0155547676,0.0,0.2363,0.0237,0.26,0.1548,0.0092,0.0,0.9261,0.7364,0.0025,True,0,0
1240,1.0,0.0,frozen,9,model,0.6,0.1196,0.0160718853,0.0,0.2213,0.0237,0.245,0.151,0.006,0.0003,0.9298,0.7506,0.0013,True,0,0
1240,1.0,0.0,frozen,10,model,0.6,0.1192,0.0147330645,0.0,0.2206,0.0237,0.2444,0.1503,0.0059,0.0004,0.9233,0.7715,0.0044,True,0,0
1240,1.0,0.0,frozen,11,model,0.6,0.1154,0.014262075,0.0,0.2369,0.0237,0.2606,0.1544,0.0094,0.0001,0.9145,0.7533,0.0019,True,0,0
1240,1.0,0.0,prior,0,prior,0.6,0.0175,0.0470170749,0.0,0.3712,0.0213,0.3925,0.1485,0.0479,0.0002,0.9746,0.8699,0.2125,True,0,0
1240,1.0,0.0,prior,1,model,0.6,0.0092,0.0490854796,0.0,0.3837,0.0163,0.4,0.1534,0.0502,0.0002,0.9722,0.798,0.2238,True,0,0
1240,1.0,0.0,prior,2,model,0.6,0.0196,0.0458982777,0.0,0.3692,0.0295,0.3987,0.1479,0.0503,0.0001,0.9744,0.8168,0.2031,True,0,0
1240,1.0,0.0,prior,3,model,0.6,0.0175,0.0465940219,0.0,0.3752,0.0267,0.4019,0.1497,0.051,0.0,0.9745,0.7973,0.2106,True,0,0
1240,1.0,0.0,prior,4,model,0.6,0.0142,0.0469332239,0.0,0.3737,0.0258,0.3994,0.1491,0.0505,0.0004,0.9711,0.8561,0.2144,True,0,0
1240,1.0,0.0,prior,5,model,0.6,0.0142,0.0474706014,0.0,0.3822,0.0222,0.4044,0.1534,0.052,0.0005,0.9696,0.7905,0.2156,True,0,0
1240,1.0,0.0,prior,6,model,0.6,0.0142,0.0468211122,0.0,0.376,0.0233,0.3994,0.1506,0.0506,0.0006,0.9751,0.8676,0.2269,True,0,0
1240,1.0,0.0,prior,7,model,0.6,0.0121,0.0483982536,0.0,0.3865,0.0166,0.4031,0.1545,0.0526,0.0007,0.971,0.8248,0.22,True,0,0
1240,1.0,0.0,prior,8,model,0.6,0.0192,0.0462066477,0.0,0.3723,0.0333,0.4056,0.1468,0.0525,0.0,0.9684,0.7686,0.1888,True,0,0
1240,1.0,0.0,prior,9,model,0.6,0.015,0.0474151749,0.0,0.3775,0.0244,0.4019,0.151,0.0511,0.0009,0.9703,0.8104,0.205,True,0,0
1240,1.0,0.0,prior,10,model,0.6,0.0154,0.0469539919,0.0,0.382,0.018,0.4,0.153,0.0506,0.0002,0.9745,0.8033,0.2156,True,0,0
1240,1.0,0.0,prior,11,model,0.6,0.0117,0.0480806554,0.0,0.3958,0.0204,0.4163,0.1588,0.0558,0.0001,0.9726,0.8606,0.2394,True,0,0
1240,1.0,0.05,treatment,0,prior,0.6192,0.0307,0.0444942431,-0.0025228318,0.1314,0.2925,0.39,0.0188,0.0507,0.0013,0.9746,0.8699,0.2125,True,77,34
1240,1.0,0.05,treatment,1,model,0.62,0.073,0.0302617626,-0.0020282185,0.1088,0.2805,0.3164,0.0361,0.039,0.0081,0.9602,0.8781,0.1631,True,80,28
1240,1.0,0.05,treatment,2,model,0.615,0.0707,0.0303745167,-0.0024092479,0.1025,0.357,0.3318,0.0297,0.0427,0.0072,0.9683,0.8644,0.2619,True,60,25
1240,1.0,0.05,treatment,3,model,0.6205,0.058,0.0349603029,-0.0031445564,0.17,0.3077,0.3564,0.0515,0.0428,0.0036,0.9781,0.9409,0.3606,True,82,35
1240,1.0,0.05,treatment,4,model,0.6215,0.0913,0.0244438527,-0.0018093365,0.0754,0.29,0.2946,0.0207,0.0337,0.0092,0.9038,0.8852,0.0325,True,86,27
1240,1.0,0.05,treatment,5,model,0.6195,0.0678,0.0304156368,-0.0021779828,0.082,0.319,0.3371,0.0189,0.0416,0.0072,0.9767,0.9125,0.2181,True,78,30
1240,1.0,0.05,treatment,6,model,0.6228,0.0606,0.0337136914,-0.0011929635,0.0945,0.2897,0.3459,0.0237,0.0419,0.0029,0.9889,0.8494,0.3513,True,91,27
1240,1.0,0.05,treatment,7,model,0.6208,0.0725,0.0304038538,-0.0018767239,0.0734,0.3378,0.3256,0.0554,0.0431,0.0101,0.9661,0.853,0.1669,True,83,31
1240,1.0,0.05,treatment,8,model,0.6185,0.059,0.0342840695,-0.0022653606,0.0938,0.3361,0.3598,0.0447,0.0459,0.0038,0.9872,0.8755,0.2925,True,74,32
1240,1.0,0.05,treatment,9,model,0.6212,0.0692,0.0328052814,-0.0013211906,0.1145,0.2209,0.3347,0.0397,0.0443,0.009,0.9826,0.9301,0.1806,True,85,25
1240,1.0,0.05,treatment,10,model,0.6178,0.0684,0.0306250874,-0.0020081643,0.103,0.2454,0.3322,0.0254,0.037,0.0053,0.9845,0.884,0.3425,True,71,23
1240,1.0,0.05,treatment,11,model,0.6212,0.0849,0.025974997,-0.0013591011,0.0998,0.2282,0.3188,0.047,0.0425,0.0137,0.9221,0.912,0.1106,True,85,26
1240,1.0,0.05,frozen,0,prior,0.6,0.0175,0.0470170749,0.0,0.3712,0.0213,0.3925,0.1485,0.0479,0.0002,0.9746,0.8699,0.2125,True,0,0
1240,1.0,0.05,frozen,1,model,0.6178,0.1206,0.0149440342,-6.55311e-05,0.2143,0.0237,0.2381,0.1464,0.0046,0.0004,0.9229,0.7659,0.0031,True,71,13
1240,1.0,0.05,frozen,2,model,0.6152,0.1247,0.0118034913,-0.0007892116,0.2219,0.0237,0.2456,0.1523,0.0061,0.0007,0.9227,0.7478,0.0013,True,61,16
1240,1.0,0.05,frozen,3,model,0.6192,0.1288,0.012480763,-0.0010453057,0.2166,0.0237,0.2403,0.1523,0.0051,0.0008,0.9191,0.7872,0.0,True,77,20
1240,1.0,0.05,frozen,4,model,0.6218,0.123,0.0121784757,-0.0015771218,0.2188,0.0237,0.2426,0.1492,0.0055,0.0002,0.92,0.7779,0.0044,True,87,25
1240,1.0,0.05,frozen,5,model,0.62,0.129,0.0119640771,-0.0005837687,0.2138,0.0237,0.2375,0.1513,0.0045,0.0001,0.9169,0.8075,0.0013,True,80,17
1240,1.0,0.05,frozen,6,model,0.6208,0.1297,0.009896655,-0.0004016815,0.2076,0.0237,0.2314,0.149,0.0034,0.0002,0.9127,0.7894,0.0019,True,83,17
1240,1.0,0.05,frozen,7,model,0.6212,0.1247,0.0153507756,-0.0014316273,0.2165,0.0237,0.2403,0.1494,0.0051,0.0002,0.9126,0.7689,0.0006,True,85,28
1240,1.0,0.05,frozen,8,model,0.6188,0.1244,0.0137565048,-0.0017982629,0.23,0.0237,0.2538,0.1548,0.0078,0.0,0.9261,0.7364,0.0025,True,75,29
1240,1.0,0.05,frozen,9,model,0.6178,0.1226,0.0153667052,-0.0007051802,0.2222,0.0237,0.2459,0.151,0.0062,0.0006,0.9298,0.7506,0.0013,True,71,16
1240,1.0,0.05,frozen,10,model,0.6178,0.1222,0.0138639898,-0.0008690746,0.2215,0.0237,0.2453,0.1503,0.0061,0.0004,0.9233,0.7715,0.0044,True,71,16
1240,1.0,0.05,frozen,11,model,0.6228,0.122,0.0127802089,-0.0014818661,0.2347,0.0237,0.2584,0.1544,0.0089,0.0002,0.9145,0.7533,0.0019,True,91,27
1240,1.0,0.05,prior,0,prior,0.6192,0.0307,0.0444942431,-0.0025228318,0.1314,0.2925,0.39,0.0188,0.0507,0.0013,0.9746,0.8699,0.2125,True,77,34
1240,1.0,0.05,prior,1,model,0.6215,0.0213,0.0465689062,-0.0025165734,0.1493,0.2635,0.4022,0.0541,0.0537,0.0006,0.9722,0.798,0.2238,True,86,31
1240,1.0,0.05,prior,2,model,0.6195,0.0335,0.0426579595,-0.0032403182,0.152,0.32,0.3955,0.0623,0.0506,0.0001,0.9744,0.8168,0.2031,True,78,36
1240,1.0,0.05,prior,3,model,0.6208,0.0318,0.0432337739,-0.0033602481,0.0952,0.3169,0.3995,0.0367,0.0519,0.0,0.9745,0.7973,0.2106,True,83,37
1240,1.0,0.05,prior,4,model,0.6232,0.0293,0.0436818423,-0.0032513816,0.1491,0.2499,0.3981,0.0266,0.0522,0.0003,0.9711,0.8561,0.2144,True,93,39
1240,1.0,0.05,prior,5,model,0.621,0.0282,0.0445525445,-0.0029180568,0.1421,0.3514,0.403,0.0883,0.0534,0.0,0.9696,0.7905,0.2156,True,84,36
1240,1.0,0.05,prior,6,model,0.6195,0.0258,0.0449266368,-0.0018944754,0.1699,0.2775,0.4001,0.0325,0.0532,0.0001,0.9751,0.8676,0.2269,True,78,30
1240,1.0,0.05,prior,7,model,0.62,0.0262,0.0459420559,-0.0024561977,0.0961,0.3671,0.4007,0.0626,0.0525,0.0,0.971,0.8248,0.22,True,80,36
1240,1.0,0.05,prior,8,model,0.6188,0.0323,0.0437488015,-0.0024578462,0.0971,0.3062,0.4033,0.0412,0.0553,0.0005,0.9684,0.7686,0.1888,True,75,34
1240,1.0,0.05,prior,9,model,0.621,0.0262,0.0455335491,-0.0018816258,0.1929,0.282,0.405,0.0496,0.0547,0.0009,0.9703,0.8104,0.205,True,84,29
1240,1.0,0.05,prior,10,model,0.6172,0.0243,0.0449236174,-0.0020303745,0.2301,0.1729,0.403,0.0723,0.0534,0.0014,0.9745,0.8033,0.2156,True,69,23
1240,1.0,0.05,prior,11,model,0.6208,0.0254,0.0453577199,-0.0027229354,0.1732,0.2985,0.416,0.0427,0.0575,0.0001,0.9726,0.8606,0.2394,True,83,35
1256,0.2,0.0,treatment,0,prior,0.6,0.1425,0.0077668636,0.0,0.0469,0.2215,0.2194,0.0175,0.0248,0.0277,0.7905,0.9758,0.0,False,0,0
1256,0.2,0.0,treatment,1,model,0.6,0.045,0.0368894945,0.0,0.1927,0.1579,0.3506,0.0761,0.0413,0.0019,0.9955,0.9388,0.4169,True,0,0
1256,0.2,0.0,treatment,2,model,0.6,0.0558,0.0333788528,0.0,0.1539,0.183,0.3369,0.0606,0.044,0.0065,0.99,0.8612,0.315,True,0,0
1256,0.2,0.0,treatment,3,model,0.6,0.0508,0.0360667891,0.0,0.1594,0.1749,0.3344,0.0601,0.0401,0.0051,0.9808,0.8818,0.25,True,0,0
1256,0.2,0.0,treatment,4,model,0.6,0.0604,0.0340173787,0.0,0.0958,0.239,0.3306,0.0362,0.0433,0.01,0.9735,0.8616,0.1906,True,0,0
1256,0.2,0.0,treatment,5,model,0.6,0.045,0.037496,0.0,0.2008,0.1598,0.3606,0.0794,0.0436,0.0045,0.9936,0.93,0.3025,True,0,0
1256,0.2,0.0,treatment,6,model,0.6,0.0667,0.0303383215,0.0,0.1075,0.2878,0.3331,0.03,0.0439,0.0077,0.9872,0.841,0.2662,True,0,0
1256,0.2,0.0,treatment,7,model,0.6,0.0454,0.0378510831,0.0,0.2117,0.1396,0.3513,0.0851,0.0429,0.0019,0.9821,0.9075,0.2675,True,0,0
1256,0.2,0.0,treatment,8,model,0.6,0.0517,0.0361878614,0.0,0.0809,0.2771,0.3488,0.0259,0.0446,0.0071,0.9928,0.8874,0.3431,True,0,0
1256,0.2,0.0,treatment,9,model,0.6,0.0517,0.0352448026,0.0,0.1748,0.312,0.3525,0.0583,0.0432,0.0026,0.9957,0.9236,0.4163,True,0,0
1256,0.2,0.0,treatment,10,model,0.6,0.0517,0.0363583789,0.0,0.1546,0.3081,0.3481,0.0533,0.0396,0.0024,0.9882,0.8231,0.3031,True,0,0
1256,0.2,0.0,treatment,11,model,0.6,0.0642,0.0320488743,0.0,0.1135,0.2842,0.3438,0.0337,0.0412,0.0031,0.9925,0.9169,0.4119,True,0,0
1256,0.2,0.0,frozen,0,prior,0.6,0.1425,0.0077668636,0.0,0.0469,0.2215,0.2194,0.0175,0.0248,0.0277,0.7905,0.9758,0.0,False,0,0
1256,0.2,0.0,frozen,1,model,0.6,0.045,0.0368894945,0.0,0.0629,0.383,0.3506,0.0264,0.0457,0.0062,0.9955,0.9388,0.4169,True,0,0
1256,0.2,0.0,frozen,2,model,0.6,0.0358,0.0405698808,0.0,0.051,0.3838,0.3669,0.0229,0.0513,0.0024,0.9944,0.9437,0.3644,True,0,0
1256,0.2,0.0,frozen,3,model,0.6,0.0429,0.0391870581,0.0,0.0714,0.3782,0.3463,0.0302,0.0439,0.004,0.994,0.9221,0.37,True,0,0
1256,0.2,0.0,frozen,4,model,0.6,0.04,0.0392965922,0.0,0.0375,0.37,0.3613,0.0164,0.0518,0.0064,0.9947,0.905,0.4163,True,0,0
1256,0.2,0.0,frozen,5,model,0.6,0.0458,0.037030742,0.0,0.0528,0.3788,0.3594,0.0245,0.0478,0.0038,0.9945,0.9315,0.3862,True,0,0
1256,0.2,0.0,frozen,6,model,0.6,0.0517,0.0350321436,0.0,0.0666,0.3697,0.3556,0.0317,0.048,0.0052,0.9939,0.9148,0.3675,True,0,0
1256,0.2,0.0,frozen,7,model,0.6,0.0413,0.0395083172,0.0,0.0455,0.3698,0.3575,0.0173,0.0484,0.0031,0.9949,0.9312,0.4075,True,0,0
1256,0.2,0.0,frozen,8,model,0.6,0.0346,0.0414509711,0.0,0.0684,0.3843,0.3744,0.0278,0.0522,0.0034,0.9941,0.9352,0.385,True,0,0
1256,0.2,0.0,frozen,9,model,0.6,0.0442,0.0369835751,0.0,0.0483,0.3792,0.3638,0.0206,0.0493,0.0003,0.9945,0.936,0.385,True,0,0
1256,0.2,0.0,frozen,10,model,0.6,0.0488,0.0367723098,0.0,0.049,0.378,0.3525,0.0243,0.0472,0.0091,0.9948,0.9377,0.3956,True,0,0
1256,0.2,0.0,frozen,11,model,0.6,0.0483,0.0377046013,0.0,0.0618,0.38,0.3675,0.028,0.0497,0.0033,0.9938,0.9248,0.3663,True,0,0
1256,0.2,0.0,prior,0,prior,0.6,0.1425,0.0077668636,0.0,0.0469,0.2215,0.2194,0.0175,0.0248,0.0277,0.7905,0.9758,0.0,False,0,0
1256,0.2,0.0,prior,1,model,0.6,0.1304,0.0094100549,0.0,0.0441,0.1847,0.2225,0.0321,0.0286,0.0315,0.7892,0.9781,0.0,False,0,0
1256,0.2,0.0,prior,2,model,0.6,0.1237,0.0144356599,0.0,0.0731,0.1751,0.235,0.026,0.0303,0.0272,0.7857,0.9771,0.0,False,0,0
1256,0.2,0.0,prior,3,model,0.6,0.1208,0.0146674642,0.0,0.0562,0.1744,0.2294,0.0365,0.0299,0.03,0.7732,0.9747,0.0,False,0,0
1256,0.2,0.0,prior,4,model,0.6,0.1275,0.0139065562,0.0,0.047,0.1852,0.23,0.0229,0.0332,0.0325,0.7775,0.9794,0.0,False,0,0
1256,0.2,0.0,prior,5,model,0.6,0.1408,0.00763343,0.0,0.0335,0.1993,0.2169,0.0179,0.0278,0.0351,0.7909,0.9786,0.0,False,0,0
1256,0.2,0.0,prior,6,model,0.6,0.1417,0.0062557221,0.0,0.0264,0.1969,0.2206,0.0256,0.0267,0.033,0.7927,0.9758,0.0,False,0,0
1256,0.2,0.0,prior,7,model,0.6,0.1275,0.0119876857,0.0,0.0548,0.1829,0.2281,0.0163,0.0294,0.031,0.7982,0.975,0.0,False,0,0
1256,0.2,0.0,prior,8,model,0.6,0.14,0.0082526975,0.0,0.0333,0.2086,0.2162,0.016,0.0295,0.0369,0.7985,0.9757,0.0,False,0,0
1256,0.2,0.0,prior,9,model,0.6,0.1408,0.0076729012,0.0,0.0242,0.1981,0.2188,0.0262,0.0274,0.0329,0.8008,0.9786,0.0,False,0,0
1256,0.2,0.0,prior,10,model,0.6,0.1233,0.0152091409,0.0,0.0454,0.2012,0.2406,0.0152,0.0322,0.0293,0.793,0.9707,0.0,False,0,0
1256,0.2,0.0,prior,11,model,0.6,0.145,0.0050095572,0.0,0.0283,0.2035,0.2225,0.0245,0.0278,0.0282,0.7965,0.9768,0.0,False,0,0
1256,0.2,0.05,treatment,0,prior,0.6205,0.1463,0.0069949356,-0.0007719281,0.0465,0.1997,0.2174,0.0294,0.0232,0.0269,0.7905,0.9758,0.0,False,82,21
1256,0.2,0.05,treatment,1,model,0.621,0.0527,0.0363397382,-0.0012660842,0.1984,0.1565,0.3549,0.0736,0.044,0.0038,0.9861,0.879,0.3306,True,84,26
1256,0.2,0.05,treatment,2,model,0.6215,0.0704,0.0302639881,-0.0020611867,0.1475,0.3335,0.3289,0.0487,0.0435,0.013,0.9766,0.8345,0.23,True,86,31
1256,0.2,0.05,treatment,3,model,0.6208,0.0572,0.0363964781,-0.0017307144,0.0923,0.4122,0.3395,0.0583,0.0441,0.0081,0.9901,0.9271,0.3456,True,83,32
1256,0.2,0.05,treatment,4,model,0.6212,0.0588,0.0359753969,-0.0012066368,0.1144,0.2933,0.3485,0.0282,0.0434,0.0039,0.971,0.9207,0.3106,True,85,23
1256,0.2,0.05,treatment,5,model,0.6218,0.0945,0.0235385665,-0.0016223002,0.0851,0.2685,0.2974,0.0325,0.0407,0.0184,0.9093,0.8515,0.0519,True,87,27
1256,0.2,0.05,treatment,6,model,0.622,0.0663,0.0327029159,-0.0023648156,0.0943,0.2839,0.3492,0.0368,0.0436,0.0065,0.9904,0.8674,0.3175,True,88,36
1256,0.2,0.05,treatment,7,model,0.6212,0.062,0.0345056268,-0.0015472976,0.1498,0.3736,0.3413,0.0549,0.0421,0.004,0.9763,0.9077,0.335,True,85,30
1256,0.2,0.05,treatment,8,model,0.6195,0.0589,0.0343741421,-0.0024813004,0.1676,0.2721,0.3522,0.0611,0.048,0.0097,0.9908,0.9268,0.3194,True,78,32
1256,0.2,0.05,treatment,9,model,0.622,0.0639,0.0315779372,-0.0033970146,0.1203,0.2667,0.3499,0.0421,0.0454,0.0054,0.9922,0.9226,0.4044,True,88,39
1256,0.2,0.05,treatment,10,model,0.624,0.0625,0.0346460181,-0.0021610735,0.1488,0.3246,0.3491,0.0529,0.0429,0.0036,0.9847,0.9026,0.295,True,96,37
1256,0.2,0.05,treatment,11,model,0.626,0.0763,0.0283150554,-0.003499404,0.101,0.3617,0.3429,0.0631,0.0442,0.008,0.9847,0.9018,0.2525,True,104,41
1256,0.2,0.05,frozen,0,prior,0.6,0.1425,0.0077668636,0.0,0.0469,0.2215,0.2194,0.0175,0.0248,0.0277,0.7905,0.9758,0.0,False,0,0
1256,0.2,0.05,frozen,1,model,0.6218,0.0539,0.0357508888,-0.0011386058,0.0623,0.3835,0.3536,0.0264,0.0467,0.0065,0.9955,0.9388,0.4169,True,87,26
1256,0.2,0.05,frozen,2,model,0.6198,0.0488,0.0376789837,-0.0028908971,0.0538,0.3822,0.3629,0.0229,0.05,0.0029,0.9944,0.9437,0.3644,True,79,35
1256,0.2,0.05,frozen,3,model,0.6215,0.0551,0.0374436996,-0.0017433585,0.0717,0.3793,0.3435,0.0302,0.043,0.0034,0.994,0.9221,0.37,True,86,34
1256,0.2,0.05,frozen,4,model,0.6218,0.0491,0.03798669,-0.0013099022,0.037,0.3708,0.3648,0.0164,0.0518,0.0068,0.9947,0.905,0.4163,True,87,26
1256,0.2,0.05,frozen,5,model,0.6218,0.0563,0.0348834104,-0.0021473316,0.056,0.379,0.3602,0.0245,0.0476,0.0036,0.9945,0.9315,0.3862,True,87,30
1256,0.2,0.05,frozen,6,model,0.6212,0.064,0.0327591742,-0.0022729694,0.0675,0.3682,0.3525,0.0317,0.0469,0.005,0.9939,0.9148,0.3675,True,85,35
1256,0.2,0.05,frozen,7,model,0.625,0.0532,0.0375004653,-0.0020078519,0.0482,0.3702,0.3587,0.0173,0.0485,0.0029,0.9949,0.9312,0.4075,True,100,34
1256,0.2,0.05,frozen,8,model,0.618,0.0453,0.0391577218,-0.0022932492,0.0717,0.3835,0.373,0.0278,0.0505,0.0035,0.9941,0.9352,0.385,True,72,29
1256,0.2,0.05,frozen,9,model,0.6248,0.0592,0.0335873472,-0.0033962279,0.047,0.3774,0.3598,0.0206,0.0483,0.0002,0.9945,0.936,0.385,True,99,42
1256,0.2,0.05,frozen,10,model,0.6215,0.0619,0.0344541667,-0.0023181431,0.0504,0.3775,0.3481,0.0243,0.0458,0.0085,0.9948,0.9377,0.3956,True,86,37
1256,0.2,0.05,frozen,11,model,0.625,0.062,0.0343763977,-0.0033282036,0.0562,0.3816,0.366,0.028,0.0496,0.0027,0.9938,0.9248,0.3663,True,100,39
1256,0.2,0.05,prior,0,prior,0.6205,0.1463,0.0069949356,-0.0007719281,0.0465,0.1997,0.2174,0.0294,0.0232,0.0269,0.7905,0.9758,0.0,False,82,21
1256,0.2,0.05,prior,1,model,0.622,0.1334,0.0090221163,-0.0003879386,0.0505,0.1995,0.2229,0.0164,0.0284,0.0308,0.7892,0.9781,0.0,False,88,19
1256,0.2,0.05,prior,2,model,0.621,0.1284,0.0132397406,-0.0011959193,0.0594,0.241,0.2335,0.0324,0.0301,0.0285,0.7857,0.9771,0.0,False,84,22
1256,0.2,0.05,prior,3,model,0.623,0.1248,0.0142973132,-0.000370151,0.0683,0.1875,0.2294,0.0267,0.0245,0.0257,0.7732,0.9747,0.0,False,92,21
1256,0.2,0.05,prior,4,model,0.62,0.1306,0.0132249859,-0.0006815703,0.0645,0.1942,0.2303,0.0255,0.0302,0.0316,0.7775,0.9794,0.0,False,80,18
1256,0.2,0.05,prior,5,model,0.6182,0.1427,0.0072318186,-0.0004016115,0.0251,0.2299,0.2174,0.0265,0.0232,0.0315,0.7909,0.9786,0.0,False,73,15
1256,0.2,0.05,prior,6,model,0.621,0.1469,0.0051180679,-0.0011376542,0.0848,0.1733,0.2164,0.0431,0.0273,0.033,0.7927,0.9758,0.0,False,84,25
1256,0.2,0.05,prior,7,model,0.6228,0.1305,0.0121571847,0.000169499,0.0312,0.2421,0.2293,0.0399,0.0275,0.0264,0.7982,0.975,0.0,False,91,19
1256,0.2,0.05,prior,8,model,0.6192,0.1425,0.007359324,-0.0008933735,0.0396,0.1859,0.216,0.0368,0.0252,0.0355,0.7985,0.9757,0.0,False,77,17
1256,0.2,0.05,prior,9,model,0.6215,0.1456,0.0063355515,-0.0013373496,0.0395,0.1939,0.2153,0.0392,0.0255,0.0303,0.8008,0.9786,0.0,False,86,24
1256,0.2,0.05,prior,10,model,0.6232,0.1312,0.0137551029,-0.001454038,0.065,0.2752,0.2349,0.0518,0.0227,0.0298,0.793,0.9707,0.0,False,93,31
1256,0.2,0.05,prior,11,model,0.6228,0.1509,0.0030569022,-0.001952655,0.0639,0.2314,0.2174,0.0381,0.0257,0.0279,0.7965,0.9768,0.0,False,91,28
1256,0.4,0.0,treatment,0,prior,0.6,0.0904,0.0237922088,0.0,0.0908,0.2067,0.2975,0.0323,0.0398,0.0176,0.8254,0.9126,0.0025,False,0,0
1256,0.4,0.0,treatment,1,model,0.6,0.0512,0.0357906902,0.0,0.1679,0.1734,0.3412,0.0661,0.0416,0.0055,0.9939,0.9339,0.3575,True,0,0
1256,0.4,0.0,treatment,2,model,0.6,0.0542,0.0341414317,0.0,0.1324,0.207,0.3394,0.0503,0.0446,0.0071,0.9854,0.7343,0.2637,True,0,0
1256,0.4,0.0,treatment,3,model,0.6,0.0483,0.037492263,0.0,0.1537,0.1844,0.3381,0.0568,0.0415,0.0066,0.992,0.9239,0.3131,True,0,0
1256,0.4,0.0,treatment,4,model,0.6,0.0587,0.0345851214,0.0,0.154,0.1791,0.3331,0.0593,0.0427,0.0085,0.9625,0.8622,0.1781,True,0,0
1256,0.4,0.0,treatment,5,model,0.6,0.0488,0.0362876506,0.0,0.2061,0.1489,0.355,0.0828,0.0442,0.0035,0.9878,0.8887,0.2931,True,0,0
1256,0.4,0.0,treatment,6,model,0.6,0.0671,0.0304222134,0.0,0.1373,0.236,0.3325,0.0477,0.0403,0.0079,0.9896,0.8157,0.2331,True,0,0
1256,0.4,0.0,treatment,7,model,0.6,0.0583,0.0335476968,0.0,0.1234,0.2222,0.3319,0.051,0.0416,0.0086,0.9814,0.8278,0.2487,True,0,0
1256,0.4,0.0,treatment,8,model,0.6,0.0433,0.0386719556,0.0,0.1769,0.2185,0.3613,0.065,0.0444,0.0,0.9952,0.9383,0.3962,True,0,0
1256,0.4,0.0,treatment,9,model,0.6,0.0708,0.0293785215,0.0,0.1075,0.2281,0.3237,0.0427,0.0408,0.0081,0.9821,0.8797,0.2806,True,0,0
1256,0.4,0.0,treatment,10,model,0.6,0.0517,0.037064433,0.0,0.1488,0.1993,0.3481,0.0565,0.0377,0.0015,0.9884,0.7445,0.2913,True,0,0
1256,0.4,0.0,treatment,11,model,0.6,0.0683,0.0305679699,0.0,0.1347,0.2254,0.3375,0.0527,0.0447,0.006,0.9899,0.8815,0.2806,True,0,0
1256,0.4,0.0,frozen,0,prior,0.6,0.0904,0.0237922088,0.0,0.0908,0.2067,0.2975,0.0323,0.0398,0.0176,0.8254,0.9126,0.0025,False,0,0
1256,0.4,0.0,frozen,1,model,0.6,0.0512,0.0357906902,0.0,0.0517,0.2914,0.3412,0.0325,0.042,0.0012,0.9939,0.9339,0.3575,True,0,0
1256,0.4,0.0,frozen,2,model,0.6,0.0387,0.0386489444,0.0,0.0721,0.2921,0.3625,0.0334,0.046,0.0008,0.9945,0.9225,0.3488,True,0,0
1256,0.4,0.0,frozen,3,model,0.6,0.0488,0.0372831537,0.0,0.0506,0.2873,0.3375,0.0307,0.0406,0.0047,0.9948,0.9505,0.3494,True,0,0
1256,0.4,0.0,frozen,4,model,0.6,0.0425,0.038808268,0.0,0.0756,0.2819,0.3575,0.0383,0.0472,0.004,0.9945,0.9354,0.3706,True,0,0
1256,0.4,0.0,frozen,5,model,0.6,0.0479,0.0361527357,0.0,0.0687,0.2884,0.3563,0.0367,0.0444,0.0013,0.9928,0.9164,0.3075,True,0,0
1256,0.4,0.0,frozen,6,model,0.6,0.05,0.0357118184,0.0,0.0734,0.2863,0.3581,0.0403,0.0442,0.0005,0.9946,0.9424,0.3156,True,0,0
1256,0.4,0.0,frozen,7,model,0.6,0.0492,0.0368584829,0.0,0.0661,0.2799,0.3456,0.0378,0.0425,0.0009,0.9943,0.9411,0.34,True,0,0
1256,0.4,0.0,frozen,8,model,0.6,0.0446,0.0388848166,0.0,0.0772,0.288,0.3594,0.0394,0.0459,0.0024,0.9947,0.9034,0.3381,True,0,0
1256,0.4,0.0,frozen,9,model,0.6,0.0504,0.0347803713,0.0,0.0702,0.2849,0.3544,0.0405,0.0451,0.0022,0.9954,0.9425,0.3538,True,0,0
1256,0.4,0.0,frozen,10,model,0.6,0.0542,0.0360942842,0.0,0.0609,0.2849,0.3444,0.0392,0.0422,0.0032,0.9938,0.9337,0.3369,True,0,0
1256,0.4,0.0,frozen,11,model,0.6,0.0567,0.0337001519,0.0,0.0699,0.2898,0.355,0.0427,0.0429,0.0001,0.9938,0.9304,0.3575,True,0,0
1256,0.4,0.0,prior,0,prior,0.6,0.0904,0.0237922088,0.0,0.0908,0.2067,0.2975,0.0323,0.0398,0.0176,0.8254,0.9126,0.0025,False,0,0
1256,0.4,0.0,prior,1,model,0.6,0.0854,0.0234613596,0.0,0.0965,0.2107,0.29,0.033,0.041,0.0196,0.8281,0.9254,0.0025,False,0,0
1256,0.4,0.0,prior,2,model,0.6,0.0771,0.0285527334,0.0,0.1239,0.2118,0.305,0.0402,0.0418,0.0179,0.8398,0.9229,0.0013,False,0,0
1256,0.4,0.0,prior,3,model,0.6,0.0746,0.028797528,0.0,0.1306,0.1765,0.2988,0.0476,0.0409,0.0195,0.8278,0.9162,0.0031,False,0,0
1256,0.4,0.0,prior,4,model,0.6,0.0858,0.0266121691,0.0,0.0906,0.2401,0.2925,0.0246,0.0403,0.0184,0.8208,0.9186,0.0019,False,0,0
1256,0.4,0.0,prior,5,model,0.6,0.0887,0.0248586952,0.0,0.0914,0.2146,0.295,0.0368,0.0414,0.0238,0.8128,0.92,0.0013,False,0,0
1256,0.4,0.0,prior,6,model,0.6,0.0875,0.0239634352,0.0,0.1304,0.1714,0.3019,0.0611,0.0432,0.0214,0.8393,0.9042,0.0006,False,0,0
1256,0.4,0.0,prior,7,model,0.6,0.0804,0.0270166079,0.0,0.1069,0.201,0.2988,0.0379,0.0418,0.0195,0.8351,0.9065,0.0013,False,0,0
1256,0.4,0.0,prior,8,model,0.6,0.0921,0.0225079876,0.0,0.0958,0.2036,0.2881,0.0376,0.0394,0.0242,0.8211,0.921,0.0056,False,0,0
1256,0.4,0.0,prior,9,model,0.6,0.0933,0.0225262004,0.0,0.0884,0.2032,0.29,0.0359,0.04,0.0189,0.8241,0.9112,0.0,False,0,0
1256,0.4,0.0,prior,10,model,0.6,0.0796,0.0283270047,0.0,0.1301,0.1777,0.3063,0.0516,0.0437,0.0203,0.8402,0.9021,0.0037,False,0,0
1256,0.4,0.0,prior,11,model,0.6,0.0862,0.0234799837,0.0,0.1113,0.2164,0.3106,0.0311,0.0412,0.0152,0.8259,0.9066,0.0013,False,0,0
1256,0.4,0.05,treatment,0,prior,0.621,0.099,0.0222639472,-0.0015282616,0.0624,0.3026,0.2949,0.049,0.0398,0.0186,0.8254,0.9126,0.0025,False,84,29
1256,0.4,0.05,treatment,1,model,0.6198,0.0597,0.0343338798,-0.0009842841,0.1148,0.2605,0.3425,0.0446,0.0409,0.0036,0.9897,0.8916,0.3638,True,79,24
1256,0.4,0.05,treatment,2,model,0.6202,0.0661,0.0311253029,-0.0019642997,0.1106,0.2974,0.3351,0.0374,0.045,0.0103,0.9687,0.8948,0.1913,True,81,30
1256,0.4,0.05,treatment,3,model,0.621,0.0568,0.0369075284,-0.0016911149,0.1764,0.3998,0.3404,0.0794,0.0428,0.0042,0.9939,0.9498,0.3881,True,84,31
1256,0.4,0.05,treatment,4,model,0.6212,0.064,0.0334475636,-0.0014950291,0.0746,0.2945,0.3399,0.0318,0.0423,0.0067,0.9518,0.9166,0.2075,True,85,27
1256,0.4,0.05,treatment,5,model,0.6218,0.0756,0.0286214743,-0.0021424026,0.115,0.2982,0.3285,0.0756,0.039,0.0059,0.9829,0.9147,0.2188,True,87,30
1256,0.4,0.05,treatment,6,model,0.6232,0.081,0.0285260475,-0.0020682678,0.1201,0.3423,0.3258,0.0279,0.0384,0.004,0.9723,0.619,0.2,True,93,34
1256,0.4,0.05,treatment,7,model,0.6198,0.0803,0.0285566639,-0.001303022,0.0777,0.2415,0.3103,0.0347,0.0401,0.012,0.9163,0.8539,0.0587,True,79,27
1256,0.4,0.05,treatment,8,model,0.619,0.0578,0.035413057,-0.0020633545,0.2103,0.3506,0.3537,0.0751,0.0465,0.0064,0.9832,0.9186,0.3369,True,76,28
1256,0.4,0.05,treatment,9,model,0.6248,0.0636,0.0323016618,-0.0037716139,0.1502,0.355,0.3524,0.0486,0.0427,0.0011,0.9938,0.8116,0.3644,True,99,44
1256,0.4,0.05,treatment,10,model,0.6212,0.0728,0.0312821546,-0.0019599813,0.0434,0.3029,0.33,0.0363,0.0418,0.008,0.9723,0.9361,0.2494,True,85,33
1256,0.4,0.05,treatment,11,model,0.6225,0.0675,0.0318311339,-0.0029828799,0.04,0.3262,0.355,0.0244,0.0469,0.0064,0.9917,0.8532,0.3438,True,90,35
1256,0.4,0.05,frozen,0,prior,0.6,0.0904,0.0237922088,0.0,0.0908,0.2067,0.2975,0.0323,0.0398,0.0176,0.8254,0.9126,0.0025,False,0,0
1256,0.4,0.05,frozen,1,model,0.6205,0.0588,0.0348125863,-0.0009781039,0.0542,0.2923,0.3445,0.0325,0.0429,0.0005,0.9939,0.9339,0.3575,True,82,23
1256,0.4,0.05,frozen,2,model,0.6195,0.0508,0.0359716171,-0.0026773272,0.0709,0.2902,0.3594,0.0334,0.0449,0.0007,0.9945,0.9225,0.3488,True,78,33
1256,0.4,0.05,frozen,3,model,0.6208,0.058,0.0360536589,-0.0012294948,0.0532,0.2884,0.3382,0.0307,0.0406,0.0042,0.9948,0.9505,0.3494,True,83,27
1256,0.4,0.05,frozen,4,model,0.6212,0.0523,0.0372219787,-0.0015862892,0.0788,0.2826,0.3591,0.0383,0.048,0.004,0.9945,0.9354,0.3706,True,85,28
1256,0.4,0.05,frozen,5,model,0.6215,0.0591,0.0337815034,-0.0023712323,0.0679,0.2883,0.3554,0.0367,0.0441,0.0012,0.9928,0.9164,0.3075,True,86,32
1256,0.4,0.05,frozen,6,model,0.6232,0.0638,0.0332491694,-0.002462649,0.0698,0.2864,0.3543,0.0403,0.0432,0.0005,0.9946,0.9424,0.3156,True,93,39
1256,0.4,0.05,frozen,7,model,0.6238,0.0601,0.035007752,-0.0018507309,0.0665,0.2802,0.3462,0.0378,0.0424,0.0006,0.9943,0.9411,0.34,True,95,32
1256,0.4,0.05,frozen,8,model,0.6195,0.0553,0.0367001397,-0.0021846769,0.0781,0.2878,0.3581,0.0394,0.0451,0.0021,0.9947,0.9034,0.3381,True,78,30
1256,0.4,0.05,frozen,9,model,0.6242,0.0653,0.0311574015,-0.0036229699,0.0676,0.2826,0.3493,0.0405,0.0439,0.0031,0.9954,0.9425,0.3538,True,97,42
1256,0.4,0.05,frozen,10,model,0.6235,0.067,0.0338858166,-0.0022084676,0.0563,0.2865,0.3413,0.0392,0.0412,0.0031,0.9938,0.9337,0.3369,True,94,37
1256,0.4,0.05,frozen,11,model,0.6232,0.0694,0.0305338572,-0.0031662947,0.0674,0.2895,0.3524,0.0427,0.0426,0.0001,0.9938,0.9304,0.3575,True,93,37
1256,0.4,0.05,prior,0,prior,0.621,0.099,0.0222639472,-0.0015282616,0.0624,0.3026,0.2949,0.049,0.0398,0.0186,0.8254,0.9126,0.0025,False,84,29
1256,0.4,0.05,prior,1,model,0.6222,0.092,0.0226342596,-0.0008271,0.071,0.2242,0.2912,0.0559,0.0376,0.0187,0.8281,0.9254,0.0025,False,89,24
1256,0.4,0.05,prior,2,model,0.6222,0.0848,0.0270152083,-0.0015375251,0.0681,0.272,0.3058,0.0195,0.0431,0.0152,0.8398,0.9229,0.0013,False,89,26
1256,0.4,0.05,prior,3,model,0.6225,0.0827,0.0276822779,-0.0011152502,0.1221,0.2122,0.2987,0.0359,0.0386,0.0172,0.8278,0.9162,0.0031,False,90,27
1256,0.4,0.05,prior,4,model,0.6208,0.0918,0.0255241162,-0.0010880529,0.1138,0.2354,0.294,0.0391,0.0383,0.0188,0.8208,0.9186,0.0019,False,83,22
1256,0.4,0.05,prior,5,model,0.6195,0.0956,0.0229747759,-0.0018839193,0.0819,0.2257,0.2943,0.0394,0.0415,0.0193,0.8128,0.92,0.0013,False,78,24
1256,0.4,0.05,prior,6,model,0.6225,0.0976,0.0220154892,-0.001947946,0.1259,0.196,0.298,0.0494,0.0401,0.0171,0.8393,0.9042,0.0006,False,90,33
1256,0.4,0.05,prior,7,model,0.622,0.0884,0.0259328989,-0.001083709,0.0607,0.2375,0.2983,0.0214,0.0403,0.0189,0.8351,0.9065,0.0013,False,88,27
1256,0.4,0.05,prior,8,model,0.6178,0.0987,0.0209803851,-0.0015276025,0.1164,0.2618,0.2865,0.0474,0.0369,0.0229,0.8211,0.921,0.0056,False,71,23
1256,0.4,0.05,prior,9,model,0.6232,0.1039,0.0199507167,-0.0025754837,0.063,0.2502,0.2847,0.0319,0.0377,0.0184,0.8241,0.9112,0.0,False,93,35
1256,0.4,0.05,prior,10,model,0.623,0.0903,0.0264932601,-0.0018337446,0.0829,0.3151,0.3024,0.0454,0.0384,0.0135,0.8402,0.9021,0.0037,False,92,34
1256,0.4,0.05,prior,11,model,0.6235,0.097,0.0206355429,-0.0028444408,0.0572,0.3108,0.3068,0.057,0.0411,0.0139,0.8259,0.9066,0.0013,False,94,35
1256,1.0,0.0,treatment,0,prior,0.6,0.0187,0.0456949695,0.0,0.3721,0.0329,0.405,0.1479,0.052,0.0001,0.971,0.8283,0.2188,True,0,0
1256,1.0,0.0,treatment,1,model,0.6,0.1037,0.0182664253,0.0,0.0513,0.2279,0.2625,0.0213,0.0365,0.0249,0.9075,0.8541,0.0119,True,0,0
1256,1.0,0.0,treatment,2,model,0.6,0.0458,0.0376651037,0.0,0.1421,0.2103,0.3519,0.054,0.0436,0.0029,0.9954,0.889,0.3856,True,0,0
1256,1.0,0.0,treatment,3,model,0.6,0.0512,0.0366678527,0.0,0.1452,0.195,0.3337,0.0537,0.0408,0.0066,0.9861,0.864,0.2712,True,0,0
1256,1.0,0.0,treatment,4,model,0.6,0.0533,0.036600471,0.0,0.1444,0.1969,0.3412,0.0556,0.0455,0.0064,0.982,0.7662,0.2475,True,0,0
1256,1.0,0.0,treatment,5,model,0.6,0.0437,0.0387283464,0.0,0.1932,0.1871,0.3625,0.0718,0.0441,0.0021,0.9914,0.906,0.3594,True,0,0
1256,1.0,0.0,treatment,6,model,0.6,0.0658,0.0308019929,0.0,0.0926,0.2571,0.3344,0.0303,0.0431,0.0074,0.9908,0.8124,0.2856,True,0,0
1256,1.0,0.0,treatment,7,model,0.6,0.045,0.0380163226,0.0,0.1764,0.1755,0.3519,0.0702,0.0413,0.0,0.9955,0.9146,0.3463,True,0,0
1256,1.0,0.0,treatment,8,model,0.6,0.0558,0.0352552107,0.0,0.1544,0.2097,0.3425,0.0573,0.0468,0.0094,0.982,0.9217,0.2869,True,0,0
1256,1.0,0.0,treatment,9,model,0.6,0.0483,0.0354616025,0.0,0.2135,0.1509,0.3575,0.0812,0.0437,0.0044,0.9945,0.9082,0.3725,True,0,0
1256,1.0,0.0,treatment,10,model,0.6,0.0517,0.0367472375,0.0,0.2123,0.1358,0.3481,0.0823,0.0397,0.003,0.9892,0.9125,0.2269,True,0,0
1256,1.0,0.0,treatment,11,model,0.6,0.0842,0.0256265402,0.0,0.085,0.2307,0.3137,0.0337,0.0412,0.0141,0.9403,0.8246,0.0875,True,0,0
1256,1.0,0.0,frozen,0,prior,0.6,0.0187,0.0456949695,0.0,0.3721,0.0329,0.405,0.1479,0.052,0.0001,0.971,0.8283,0.2188,True,0,0
1256,1.0,0.0,frozen,1,model,0.6,0.1037,0.0182664253,0.0,0.2261,0.0364,0.2625,0.1429,0.0163,0.002,0.9075,0.8541,0.0119,True,0,0
1256,1.0,0.0,frozen,2,model,0.6,0.1142,0.0154606769,0.0,0.2121,0.0373,0.2494,0.1435,0.0117,0.0009,0.9128,0.8611,0.0025,True,0,0
1256,1.0,0.0,frozen,3,model,0.6,0.1083,0.0177701478,0.0,0.2118,0.0364,0.2481,0.14,0.0112,0.0012,0.9101,0.8412,0.0037,True,0,0
1256,1.0,0.0,frozen,4,model,0.6,0.0946,0.0230183286,0.0,0.242,0.0374,0.2794,0.1439,0.0185,0.0001,0.915,0.8518,0.0206,True,0,0
1256,1.0,0.0,frozen,5,model,0.6,0.1113,0.0171030912,0.0,0.2242,0.0371,0.2612,0.1467,0.0153,0.0,0.9084,0.8493,0.0119,True,0,0
1256,1.0,0.0,frozen,6,model,0.6,0.1129,0.017506798,0.0,0.2271,0.0366,0.2637,0.1489,0.0138,0.0013,0.9118,0.8631,0.0025,True,0,0
1256,1.0,0.0,frozen,7,model,0.6,0.1108,0.0178872761,0.0,0.2153,0.0379,0.2531,0.1427,0.0128,0.0009,0.9068,0.8649,0.0187,True,0,0
1256,1.0,0.0,frozen,8,model,0.6,0.1071,0.0170374116,0.0,0.2274,0.0382,0.2656,0.1454,0.0164,0.0038,0.91,0.8448,0.0069,True,0,0
1256,1.0,0.0,frozen,9,model,0.6,0.1071,0.0173012,0.0,0.2312,0.0382,0.2694,0.1472,0.0171,0.0002,0.9148,0.8585,0.0112,True,0,0
1256,1.0,0.0,frozen,10,model,0.6,0.1108,0.0182922088,0.0,0.2223,0.0371,0.2594,0.1458,0.0132,0.0,0.9076,0.8587,0.0075,True,0,0
1256,1.0,0.0,frozen,11,model,0.6,0.1125,0.0166421196,0.0,0.2339,0.0373,0.2712,0.1513,0.0161,0.0,0.9094,0.8565,0.0112,True,0,0
1256,1.0,0.0,prior,0,prior,0.6,0.0187,0.0456949695,0.0,0.3721,0.0329,0.405,0.1479,0.052,0.0001,0.971,0.8283,0.2188,True,0,0
1256,1.0,0.0,prior,1,model,0.6,0.0121,0.048085107,0.0,0.3786,0.0214,0.4,0.1514,0.0506,0.0,0.9724,0.8591,0.2238,True,0,0
1256,1.0,0.0,prior,2,model,0.6,0.0163,0.0465788691,0.0,0.372,0.0242,0.3962,0.1488,0.0499,0.0009,0.9702,0.7738,0.1994,True,0,0
1256,1.0,0.0,prior,3,model,0.6,0.0142,0.0476247838,0.0,0.3603,0.0291,0.3894,0.1446,0.0476,0.0008,0.9724,0.7967,0.2125,True,0,0
1256,1.0,0.0,prior,4,model,0.6,0.0129,0.0475130863,0.0,0.384,0.0179,0.4019,0.1538,0.051,0.0001,0.9712,0.8467,0.21,True,0,0
1256,1.0,0.0,prior,5,model,0.6,0.0138,0.0471844551,0.0,0.3764,0.0311,0.4075,0.1502,0.0527,0.0002,0.9713,0.8638,0.2162,True,0,0
1256,1.0,0.0,prior,6,model,0.6,0.0133,0.0475929317,0.0,0.3943,0.0189,0.4131,0.1576,0.0542,0.0,0.9727,0.8669,0.205,True,0,0
1256,1.0,0.0,prior,7,model,0.6,0.0171,0.0463057493,0.0,0.3621,0.0317,0.3937,0.1452,0.0504,0.0,0.9728,0.8298,0.2131,True,0,0
1256,1.0,0.0,prior,8,model,0.6,0.0142,0.0472974995,0.0,0.3772,0.0278,0.405,0.1516,0.0538,0.0021,0.9728,0.7986,0.1956,True,0,0
1256,1.0,0.0,prior,9,model,0.6,0.0138,0.0469162671,0.0,0.3871,0.0222,0.4094,0.1546,0.0538,0.0,0.9725,0.8667,0.2213,True,0,0
1256,1.0,0.0,prior,10,model,0.6,0.0133,0.0476033893,0.0,0.3848,0.0209,0.4056,0.1536,0.0521,0.0007,0.9715,0.852,0.2338,True,0,0
1256,1.0,0.0,prior,11,model,0.6,0.0192,0.0455325614,0.0,0.3858,0.0255,0.4113,0.1542,0.0545,0.0001,0.9694,0.8348,0.2112,True,0,0
1256,1.0,0.05,treatment,0,prior,0.6188,0.0319,0.0431828232,-0.0025121463,0.0797,0.3623,0.4026,0.0471,0.0541,0.0,0.971,0.8283,0.2188,True,75,34
1256,1.0,0.05,treatment,1,model,0.6218,0.0676,0.0308183033,-0.00080808,0.0939,0.3114,0.3311,0.0437,0.0426,0.0102,0.9683,0.8801,0.2306,True,87,23
1256,1.0,0.05,treatment,2,model,0.6205,0.0608,0.0329019567,-0.0022900355,0.2255,0.2668,0.3439,0.0886,0.0398,0.005,0.9906,0.8981,0.3287,True,82,32
1256,1.0,0.05,treatment,3,model,0.6198,0.071,0.0319056677,-0.001216019,0.0995,0.3604,0.3162,0.0354,0.0396,0.0106,0.9491,0.7744,0.1356,True,79,28
1256,1.0,0.05,treatment,4,model,0.6202,0.0544,0.036314665,-0.0009704776,0.1065,0.2931,0.3548,0.0403,0.0501,0.0069,0.9835,0.9138,0.3119,True,81,24
1256,1.0,0.05,treatment,5,model,0.6212,0.064,0.0335836224,-0.002116424,0.1692,0.3088,0.3472,0.0592,0.0433,0.002,0.9868,0.9118,0.2575,True,85,30
1256,1.0,0.05,treatment,6,model,0.623,0.073,0.0303900709,-0.0024924217,0.0985,0.3123,0.3389,0.0222,0.0418,0.0052,0.9848,0.8971,0.2838,True,92,38
1256,1.0,0.05,treatment,7,model,0.6202,0.0657,0.0334631404,-0.001156784,0.119,0.2212,0.3344,0.0479,0.0439,0.0065,0.9685,0.6241,0.1431,True,81,26
1256,1.0,0.05,treatment,8,model,0.6185,0.0659,0.032490074,-0.0019429418,0.1564,0.3352,0.3401,0.0526,0.0453,0.0093,0.9658,0.8776,0.2756,True,74,27
1256,1.0,0.05,treatment,9,model,0.6232,0.0678,0.0306506056,-0.0034218535,0.1471,0.3206,0.3444,0.0499,0.0413,0.0029,0.9775,0.7432,0.2294,True,93,39
1256,1.0,0.05,treatment,10,model,0.622,0.0671,0.0341608425,-0.002338235,0.0454,0.3318,0.3399,0.0726,0.0412,0.0056,0.986,0.8941,0.27,True,88,38
1256,1.0,0.05,treatment,11,model,0.625,0.0804,0.026171436,-0.002260182,0.1129,0.3486,0.3353,0.0365,0.0445,0.0065,0.9571,0.8897,0.1737,True,100,32
1256,1.0,0.05,frozen,0,prior,0.6,0.0187,0.0456949695,0.0,0.3721,0.0329,0.405,0.1479,0.052,0.0001,0.971,0.8283,0.2188,True,0,0
1256,1.0,0.05,frozen,1,model,0.6212,0.1095,0.0173314135,-0.0009350118,0.2256,0.0365,0.262,0.1429,0.0165,0.0022,0.9075,0.8541,0.0119,True,85,23
1256,1.0,0.05,frozen,2,model,0.6202,0.1193,0.0143393772,-0.0011212997,0.2108,0.0374,0.2482,0.1435,0.0113,0.0009,0.9128,0.8611,0.0025,True,81,22
1256,1.0,0.05,frozen,3,model,0.6182,0.1144,0.0169590985,-0.0008110493,0.2087,0.0363,0.2449,0.14,0.0105,0.001,0.9101,0.8412,0.0037,True,73,23
1256,1.0,0.05,frozen,4,model,0.6202,0.1,0.0222334624,-0.0007848662,0.2428,0.0376,0.2804,0.1439,0.0188,0.0005,0.915,0.8518,0.0206,True,81,21
1256,1.0,0.05,frozen,5,model,0.622,0.1186,0.0154267415,-0.0016763497,0.2212,0.0368,0.2579,0.1467,0.0145,0.0,0.9084,0.8493,0.0119,True,88,28
1256,1.0,0.05,frozen,6,model,0.6215,0.1199,0.0159909897,-0.0015158083,0.2243,0.0366,0.2609,0.1489,0.0134,0.0013,0.9118,0.8631,0.0025,True,86,27
1256,1.0,0.05,frozen,7,model,0.622,0.117,0.0168469571,-0.0010403191,0.2137,0.0377,0.2513,0.1427,0.0129,0.0013,0.9068,0.8649,0.0187,True,88,25
1256,1.0,0.05,frozen,8,model,0.6192,0.1126,0.0157975828,-0.0012398288,0.2262,0.0384,0.2646,0.1454,0.0162,0.0046,0.91,0.8448,0.0069,True,77,22
1256,1.0,0.05,frozen,9,model,0.6238,0.117,0.0146427694,-0.0026584307,0.2248,0.0383,0.2631,0.1472,0.0157,0.0001,0.9148,0.8585,0.0112,True,95,35
1256,1.0,0.05,frozen,10,model,0.6222,0.1197,0.0165764579,-0.0017157509,0.2163,0.0372,0.2535,0.1458,0.0124,0.0009,0.9076,0.8587,0.0075,True,89,32
1256,1.0,0.05,frozen,11,model,0.6258,0.1187,0.0148706374,-0.0017714821,0.2347,0.0372,0.2719,0.1513,0.0159,0.0,0.9094,0.8565,0.0112,True,103,27
1256,1.0,0.05,prior,0,prior,0.6188,0.0319,0.0431828232,-0.0025121463,0.0797,0.3623,0.4026,0.0471,0.0541,0.0,0.971,0.8283,0.2188,True,75,34
1256,1.0,0.05,prior,1,model,0.6218,0.0233,0.0466143729,-0.0014707341,0.2014,0.2042,0.4038,0.0609,0.0541,0.0005,0.9724,0.8591,0.2238,True,87,29
1256,1.0,0.05,prior,2,model,0.619,0.0295,0.0436275807,-0.0029512884,0.1779,0.3813,0.3937,0.0518,0.0521,0.001,0.9702,0.7738,0.1994,True,76,34
1256,1.0,0.05,prior,3,model,0.6208,0.027,0.0458530695,-0.0017717144,0.2114,0.2875,0.3889,0.0545,0.0502,0.0003,0.9724,0.7967,0.2125,True,83,33
1256,1.0,0.05,prior,4,model,0.6202,0.0242,0.0456686511,-0.0018444352,0.1774,0.2272,0.4042,0.0415,0.0546,0.0001,0.9712,0.8467,0.21,True,81,29
1256,1.0,0.05,prior,5,model,0.6202,0.0278,0.0441215955,-0.0030628597,0.202,0.3026,0.4055,0.0462,0.0541,0.0006,0.9713,0.8638,0.2162,True,81,36
1256,1.0,0.05,prior,6,model,0.624,0.0304,0.0444472566,-0.0031456751,0.1469,0.3667,0.4102,0.04,0.0574,0.0014,0.9727,0.8669,0.205,True,96,44
1256,1.0,0.05,prior,7,model,0.6235,0.0309,0.0441084298,-0.0021973196,0.1166,0.3291,0.3944,0.0389,0.0513,0.0002,0.9728,0.8298,0.2131,True,94,36
1256,1.0,0.05,prior,8,model,0.6182,0.0271,0.0446287942,-0.0026687053,0.2027,0.2942,0.4028,0.0574,0.0563,0.0013,0.9728,0.7986,0.1956,True,73,33
1256,1.0,0.05,prior,9,model,0.6235,0.0317,0.0428150384,-0.0041012287,0.1147,0.3411,0.4044,0.0395,0.0544,0.0003,0.9725,0.8667,0.2213,True,94,46
1256,1.0,0.05,prior,10,model,0.6235,0.0305,0.0448298998,-0.0027734895,0.1573,0.3352,0.4017,0.0377,0.0542,0.0007,0.9715,0.852,0.2338,True,94,44
1256,1.0,0.05,prior,11,model,0.6218,0.035,0.0416661143,-0.003866447,0.2102,0.2761,0.4078,0.0503,0.0556,0.0,0.9694,0.8348,0.2112,True,87,41
1272,0.2,0.0,treatment,0,prior,0.6,0.1288,0.0115358049,0.0,0.044,0.1957,0.2281,0.0291,0.0315,0.0332,0.7924,0.9694,0.0,False,0,0
1272,0.2,0.0,treatment,1,model,0.6,0.0483,0.0353732795,0.0,0.199,0.1716,0.37,0.0773,0.0475,0.0025,0.9957,0.936,0.4006,True,0,0
1272,0.2,0.0,treatment,2,model,0.6,0.0625,0.0327068962,0.0,0.111,0.2381,0.3394,0.0365,0.0452,0.008,0.9867,0.8779,0.1769,True,0,0
1272,0.2,0.0,treatment,3,model,0.6,0.0558,0.0345416345,0.0,0.1824,0.1701,0.3525,0.0737,0.0431,0.0015,0.9869,0.9042,0.2869,True,0,0
1272,0.2,0.0,treatment,4,model,0.6,0.0575,0.0338581719,0.0,0.1591,0.1854,0.3419,0.0602,0.0411,0.0028,0.9877,0.8696,0.2631,True,0,0
1272,0.2,0.0,treatment,5,model,0.6,0.0537,0.0352026876,0.0,0.1592,0.1815,0.3406,0.0608,0.043,0.0087,0.9914,0.9199,0.2812,True,0,0
1272,0.2,0.0,treatment,6,model,0.6,0.0529,0.034881924,0.0,0.1334,0.2016,0.335,0.0499,0.0406,0.0034,0.9895,0.9283,0.3025,True,0,0
1272,0.2,0.0,treatment,7,model,0.6,0.0554,0.0358703814,0.0,0.1186,0.2148,0.3319,0.0439,0.0423,0.0071,0.9921,0.905,0.2525,True,0,0
1272,0.2,0.0,treatment,8,model,0.6,0.0475,0.0360382608,0.0,0.1918,0.1684,0.3588,0.073,0.0403,0.0008,0.9878,0.7374,0.2756,True,0,0
1272,0.2,0.0,treatment,9,model,0.6,0.0721,0.0305022254,0.0,0.1391,0.276,0.3137,0.0469,0.0361,0.0094,0.9637,0.69,0.1269,True,0,0
1272,0.2,0.0,treatment,10,model,0.6,0.0496,0.0356494401,0.0,0.1461,0.2169,0.3419,0.0532,0.0396,0.0053,0.9957,0.9494,0.4431,True,0,0
1272,0.2,0.0,treatment,11,model,0.6,0.065,0.0308402918,0.0,0.1084,0.26,0.3231,0.0322,0.0369,0.0037,0.9746,0.8397,0.1906,True,0,0
1272,0.2,0.0,frozen,0,prior,0.6,0.1288,0.0115358049,0.0,0.044,0.1957,0.2281,0.0291,0.0315,0.0332,0.7924,0.9694,0.0,False,0,0
1272,0.2,0.0,frozen,1,model,0.6,0.0483,0.0353732795,0.0,0.0466,0.3329,0.37,0.0255,0.0494,0.0033,0.9957,0.936,0.4006,True,0,0
1272,0.2,0.0,frozen,2,model,0.6,0.0442,0.0387364055,0.0,0.0395,0.3406,0.3669,0.0278,0.0497,0.0022,0.9963,0.9444,0.3894,True,0,0
1272,0.2,0.0,frozen,3,model,0.6,0.0454,0.0377509453,0.0,0.0579,0.3341,0.3681,0.0297,0.0461,0.0,0.9955,0.9327,0.3713,True,0,0
1272,0.2,0.0,frozen,4,model,0.6,0.0442,0.0376738035,0.0,0.0295,0.3391,0.3619,0.018,0.0465,0.0011,0.9965,0.9554,0.4338,True,0,0
1272,0.2,0.0,frozen,5,model,0.6,0.045,0.0374257623,0.0,0.0252,0.3345,0.3538,0.0197,0.0457,0.0012,0.9963,0.939,0.4106,True,0,0
1272,0.2,0.0,frozen,6,model,0.6,0.045,0.0373336093,0.0,0.0273,0.3349,0.3469,0.0193,0.0421,0.0016,0.9959,0.9499,0.3781,True,0,0
1272,0.2,0.0,frozen,7,model,0.6,0.0367,0.0408086812,0.0,0.0383,0.3354,0.36,0.0228,0.0491,0.0044,0.9962,0.942,0.4263,True,0,0
1272,0.2,0.0,frozen,8,model,0.6,0.0371,0.0400719991,0.0,0.0324,0.3464,0.3744,0.0226,0.0496,0.0004,0.9964,0.9344,0.4256,True,0,0
1272,0.2,0.0,frozen,9,model,0.6,0.0408,0.0386520278,0.0,0.0308,0.3481,0.3606,0.0195,0.047,0.0012,0.9968,0.9429,0.4012,True,0,0
1272,0.2,0.0,frozen,10,model,0.6,0.0379,0.0399557684,0.0,0.0333,0.3321,0.3594,0.0221,0.0479,0.0013,0.9955,0.9438,0.4012,True,0,0
1272,0.2,0.0,frozen,11,model,0.6,0.0421,0.0381316404,0.0,0.0462,0.3303,0.3575,0.03,0.0447,0.0027,0.9967,0.96,0.4031,True,0,0
1272,0.2,0.0,prior,0,prior,0.6,0.1288,0.0115358049,0.0,0.044,0.1957,0.2281,0.0291,0.0315,0.0332,0.7924,0.9694,0.0,False,0,0
1272,0.2,0.0,prior,1,model,0.6,0.1396,0.006888029,0.0,0.0438,0.1951,0.2331,0.019,0.0289,0.0258,0.7854,0.9715,0.0,False,0,0
1272,0.2,0.0,prior,2,model,0.6,0.1446,0.0080365822,0.0,0.0521,0.1982,0.2162,0.0504,0.0287,0.0323,0.7944,0.9787,0.0,False,0,0
1272,0.2,0.0,prior,3,model,0.6,0.1371,0.0100005625,0.0,0.0521,0.1878,0.2306,0.0226,0.0289,0.0263,0.7938,0.9749,0.0,False,0,0
1272,0.2,0.0,prior,4,model,0.6,0.1263,0.013021304,0.0,0.0668,0.1788,0.2387,0.0336,0.0307,0.0292,0.7913,0.9677,0.0,False,0,0
1272,0.2,0.0,prior,5,model,0.6,0.1363,0.0084770026,0.0,0.0427,0.1889,0.2169,0.0123,0.0226,0.0317,0.797,0.9759,0.0,False,0,0
1272,0.2,0.0,prior,6,model,0.6,0.1325,0.01006125,0.0,0.0321,0.2005,0.2156,0.021,0.0258,0.0321,0.7909,0.9714,0.0,False,0,0
1272,0.2,0.0,prior,7,model,0.6,0.1254,0.0150941897,0.0,0.0392,0.1902,0.2269,0.0179,0.0315,0.0326,0.7928,0.979,0.0,False,0,0
1272,0.2,0.0,prior,8,model,0.6,0.1263,0.0116053401,0.0,0.0612,0.1961,0.2406,0.0205,0.0322,0.0282,0.7864,0.972,0.0,False,0,0
1272,0.2,0.0,prior,9,model,0.6,0.1304,0.0109414937,0.0,0.0395,0.1898,0.2263,0.0238,0.0266,0.029,0.7805,0.9697,0.0,False,0,0
1272,0.2,0.0,prior,10,model,0.6,0.13,0.0111273005,0.0,0.0482,0.1886,0.2213,0.0277,0.0293,0.0322,0.7894,0.9782,0.0,False,0,0
1272,0.2,0.0,prior,11,model,0.6,0.1242,0.0123577542,0.0,0.0597,0.1795,0.2344,0.04,0.0313,0.028,0.7909,0.97,0.0,False,0,0
1272,0.2,0.05,treatment,0,prior,0.621,0.1288,0.0120482112,0.0005124063,0.0606,0.1729,0.2335,0.0295,0.0313,0.0286,0.7924,0.9694,0.0,False,84,11
1272,0.2,0.05,treatment,1,model,0.6238,0.0557,0.0357458429,-0.001591739,0.1031,0.3058,0.3781,0.0199,0.048,0.0005,0.9921,0.7852,0.3525,True,95,27
1272,0.2,0.05,treatment,2,model,0.6205,0.0729,0.0302192635,-0.0017653531,0.0942,0.28,0.3373,0.0473,0.041,0.0031,0.9848,0.9179,0.28,True,82,26
1272,0.2,0.05,treatment,3,model,0.6152,0.0784,0.0285807348,-0.0021291714,0.1009,0.3422,0.3281,0.0361,0.0343,0.0035,0.9833,0.925,0.2313,True,61,27
1272,0.2,0.05,treatment,4,model,0.621,0.0805,0.0264993924,-0.0016349507,0.121,0.2201,0.3199,0.0492,0.0383,0.0092,0.9504,0.8736,0.16,True,84,22
1272,0.2,0.05,treatment,5,model,0.6178,0.0749,0.0296791948,-0.0018579393,0.1197,0.3559,0.3198,0.0451,0.0408,0.0064,0.9679,0.7478,0.1462,True,71,26
1272,0.2,0.05,treatment,6,model,0.6225,0.0675,0.0313488104,-0.0006748313,0.0922,0.2392,0.3278,0.0308,0.0396,0.005,0.971,0.8823,0.2519,True,90,22
1272,0.2,0.05,treatment,7,model,0.6222,0.0639,0.0335805089,-0.0016828187,0.1237,0.26,0.3342,0.0284,0.0391,0.0096,0.9816,0.9037,0.1825,True,89,28
1272,0.2,0.05,treatment,8,model,0.625,0.0856,0.0258055102,-0.0009167444,0.0935,0.2416,0.316,0.0328,0.0387,0.0074,0.9257,0.811,0.0469,True,100,25
1272,0.2,0.05,treatment,9,model,0.615,0.0593,0.0349010703,-0.001597312,0.0906,0.3725,0.3435,0.0355,0.043,0.0068,0.9908,0.9173,0.3375,True,60,26
1272,0.2,0.05,treatment,10,model,0.6178,0.0595,0.0343562565,-0.0017913892,0.0622,0.3217,0.3394,0.0202,0.0427,0.0049,0.9932,0.887,0.3381,True,71,27
1272,0.2,0.05,treatment,11,model,0.623,0.0614,0.0337451279,-0.0012521157,0.1375,0.2603,0.3448,0.0483,0.0411,0.0021,0.9918,0.9238,0.3644,True,92,29
1272,0.2,0.05,frozen,0,prior,0.6,0.1288,0.0115358049,0.0,0.044,0.1957,0.2281,0.0291,0.0315,0.0332,0.7924,0.9694,0.0,False,0,0
1272,0.2,0.05,frozen,1,model,0.6238,0.0577,0.033518245,-0.0018550346,0.0515,0.3337,0.3748,0.0255,0.0507,0.0037,0.9957,0.936,0.4006,True,95,28
1272,0.2,0.05,frozen,2,model,0.622,0.0535,0.0369529309,-0.0017834746,0.041,0.3414,0.3704,0.0278,0.0506,0.0022,0.9963,0.9444,0.3894,True,88,27
1272,0.2,0.05,frozen,3,model,0.617,0.0559,0.0355295385,-0.0022214068,0.0598,0.3339,0.3655,0.0297,0.0455,0.0011,0.9955,0.9327,0.3713,True,68,29
1272,0.2,0.05,frozen,4,model,0.621,0.0519,0.0359428422,-0.0017309613,0.032,0.3397,0.3668,0.018,0.0477,0.0012,0.9965,0.9554,0.4338,True,84,23
1272,0.2,0.05,frozen,5,model,0.6208,0.0568,0.0346932721,-0.0027324902,0.0284,0.3347,0.3514,0.0197,0.045,0.0019,0.9963,0.939,0.4106,True,83,33
1272,0.2,0.05,frozen,6,model,0.6225,0.0542,0.0360544586,-0.0012791507,0.0236,0.3372,0.3497,0.0193,0.0432,0.0018,0.9959,0.9499,0.3781,True,90,27
1272,0.2,0.05,frozen,7,model,0.621,0.0475,0.0387096469,-0.0020990343,0.0379,0.3353,0.3602,0.0228,0.0492,0.0046,0.9962,0.942,0.4263,True,84,30
1272,0.2,0.05,frozen,8,model,0.6218,0.0487,0.0381962098,-0.0018757893,0.0325,0.3477,0.3748,0.0226,0.0499,0.0007,0.9964,0.9344,0.4256,True,87,32
1272,0.2,0.05,frozen,9,model,0.6152,0.0508,0.0370820553,-0.0015699725,0.0287,0.3477,0.3574,0.0195,0.046,0.0013,0.9968,0.9429,0.4012,True,61,27
1272,0.2,0.05,frozen,10,model,0.6185,0.0493,0.0376112035,-0.0023445649,0.0295,0.3323,0.3565,0.0221,0.0473,0.0018,0.9955,0.9438,0.4012,True,74,31
1272,0.2,0.05,frozen,11,model,0.6212,0.0527,0.0363971794,-0.0017344609,0.0454,0.3298,0.3578,0.03,0.0448,0.0027,0.9967,0.96,0.4031,True,85,30
1272,0.2,0.05,prior,0,prior,0.621,0.1288,0.0120482112,0.0005124063,0.0606,0.1729,0.2335,0.0295,0.0313,0.0286,0.7924,0.9694,0.0,False,84,11
1272,0.2,0.05,prior,1,model,0.622,0.1415,0.0064654677,-0.0004225613,0.0714,0.1663,0.2354,0.0542,0.0281,0.0235,0.7854,0.9715,0.0,False,88,17
1272,0.2,0.05,prior,2,model,0.6195,0.1469,0.0075252348,-0.0005113474,0.0456,0.1927,0.2162,0.0388,0.0283,0.0324,0.7944,0.9787,0.0,False,78,17
1272,0.2,0.05,prior,3,model,0.617,0.1394,0.0095906792,-0.0004098833,0.0404,0.2258,0.2311,0.017,0.0274,0.0285,0.7938,0.9749,0.0,False,68,15
1272,0.2,0.05,prior,4,model,0.6158,0.1283,0.0122840164,-0.0007372876,0.053,0.1932,0.2401,0.0271,0.0289,0.0271,0.7913,0.9677,0.0,False,63,13
1272,0.2,0.05,prior,5,model,0.622,0.1387,0.0081663751,-0.0003106275,0.0704,0.1622,0.2176,0.033,0.0259,0.0305,0.797,0.9759,0.0,False,88,18
1272,0.2,0.05,prior,6,model,0.6212,0.1368,0.009519399,-0.000541851,0.0436,0.2035,0.2132,0.0204,0.025,0.0296,0.7909,0.9714,0.0,False,85,22
1272,0.2,0.05,prior,7,model,0.6215,0.1295,0.0142501728,-0.0008440169,0.031,0.2147,0.2259,0.0265,0.0302,0.0343,0.7928,0.979,0.0,False,86,21
1272,0.2,0.05,prior,8,model,0.6212,0.1312,0.0106295849,-0.0009757552,0.0939,0.1712,0.2389,0.0502,0.03,0.0278,0.7864,0.972,0.0,False,85,23
1272,0.2,0.05,prior,9,model,0.618,0.1347,0.0100223928,-0.0009191009,0.0549,0.21,0.2238,0.0196,0.0267,0.0272,0.7805,0.9697,0.0,False,72,20
1272,0.2,0.05,prior,10,model,0.618,0.1319,0.0110845261,-4.27744e-05,0.058,0.1934,0.2225,0.0291,0.0301,0.0331,0.7894,0.9782,0.0,False,72,14
1272,0.2,0.05,prior,11,model,0.6192,0.1304,0.0111717873,-0.0011859669,0.0419,0.1879,0.2298,0.046,0.0238,0.0286,0.7909,0.97,0.0,False,77,25
1272,0.4,0.0,treatment,0,prior,0.6,0.0796,0.0262652364,0.0,0.1288,0.189,0.3019,0.0431,0.0403,0.0167,0.8349,0.899,0.0019,False,0,0
1272,0.4,0.0,treatment,1,model,0.6,0.0592,0.0334921782,0.0,0.1583,0.2122,0.3538,0.0638,0.0447,0.0036,0.9902,0.9266,0.2719,True,0,0
1272,0.4,0.0,treatment,2,model,0.6,0.0563,0.0348239977,0.0,0.1412,0.2075,0.3488,0.0511,0.0437,0.0033,0.9935,0.9254,0.3575,True,0,0
1272,0.4,0.0,treatment,3,model,0.6,0.0737,0.0289291845,0.0,0.097,0.2295,0.3256,0.0364,0.0411,0.0081,0.9645,0.9023,0.16,True,0,0
1272,0.4,0.0,treatment,4,model,0.6,0.0575,0.0340231171,0.0,0.1043,0.2781,0.3419,0.0372,0.0419,0.0033,0.9938,0.9122,0.3356,True,0,0
1272,0.4,0.0,treatment,5,model,0.6,0.0508,0.0361236211,0.0,0.2068,0.1382,0.345,0.0829,0.0398,0.0039,0.9906,0.9196,0.2906,True,0,0
1272,0.4,0.0,treatment,6,model,0.6,0.0667,0.0307546865,0.0,0.1263,0.1918,0.3144,0.0468,0.0357,0.0077,0.9889,0.9229,0.32,True,0,0
1272,0.4,0.0,treatment,7,model,0.6,0.0563,0.035087097,0.0,0.177,0.1536,0.3306,0.0693,0.0393,0.0099,0.9832,0.8818,0.2131,True,0,0
1272,0.4,0.0,treatment,8,model,0.6,0.0638,0.0308628035,0.0,0.1198,0.2291,0.3344,0.0438,0.0456,0.0101,0.949,0.785,0.1219,True,0,0
1272,0.4,0.0,treatment,9,model,0.6,0.0467,0.0367598304,0.0,0.1829,0.169,0.3519,0.0693,0.0424,0.0057,0.992,0.901,0.3412,True,0,0
1272,0.4,0.0,treatment,10,model,0.6,0.0571,0.0342628873,0.0,0.1475,0.1831,0.3306,0.0575,0.0439,0.0096,0.9933,0.9298,0.3237,True,0,0
1272,0.4,0.0,treatment,11,model,0.6,0.0479,0.0362444691,0.0,0.1953,0.1769,0.3488,0.0642,0.0408,0.0021,0.9874,0.8897,0.2244,True,0,0
1272,0.4,0.0,frozen,0,prior,0.6,0.0796,0.0262652364,0.0,0.1288,0.189,0.3019,0.0431,0.0403,0.0167,0.8349,0.899,0.0019,False,0,0
1272,0.4,0.0,frozen,1,model,0.6,0.0592,0.0334921782,0.0,0.0989,0.2629,0.3538,0.0588,0.0429,0.0019,0.9902,0.9266,0.2719,True,0,0
1272,0.4,0.0,frozen,2,model,0.6,0.0529,0.0358829087,0.0,0.0936,0.2833,0.3538,0.0532,0.0431,0.0039,0.9932,0.9275,0.3069,True,0,0
1272,0.4,0.0,frozen,3,model,0.6,0.0542,0.0351991911,0.0,0.1059,0.2693,0.355,0.0577,0.0427,0.0033,0.9913,0.9187,0.2644,True,0,0
1272,0.4,0.0,frozen,4,model,0.6,0.0508,0.0359387973,0.0,0.1085,0.2689,0.3519,0.0576,0.0413,0.0022,0.9899,0.9101,0.2769,True,0,0
1272,0.4,0.0,frozen,5,model,0.6,0.0521,0.036509099,0.0,0.0865,0.2737,0.3431,0.0494,0.0414,0.0026,0.9903,0.918,0.2856,True,0,0
1272,0.4,0.0,frozen,6,model,0.6,0.0483,0.0369278211,0.0,0.0859,0.2719,0.3419,0.0475,0.0381,0.0016,0.993,0.9304,0.3106,True,0,0
1272,0.4,0.0,frozen,7,model,0.6,0.0496,0.0372767229,0.0,0.0798,0.266,0.3406,0.0457,0.0418,0.0072,0.9908,0.9189,0.2681,True,0,0
1272,0.4,0.0,frozen,8,model,0.6,0.0479,0.0371326434,0.0,0.0997,0.2866,0.3581,0.0524,0.0434,0.0011,0.9917,0.922,0.3212,True,0,0
1272,0.4,0.0,frozen,9,model,0.6,0.045,0.037393882,0.0,0.0922,0.2829,0.3544,0.0471,0.0436,0.0032,0.993,0.9273,0.3,True,0,0
1272,0.4,0.0,frozen,10,model,0.6,0.0442,0.0382264871,0.0,0.1009,0.2683,0.35,0.0508,0.041,0.0015,0.991,0.9293,0.2581,True,0,0
1272,0.4,0.0,frozen,11,model,0.6,0.0517,0.0350434195,0.0,0.0909,0.2671,0.3431,0.0511,0.0385,0.0009,0.9912,0.9281,0.285,True,0,0
1272,0.4,0.0,prior,0,prior,0.6,0.0796,0.0262652364,0.0,0.1288,0.189,0.3019,0.0431,0.0403,0.0167,0.8349,0.899,0.0019,False,0,0
1272,0.4,0.0,prior,1,model,0.6,0.0921,0.0215432213,0.0,0.1077,0.2129,0.3044,0.0368,0.0411,0.0152,0.8259,0.9088,0.0006,False,0,0
1272,0.4,0.0,prior,2,model,0.6,0.0929,0.0234309125,0.0,0.0703,0.2346,0.2938,0.0227,0.0409,0.0199,0.8292,0.9227,0.0006,False,0,0
1272,0.4,0.0,prior,3,model,0.6,0.0858,0.0252402008,0.0,0.0977,0.2138,0.3075,0.0332,0.0415,0.0119,0.8322,0.9148,0.0025,False,0,0
1272,0.4,0.0,prior,4,model,0.6,0.0879,0.024758843,0.0,0.1054,0.204,0.2963,0.0388,0.0397,0.0185,0.8341,0.9047,0.0031,False,0,0
1272,0.4,0.0,prior,5,model,0.6,0.09,0.0232327096,0.0,0.1086,0.1997,0.2863,0.0362,0.0376,0.0183,0.8246,0.9228,0.0019,False,0,0
1272,0.4,0.0,prior,6,model,0.6,0.0875,0.0245860684,0.0,0.1018,0.1998,0.2831,0.0364,0.0352,0.0179,0.8287,0.9148,0.0031,False,0,0
1272,0.4,0.0,prior,7,model,0.6,0.0792,0.0286379607,0.0,0.1023,0.1986,0.2963,0.0388,0.0402,0.0188,0.8301,0.8995,0.0063,False,0,0
1272,0.4,0.0,prior,8,model,0.6,0.0717,0.0293193649,0.0,0.146,0.1784,0.3225,0.0543,0.0451,0.0147,0.8346,0.8925,0.0031,False,0,0
1272,0.4,0.0,prior,9,model,0.6,0.0829,0.0259556222,0.0,0.1232,0.2408,0.2975,0.0406,0.0392,0.0173,0.8346,0.8912,0.0019,False,0,0
1272,0.4,0.0,prior,10,model,0.6,0.0783,0.0274263237,0.0,0.1081,0.1963,0.2988,0.0333,0.0398,0.017,0.8312,0.9217,0.0063,False,0,0
1272,0.4,0.0,prior,11,model,0.6,0.0804,0.0266920343,0.0,0.1388,0.1643,0.3,0.0548,0.0392,0.0128,0.8311,0.9092,0.0025,False,0,0
1272,0.4,0.05,treatment,0,prior,0.621,0.0849,0.0257190603,-0.0005461761,0.093,0.2161,0.3054,0.0241,0.0399,0.0113,0.8349,0.899,0.0019,False,84,20
1272,0.4,0.05,treatment,1,model,0.6232,0.0686,0.0303291647,-0.0018310862,0.1426,0.3196,0.3563,0.0384,0.0449,0.0032,0.9645,0.8951,0.2594,True,93,28
1272,0.4,0.05,treatment,2,model,0.6172,0.0765,0.0280199017,-0.0013367296,0.0853,0.2993,0.3292,0.034,0.0429,0.0089,0.9833,0.9077,0.2562,True,69,21
1272,0.4,0.05,treatment,3,model,0.6158,0.0678,0.0318187705,-0.0020539254,0.1474,0.4266,0.3455,0.0739,0.0425,0.006,0.9892,0.9183,0.285,True,63,27
1272,0.4,0.05,treatment,4,model,0.6182,0.0651,0.0306401451,-0.0017148472,0.1754,0.1781,0.3432,0.0664,0.042,0.0052,0.9895,0.883,0.3081,True,73,21
1272,0.4,0.05,treatment,5,model,0.6195,0.0626,0.0330164354,-0.0026026711,0.124,0.2535,0.341,0.0379,0.0413,0.0061,0.9894,0.8842,0.2431,True,78,31
1272,0.4,0.05,treatment,6,model,0.6208,0.0753,0.0287075383,-0.0008527507,0.0897,0.2521,0.3138,0.055,0.037,0.0087,0.9746,0.8682,0.2444,True,83,23
1272,0.4,0.05,treatment,7,model,0.6228,0.0751,0.0307273881,-0.0019266999,0.0973,0.2589,0.3161,0.0379,0.0393,0.0157,0.9468,0.858,0.1037,True,91,28
1272,0.4,0.05,treatment,8,model,0.6222,0.0579,0.0358547579,-0.0013869778,0.0763,0.3162,0.36,0.0397,0.048,0.0049,0.9891,0.9424,0.3038,True,89,30
1272,0.4,0.05,treatment,9,model,0.6162,0.0625,0.0336457704,-0.0016184188,0.072,0.2684,0.3394,0.0282,0.0463,0.0116,0.9853,0.9111,0.4044,True,65,27
1272,0.4,0.05,treatment,10,model,0.6182,0.057,0.0354977162,-0.0019460633,0.0696,0.2976,0.3438,0.0133,0.0444,0.0057,0.9933,0.9331,0.3113,True,73,28
1272,0.4,0.05,treatment,11,model,0.6215,0.068,0.0313127115,-0.0013858176,0.1556,0.419,0.3329,0.083,0.0371,0.0043,0.9877,0.7454,0.2969,True,86,28
1272,0.4,0.05,frozen,0,prior,0.6,0.0796,0.0262652364,0.0,0.1288,0.189,0.3019,0.0431,0.0403,0.0167,0.8349,0.899,0.0019,False,0,0
1272,0.4,0.05,frozen,1,model,0.6225,0.0671,0.0319743794,-0.0015177988,0.1009,0.2634,0.3583,0.0588,0.0442,0.0017,0.9902,0.9266,0.2719,True,90,25
1272,0.4,0.05,frozen,2,model,0.621,0.0624,0.0337875801,-0.0020953286,0.0897,0.2823,0.3549,0.0532,0.0435,0.0036,0.9932,0.9275,0.3069,True,84,28
1272,0.4,0.05,frozen,3,model,0.6175,0.064,0.0330776631,-0.002121528,0.1043,0.2697,0.3529,0.0577,0.0419,0.0032,0.9913,0.9187,0.2644,True,70,28
1272,0.4,0.05,frozen,4,model,0.6192,0.0585,0.0340988043,-0.001839993,0.1123,0.2675,0.3546,0.0576,0.0419,0.002,0.9899,0.9101,0.2769,True,77,23
1272,0.4,0.05,frozen,5,model,0.62,0.0633,0.0338553748,-0.0026537243,0.0872,0.2737,0.3401,0.0494,0.0405,0.0028,0.9903,0.918,0.2856,True,80,32
1272,0.4,0.05,frozen,6,model,0.6208,0.0568,0.0357264071,-0.0012014139,0.084,0.2743,0.3441,0.0475,0.0399,0.0014,0.993,0.9304,0.3106,True,83,25
1272,0.4,0.05,frozen,7,model,0.6205,0.0596,0.0352165705,-0.0020601523,0.0783,0.266,0.3399,0.0457,0.0415,0.0075,0.9908,0.9189,0.2681,True,82,29
1272,0.4,0.05,frozen,8,model,0.6238,0.0589,0.0354443073,-0.0016883361,0.1,0.2867,0.3595,0.0524,0.044,0.0011,0.9917,0.922,0.3212,True,95,32
1272,0.4,0.05,frozen,9,model,0.6158,0.0544,0.0359930507,-0.0014008312,0.0909,0.2836,0.352,0.0471,0.0428,0.003,0.993,0.9273,0.3,True,63,26
1272,0.4,0.05,frozen,10,model,0.617,0.0539,0.0364043299,-0.0018221572,0.1041,0.2667,0.3479,0.0508,0.0403,0.0012,0.991,0.9293,0.2581,True,68,27
1272,0.4,0.05,frozen,11,model,0.6198,0.0617,0.0333233639,-0.0017200557,0.0879,0.2653,0.3419,0.0511,0.0384,0.0008,0.9912,0.9281,0.285,True,79,29
1272,0.4,0.05,prior,0,prior,0.621,0.0849,0.0257190603,-0.0005461761,0.093,0.2161,0.3054,0.0241,0.0399,0.0113,0.8349,0.899,0.0019,False,84,20
1272,0.4,0.05,prior,1,model,0.622,0.0973,0.0206290319,-0.0009141894,0.0855,0.2702,0.3082,0.0275,0.0378,0.0139,0.8259,0.9088,0.0006,False,88,21
1272,0.4,0.05,prior,2,model,0.62,0.0992,0.021988549,-0.0014423635,0.086,0.2804,0.2941,0.0318,0.0398,0.0191,0.8292,0.9227,0.0006,False,80,23
1272,0.4,0.05,prior,3,model,0.6162,0.0925,0.0239671168,-0.001273084,0.1105,0.2691,0.3062,0.0481,0.04,0.0134,0.8322,0.9148,0.0025,False,65,22
1272,0.4,0.05,prior,4,model,0.6158,0.0934,0.0232226169,-0.0015362261,0.0861,0.2394,0.296,0.021,0.0371,0.016,0.8341,0.9047,0.0031,False,63,19
1272,0.4,0.05,prior,5,model,0.622,0.0965,0.0218022501,-0.0014304595,0.135,0.2469,0.287,0.0389,0.038,0.0183,0.8246,0.9228,0.0019,False,88,24
1272,0.4,0.05,prior,6,model,0.6222,0.0944,0.0235334698,-0.0010525985,0.0938,0.2143,0.2833,0.0371,0.0345,0.0162,0.8287,0.9148,0.0031,False,89,25
1272,0.4,0.05,prior,7,model,0.6242,0.0881,0.0267329537,-0.001905007,0.0712,0.233,0.2954,0.0197,0.0345,0.0141,0.8301,0.8995,0.0063,False,97,30
1272,0.4,0.05,prior,8,model,0.62,0.0802,0.0278387389,-0.001480626,0.0959,0.238,0.3217,0.0363,0.0455,0.0169,0.8346,0.8925,0.0031,False,80,27
1272,0.4,0.05,prior,9,model,0.618,0.0922,0.0239961507,-0.0019594716,0.0741,0.2387,0.2925,0.0239,0.0354,0.014,0.8346,0.8912,0.0019,False,72,29
1272,0.4,0.05,prior,10,model,0.6165,0.0843,0.0264471211,-0.0009792026,0.0709,0.2427,0.2986,0.0322,0.0397,0.016,0.8312,0.9217,0.0063,False,66,20
1272,0.4,0.05,prior,11,model,0.6205,0.0894,0.0251561915,-0.0015358427,0.1346,0.1758,0.2971,0.0479,0.0368,0.0129,0.8311,0.9092,0.0025,False,82,29
1272,1.0,0.0,treatment,0,prior,0.6,0.0167,0.0465734999,0.0,0.345,0.0513,0.3962,0.1378,0.051,0.0005,0.9743,0.8693,0.2069,True,0,0
1272,1.0,0.0,treatment,1,model,0.6,0.0958,0.0212495909,0.0,0.0827,0.2276,0.2988,0.0531,0.0401,0.0172,0.9706,0.908,0.1212,True,0,0
1272,1.0,0.0,treatment,2,model,0.6,0.0437,0.0381554459,0.0,0.2615,0.106,0.3675,0.1052,0.0457,0.0036,0.993,0.9279,0.3275,True,0,0
1272,1.0,0.0,treatment,3,model,0.6,0.065,0.0315823623,0.0,0.1859,0.1704,0.3387,0.0671,0.0371,0.004,0.9874,0.866,0.3231,True,0,0
1272,1.0,0.0,treatment,4,model,0.6,0.0629,0.032614212,0.0,0.1506,0.1832,0.3337,0.0608,0.0378,0.003,0.9898,0.9061,0.2794,True,0,0
1272,1.0,0.0,treatment,5,model,0.6,0.0475,0.0374026224,0.0,0.2023,0.1477,0.35,0.0803,0.0428,0.0025,0.991,0.924,0.3044,True,0,0
1272,1.0,0.0,treatment,6,model,0.6,0.06,0.0321083791,0.0,0.1267,0.2054,0.3244,0.0443,0.0376,0.0044,0.9901,0.8946,0.2631,True,0,0
1272,1.0,0.0,treatment,7,model,0.6,0.0554,0.0351687904,0.0,0.1351,0.2368,0.3319,0.0465,0.0416,0.0075,0.9912,0.8951,0.2612,True,0,0
1272,1.0,0.0,treatment,8,model,0.6,0.05,0.0355002682,0.0,0.1816,0.2705,0.355,0.0649,0.0445,0.0043,0.9929,0.9158,0.2819,True,0,0
1272,1.0,0.0,treatment,9,model,0.6,0.0587,0.0342889894,0.0,0.1098,0.224,0.3337,0.0488,0.0434,0.0064,0.9797,0.838,0.1837,True,0,0
1272,1.0,0.0,treatment,10,model,0.6,0.0496,0.0365660103,0.0,0.2059,0.136,0.3419,0.0787,0.0395,0.0034,0.9868,0.8485,0.2938,True,0,0
1272,1.0,0.0,treatment,11,model,0.6,0.0642,0.0313597439,0.0,0.0778,0.2571,0.3244,0.0224,0.0413,0.0056,0.9826,0.8794,0.2106,True,0,0
1272,1.0,0.0,frozen,0,prior,0.6,0.0167,0.0465734999,0.0,0.345,0.0513,0.3962,0.1378,0.051,0.0005,0.9743,0.8693,0.2069,True,0,0
1272,1.0,0.0,frozen,1,model,0.6,0.0958,0.0212495909,0.0,0.2352,0.0635,0.2988,0.1464,0.0271,0.0039,0.9706,0.908,0.1212,True,0,0
1272,1.0,0.0,frozen,2,model,0.6,0.0829,0.0265278055,0.0,0.2446,0.0641,0.3088,0.1424,0.0257,0.003,0.9704,0.8485,0.14,True,0,0
1272,1.0,0.0,frozen,3,model,0.6,0.085,0.0253049313,0.0,0.2455,0.0633,0.3088,0.144,0.0272,0.0044,0.9671,0.9028,0.1212,True,0,0
1272,1.0,0.0,frozen,4,model,0.6,0.0879,0.0242324038,0.0,0.2322,0.0641,0.2963,0.1404,0.0244,0.0058,0.969,0.8771,0.1469,True,0,0
1272,1.0,0.0,frozen,5,model,0.6,0.0717,0.0301945681,0.0,0.2501,0.0637,0.3137,0.1378,0.0293,0.0027,0.9688,0.8919,0.1462,True,0,0
1272,1.0,0.0,frozen,6,model,0.6,0.08,0.026254341,0.0,0.2316,0.0628,0.2944,0.1354,0.0238,0.0041,0.966,0.8664,0.1275,True,0,0
1272,1.0,0.0,frozen,7,model,0.6,0.0717,0.0305306186,0.0,0.2419,0.0656,0.3075,0.1346,0.0267,0.0059,0.9693,0.8768,0.155,True,0,0
1272,1.0,0.0,frozen,8,model,0.6,0.075,0.0268779792,0.0,0.2507,0.0668,0.3175,0.14,0.0304,0.0036,0.975,0.8906,0.1594,True,0,0
1272,1.0,0.0,frozen,9,model,0.6,0.0792,0.0270489444,0.0,0.2352,0.068,0.3031,0.1363,0.0249,0.0025,0.9729,0.8929,0.1419,True,0,0
1272,1.0,0.0,frozen,10,model,0.6,0.075,0.0283141852,0.0,0.2399,0.0638,0.3038,0.1357,0.0277,0.003,0.9619,0.8919,0.0994,True,0,0
1272,1.0,0.0,frozen,11,model,0.6,0.0771,0.0282293444,0.0,0.2444,0.0606,0.305,0.1388,0.0261,0.0037,0.9645,0.8822,0.1119,True,0,0
1272,1.0,0.0,prior,0,prior,0.6,0.0167,0.0465734999,0.0,0.345,0.0513,0.3962,0.1378,0.051,0.0005,0.9743,0.8693,0.2069,True,0,0
1272,1.0,0.0,prior,1,model,0.6,0.0179,0.0450614188,0.0,0.3939,0.0217,0.4156,0.1576,0.0549,0.0,0.9714,0.8219,0.2044,True,0,0
1272,1.0,0.0,prior,2,model,0.6,0.0183,0.0460564804,0.0,0.38,0.0256,0.4056,0.1522,0.0518,0.0002,0.9707,0.8111,0.1963,True,0,0
1272,1.0,0.0,prior,3,model,0.6,0.0179,0.046236128,0.0,0.3773,0.0321,0.4094,0.1518,0.0532,0.0,0.9743,0.824,0.2137,True,0,0
1272,1.0,0.0,prior,4,model,0.6,0.0192,0.0457609284,0.0,0.3463,0.1121,0.3994,0.1319,0.0518,0.0009,0.9746,0.8027,0.2269,True,0,0
1272,1.0,0.0,prior,5,model,0.6,0.0179,0.0461841514,0.0,0.3497,0.0447,0.3944,0.1394,0.0493,0.0002,0.9701,0.8041,0.1913,True,0,0
1272,1.0,0.0,prior,6,model,0.6,0.0175,0.0461732399,0.0,0.36,0.0281,0.3881,0.1437,0.0462,0.0001,0.9717,0.7996,0.2181,True,0,0
1272,1.0,0.0,prior,7,model,0.6,0.0163,0.0472120379,0.0,0.3681,0.0225,0.3906,0.1473,0.0471,0.0008,0.9711,0.8423,0.2144,True,0,0
1272,1.0,0.0,prior,8,model,0.6,0.0138,0.0476459114,0.0,0.3921,0.0172,0.4094,0.157,0.0529,0.0003,0.9732,0.7612,0.2437,True,0,0
1272,1.0,0.0,prior,9,model,0.6,0.0146,0.0476525492,0.0,0.3816,0.0184,0.4,0.1517,0.05,0.0007,0.9747,0.8174,0.2075,True,0,0
1272,1.0,0.0,prior,10,model,0.6,0.0146,0.0469393271,0.0,0.3583,0.0361,0.3944,0.1431,0.0487,0.0001,0.9716,0.8493,0.2019,True,0,0
1272,1.0,0.0,prior,11,model,0.6,0.0192,0.0448093313,0.0,0.3647,0.0272,0.3919,0.146,0.0478,0.0001,0.9713,0.812,0.2269,True,0,0
1272,1.0,0.05,treatment,0,prior,0.619,0.0271,0.0444282793,-0.0021452207,0.2261,0.2197,0.3983,0.0806,0.0519,0.001,0.9743,0.8693,0.2069,True,76,27
1272,1.0,0.05,treatment,1,model,0.623,0.0702,0.0305834125,-0.0016820119,0.1522,0.3723,0.3534,0.0643,0.0474,0.0054,0.9909,0.8762,0.3331,True,92,27
1272,1.0,0.05,treatment,2,model,0.6192,0.0751,0.0297804922,-0.0015127739,0.1592,0.1792,0.3329,0.0688,0.0453,0.0107,0.9852,0.9059,0.2137,True,77,22
1272,1.0,0.05,treatment,3,model,0.6175,0.0688,0.0317115564,-0.0020665964,0.1134,0.3477,0.3451,0.0239,0.0386,0.0036,0.9844,0.8788,0.2037,True,70,28
1272,1.0,0.05,treatment,4,model,0.6202,0.0842,0.0253666819,-0.0016907032,0.0953,0.2378,0.3134,0.0327,0.0361,0.0106,0.9512,0.8587,0.1606,True,81,23
1272,1.0,0.05,treatment,5,model,0.6205,0.0713,0.0305575909,-0.0020510759,0.1166,0.3076,0.3274,0.0383,0.04,0.0089,0.9564,0.7536,0.1594,True,82,29
1272,1.0,0.05,treatment,6,model,0.6235,0.065,0.0327302766,-0.0011058577,0.1054,0.292,0.3327,0.029,0.0387,0.0058,0.9919,0.9273,0.34,True,94,27
1272,1.0,0.05,treatment,7,model,0.6228,0.0711,0.0325021024,-0.0018861875,0.042,0.2813,0.3227,0.0256,0.0398,0.013,0.9672,0.8492,0.145,True,91,30
1272,1.0,0.05,treatment,8,model,0.6212,0.0575,0.0355370149,-0.0013700006,0.1222,0.241,0.3597,0.034,0.045,0.0012,0.9914,0.9239,0.2819,True,85,27
1272,1.0,0.05,treatment,9,model,0.6148,0.074,0.0297889141,-0.001403143,0.0915,0.2748,0.3199,0.0286,0.0445,0.0168,0.9511,0.8725,0.1625,True,59,24
1272,1.0,0.05,treatment,10,model,0.619,0.0602,0.0342645193,-0.0016131723,0.1538,0.3509,0.3392,0.0513,0.0423,0.0058,0.9797,0.8934,0.2531,True,76,27
1272,1.0,0.05,treatment,11,model,0.6208,0.0576,0.0353414587,-0.0014960394,0.141,0.2398,0.3494,0.0476,0.0424,0.0027,0.9855,0.9376,0.3063,True,83,28
1272,1.0,0.05,frozen,0,prior,0.6,0.0167,0.0465734999,0.0,0.345,0.0513,0.3962,0.1378,0.051,0.0005,0.9743,0.8693,0.2069,True,0,0
1272,1.0,0.05,frozen,1,model,0.624,0.1018,0.0199298767,-0.0013197142,0.2383,0.0636,0.3019,0.1464,0.0268,0.0044,0.9706,0.908,0.1212,True,96,24
1272,1.0,0.05,frozen,2,model,0.6212,0.0893,0.0252730617,-0.0012547438,0.2467,0.0641,0.3109,0.1424,0.0263,0.0025,0.9704,0.8485,0.14,True,85,23
1272,1.0,0.05,frozen,3,model,0.6182,0.0918,0.0239716832,-0.0013332481,0.2452,0.0633,0.3084,0.144,0.027,0.0047,0.9671,0.9028,0.1212,True,73,23
1272,1.0,0.05,frozen,4,model,0.6195,0.0924,0.0230214774,-0.0012109264,0.2353,0.0643,0.2996,0.1404,0.0252,0.006,0.969,0.8771,0.1469,True,78,18
1272,1.0,0.05,frozen,5,model,0.6212,0.0809,0.0284620099,-0.0017325583,0.2485,0.0637,0.3122,0.1378,0.029,0.0026,0.9688,0.8919,0.1462,True,85,29
1272,1.0,0.05,frozen,6,model,0.6238,0.0878,0.0250282345,-0.0012261065,0.2318,0.0632,0.295,0.1354,0.0246,0.0062,0.966,0.8664,0.1275,True,95,27
1272,1.0,0.05,frozen,7,model,0.6202,0.0794,0.0289633938,-0.0015672248,0.242,0.0655,0.3074,0.1346,0.0268,0.0059,0.9693,0.8768,0.155,True,81,25
1272,1.0,0.05,frozen,8,model,0.6245,0.0821,0.0262955892,-0.00058239,0.2544,0.0671,0.3216,0.14,0.0318,0.0037,0.975,0.8906,0.1594,True,98,25
1272,1.0,0.05,frozen,9,model,0.617,0.0867,0.025762901,-0.0012860434,0.2331,0.0678,0.3009,0.1363,0.0243,0.0025,0.9729,0.8929,0.1419,True,68,24
1272,1.0,0.05,frozen,10,model,0.6228,0.0839,0.0266493149,-0.0016648703,0.2393,0.0636,0.3028,0.1357,0.027,0.0027,0.9619,0.8919,0.0994,True,91,29
1272,1.0,0.05,frozen,11,model,0.618,0.0841,0.0271316053,-0.0010977391,0.2436,0.0607,0.3043,0.1388,0.026,0.0037,0.9645,0.8822,0.1119,True,72,23
1272,1.0,0.05,prior,0,prior,0.619,0.0271,0.0444282793,-0.0021452207,0.2261,0.2197,0.3983,0.0806,0.0519,0.001,0.9743,0.8693,0.2069,True,76,27
1272,1.0,0.05,prior,1,model,0.6222,0.0289,0.0429748938,-0.002086525,0.2617,0.1592,0.4209,0.0844,0.0581,0.0003,0.9714,0.8219,0.2044,True,89,29
1272,1.0,0.05,prior,2,model,0.6225,0.0309,0.0435279774,-0.002528503,0.2119,0.2217,0.4079,0.0407,0.0552,0.0009,0.9707,0.8111,0.1963,True,90,33
1272,1.0,0.05,prior,3,model,0.6168,0.0304,0.0434496695,-0.0027864585,0.0699,0.355,0.4064,0.0571,0.055,0.0001,0.9743,0.824,0.2137,True,67,32
1272,1.0,0.05,prior,4,model,0.6178,0.0279,0.0439482762,-0.0018126522,0.2146,0.1883,0.4029,0.0568,0.0533,0.0001,0.9746,0.8027,0.2269,True,71,23
1272,1.0,0.05,prior,5,model,0.6212,0.0306,0.0435006239,-0.0026835275,0.1685,0.3333,0.3947,0.0449,0.0505,0.0003,0.9701,0.8041,0.1913,True,85,33
1272,1.0,0.05,prior,6,model,0.6212,0.0298,0.0441260768,-0.0020471631,0.161,0.2818,0.3888,0.0309,0.048,0.0004,0.9717,0.7996,0.2181,True,85,32
1272,1.0,0.05,prior,7,model,0.623,0.0301,0.044357894,-0.0028541439,0.202,0.3212,0.3906,0.0455,0.0517,0.0009,0.9711,0.8423,0.2144,True,92,36
1272,1.0,0.05,prior,8,model,0.621,0.0274,0.0453027001,-0.0023432113,0.1223,0.2967,0.409,0.0441,0.0553,0.0004,0.9732,0.7612,0.2437,True,84,35
1272,1.0,0.05,prior,9,model,0.6172,0.0267,0.0456212309,-0.0020313183,0.1747,0.2769,0.3978,0.063,0.0521,0.0002,0.9747,0.8174,0.2075,True,69,31
1272,1.0,0.05,prior,10,model,0.6178,0.0275,0.044294692,-0.0026446351,0.1431,0.2876,0.3911,0.0302,0.0504,0.0001,0.9716,0.8493,0.2019,True,71,33
1272,1.0,0.05,prior,11,model,0.6205,0.0314,0.0429273952,-0.0018819361,0.2,0.3271,0.392,0.0553,0.0487,0.0005,0.9713,0.812,0.2269,True,82,32
1288,0.2,0.0,treatment,0,prior,0.6,0.1338,0.0096735958,0.0,0.0363,0.1936,0.2188,0.0155,0.0297,0.0316,0.7934,0.976,0.0,False,0,0
1288,0.2,0.0,treatment,1,model,0.6,0.0433,0.039307463,0.0,0.1648,0.1759,0.3406,0.0635,0.0388,0.0031,0.9797,0.8948,0.3456,True,0,0
1288,0.2,0.0,treatment,2,model,0.6,0.0663,0.0330755703,0.0,0.156,0.1812,0.3325,0.0637,0.0459,0.011,0.9918,0.8813,0.3212,True,0,0
1288,0.2,0.0,treatment,3,model,0.6,0.0512,0.0364767682,0.0,0.1797,0.2773,0.3425,0.0642,0.0442,0.0099,0.9898,0.8968,0.3038,True,0,0
1288,0.2,0.0,treatment,4,model,0.6,0.0533,0.0357392785,0.0,0.1497,0.2028,0.3525,0.0605,0.0442,0.005,0.9907,0.87,0.3075,True,0,0
1288,0.2,0.0,treatment,5,model,0.6,0.0563,0.0346975729,0.0,0.1372,0.2047,0.3419,0.0488,0.0408,0.0045,0.9778,0.8075,0.2294,True,0,0
1288,0.2,0.0,treatment,6,model,0.6,0.0592,0.0328436545,0.0,0.144,0.2222,0.3419,0.0513,0.0444,0.005,0.9859,0.7934,0.27,True,0,0
1288,0.2,0.0,treatment,7,model,0.6,0.055,0.0355213942,0.0,0.1278,0.2059,0.3337,0.0501,0.0445,0.0116,0.983,0.9161,0.2219,True,0,0
1288,0.2,0.0,treatment,8,model,0.6,0.055,0.0328781314,0.0,0.1756,0.1582,0.3337,0.07,0.0365,0.0025,0.9938,0.9063,0.34,True,0,0
1288,0.2,0.0,treatment,9,model,0.6,0.0621,0.0329970853,0.0,0.1045,0.2565,0.3506,0.0405,0.0466,0.0034,0.9938,0.9149,0.3162,True,0,0
1288,0.2,0.0,treatment,10,model,0.6,0.0483,0.0367221152,0.0,0.1722,0.1809,0.3525,0.0664,0.0434,0.0028,0.9881,0.862,0.3431,True,0,0
1288,0.2,0.0,treatment,11,model,0.6,0.0546,0.033847489,0.0,0.1081,0.2344,0.3419,0.045,0.0442,0.0065,0.9939,0.9321,0.3519,True,0,0
1288,0.2,0.0,frozen,0,prior,0.6,0.1338,0.0096735958,0.0,0.0363,0.1936,0.2188,0.0155,0.0297,0.0316,0.7934,0.976,0.0,False,0,0
1288,0.2,0.0,frozen,1,model,0.6,0.0433,0.039307463,0.0,0.0306,0.3352,0.3406,0.0217,0.0463,0.0071,0.9797,0.8948,0.3456,True,0,0
1288,0.2,0.0,frozen,2,model,0.6,0.0525,0.035850963,0.0,0.0359,0.3369,0.3531,0.0295,0.0501,0.0078,0.9801,0.9158,0.3463,True,0,0
1288,0.2,0.0,frozen,3,model,0.6,0.0471,0.0368797447,0.0,0.0467,0.3423,0.3488,0.0303,0.0441,0.0087,0.9797,0.9049,0.3269,True,0,0
1288,0.2,0.0,frozen,4,model,0.6,0.0433,0.0392751156,0.0,0.0541,0.3358,0.3675,0.0318,0.0524,0.0051,0.9792,0.8787,0.2944,True,0,0
1288,0.2,0.0,frozen,5,model,0.6,0.0537,0.0365567464,0.0,0.0522,0.3422,0.3456,0.0372,0.0457,0.007,0.9802,0.8985,0.3187,True,0,0
1288,0.2,0.0,frozen,6,model,0.6,0.0521,0.0348814444,0.0,0.0442,0.3441,0.3525,0.0333,0.0499,0.0082,0.978,0.9063,0.3519,True,0,0
1288,0.2,0.0,frozen,7,model,0.6,0.0392,0.0398647021,0.0,0.0528,0.3494,0.3575,0.0285,0.05,0.0086,0.9799,0.9127,0.3287,True,0,0
1288,0.2,0.0,frozen,8,model,0.6,0.05,0.0346988448,0.0,0.0484,0.3372,0.3412,0.0327,0.0469,0.0083,0.9779,0.9216,0.31,True,0,0
1288,0.2,0.0,frozen,9,model,0.6,0.0537,0.0351517752,0.0,0.0486,0.3508,0.3631,0.0354,0.0475,0.0034,0.982,0.921,0.3669,True,0,0
1288,0.2,0.0,frozen,10,model,0.6,0.0462,0.0368363532,0.0,0.0399,0.339,0.3556,0.0273,0.0488,0.0065,0.9804,0.918,0.3381,True,0,0
1288,0.2,0.0,frozen,11,model,0.6,0.0458,0.0379146048,0.0,0.0408,0.3475,0.355,0.0276,0.0507,0.0075,0.9789,0.8843,0.3331,True,0,0
1288,0.2,0.0,prior,0,prior,0.6,0.1338,0.0096735958,0.0,0.0363,0.1936,0.2188,0.0155,0.0297,0.0316,0.7934,0.976,0.0,False,0,0
1288,0.2,0.0,prior,1,model,0.6,0.1275,0.0120675375,0.0,0.0364,0.1959,0.2144,0.0278,0.0278,0.0356,0.7802,0.9741,0.0,False,0,0
1288,0.2,0.0,prior,2,model,0.6,0.145,0.0076517422,0.0,0.0332,0.2009,0.2144,0.0293,0.0267,0.0323,0.8026,0.9744,0.0,False,0,0
1288,0.2,0.0,prior,3,model,0.6,0.1383,0.0086252152,0.0,0.0332,0.1898,0.2119,0.0225,0.0236,0.0312,0.7828,0.9756,0.0,False,0,0
1288,0.2,0.0,prior,4,model,0.6,0.14,0.0086673704,0.0,0.0482,0.1927,0.2225,0.0251,0.0283,0.0331,0.7914,0.9774,0.0,False,0,0
1288,0.2,0.0,prior,5,model,0.6,0.1333,0.0085033054,0.0,0.0443,0.1876,0.2263,0.0278,0.0297,0.0337,0.782,0.9741,0.0,False,0,0
1288,0.2,0.0,prior,6,model,0.6,0.1333,0.0092536228,0.0,0.0295,0.2048,0.2306,0.0288,0.0287,0.0291,0.7872,0.9728,0.0,False,0,0
1288,0.2,0.0,prior,7,model,0.6,0.1371,0.0098448059,0.0,0.0184,0.2146,0.2106,0.017,0.0268,0.0345,0.7783,0.9697,0.0,False,0,0
1288,0.2,0.0,prior,8,model,0.6,0.1321,0.0088984436,0.0,0.0496,0.1978,0.2181,0.0153,0.0263,0.0317,0.783,0.9731,0.0,False,0,0
1288,0.2,0.0,prior,9,model,0.6,0.1383,0.007673922,0.0,0.0469,0.2165,0.2362,0.0131,0.0293,0.0287,0.7846,0.9747,0.0,False,0,0
1288,0.2,0.0,prior,10,model,0.6,0.1412,0.0072263264,0.0,0.0167,0.2026,0.2131,0.0266,0.0293,0.0344,0.7818,0.9735,0.0,False,0,0
1288,0.2,0.0,prior,11,model,0.6,0.1317,0.0093093837,0.0,0.05,0.193,0.2263,0.0237,0.0301,0.0296,0.7912,0.9702,0.0,False,0,0
1288,0.2,0.05,treatment,0,prior,0.6178,0.1348,0.0092897666,-0.0003838292,0.0389,0.2065,0.2211,0.0156,0.0265,0.0303,0.7934,0.976,0.0,False,71,12
1288,0.2,0.05,treatment,1,model,0.6182,0.0465,0.0381769426,-0.001864923,0.1169,0.2328,0.3497,0.0424,0.0398,0.0016,0.9836,0.9205,0.32,True,73,23
1288,0.2,0.05,treatment,2,model,0.6205,0.0798,0.0280508016,-0.0015302788,0.0648,0.2914,0.3248,0.0287,0.0396,0.0095,0.9793,0.8678,0.1906,True,82,25
1288,0.2,0.05,treatment,3,model,0.6212,0.066,0.0326091747,-0.0019997896,0.1018,0.3175,0.3347,0.0964,0.0387,0.0054,0.9874,0.9078,0.2737,True,85,29
1288,0.2,0.05,treatment,4,model,0.6242,0.0865,0.0273806181,-0.0020727481,0.0447,0.3059,0.3167,0.0215,0.0392,0.0092,0.9624,0.831,0.18,True,97,35
1288,0.2,0.05,treatment,5,model,0.617,0.0632,0.0328567318,-0.0018681618,0.1369,0.2838,0.3433,0.0496,0.0424,0.0072,0.9761,0.6148,0.2325,True,68,27
1288,0.2,0.05,treatment,6,model,0.6215,0.0623,0.0331534307,-0.0008139208,0.0724,0.3569,0.3527,0.0385,0.0409,0.0017,0.9824,0.5668,0.2656,True,86,23
1288,0.2,0.05,treatment,7,model,0.618,0.0635,0.033279184,-0.0006030022,0.1054,0.2659,0.3331,0.0403,0.0412,0.0104,0.973,0.9045,0.2225,True,72,17
1288,0.2,0.05,treatment,8,model,0.6162,0.0779,0.0263581225,-0.0016034769,0.0856,0.254,0.3088,0.023,0.0343,0.0088,0.9623,0.8308,0.1444,True,65,25
1288,0.2,0.05,treatment,9,model,0.6248,0.0772,0.0290412592,-0.0007234781,0.1078,0.2461,0.3444,0.0487,0.0437,0.0057,0.9538,0.7608,0.0994,True,99,22
1288,0.2,0.05,treatment,10,model,0.622,0.0651,0.031192246,-0.0030271201,0.1503,0.2474,0.3426,0.0588,0.0437,0.0075,0.9751,0.903,0.2481,True,88,35
1288,0.2,0.05,treatment,11,model,0.62,0.0552,0.0341161275,-0.0021200227,0.1575,0.2142,0.3559,0.0518,0.0483,0.0083,0.9933,0.8943,0.3513,True,80,27
1288,0.2,0.05,frozen,0,prior,0.6,0.1338,0.0096735958,0.0,0.0363,0.1936,0.2188,0.0155,0.0297,0.0316,0.7934,0.976,0.0,False,0,0
1288,0.2,0.05,frozen,1,model,0.6192,0.0513,0.0374967741,-0.0018106889,0.0272,0.3349,0.3427,0.0217,0.0473,0.0073,0.9797,0.8948,0.3456,True,77,23
1288,0.2,0.05,frozen,2,model,0.6208,0.06,0.0345766493,-0.0012743136,0.0337,0.3352,0.3573,0.0295,0.0515,0.0076,0.9801,0.9158,0.3463,True,83,23
1288,0.2,0.05,frozen,3,model,0.6195,0.0581,0.0346605793,-0.0022191654,0.0452,0.34,0.3463,0.0303,0.0436,0.0093,0.9797,0.9049,0.3269,True,78,31
1288,0.2,0.05,frozen,4,model,0.6248,0.0568,0.0366430712,-0.0026320445,0.0585,0.3358,0.3664,0.0318,0.0518,0.0049,0.9792,0.8787,0.2944,True,99,38
1288,0.2,0.05,frozen,5,model,0.617,0.064,0.034205727,-0.0023510194,0.0563,0.3413,0.342,0.0372,0.0445,0.0074,0.9802,0.8985,0.3187,True,68,29
1288,0.2,0.05,frozen,6,model,0.6198,0.0601,0.0338224245,-0.0010590199,0.044,0.3467,0.355,0.0333,0.0507,0.0076,0.978,0.9063,0.3519,True,79,24
1288,0.2,0.05,frozen,7,model,0.6155,0.0459,0.0388180656,-0.0010466365,0.0527,0.3503,0.3596,0.0285,0.0504,0.0081,0.9799,0.9127,0.3287,True,62,19
1288,0.2,0.05,frozen,8,model,0.619,0.0598,0.0326936652,-0.0020051796,0.0422,0.3362,0.3399,0.0327,0.0469,0.0089,0.9779,0.9216,0.31,True,76,28
1288,0.2,0.05,frozen,9,model,0.621,0.062,0.0336096317,-0.0015421435,0.0504,0.3524,0.3668,0.0354,0.0486,0.0037,0.982,0.921,0.3669,True,84,25
1288,0.2,0.05,frozen,10,model,0.6188,0.0586,0.0336110617,-0.0032252916,0.0377,0.3359,0.3508,0.0273,0.0475,0.0064,0.9804,0.918,0.3381,True,75,34
1288,0.2,0.05,frozen,11,model,0.621,0.0552,0.0357044829,-0.0022101219,0.0408,0.3467,0.3569,0.0276,0.051,0.0072,0.9789,0.8843,0.3331,True,84,27
1288,0.2,0.05,prior,0,prior,0.6178,0.1348,0.0092897666,-0.0003838292,0.0389,0.2065,0.2211,0.0156,0.0265,0.0303,0.7934,0.976,0.0,False,71,12
1288,0.2,0.05,prior,1,model,0.6165,0.1298,0.0114547511,-0.0006127864,0.0746,0.1564,0.2145,0.0438,0.0237,0.036,0.7802,0.9741,0.0,False,66,14
1288,0.2,0.05,prior,2,model,0.6185,0.1459,0.0077143987,6.26565e-05,0.0387,0.1777,0.2163,0.0439,0.0261,0.033,0.8026,0.9744,0.0,False,74,13
1288,0.2,0.05,prior,3,model,0.6198,0.142,0.0077534949,-0.0008717203,0.0427,0.2191,0.2097,0.0267,0.0217,0.0322,0.7828,0.9756,0.0,False,79,20
1288,0.2,0.05,prior,4,model,0.6238,0.1419,0.0087371225,6.97521e-05,0.0788,0.1864,0.2246,0.0331,0.029,0.0318,0.7914,0.9774,0.0,False,95,18
1288,0.2,0.05,prior,5,model,0.6182,0.1371,0.0078008479,-0.0007024576,0.0541,0.2465,0.2246,0.041,0.0282,0.0321,0.782,0.9741,0.0,False,73,19
1288,0.2,0.05,prior,6,model,0.62,0.1343,0.0095387231,0.0002851004,0.0454,0.2191,0.2342,0.0667,0.0278,0.0278,0.7872,0.9728,0.0,False,80,13
1288,0.2,0.05,prior,7,model,0.6162,0.1404,0.0090788459,-0.00076596,0.0417,0.2265,0.2085,0.0526,0.0271,0.0322,0.7783,0.9697,0.0,False,65,17
1288,0.2,0.05,prior,8,model,0.6192,0.1348,0.0084503084,-0.0004481353,0.0619,0.2696,0.218,0.0544,0.0252,0.0286,0.783,0.9731,0.0,False,77,17
1288,0.2,0.05,prior,9,model,0.6205,0.139,0.0076163417,-5.75803e-05,0.0819,0.2022,0.2404,0.0349,0.0315,0.0266,0.7846,0.9747,0.0,False,82,13
1288,0.2,0.05,prior,10,model,0.6195,0.1453,0.0060680348,-0.0011582916,0.0333,0.2321,0.2102,0.0393,0.0259,0.0325,0.7818,0.9735,0.0,False,78,21
1288,0.2,0.05,prior,11,model,0.62,0.1343,0.0087223611,-0.0005870225,0.0564,0.2024,0.227,0.0193,0.0304,0.0315,0.7912,0.9702,0.0,False,80,17
1288,0.4,0.0,treatment,0,prior,0.6,0.0833,0.0260418853,0.0,0.0885,0.2109,0.2944,0.0319,0.0435,0.0197,0.8234,0.9137,0.0044,False,0,0
1288,0.4,0.0,treatment,1,model,0.6,0.0387,0.0403039215,0.0,0.238,0.1095,0.3475,0.0955,0.0387,0.0009,0.993,0.9312,0.3431,True,0,0
1288,0.4,0.0,treatment,2,model,0.6,0.0654,0.0327171062,0.0,0.1665,0.1673,0.3337,0.0682,0.0441,0.0081,0.9881,0.8771,0.3269,True,0,0
1288,0.4,0.0,treatment,3,model,0.6,0.0554,0.0346912337,0.0,0.18,0.1578,0.3362,0.0694,0.0379,0.0032,0.9851,0.9039,0.2506,True,0,0
1288,0.4,0.0,treatment,4,model,0.6,0.0567,0.0352494099,0.0,0.1455,0.2275,0.3475,0.0563,0.0419,0.0016,0.9922,0.8451,0.3569,True,0,0
1288,0.4,0.0,treatment,5,model,0.6,0.0592,0.0329413722,0.0,0.1392,0.2718,0.3375,0.0512,0.0393,0.0052,0.9944,0.9009,0.3713,True,0,0
1288,0.4,0.0,treatment,6,model,0.6,0.0658,0.030551947,0.0,0.0699,0.273,0.3319,0.0263,0.0405,0.0045,0.9735,0.5948,0.1825,True,0,0
1288,0.4,0.0,treatment,7,model,0.6,0.0446,0.0381873505,0.0,0.2467,0.1055,0.3494,0.0961,0.041,0.0048,0.9949,0.9014,0.3269,True,0,0
1288,0.4,0.0,treatment,8,model,0.6,0.0779,0.0260627195,0.0,0.0716,0.2957,0.2994,0.0207,0.035,0.0097,0.9554,0.5092,0.0331,True,0,0
1288,0.4,0.0,treatment,9,model,0.6,0.0504,0.0352933316,0.0,0.226,0.1421,0.3681,0.0919,0.045,0.0012,0.9946,0.9065,0.4012,True,0,0
1288,0.4,0.0,treatment,10,model,0.6,0.055,0.0350012237,0.0,0.1893,0.1532,0.3425,0.0816,0.0463,0.0042,0.9823,0.8389,0.1963,True,0,0
1288,0.4,0.0,treatment,11,model,0.6,0.0475,0.0361373965,0.0,0.1463,0.2062,0.3525,0.0572,0.0433,0.0066,0.9952,0.9309,0.3187,True,0,0
1288,0.4,0.0,frozen,0,prior,0.6,0.0833,0.0260418853,0.0,0.0885,0.2109,0.2944,0.0319,0.0435,0.0197,0.8234,0.9137,0.0044,False,0,0
1288,0.4,0.0,frozen,1,model,0.6,0.0387,0.0403039215,0.0,0.0521,0.299,0.3475,0.0307,0.0452,0.0046,0.993,0.9312,0.3431,True,0,0
1288,0.4,0.0,frozen,2,model,0.6,0.0496,0.0365964575,0.0,0.0703,0.2909,0.3575,0.0444,0.0489,0.0045,0.9913,0.9142,0.3375,True,0,0
1288,0.4,0.0,frozen,3,model,0.6,0.045,0.0370589614,0.0,0.0596,0.301,0.3519,0.0361,0.0454,0.0043,0.9928,0.9307,0.355,True,0,0
1288,0.4,0.0,frozen,4,model,0.6,0.0417,0.0391960357,0.0,0.0775,0.2937,0.37,0.0424,0.0501,0.0004,0.9915,0.9068,0.3312,True,0,0
1288,0.4,0.0,frozen,5,model,0.6,0.0446,0.0394337622,0.0,0.0645,0.2966,0.3594,0.0387,0.0468,0.0042,0.9902,0.9146,0.3275,True,0,0
1288,0.4,0.0,frozen,6,model,0.6,0.0454,0.037151623,0.0,0.0655,0.2993,0.3625,0.0406,0.0482,0.0026,0.9914,0.9232,0.3675,True,0,0
1288,0.4,0.0,frozen,7,model,0.6,0.0404,0.0393029235,0.0,0.0643,0.2951,0.3556,0.0363,0.0469,0.0059,0.9924,0.9135,0.355,True,0,0
1288,0.4,0.0,frozen,8,model,0.6,0.0421,0.037397342,0.0,0.0643,0.2945,0.3531,0.0371,0.0465,0.0053,0.9912,0.9227,0.3475,True,0,0
1288,0.4,0.0,frozen,9,model,0.6,0.0504,0.035328046,0.0,0.0702,0.3027,0.3681,0.0441,0.0486,0.0022,0.9927,0.9301,0.37,True,0,0
1288,0.4,0.0,frozen,10,model,0.6,0.0379,0.0399614949,0.0,0.078,0.2954,0.3681,0.0403,0.0503,0.0021,0.9932,0.9392,0.3731,True,0,0
1288,0.4,0.0,frozen,11,model,0.6,0.0354,0.0413738251,0.0,0.0741,0.2991,0.3706,0.0368,0.0524,0.0032,0.992,0.9275,0.3956,True,0,0
1288,0.4,0.0,prior,0,prior,0.6,0.0833,0.0260418853,0.0,0.0885,0.2109,0.2944,0.0319,0.0435,0.0197,0.8234,0.9137,0.0044,False,0,0
1288,0.4,0.0,prior,1,model,0.6,0.0762,0.0285278493,0.0,0.1244,0.1668,0.2913,0.0468,0.0393,0.0159,0.8344,0.8981,0.0037,False,0,0
1288,0.4,0.0,prior,2,model,0.6,0.0963,0.0231456193,0.0,0.0862,0.2403,0.2875,0.0296,0.0376,0.0212,0.8206,0.9072,0.0006,False,0,0
1288,0.4,0.0,prior,3,model,0.6,0.085,0.0254861016,0.0,0.0988,0.1959,0.2919,0.0346,0.0373,0.0151,0.8224,0.9104,0.0031,False,0,0
1288,0.4,0.0,prior,4,model,0.6,0.0963,0.0219273292,0.0,0.0801,0.212,0.2881,0.0346,0.0405,0.0245,0.83,0.922,0.0006,False,0,0
1288,0.4,0.0,prior,5,model,0.6,0.0858,0.0246435098,0.0,0.1124,0.1851,0.2975,0.044,0.041,0.0201,0.8163,0.9111,0.0019,False,0,0
1288,0.4,0.0,prior,6,model,0.6,0.0838,0.0242075929,0.0,0.1307,0.1841,0.305,0.0493,0.0411,0.0147,0.8307,0.9013,0.0031,False,0,0
1288,0.4,0.0,prior,7,model,0.6,0.0896,0.0246820314,0.0,0.0627,0.2337,0.2819,0.0187,0.0381,0.021,0.836,0.8954,0.0031,False,0,0
1288,0.4,0.0,prior,8,model,0.6,0.0846,0.0237737588,0.0,0.0925,0.207,0.2894,0.035,0.0399,0.0194,0.8305,0.9124,0.0025,False,0,0
1288,0.4,0.0,prior,9,model,0.6,0.0912,0.0229689293,0.0,0.1282,0.1975,0.3069,0.0441,0.0404,0.0167,0.8262,0.9116,0.0019,False,0,0
1288,0.4,0.0,prior,10,model,0.6,0.0942,0.0227832429,0.0,0.0676,0.2354,0.2838,0.0347,0.0421,0.0255,0.8337,0.9082,0.0,False,0,0
1288,0.4,0.0,prior,11,model,0.6,0.0804,0.0263233308,0.0,0.1094,0.2192,0.3031,0.0366,0.0437,0.0182,0.838,0.8972,0.0025,False,0,0
1288,0.4,0.05,treatment,0,prior,0.6198,0.0883,0.0248703978,-0.0011714875,0.0988,0.1992,0.2972,0.042,0.0407,0.0165,0.8234,0.9137,0.0044,False,79,19
1288,0.4,0.05,treatment,1,model,0.618,0.0534,0.0360121986,-0.0017938694,0.104,0.2343,0.3384,0.033,0.0392,0.0036,0.9795,0.9043,0.2938,True,72,23
1288,0.4,0.05,treatment,2,model,0.618,0.0801,0.027118471,-0.0015393848,0.0537,0.3107,0.3226,0.0385,0.04,0.0088,0.9647,0.7317,0.1781,True,72,22
1288,0.4,0.05,treatment,3,model,0.6198,0.0641,0.0322249767,-0.0019619558,0.0793,0.2693,0.3366,0.0283,0.0418,0.0045,0.9771,0.9132,0.2219,True,79,27
1288,0.4,0.05,treatment,4,model,0.6258,0.0883,0.0266429209,-0.0018984384,0.1388,0.2383,0.3146,0.0594,0.0411,0.0134,0.9546,0.871,0.13,True,103,33
1288,0.4,0.05,treatment,5,model,0.6178,0.0607,0.0346452897,-0.0022329183,0.1456,0.3987,0.3479,0.0629,0.0436,0.0038,0.9791,0.8301,0.1969,True,71,30
1288,0.4,0.05,treatment,6,model,0.6192,0.0658,0.0318127218,-0.0008721127,0.0675,0.2938,0.3454,0.0217,0.0422,0.0054,0.9844,0.9194,0.3137,True,77,22
1288,0.4,0.05,treatment,7,model,0.6168,0.0665,0.0325032265,-0.0006722794,0.1005,0.338,0.3275,0.0419,0.0404,0.0091,0.9578,0.7985,0.2244,True,67,17
1288,0.4,0.05,treatment,8,model,0.6182,0.0679,0.030381074,-0.0018987837,0.1003,0.2478,0.3261,0.0299,0.0412,0.0066,0.9542,0.8735,0.1506,True,73,27
1288,0.4,0.05,treatment,9,model,0.6232,0.0594,0.0340154739,-0.001189837,0.1719,0.2794,0.3729,0.0608,0.0484,0.0035,0.992,0.9209,0.3081,True,93,24
1288,0.4,0.05,treatment,10,model,0.6185,0.0792,0.0271740872,-0.0021239802,0.1323,0.2431,0.3172,0.0462,0.0392,0.0099,0.9622,0.8664,0.1812,True,74,26
1288,0.4,0.05,treatment,11,model,0.6215,0.0547,0.0342716987,-0.0019340472,0.1333,0.3193,0.358,0.0574,0.0447,0.0025,0.9936,0.8616,0.3513,True,86,26
1288,0.4,0.05,frozen,0,prior,0.6,0.0833,0.0260418853,0.0,0.0885,0.2109,0.2944,0.0319,0.0435,0.0197,0.8234,0.9137,0.0044,False,0,0
1288,0.4,0.05,frozen,1,model,0.6182,0.0473,0.0383040954,-0.0019998261,0.0524,0.2985,0.3484,0.0307,0.0459,0.0051,0.993,0.9312,0.3431,True,73,24
1288,0.4,0.05,frozen,2,model,0.622,0.0583,0.03508853,-0.0015079275,0.0729,0.2923,0.3611,0.0444,0.0501,0.005,0.9913,0.9142,0.3375,True,88,26
1288,0.4,0.05,frozen,3,model,0.6225,0.057,0.0346503341,-0.0024086274,0.0581,0.3001,0.3503,0.0361,0.0453,0.0048,0.9928,0.9307,0.355,True,90,34
1288,0.4,0.05,frozen,4,model,0.6278,0.0558,0.0366720809,-0.0025239548,0.0786,0.2937,0.3707,0.0424,0.0498,0.0003,0.9915,0.9068,0.3312,True,111,40
1288,0.4,0.05,frozen,5,model,0.617,0.0559,0.0369185702,-0.002515192,0.0608,0.2961,0.3551,0.0387,0.0459,0.0047,0.9902,0.9146,0.3275,True,68,31
1288,0.4,0.05,frozen,6,model,0.6202,0.0528,0.0363457281,-0.0008058949,0.0685,0.3006,0.3673,0.0406,0.05,0.0025,0.9914,0.9232,0.3675,True,81,22
1288,0.4,0.05,frozen,7,model,0.6162,0.0471,0.038301926,-0.0010009974,0.0662,0.2947,0.3583,0.0363,0.0477,0.0056,0.9924,0.9135,0.355,True,65,19
1288,0.4,0.05,frozen,8,model,0.6182,0.0518,0.0355233301,-0.0018740119,0.064,0.2929,0.3523,0.0371,0.0464,0.0053,0.9912,0.9227,0.3475,True,73,27
1288,0.4,0.05,frozen,9,model,0.621,0.0592,0.0338535304,-0.0014745156,0.0735,0.3029,0.3714,0.0441,0.049,0.0023,0.9927,0.9301,0.37,True,84,26
1288,0.4,0.05,frozen,10,model,0.621,0.0507,0.036790255,-0.0031712399,0.0779,0.2933,0.3654,0.0403,0.0494,0.002,0.9932,0.9392,0.3731,True,84,35
1288,0.4,0.05,frozen,11,model,0.6188,0.0457,0.0388563827,-0.0025174424,0.0759,0.2959,0.3705,0.0368,0.052,0.003,0.992,0.9275,0.3956,True,75,28
1288,0.4,0.05,prior,0,prior,0.6198,0.0883,0.0248703978,-0.0011714875,0.0988,0.1992,0.2972,0.042,0.0407,0.0165,0.8234,0.9137,0.0044,False,79,19
1288,0.4,0.05,prior,1,model,0.6158,0.0812,0.0274127228,-0.0011151265,0.0498,0.2543,0.2921,0.0182,0.0387,0.0178,0.8344,0.8981,0.0037,False,63,17
1288,0.4,0.05,prior,2,model,0.6202,0.1008,0.0223616511,-0.0007839682,0.0867,0.2221,0.2903,0.067,0.0371,0.0161,0.8206,0.9072,0.0006,False,81,19
1288,0.4,0.05,prior,3,model,0.6208,0.0934,0.0236722863,-0.0018138153,0.0268,0.2668,0.2894,0.0237,0.0392,0.0168,0.8224,0.9104,0.0031,False,83,28
1288,0.4,0.05,prior,4,model,0.6242,0.1045,0.0206509652,-0.001276364,0.077,0.2511,0.2868,0.0287,0.0399,0.0222,0.83,0.922,0.0006,False,97,30
1288,0.4,0.05,prior,5,model,0.6185,0.093,0.0234267989,-0.0012167109,0.1557,0.2236,0.2962,0.0681,0.042,0.0202,0.8163,0.9111,0.0019,False,74,24
1288,0.4,0.05,prior,6,model,0.6208,0.0886,0.0239172745,-0.0002903184,0.0869,0.2235,0.3092,0.0254,0.0437,0.0197,0.8307,0.9013,0.0031,False,83,19
1288,0.4,0.05,prior,7,model,0.6162,0.0949,0.0236102932,-0.0010717381,0.1263,0.2122,0.2814,0.0506,0.0358,0.02,0.836,0.8954,0.0031,False,65,19
1288,0.4,0.05,prior,8,model,0.619,0.0909,0.0224879953,-0.0012857635,0.0468,0.2618,0.2894,0.0272,0.036,0.0148,0.8305,0.9124,0.0025,False,76,22
1288,0.4,0.05,prior,9,model,0.6208,0.0954,0.0223074325,-0.0006614968,0.1008,0.2523,0.3118,0.033,0.0436,0.016,0.8262,0.9116,0.0019,False,83,18
1288,0.4,0.05,prior,10,model,0.6208,0.1015,0.0208657762,-0.0019174668,0.0369,0.3159,0.2821,0.0436,0.0418,0.0245,0.8337,0.9082,0.0,False,83,26
1288,0.4,0.05,prior,11,model,0.6208,0.087,0.0249534525,-0.0013698783,0.1308,0.2566,0.3045,0.0516,0.0456,0.0192,0.838,0.8972,0.0025,False,83,23
1288,1.0,0.0,treatment,0,prior,0.6,0.0133,0.0473036031,0.0,0.3759,0.0234,0.3994,0.1498,0.0509,0.0005,0.9736,0.802,0.2144,True,0,0
1288,1.0,0.0,treatment,1,model,0.6,0.0963,0.0207898551,0.0,0.0367,0.2398,0.2612,0.0217,0.0325,0.0223,0.9734,0.8848,0.1519,True,0,0
1288,1.0,0.0,treatment,2,model,0.6,0.0471,0.0377305354,0.0,0.2111,0.1501,0.3613,0.0846,0.0451,0.0054,0.9938,0.8739,0.3594,True,0,0
1288,1.0,0.0,treatment,3,model,0.6,0.0479,0.0366672295,0.0,0.211,0.1365,0.3475,0.0846,0.0412,0.0024,0.99,0.9146,0.2475,True,0,0
1288,1.0,0.0,treatment,4,model,0.6,0.0638,0.033262781,0.0,0.1131,0.2316,0.3369,0.0419,0.0401,0.0028,0.9915,0.8925,0.3544,True,0,0
1288,1.0,0.0,treatment,5,model,0.6,0.0533,0.0353277771,0.0,0.1601,0.1862,0.3463,0.0615,0.0425,0.0039,0.982,0.8977,0.2988,True,0,0
1288,1.0,0.0,treatment,6,model,0.6,0.0608,0.0320096757,0.0,0.143,0.1964,0.3394,0.0569,0.0411,0.0036,0.9928,0.9241,0.2994,True,0,0
1288,1.0,0.0,treatment,7,model,0.6,0.0533,0.0354411557,0.0,0.152,0.3194,0.3362,0.0483,0.0417,0.0079,0.9863,0.8608,0.2594,True,0,0
1288,1.0,0.0,treatment,8,model,0.6,0.05,0.0352940219,0.0,0.1614,0.1798,0.3412,0.0642,0.0392,0.0042,0.9898,0.7928,0.3531,True,0,0
1288,1.0,0.0,treatment,9,model,0.6,0.06,0.0332277028,0.0,0.1701,0.1915,0.3538,0.0586,0.0425,0.0043,0.9921,0.8877,0.3594,True,0,0
1288,1.0,0.0,treatment,10,model,0.6,0.0521,0.0354922446,0.0,0.1457,0.2611,0.3469,0.0494,0.0422,0.003,0.9822,0.8372,0.2112,True,0,0
1288,1.0,0.0,treatment,11,model,0.6,0.0542,0.0331074184,0.0,0.1631,0.2004,0.3425,0.0619,0.0448,0.0072,0.9928,0.9039,0.4194,True,0,0
1288,1.0,0.0,frozen,0,prior,0.6,0.0133,0.0473036031,0.0,0.3759,0.0234,0.3994,0.1498,0.0509,0.0005,0.9736,0.802,0.2144,True,0,0
1288,1.0,0.0,frozen,1,model,0.6,0.0963,0.0207898551,0.0,0.2333,0.028,0.2612,0.144,0.0124,0.001,0.9734,0.8848,0.1519,True,0,0
1288,1.0,0.0,frozen,2,model,0.6,0.1054,0.0191699053,0.0,0.2472,0.0266,0.2737,0.155,0.014,0.0004,0.9714,0.8872,0.1512,True,0,0
1288,1.0,0.0,frozen,3,model,0.6,0.0942,0.0222898103,0.0,0.2512,0.0269,0.2781,0.1498,0.0158,0.0004,0.9715,0.8899,0.1288,True,0,0
1288,1.0,0.0,frozen,4,model,0.6,0.1008,0.0213880164,0.0,0.2534,0.0278,0.2812,0.1549,0.017,0.0,0.9759,0.8873,0.1669,True,0,0
1288,1.0,0.0,frozen,5,model,0.6,0.1004,0.0213776988,0.0,0.2479,0.0277,0.2756,0.1524,0.0168,0.0008,0.9759,0.8427,0.1719,True,0,0
1288,1.0,0.0,frozen,6,model,0.6,0.0917,0.0231934289,0.0,0.2668,0.0263,0.2931,0.1547,0.0189,0.0002,0.9755,0.8764,0.1444,True,0,0
1288,1.0,0.0,frozen,7,model,0.6,0.0871,0.0254895293,0.0,0.2585,0.0272,0.2856,0.1486,0.0175,0.0007,0.9727,0.8814,0.1519,True,0,0
1288,1.0,0.0,frozen,8,model,0.6,0.0942,0.0202746486,0.0,0.2478,0.0272,0.275,0.1486,0.015,0.0005,0.9783,0.8883,0.1762,True,0,0
1288,1.0,0.0,frozen,9,model,0.6,0.1104,0.0176142196,0.0,0.2514,0.0268,0.2781,0.1598,0.0164,0.0014,0.9743,0.8845,0.17,True,0,0
1288,1.0,0.0,frozen,10,model,0.6,0.09,0.0231860801,0.0,0.2619,0.0281,0.29,0.1517,0.0187,0.0001,0.9756,0.883,0.1537,True,0,0
1288,1.0,0.0,frozen,11,model,0.6,0.0929,0.0225890335,0.0,0.2568,0.0276,0.2844,0.1513,0.019,0.001,0.973,0.8738,0.1681,True,0,0
1288,1.0,0.0,prior,0,prior,0.6,0.0133,0.0473036031,0.0,0.3759,0.0234,0.3994,0.1498,0.0509,0.0005,0.9736,0.802,0.2144,True,0,0
1288,1.0,0.0,prior,1,model,0.6,0.0154,0.0470486702,0.0,0.3597,0.0228,0.3825,0.1444,0.0449,0.0005,0.9736,0.8704,0.2281,True,0,0
1288,1.0,0.0,prior,2,model,0.6,0.0221,0.0454659264,0.0,0.3628,0.0359,0.3987,0.1456,0.0515,0.0004,0.974,0.8289,0.2256,True,0,0
1288,1.0,0.0,prior,3,model,0.6,0.0187,0.0460663521,0.0,0.3648,0.0265,0.3912,0.1465,0.0482,0.0,0.9733,0.8168,0.2081,True,0,0
1288,1.0,0.0,prior,4,model,0.6,0.0154,0.0464880322,0.0,0.3809,0.0284,0.4094,0.1522,0.0537,0.0008,0.9723,0.7892,0.1938,True,0,0
1288,1.0,0.0,prior,5,model,0.6,0.0129,0.0480071492,0.0,0.3913,0.0156,0.4069,0.1568,0.0529,0.0008,0.9735,0.8205,0.1881,True,0,0
1288,1.0,0.0,prior,6,model,0.6,0.0167,0.045972934,0.0,0.3788,0.0269,0.4056,0.1515,0.0519,0.0,0.9732,0.8299,0.2462,True,0,0
1288,1.0,0.0,prior,7,model,0.6,0.0133,0.0477187287,0.0,0.3737,0.0225,0.3962,0.1492,0.0487,0.0,0.973,0.7902,0.2263,True,0,0
1288,1.0,0.0,prior,8,model,0.6,0.0154,0.046233137,0.0,0.3625,0.0306,0.3931,0.1451,0.0498,0.0,0.9733,0.8404,0.2356,True,0,0
1288,1.0,0.0,prior,9,model,0.6,0.0142,0.0467246151,0.0,0.3982,0.0243,0.4225,0.1597,0.0576,0.0001,0.9714,0.7974,0.1925,True,0,0
1288,1.0,0.0,prior,10,model,0.6,0.015,0.0470367269,0.0,0.378,0.0245,0.4025,0.1508,0.0508,0.0003,0.9718,0.8333,0.2006,True,0,0
1288,1.0,0.0,prior,11,model,0.6,0.0121,0.0477882679,0.0,0.3847,0.021,0.4056,0.1535,0.0515,0.0001,0.9747,0.7693,0.2169,True,0,0
1288,1.0,0.05,treatment,0,prior,0.6212,0.0258,0.0444776173,-0.0028259858,0.1918,0.2147,0.4007,0.048,0.0534,0.0001,0.9736,0.802,0.2144,True,85,32
1288,1.0,0.05,treatment,1,model,0.618,0.0785,0.0283513144,-0.0007404538,0.1043,0.2471,0.2978,0.0482,0.0365,0.0097,0.9463,0.8864,0.1231,True,72,16
1288,1.0,0.05,treatment,2,model,0.62,0.0685,0.0316389535,-0.0013908311,0.0947,0.2481,0.3428,0.0801,0.0419,0.0065,0.9889,0.8544,0.2919,True,80,23
1288,1.0,0.05,treatment,3,model,0.6205,0.0713,0.0302116185,-0.0019812751,0.0723,0.2852,0.3254,0.0169,0.0397,0.007,0.9672,0.8484,0.1737,True,82,29
1288,1.0,0.05,treatment,4,model,0.6268,0.0734,0.0312009274,-0.0025297976,0.0703,0.3647,0.3403,0.0311,0.0447,0.0075,0.9765,0.9007,0.2556,True,107,40
1288,1.0,0.05,treatment,5,model,0.619,0.063,0.0338680107,-0.0022933119,0.1108,0.3004,0.3451,0.0494,0.0452,0.0063,0.9784,0.8905,0.3031,True,76,31
1288,1.0,0.05,treatment,6,model,0.6232,0.0646,0.0328283202,-0.0003474618,0.1556,0.1948,0.3504,0.0607,0.0443,0.0032,0.9629,0.8883,0.2188,True,93,21
1288,1.0,0.05,treatment,7,model,0.6148,0.0679,0.0314937027,-0.0006157656,0.0464,0.3662,0.3238,0.0745,0.0411,0.0125,0.9878,0.8452,0.2869,True,59,16
1288,1.0,0.05,treatment,8,model,0.616,0.0678,0.0299273326,-0.0017321374,0.1521,0.3773,0.3249,0.051,0.0382,0.0047,0.9862,0.8699,0.2975,True,64,25
1288,1.0,0.05,treatment,9,model,0.6228,0.0598,0.0343751974,-0.000978603,0.1188,0.253,0.3718,0.0293,0.0472,0.0006,0.9909,0.9051,0.3606,True,91,23
1288,1.0,0.05,treatment,10,model,0.6202,0.0677,0.0309224925,-0.003322037,0.1094,0.3818,0.3371,0.0755,0.038,0.0031,0.989,0.9085,0.2706,True,81,35
1288,1.0,0.05,treatment,11,model,0.6182,0.0659,0.0299564298,-0.0023813389,0.1292,0.2092,0.3373,0.0486,0.0421,0.0089,0.9909,0.8484,0.2662,True,73,26
1288,1.0,0.05,frozen,0,prior,0.6,0.0133,0.0473036031,0.0,0.3759,0.0234,0.3994,0.1498,0.0509,0.0005,0.9736,0.802,0.2144,True,0,0
1288,1.0,0.05,frozen,1,model,0.6182,0.1007,0.0198435351,-0.00094632,0.234,0.028,0.262,0.144,0.0124,0.001,0.9734,0.8848,0.1519,True,73,18
1288,1.0,0.05,frozen,2,model,0.6225,0.1104,0.0182895433,-0.000880362,0.2489,0.0265,0.2755,0.155,0.0145,0.0005,0.9714,0.8872,0.1512,True,90,22
1288,1.0,0.05,frozen,3,model,0.6185,0.0986,0.0216845785,-0.0006052318,0.2529,0.027,0.2798,0.1498,0.0162,0.0003,0.9715,0.8899,0.1288,True,74,18
1288,1.0,0.05,frozen,4,model,0.6228,0.1068,0.0204946941,-0.0008933224,0.2545,0.0278,0.2823,0.1549,0.018,0.0,0.9759,0.8873,0.1669,True,91,24
1288,1.0,0.05,frozen,5,model,0.619,0.1062,0.0199524269,-0.0014252719,0.2474,0.0276,0.2749,0.1524,0.0165,0.0007,0.9759,0.8427,0.1719,True,76,22
1288,1.0,0.05,frozen,6,model,0.6212,0.0966,0.0229127386,-0.0002806904,0.27,0.0264,0.2964,0.1547,0.0197,0.0002,0.9755,0.8764,0.1444,True,85,20
1288,1.0,0.05,frozen,7,model,0.6155,0.0898,0.0253773381,-0.0001121912,0.2622,0.0271,0.2893,0.1486,0.0184,0.0007,0.9727,0.8814,0.1519,True,62,12
1288,1.0,0.05,frozen,8,model,0.617,0.0997,0.0192449372,-0.0010297114,0.2468,0.0273,0.2742,0.1486,0.0148,0.0006,0.9783,0.8883,0.1762,True,68,20
1288,1.0,0.05,frozen,9,model,0.6202,0.1129,0.0174752381,-0.0001389815,0.2564,0.0267,0.2831,0.1598,0.0175,0.0013,0.9743,0.8845,0.17,True,81,15
1288,1.0,0.05,frozen,10,model,0.6205,0.0983,0.0209133094,-0.0022727707,0.2591,0.0282,0.2872,0.1517,0.0182,0.0002,0.9756,0.883,0.1537,True,82,28
1288,1.0,0.05,frozen,11,model,0.6202,0.0988,0.0211422204,-0.0014468132,0.2574,0.0276,0.2851,0.1513,0.0196,0.0015,0.973,0.8738,0.1681,True,81,22
1288,1.0,0.05,prior,0,prior,0.6212,0.0258,0.0444776173,-0.0028259858,0.1918,0.2147,0.4007,0.048,0.0534,0.0001,0.9736,0.802,0.2144,True,85,32
1288,1.0,0.05,prior,1,model,0.6175,0.0251,0.0449582084,-0.0020904617,0.1676,0.2192,0.3837,0.0302,0.0485,0.0004,0.9736,0.8704,0.2281,True,70,25
1288,1.0,0.05,prior,2,model,0.622,0.0326,0.0437168673,-0.0017490591,0.2893,0.1141,0.4034,0.0957,0.0541,0.0006,0.974,0.8289,0.2256,True,88,28
1288,1.0,0.05,prior,3,model,0.6208,0.0314,0.0436452249,-0.0024211273,0.1095,0.2814,0.3909,0.0183,0.0489,0.0,0.9733,0.8168,0.2081,True,83,33
1288,1.0,0.05,prior,4,model,0.6258,0.0316,0.0435918175,-0.0028962147,0.1424,0.3447,0.4095,0.0592,0.0556,0.0003,0.9723,0.7892,0.1938,True,103,42
1288,1.0,0.05,prior,5,model,0.616,0.026,0.0451930237,-0.0028141256,0.1596,0.3285,0.4023,0.0512,0.0533,0.0001,0.9735,0.8205,0.1881,True,64,33
1288,1.0,0.05,prior,6,model,0.6225,0.0269,0.04491886,-0.0010540741,0.2371,0.2001,0.4119,0.0514,0.0555,0.0001,0.9732,0.8299,0.2462,True,90,27
1288,1.0,0.05,prior,7,model,0.617,0.0227,0.0461164309,-0.0016022978,0.2394,0.1694,0.3982,0.0813,0.0521,0.0005,0.973,0.7902,0.2263,True,68,24
1288,1.0,0.05,prior,8,model,0.6192,0.0275,0.0440338153,-0.0021993217,0.1874,0.2635,0.3926,0.039,0.0513,0.0002,0.9733,0.8404,0.2356,True,77,31
1288,1.0,0.05,prior,9,model,0.622,0.0257,0.0448223605,-0.0019022546,0.2098,0.2175,0.4272,0.0409,0.0616,0.0001,0.9714,0.7974,0.1925,True,88,30
1288,1.0,0.05,prior,10,model,0.6208,0.0286,0.043753909,-0.0032828179,0.182,0.3869,0.4015,0.0626,0.0553,0.0012,0.9718,0.8333,0.2006,True,83,35
1288,1.0,0.05,prior,11,model,0.62,0.0242,0.0450769909,-0.0027112771,0.1449,0.3496,0.4066,0.0584,0.0558,0.0011,0.9747,0.7693,0.2169,True,80,31
1304,0.2,0.0,treatment,0,prior,0.6,0.1379,0.0085373311,0.0,0.0475,0.1919,0.2244,0.0457,0.0305,0.0316,0.783,0.9744,0.0,False,0,0
1304,0.2,0.0,treatment,1,model,0.6,0.0421,0.0387113897,0.0,0.2166,0.1418,0.3581,0.0838,0.0426,0.0022,0.9957,0.8074,0.4125,True,0,0
1304,0.2,0.0,treatment,2,model,0.6,0.0721,0.0294781449,0.0,0.097,0.2192,0.3125,0.0358,0.0406,0.0143,0.9784,0.7994,0.1606,True,0,0
1304,0.2,0.0,treatment,3,model,0.6,0.0471,0.0363339904,0.0,0.2326,0.1419,0.3594,0.0845,0.0435,0.0025,0.9937,0.9252,0.3394,True,0,0
1304,0.2,0.0,treatment,4,model,0.6,0.0683,0.0309020786,0.0,0.0766,0.2466,0.3212,0.039,0.0452,0.0121,0.9622,0.8754,0.1037,True,0,0
1304,0.2,0.0,treatment,5,model,0.6,0.0462,0.0373972452,0.0,0.2115,0.1541,0.3656,0.0853,0.0451,0.0026,0.9943,0.9378,0.3137,True,0,0
1304,0.2,0.0,treatment,6,model,0.6,0.0546,0.0347425283,0.0,0.204,0.1529,0.3569,0.081,0.0488,0.006,0.9883,0.8911,0.2506,True,0,0
1304,0.2,0.0,treatment,7,model,0.6,0.0583,0.0331095889,0.0,0.1278,0.2177,0.3444,0.0462,0.0435,0.0028,0.9851,0.8885,0.2562,True,0,0
1304,0.2,0.0,treatment,8,model,0.6,0.0654,0.0298869073,0.0,0.1533,0.2085,0.3281,0.0553,0.0403,0.0088,0.9872,0.8955,0.2681,True,0,0
1304,0.2,0.0,treatment,9,model,0.6,0.0554,0.0338067428,0.0,0.2131,0.1381,0.3513,0.082,0.0425,0.0029,0.992,0.934,0.315,True,0,0
1304,0.2,0.0,treatment,10,model,0.6,0.0567,0.0326585678,0.0,0.1482,0.2602,0.3344,0.0489,0.046,0.006,0.9911,0.9044,0.3137,True,0,0
1304,0.2,0.0,treatment,11,model,0.6,0.0521,0.0365452107,0.0,0.172,0.1767,0.3488,0.0668,0.0393,0.0026,0.9906,0.917,0.315,True,0,0
1304,0.2,0.0,frozen,0,prior,0.6,0.1379,0.0085373311,0.0,0.0475,0.1919,0.2244,0.0457,0.0305,0.0316,0.783,0.9744,0.0,False,0,0
1304,0.2,0.0,frozen,1,model,0.6,0.0421,0.0387113897,0.0,0.0484,0.3481,0.3581,0.0278,0.0473,0.003,0.9957,0.8074,0.4125,True,0,0
1304,0.2,0.0,frozen,2,model,0.6,0.0467,0.0369903957,0.0,0.0574,0.3535,0.3506,0.0309,0.0446,0.0043,0.9953,0.8855,0.4081,True,0,0
1304,0.2,0.0,frozen,3,model,0.6,0.0433,0.037416892,0.0,0.0319,0.347,0.365,0.0205,0.0501,0.0015,0.9954,0.9072,0.4363,True,0,0
1304,0.2,0.0,frozen,4,model,0.6,0.0417,0.0390682448,0.0,0.0368,0.3476,0.3613,0.0244,0.047,0.0034,0.9959,0.8652,0.4119,True,0,0
1304,0.2,0.0,frozen,5,model,0.6,0.0437,0.0375112747,0.0,0.0471,0.3494,0.3694,0.0245,0.0482,0.0001,0.996,0.8713,0.4075,True,0,0
1304,0.2,0.0,frozen,6,model,0.6,0.0421,0.0381803292,0.0,0.0396,0.3461,0.3756,0.0288,0.0518,0.0016,0.9953,0.9249,0.4163,True,0,0
1304,0.2,0.0,frozen,7,model,0.6,0.05,0.0358082829,0.0,0.0403,0.3422,0.3569,0.0268,0.0451,0.0014,0.9954,0.8518,0.3862,True,0,0
1304,0.2,0.0,frozen,8,model,0.6,0.0479,0.0354967223,0.0,0.0542,0.3543,0.3544,0.0321,0.0465,0.0036,0.9939,0.8647,0.3925,True,0,0
1304,0.2,0.0,frozen,9,model,0.6,0.0446,0.0370407294,0.0,0.0318,0.3448,0.3675,0.0231,0.0492,0.0007,0.9967,0.9364,0.4213,True,0,0
1304,0.2,0.0,frozen,10,model,0.6,0.0467,0.0357271841,0.0,0.061,0.3427,0.3494,0.0321,0.0488,0.0034,0.9951,0.9163,0.3794,True,0,0
1304,0.2,0.0,frozen,11,model,0.6,0.0396,0.0396814946,0.0,0.0641,0.3512,0.3675,0.0296,0.0476,0.0,0.9957,0.8846,0.42,True,0,0
1304,0.2,0.0,prior,0,prior,0.6,0.1379,0.0085373311,0.0,0.0475,0.1919,0.2244,0.0457,0.0305,0.0316,0.783,0.9744,0.0,False,0,0
1304,0.2,0.0,prior,1,model,0.6,0.1325,0.0098171267,0.0,0.0341,0.1954,0.2225,0.0411,0.0311,0.032,0.7874,0.9761,0.0,False,0,0
1304,0.2,0.0,prior,2,model,0.6,0.1333,0.0110586305,0.0,0.0477,0.1817,0.2206,0.0239,0.0257,0.0313,0.7903,0.9787,0.0,False,0,0
1304,0.2,0.0,prior,3,model,0.6,0.1354,0.0094549973,0.0,0.0353,0.2037,0.2269,0.0218,0.0286,0.0287,0.7871,0.9732,0.0,False,0,0
1304,0.2,0.0,prior,4,model,0.6,0.1267,0.0109782002,0.0,0.0681,0.1763,0.2338,0.0245,0.0305,0.0306,0.779,0.9773,0.0,False,0,0
1304,0.2,0.0,prior,5,model,0.6,0.13,0.0120022603,0.0,0.0496,0.1934,0.24,0.0319,0.0332,0.0306,0.7885,0.9724,0.0,False,0,0
1304,0.2,0.0,prior,6,model,0.6,0.1396,0.008244828,0.0,0.0318,0.2059,0.2294,0.0247,0.0298,0.0309,0.7751,0.9771,0.0,False,0,0
1304,0.2,0.0,prior,7,model,0.6,0.1379,0.0098416137,0.0,0.0294,0.197,0.225,0.0298,0.0293,0.0293,0.7864,0.9767,0.0,False,0,0
1304,0.2,0.0,prior,8,model,0.6,0.125,0.0112095971,0.0,0.0543,0.1939,0.2387,0.0315,0.0305,0.0274,0.7864,0.9682,0.0,False,0,0
1304,0.2,0.0,prior,9,model,0.6,0.1392,0.0072318234,0.0,0.0402,0.2029,0.2256,0.03,0.0309,0.0288,0.7867,0.9799,0.0,False,0,0
1304,0.2,0.0,prior,10,model,0.6,0.1267,0.010060798,0.0,0.0458,0.1946,0.2294,0.014,0.0312,0.0287,0.7853,0.9714,0.0,False,0,0
1304,0.2,0.0,prior,11,model,0.6,0.1321,0.0124793275,0.0,0.0451,0.1849,0.2288,0.0364,0.0323,0.0335,0.7903,0.9758,0.0,False,0,0
1304,0.2,0.05,treatment,0,prior,0.6232,0.1428,0.0074949991,-0.0010423321,0.0302,0.2229,0.2216,0.0202,0.0257,0.0318,0.783,0.9744,0.0,False,93,25
1304,0.2,0.05,treatment,1,model,0.624,0.0609,0.0345123837,-0.0009253851,0.1171,0.23,0.3471,0.0329,0.0441,0.0079,0.9689,0.901,0.2712,True,96,27
1304,0.2,0.05,treatment,2,model,0.6185,0.0655,0.0324632022,-0.0007347049,0.199,0.147,0.3349,0.0873,0.0416,0.0055,0.9767,0.7553,0.1819,True,74,18
1304,0.2,0.05,treatment,3,model,0.617,0.062,0.0325919497,-0.0017741326,0.0654,0.3166,0.3492,0.03,0.0425,0.0036,0.9876,0.8943,0.3069,True,68,25
1304,0.2,0.05,treatment,4,model,0.6175,0.0672,0.0315611741,-0.0015766129,0.1358,0.2825,0.3346,0.04,0.0412,0.0076,0.9693,0.897,0.1688,True,70,23
1304,0.2,0.05,treatment,5,model,0.6218,0.0611,0.0341649173,-0.0013778232,0.1896,0.1737,0.3596,0.0686,0.0442,0.0017,0.9841,0.7666,0.2694,True,87,26
1304,0.2,0.05,treatment,6,model,0.617,0.0746,0.0290324434,-0.0011298491,0.0582,0.2964,0.3381,0.009,0.0468,0.011,0.9671,0.8574,0.1769,True,68,21
1304,0.2,0.05,treatment,7,model,0.6208,0.0681,0.0309274659,-0.0013790937,0.0722,0.3255,0.3441,0.0584,0.037,0.0017,0.9819,0.8195,0.2487,True,83,22
1304,0.2,0.05,treatment,8,model,0.6182,0.0938,0.0212645956,-0.0015644641,0.1314,0.2887,0.2947,0.0505,0.0346,0.0112,0.9631,0.8369,0.13,True,73,24
1304,0.2,0.05,treatment,9,model,0.6172,0.0644,0.0318260438,-0.0023323064,0.131,0.4191,0.3501,0.0554,0.0468,0.0068,0.9868,0.8362,0.345,True,69,29
1304,0.2,0.05,treatment,10,model,0.6198,0.0621,0.0318949099,-0.0018641298,0.0717,0.3211,0.3399,0.024,0.0414,0.0037,0.989,0.9266,0.2913,True,79,27
1304,0.2,0.05,treatment,11,model,0.618,0.0587,0.0352026949,-0.0010091104,0.0876,0.3205,0.3521,0.0481,0.0432,0.0024,0.9888,0.923,0.255,True,72,21
1304,0.2,0.05,frozen,0,prior,0.6,0.1379,0.0085373311,0.0,0.0475,0.1919,0.2244,0.0457,0.0305,0.0316,0.783,0.9744,0.0,False,0,0
1304,0.2,0.05,frozen,1,model,0.6238,0.0509,0.0377915342,-0.0009198555,0.0467,0.3483,0.3635,0.0278,0.0486,0.0024,0.9957,0.8074,0.4125,True,95,26
1304,0.2,0.05,frozen,2,model,0.6218,0.0531,0.0362678377,-0.000722558,0.0538,0.3546,0.3576,0.0309,0.0462,0.0032,0.9953,0.8855,0.4081,True,87,20
1304,0.2,0.05,frozen,3,model,0.6185,0.0513,0.0359692539,-0.0014476381,0.0307,0.3468,0.3676,0.0205,0.051,0.0014,0.9954,0.9072,0.4363,True,74,23
1304,0.2,0.05,frozen,4,model,0.6172,0.0494,0.037366405,-0.0017018398,0.0366,0.3464,0.3632,0.0244,0.047,0.0028,0.9959,0.8652,0.4119,True,69,22
1304,0.2,0.05,frozen,5,model,0.62,0.0536,0.0356509153,-0.0018603594,0.046,0.35,0.3704,0.0245,0.0488,0.0001,0.996,0.8713,0.4075,True,80,28
1304,0.2,0.05,frozen,6,model,0.6175,0.0506,0.0367640885,-0.0014162407,0.0388,0.3452,0.3771,0.0288,0.0522,0.0018,0.9953,0.9249,0.4163,True,70,24
1304,0.2,0.05,frozen,7,model,0.619,0.0586,0.034067435,-0.0017408479,0.0408,0.3433,0.3583,0.0268,0.046,0.0018,0.9954,0.8518,0.3862,True,76,25
1304,0.2,0.05,frozen,8,model,0.6182,0.0578,0.0333783033,-0.002118419,0.0505,0.3541,0.353,0.0321,0.0458,0.0031,0.9939,0.8647,0.3925,True,73,28
1304,0.2,0.05,frozen,9,model,0.6192,0.0561,0.0343435941,-0.0026971353,0.0324,0.3468,0.3651,0.0231,0.0488,0.0013,0.9967,0.9364,0.4213,True,77,32
1304,0.2,0.05,frozen,10,model,0.6202,0.0576,0.0334879523,-0.0022392318,0.0635,0.3438,0.3476,0.0321,0.0486,0.0038,0.9951,0.9163,0.3794,True,81,31
1304,0.2,0.05,frozen,11,model,0.6198,0.0476,0.0386291687,-0.001052326,0.0658,0.3531,0.3715,0.0296,0.0484,0.0,0.9957,0.8846,0.42,True,79,23
1304,0.2,0.05,prior,0,prior,0.6232,0.1428,0.0074949991,-0.0010423321,0.0302,0.2229,0.2216,0.0202,0.0257,0.0318,0.783,0.9744,0.0,False,93,25
1304,0.2,0.05,prior,1,model,0.625,0.1336,0.0099218603,0.0001047337,0.0574,0.2002,0.2267,0.0545,0.0293,0.0296,0.7874,0.9761,0.0,False,100,16
1304,0.2,0.05,prior,2,model,0.6205,0.135,0.0107638737,-0.0002947568,0.0502,0.1881,0.2227,0.024,0.0275,0.0292,0.7903,0.9787,0.0,False,82,15
1304,0.2,0.05,prior,3,model,0.6168,0.137,0.0090956296,-0.0003593677,0.0361,0.2327,0.2283,0.026,0.0281,0.0262,0.7871,0.9732,0.0,False,67,13
1304,0.2,0.05,prior,4,model,0.6172,0.1276,0.0109140309,-6.41693e-05,0.0665,0.2146,0.2371,0.018,0.0292,0.0287,0.779,0.9773,0.0,False,69,11
1304,0.2,0.05,prior,5,model,0.6215,0.1315,0.0121202882,0.0001180279,0.087,0.1949,0.2437,0.0544,0.0317,0.0288,0.7885,0.9724,0.0,False,86,15
1304,0.2,0.05,prior,6,model,0.619,0.1434,0.0075017236,-0.0007431044,0.0206,0.2277,0.2277,0.0338,0.0273,0.0257,0.7751,0.9771,0.0,False,76,20
1304,0.2,0.05,prior,7,model,0.618,0.1388,0.0097331919,-0.0001084219,0.039,0.221,0.2277,0.0286,0.0267,0.0263,0.7864,0.9767,0.0,False,72,12
1304,0.2,0.05,prior,8,model,0.62,0.1298,0.0099890021,-0.001220595,0.0874,0.226,0.2368,0.0427,0.0279,0.0253,0.7864,0.9682,0.0,False,80,22
1304,0.2,0.05,prior,9,model,0.6198,0.1452,0.0054850602,-0.0017467632,0.0326,0.2087,0.2202,0.0364,0.0272,0.0306,0.7867,0.9799,0.0,False,79,26
1304,0.2,0.05,prior,10,model,0.6192,0.1288,0.0098759805,-0.0001848175,0.043,0.2024,0.2311,0.04,0.0281,0.0254,0.7853,0.9714,0.0,False,77,15
1304,0.2,0.05,prior,11,model,0.6205,0.1342,0.012298017,-0.0001813105,0.0559,0.2335,0.2306,0.0374,0.032,0.0325,0.7903,0.9758,0.0,False,82,16
1304,0.4,0.0,treatment,0,prior,0.6,0.0887,0.0236747379,0.0,0.0807,0.2338,0.2981,0.0277,0.0448,0.0202,0.8294,0.9029,0.0006,False,0,0
1304,0.4,0.0,treatment,1,model,0.6,0.0512,0.0358570398,0.0,0.2009,0.1545,0.3444,0.0764,0.0385,0.002,0.9925,0.9232,0.3594,True,0,0
1304,0.4,0.0,treatment,2,model,0.6,0.0638,0.0312753539,0.0,0.1915,0.1335,0.325,0.075,0.0398,0.0074,0.9903,0.8603,0.3287,True,0,0
1304,0.4,0.0,treatment,3,model,0.6,0.0508,0.0353976944,0.0,0.244,0.1097,0.3538,0.0975,0.0438,0.0048,0.9901,0.9075,0.33,True,0,0
1304,0.4,0.0,treatment,4,model,0.6,0.0587,0.0324195042,0.0,0.1241,0.2312,0.3356,0.0437,0.0435,0.0101,0.9927,0.9242,0.3169,True,0,0
1304,0.4,0.0,treatment,5,model,0.6,0.0479,0.0369247155,0.0,0.2226,0.1685,0.3631,0.081,0.0463,0.0019,0.9907,0.9313,0.3469,True,0,0
1304,0.4,0.0,treatment,6,model,0.6,0.0688,0.0311797606,0.0,0.0659,0.2703,0.3356,0.028,0.0472,0.0098,0.9842,0.8048,0.2125,True,0,0
1304,0.4,0.0,treatment,7,model,0.6,0.0546,0.0338008061,0.0,0.1929,0.2621,0.35,0.0668,0.0432,0.0016,0.9898,0.8784,0.3075,True,0,0
1304,0.4,0.0,treatment,8,model,0.6,0.0729,0.027971695,0.0,0.1227,0.2031,0.3169,0.0484,0.0357,0.0092,0.9488,0.8659,0.1144,True,0,0
1304,0.4,0.0,treatment,9,model,0.6,0.0529,0.0348410845,0.0,0.1976,0.1578,0.355,0.0797,0.0444,0.0041,0.9927,0.9369,0.3494,True,0,0
1304,0.4,0.0,treatment,10,model,0.6,0.0496,0.0347207895,0.0,0.1808,0.1642,0.345,0.0702,0.0424,0.0032,0.9859,0.8299,0.2406,True,0,0
1304,0.4,0.0,treatment,11,model,0.6,0.0521,0.0356165942,0.0,0.2031,0.1457,0.3488,0.0785,0.0413,0.0024,0.9919,0.9093,0.2737,True,0,0
1304,0.4,0.0,frozen,0,prior,0.6,0.0887,0.0236747379,0.0,0.0807,0.2338,0.2981,0.0277,0.0448,0.0202,0.8294,0.9029,0.0006,False,0,0
1304,0.4,0.0,frozen,1,model,0.6,0.0512,0.0358570398,0.0,0.0692,0.3353,0.3444,0.0413,0.0465,0.011,0.9925,0.9232,0.3594,True,0,0
1304,0.4,0.0,frozen,2,model,0.6,0.0496,0.0371979436,0.0,0.0712,0.3346,0.3463,0.0408,0.045,0.0065,0.9901,0.9284,0.3187,True,0,0
1304,0.4,0.0,frozen,3,model,0.6,0.0483,0.0357631745,0.0,0.0638,0.3334,0.3575,0.0378,0.0483,0.0054,0.9909,0.9022,0.3256,True,0,0
1304,0.4,0.0,frozen,4,model,0.6,0.0475,0.0370391324,0.0,0.0653,0.3233,0.3525,0.0379,0.0467,0.0059,0.9884,0.9153,0.3344,True,0,0
1304,0.4,0.0,frozen,5,model,0.6,0.0471,0.0364807648,0.0,0.0689,0.3347,0.3644,0.0388,0.0474,0.0025,0.9912,0.9193,0.3237,True,0,0
1304,0.4,0.0,frozen,6,model,0.6,0.0521,0.0354122187,0.0,0.0612,0.324,0.3606,0.0388,0.0504,0.0055,0.9874,0.9177,0.3187,True,0,0
1304,0.4,0.0,frozen,7,model,0.6,0.05,0.0360489557,0.0,0.0613,0.3322,0.3569,0.0375,0.0491,0.0046,0.9893,0.9231,0.3306,True,0,0
1304,0.4,0.0,frozen,8,model,0.6,0.0567,0.0321153852,0.0,0.0526,0.3418,0.3412,0.0379,0.0432,0.003,0.9906,0.9229,0.36,True,0,0
1304,0.4,0.0,frozen,9,model,0.6,0.0508,0.0347603158,0.0,0.0536,0.3335,0.3581,0.0348,0.0493,0.0061,0.9905,0.9209,0.3525,True,0,0
1304,0.4,0.0,frozen,10,model,0.6,0.0517,0.0341522399,0.0,0.0495,0.3252,0.3419,0.0336,0.0445,0.0035,0.9891,0.9278,0.3237,True,0,0
1304,0.4,0.0,frozen,11,model,0.6,0.0454,0.0379483966,0.0,0.0587,0.3366,0.3588,0.0337,0.0486,0.0037,0.9908,0.9301,0.3619,True,0,0
1304,0.4,0.0,prior,0,prior,0.6,0.0887,0.0236747379,0.0,0.0807,0.2338,0.2981,0.0277,0.0448,0.0202,0.8294,0.9029,0.0006,False,0,0
1304,0.4,0.0,prior,1,model,0.6,0.0871,0.0237157565,0.0,0.0954,0.1984,0.2906,0.0333,0.0389,0.0191,0.8265,0.8896,0.0025,False,0,0
1304,0.4,0.0,prior,2,model,0.6,0.0821,0.0262673833,0.0,0.1121,0.1912,0.2975,0.0414,0.0402,0.0166,0.8346,0.9152,0.0019,False,0,0
1304,0.4,0.0,prior,3,model,0.6,0.0846,0.0256414208,0.0,0.1226,0.1805,0.3031,0.0529,0.0426,0.0163,0.8265,0.9078,0.0025,False,0,0
1304,0.4,0.0,prior,4,model,0.6,0.0754,0.0279596223,0.0,0.1016,0.2176,0.3106,0.0342,0.0443,0.0179,0.8351,0.9115,0.0037,False,0,0
1304,0.4,0.0,prior,5,model,0.6,0.0754,0.0294135108,0.0,0.1581,0.1648,0.3219,0.0631,0.0469,0.0143,0.8325,0.9111,0.0013,False,0,0
1304,0.4,0.0,prior,6,model,0.6,0.0871,0.024173531,0.0,0.1073,0.2023,0.3081,0.0414,0.0445,0.0177,0.8317,0.9149,0.0056,False,0,0
1304,0.4,0.0,prior,7,model,0.6,0.0879,0.0246130033,0.0,0.0872,0.2283,0.3,0.0271,0.042,0.017,0.8302,0.9117,0.0044,False,0,0
1304,0.4,0.0,prior,8,model,0.6,0.0854,0.0241501271,0.0,0.0998,0.2195,0.2981,0.0315,0.0387,0.0158,0.8389,0.9058,0.0019,False,0,0
1304,0.4,0.0,prior,9,model,0.6,0.0892,0.0232924128,0.0,0.1186,0.1821,0.3006,0.0524,0.0401,0.0143,0.8235,0.9235,0.0031,False,0,0
1304,0.4,0.0,prior,10,model,0.6,0.0796,0.0263632609,0.0,0.1105,0.1903,0.3,0.0411,0.039,0.0153,0.8267,0.9094,0.0037,False,0,0
1304,0.4,0.0,prior,11,model,0.6,0.0858,0.0263202584,0.0,0.1057,0.1936,0.2981,0.0485,0.0436,0.0221,0.8318,0.918,0.005,False,0,0
1304,0.4,0.05,treatment,0,prior,0.623,0.0971,0.0220643848,-0.0016103532,0.0199,0.3121,0.2971,0.0544,0.0427,0.0218,0.8294,0.9029,0.0006,False,92,29
1304,0.4,0.05,treatment,1,model,0.622,0.0575,0.0357629638,-0.0007261838,0.1891,0.1621,0.3512,0.0729,0.0437,0.0026,0.9858,0.8806,0.2844,True,88,24
1304,0.4,0.05,treatment,2,model,0.6215,0.068,0.0319781658,-0.0007600677,0.1403,0.2062,0.3329,0.0594,0.0417,0.0058,0.9803,0.8923,0.23,True,86,20
1304,0.4,0.05,treatment,3,model,0.6185,0.0606,0.0323162054,-0.0018429702,0.0865,0.2818,0.3526,0.0189,0.0422,0.0039,0.9925,0.8966,0.3594,True,74,26
1304,0.4,0.05,treatment,4,model,0.619,0.0666,0.0313744857,-0.0017147143,0.0707,0.2763,0.3366,0.0215,0.0449,0.0058,0.9927,0.9482,0.2938,True,76,24
1304,0.4,0.05,treatment,5,model,0.62,0.0617,0.0334514028,-0.001771094,0.1373,0.264,0.3572,0.0428,0.0471,0.005,0.9795,0.8915,0.2612,True,80,27
1304,0.4,0.05,treatment,6,model,0.6178,0.0591,0.0345289994,-0.001734524,0.1382,0.2798,0.3636,0.0339,0.0446,0.0004,0.9854,0.8975,0.2081,True,71,27
1304,0.4,0.05,treatment,7,model,0.6205,0.0737,0.0289013337,-0.0013525814,0.0622,0.2724,0.3347,0.0437,0.0415,0.007,0.9428,0.8245,0.0931,True,82,22
1304,0.4,0.05,treatment,8,model,0.619,0.0731,0.0275648218,-0.0016801188,0.1726,0.358,0.3287,0.0577,0.0408,0.0048,0.9814,0.8731,0.2281,True,76,24
1304,0.4,0.05,treatment,9,model,0.6205,0.0673,0.0307599887,-0.0021542838,0.1047,0.3739,0.3478,0.0444,0.0432,0.0052,0.9873,0.9272,0.3231,True,82,30
1304,0.4,0.05,treatment,10,model,0.6202,0.0621,0.031863629,-0.0022678071,0.1157,0.3049,0.3404,0.0416,0.0423,0.002,0.9844,0.8887,0.2519,True,81,31
1304,0.4,0.05,treatment,11,model,0.62,0.0609,0.0344288268,-0.0007861727,0.0979,0.2521,0.35,0.0432,0.0423,0.0021,0.984,0.9436,0.2762,True,80,21
1304,0.4,0.05,frozen,0,prior,0.6,0.0887,0.0236747379,0.0,0.0807,0.2338,0.2981,0.0277,0.0448,0.0202,0.8294,0.9029,0.0006,False,0,0
1304,0.4,0.05,frozen,1,model,0.622,0.0607,0.0344255125,-0.0014315274,0.0706,0.3349,0.3459,0.0413,0.047,0.0107,0.9925,0.9232,0.3594,True,88,28
1304,0.4,0.05,frozen,2,model,0.6215,0.0559,0.0364047886,-0.000793155,0.0733,0.3377,0.3527,0.0408,0.0466,0.0055,0.9901,0.9284,0.3187,True,86,20
1304,0.4,0.05,frozen,3,model,0.6195,0.0573,0.0339178992,-0.0018452753,0.0584,0.3341,0.3587,0.0378,0.0493,0.0061,0.9909,0.9022,0.3256,True,78,26
1304,0.4,0.05,frozen,4,model,0.6205,0.0556,0.03532862,-0.0017105124,0.0652,0.3238,0.3557,0.0379,0.0474,0.0049,0.9884,0.9153,0.3344,True,82,24
1304,0.4,0.05,frozen,5,model,0.6188,0.0562,0.0346568008,-0.001823964,0.071,0.3337,0.3652,0.0388,0.0476,0.0024,0.9912,0.9193,0.3237,True,75,26
1304,0.4,0.05,frozen,6,model,0.6185,0.0606,0.033941648,-0.0014705707,0.0596,0.3243,0.3617,0.0388,0.0509,0.0059,0.9874,0.9177,0.3187,True,74,25
1304,0.4,0.05,frozen,7,model,0.6192,0.0573,0.0346411152,-0.0014078405,0.0578,0.3341,0.3605,0.0375,0.0502,0.0047,0.9893,0.9231,0.3306,True,77,22
1304,0.4,0.05,frozen,8,model,0.6165,0.0665,0.0298151394,-0.0023002459,0.0562,0.3408,0.3377,0.0379,0.0422,0.0028,0.9906,0.9229,0.36,True,66,28
1304,0.4,0.05,frozen,9,model,0.6182,0.0607,0.0326156924,-0.0021446234,0.0524,0.335,0.3569,0.0348,0.0491,0.0062,0.9905,0.9209,0.3525,True,73,28
1304,0.4,0.05,frozen,10,model,0.6202,0.0609,0.0322926179,-0.001859622,0.0476,0.3278,0.3423,0.0336,0.0447,0.0046,0.9891,0.9278,0.3237,True,81,27
1304,0.4,0.05,frozen,11,model,0.619,0.0525,0.0370117912,-0.0009366054,0.0597,0.3376,0.3629,0.0337,0.0493,0.0034,0.9908,0.9301,0.3619,True,76,21
1304,0.4,0.05,prior,0,prior,0.623,0.0971,0.0220643848,-0.0016103532,0.0199,0.3121,0.2971,0.0544,0.0427,0.0218,0.8294,0.9029,0.0006,False,92,29
1304,0.4,0.05,prior,1,model,0.6255,0.0935,0.0231347647,-0.0005809919,0.0511,0.2588,0.2937,0.0286,0.0402,0.0181,0.8265,0.8896,0.0025,False,102,25
1304,0.4,0.05,prior,2,model,0.621,0.0878,0.025165413,-0.0011019703,0.1355,0.2113,0.3001,0.0519,0.0381,0.015,0.8346,0.9152,0.0019,False,84,21
1304,0.4,0.05,prior,3,model,0.6165,0.0892,0.0246588066,-0.0009826142,0.0848,0.2203,0.3051,0.0432,0.0406,0.015,0.8265,0.9078,0.0025,False,66,17
1304,0.4,0.05,prior,4,model,0.6175,0.0806,0.0268246651,-0.0011349573,0.1494,0.1844,0.3131,0.0598,0.0411,0.014,0.8351,0.9115,0.0037,False,70,18
1304,0.4,0.05,prior,5,model,0.6215,0.0817,0.0285231699,-0.0008903409,0.1342,0.1943,0.3256,0.0473,0.0447,0.014,0.8325,0.9111,0.0013,False,86,22
1304,0.4,0.05,prior,6,model,0.6188,0.0949,0.0227542168,-0.0014193142,0.0934,0.3087,0.3062,0.0351,0.0424,0.0159,0.8317,0.9149,0.0056,False,75,26
1304,0.4,0.05,prior,7,model,0.6182,0.0922,0.0240010759,-0.0006119274,0.0914,0.2261,0.3032,0.0275,0.0406,0.0154,0.8302,0.9117,0.0044,False,73,17
1304,0.4,0.05,prior,8,model,0.6185,0.0922,0.0225710088,-0.0015791183,0.0626,0.2775,0.2975,0.0244,0.0377,0.0133,0.8389,0.9058,0.0019,False,74,23
1304,0.4,0.05,prior,9,model,0.6195,0.0989,0.0208579947,-0.0024344181,0.0704,0.2813,0.2957,0.0562,0.0374,0.0143,0.8235,0.9235,0.0031,False,78,31
1304,0.4,0.05,prior,10,model,0.6192,0.086,0.0251901102,-0.0011731507,0.0431,0.2966,0.3007,0.0509,0.0409,0.0155,0.8267,0.9094,0.0037,False,77,22
1304,0.4,0.05,prior,11,model,0.6195,0.0912,0.0255688246,-0.0007514338,0.1,0.2305,0.3003,0.0239,0.0379,0.0173,0.8318,0.918,0.005,False,78,20
1304,1.0,0.0,treatment,0,prior,0.6,0.015,0.0468562994,0.0,0.3905,0.0182,0.4088,0.1562,0.0536,0.0002,0.9711,0.8657,0.2125,True,0,0
1304,1.0,0.0,treatment,1,model,0.6,0.0912,0.0231224641,0.0,0.0505,0.2444,0.2844,0.0231,0.0369,0.0166,0.9768,0.824,0.0881,True,0,0
1304,1.0,0.0,treatment,2,model,0.6,0.0404,0.0397757409,0.0,0.2683,0.0917,0.36,0.1076,0.045,0.0034,0.9926,0.9334,0.3513,True,0,0
1304,1.0,0.0,treatment,3,model,0.6,0.0725,0.0283195249,0.0,0.1202,0.2133,0.3212,0.0459,0.0403,0.0086,0.9601,0.7659,0.0737,True,0,0
1304,1.0,0.0,treatment,4,model,0.6,0.0512,0.0354185789,0.0,0.1634,0.238,0.3469,0.0595,0.0449,0.0071,0.9934,0.9236,0.2606,True,0,0
1304,1.0,0.0,treatment,5,model,0.6,0.0546,0.0353934456,0.0,0.1519,0.2012,0.3531,0.0594,0.0455,0.004,0.9943,0.9415,0.3319,True,0,0
1304,1.0,0.0,treatment,6,model,0.6,0.05,0.0366833094,0.0,0.173,0.1926,0.3638,0.0663,0.0462,0.0012,0.9893,0.74,0.3013,True,0,0
1304,1.0,0.0,treatment,7,model,0.6,0.065,0.0307466372,0.0,0.1341,0.2018,0.3344,0.0546,0.044,0.0064,0.982,0.8339,0.2906,True,0,0
1304,1.0,0.0,treatment,8,model,0.6,0.0596,0.0325300525,0.0,0.1573,0.1795,0.3369,0.0724,0.041,0.0073,0.9897,0.9249,0.2719,True,0,0
1304,1.0,0.0,treatment,9,model,0.6,0.0546,0.0338631633,0.0,0.1627,0.1898,0.3525,0.0617,0.0437,0.0045,0.9886,0.7628,0.3381,True,0,0
1304,1.0,0.0,treatment,10,model,0.6,0.0583,0.0322462689,0.0,0.1204,0.2409,0.3319,0.0447,0.0441,0.0082,0.9868,0.8658,0.2631,True,0,0
1304,1.0,0.0,treatment,11,model,0.6,0.0479,0.0379981464,0.0,0.2156,0.1394,0.355,0.0824,0.0418,0.0013,0.9914,0.8484,0.2956,True,0,0
1304,1.0,0.0,frozen,0,prior,0.6,0.015,0.0468562994,0.0,0.3905,0.0182,0.4088,0.1562,0.0536,0.0002,0.9711,0.8657,0.2125,True,0,0
1304,1.0,0.0,frozen,1,model,0.6,0.0912,0.0231224641,0.0,0.2645,0.0198,0.2844,0.1521,0.0166,0.0001,0.9768,0.824,0.0881,True,0,0
1304,1.0,0.0,frozen,2,model,0.6,0.0963,0.021114808,0.0,0.2564,0.0199,0.2762,0.152,0.0149,0.0007,0.976,0.8264,0.085,True,0,0
1304,1.0,0.0,frozen,3,model,0.6,0.0958,0.0192097857,0.0,0.2662,0.02,0.2863,0.1556,0.0169,0.0,0.9797,0.8622,0.0931,True,0,0
1304,1.0,0.0,frozen,4,model,0.6,0.0983,0.0208140476,0.0,0.2567,0.0196,0.2762,0.1534,0.0168,0.0021,0.9697,0.8771,0.0719,True,0,0
1304,1.0,0.0,frozen,5,model,0.6,0.0967,0.0201118887,0.0,0.27,0.02,0.29,0.1576,0.018,0.0003,0.9767,0.8693,0.0956,True,0,0
1304,1.0,0.0,frozen,6,model,0.6,0.0967,0.0217917489,0.0,0.2738,0.02,0.2938,0.1592,0.0193,0.0007,0.9797,0.8666,0.1125,True,0,0
1304,1.0,0.0,frozen,7,model,0.6,0.0979,0.0206065057,0.0,0.2651,0.0199,0.285,0.1565,0.0165,0.0006,0.9756,0.858,0.0813,True,0,0
1304,1.0,0.0,frozen,8,model,0.6,0.0975,0.0201577101,0.0,0.26,0.02,0.28,0.1542,0.0144,0.0001,0.9791,0.8673,0.1156,True,0,0
1304,1.0,0.0,frozen,9,model,0.6,0.0975,0.0194478045,0.0,0.2683,0.0198,0.2881,0.1574,0.017,0.0002,0.9766,0.8253,0.08,True,0,0
1304,1.0,0.0,frozen,10,model,0.6,0.0975,0.019609616,0.0,0.2532,0.0199,0.2731,0.1513,0.0149,0.0005,0.9758,0.8013,0.0819,True,0,0
1304,1.0,0.0,frozen,11,model,0.6,0.0988,0.0212886624,0.0,0.2589,0.0199,0.2787,0.1545,0.0154,0.0001,0.9774,0.8636,0.08,True,0,0
1304,1.0,0.0,prior,0,prior,0.6,0.015,0.0468562994,0.0,0.3905,0.0182,0.4088,0.1562,0.0536,0.0002,0.9711,0.8657,0.2125,True,0,0
1304,1.0,0.0,prior,1,model,0.6,0.0167,0.047537441,0.0,0.3615,0.0347,0.3962,0.1436,0.0503,0.0002,0.9735,0.8245,0.2294,True,0,0
1304,1.0,0.0,prior,2,model,0.6,0.0154,0.0464603219,0.0,0.3715,0.026,0.3975,0.1493,0.0497,0.0,0.974,0.8391,0.235,True,0,0
1304,1.0,0.0,prior,3,model,0.6,0.0142,0.0464076991,0.0,0.3813,0.0275,0.4088,0.1532,0.0537,0.0003,0.973,0.8092,0.2231,True,0,0
1304,1.0,0.0,prior,4,model,0.6,0.0125,0.0479316044,0.0,0.3747,0.0303,0.405,0.1494,0.0519,0.0001,0.9711,0.839,0.1981,True,0,0
1304,1.0,0.0,prior,5,model,0.6,0.015,0.0470305165,0.0,0.395,0.0175,0.4125,0.158,0.0539,0.0001,0.9732,0.8259,0.1744,True,0,0
1304,1.0,0.0,prior,6,model,0.6,0.0183,0.0460992488,0.0,0.3878,0.0234,0.4113,0.1555,0.0537,0.0,0.971,0.847,0.195,True,0,0
1304,1.0,0.0,prior,7,model,0.6,0.0179,0.045466028,0.0,0.3719,0.0331,0.405,0.1489,0.0524,0.0,0.9757,0.8724,0.2094,True,0,0
1304,1.0,0.0,prior,8,model,0.6,0.0183,0.0445954244,0.0,0.3745,0.0242,0.3987,0.1491,0.0493,0.0002,0.9725,0.849,0.1956,True,0,0
1304,1.0,0.0,prior,9,model,0.6,0.0158,0.0463291359,0.0,0.3896,0.021,0.4106,0.1564,0.0532,0.0001,0.9717,0.7874,0.1938,True,0,0
1304,1.0,0.0,prior,10,model,0.6,0.0117,0.0478569539,0.0,0.3821,0.0197,0.4019,0.1533,0.0511,0.0,0.9708,0.8544,0.2075,True,0,0
1304,1.0,0.0,prior,11,model,0.6,0.0167,0.0470506779,0.0,0.3784,0.0242,0.4019,0.1489,0.0511,0.0006,0.9746,0.8177,0.2288,True,0,0
1304,1.0,0.05,treatment,0,prior,0.6222,0.0281,0.0443022496,-0.0025540498,0.1664,0.2455,0.4103,0.0397,0.0585,0.0013,0.9711,0.8657,0.2125,True,89,34
1304,1.0,0.05,treatment,1,model,0.6205,0.0588,0.0357715604,-0.000844025,0.095,0.2886,0.3478,0.0307,0.0439,0.0027,0.9857,0.9192,0.3175,True,82,24
1304,1.0,0.05,treatment,2,model,0.6222,0.0763,0.0284405036,-0.0007090926,0.15,0.2679,0.3197,0.0569,0.0416,0.0107,0.9793,0.9145,0.2025,True,89,20
1304,1.0,0.05,treatment,3,model,0.6198,0.0585,0.0335644164,-0.0018945384,0.1093,0.2477,0.357,0.0402,0.0429,0.0022,0.9879,0.917,0.3181,True,79,27
1304,1.0,0.05,treatment,4,model,0.6178,0.0737,0.02917126,-0.001340686,0.1447,0.2016,0.3244,0.0622,0.0375,0.0046,0.9761,0.7772,0.18,True,71,21
1304,1.0,0.05,treatment,5,model,0.6218,0.0816,0.0277257233,-0.0009616836,0.1279,0.2973,0.3258,0.0464,0.0412,0.0073,0.9314,0.8307,0.1656,True,87,23
1304,1.0,0.05,treatment,6,model,0.6185,0.0679,0.032423319,-0.0011101785,0.1215,0.2292,0.3499,0.0485,0.0463,0.008,0.9768,0.8034,0.1869,True,74,22
1304,1.0,0.05,treatment,7,model,0.622,0.0627,0.0326678177,-0.001318886,0.1143,0.2437,0.3538,0.02,0.0421,0.0018,0.9904,0.888,0.2744,True,88,24
1304,1.0,0.05,treatment,8,model,0.616,0.0848,0.0244485362,-0.0012997385,0.139,0.2653,0.3079,0.0519,0.0338,0.0082,0.9674,0.798,0.1263,True,64,20
1304,1.0,0.05,treatment,9,model,0.617,0.0665,0.0317801456,-0.0018219839,0.0984,0.3542,0.3466,0.0452,0.0445,0.0031,0.9816,0.8666,0.3106,True,68,26
1304,1.0,0.05,treatment,10,model,0.6225,0.0671,0.0302787621,-0.0017266628,0.0612,0.2906,0.3338,0.0617,0.0403,0.0057,0.9887,0.8678,0.3319,True,90,29
1304,1.0,0.05,treatment,11,model,0.6198,0.0653,0.0330453518,-0.0006858892,0.134,0.3034,0.3425,0.0413,0.0421,0.0057,0.9773,0.8073,0.1731,True,79,20
1304,1.0,0.05,frozen,0,prior,0.6,0.015,0.0468562994,0.0,0.3905,0.0182,0.4088,0.1562,0.0536,0.0002,0.9711,0.8657,0.2125,True,0,0
1304,1.0,0.05,frozen,1,model,0.622,0.0961,0.0228878947,-0.0002345694,0.2679,0.0198,0.2877,0.1521,0.0174,0.0001,0.9768,0.824,0.0881,True,88,20
1304,1.0,0.05,frozen,2,model,0.6205,0.0987,0.0208186811,-0.000296127,0.2621,0.0199,0.2819,0.152,0.0164,0.0005,0.976,0.8264,0.085,True,82,14
1304,1.0,0.05,frozen,3,model,0.618,0.0999,0.0184372576,-0.0007725281,0.2686,0.02,0.2886,0.1556,0.0174,0.0,0.9797,0.8622,0.0931,True,72,17
1304,1.0,0.05,frozen,4,model,0.6202,0.1044,0.0195811216,-0.001232926,0.2562,0.0196,0.2758,0.1534,0.0171,0.002,0.9697,0.8771,0.0719,True,81,23
1304,1.0,0.05,frozen,5,model,0.6192,0.1021,0.0191642096,-0.0009476791,0.2708,0.02,0.2909,0.1576,0.0183,0.0003,0.9767,0.8693,0.0956,True,77,21
1304,1.0,0.05,frozen,6,model,0.6178,0.1008,0.0215119937,-0.0002797552,0.2763,0.02,0.2963,0.1592,0.02,0.0006,0.9797,0.8666,0.1125,True,71,17
1304,1.0,0.05,frozen,7,model,0.6212,0.1026,0.019740393,-0.0008661127,0.2679,0.0199,0.2878,0.1565,0.0172,0.0006,0.9756,0.858,0.0813,True,85,20
1304,1.0,0.05,frozen,8,model,0.6198,0.1033,0.01894525,-0.0012124601,0.26,0.02,0.2801,0.1542,0.0144,0.0001,0.9791,0.8673,0.1156,True,79,22
1304,1.0,0.05,frozen,9,model,0.6205,0.1052,0.0174568598,-0.0019909447,0.2661,0.0198,0.2859,0.1574,0.0164,0.0002,0.9766,0.8253,0.08,True,82,27
1304,1.0,0.05,frozen,10,model,0.621,0.1043,0.0179495021,-0.0016601139,0.2518,0.0199,0.2718,0.1513,0.0146,0.0005,0.9758,0.8013,0.0819,True,84,25
1304,1.0,0.05,frozen,11,model,0.6208,0.1027,0.0208236074,-0.000465055,0.2622,0.0199,0.2821,0.1545,0.0162,0.0001,0.9774,0.8636,0.08,True,83,18
1304,1.0,0.05,prior,0,prior,0.6222,0.0281,0.0443022496,-0.0025540498,0.1664,0.2455,0.4103,0.0397,0.0585,0.0013,0.9711,0.8657,0.2125,True,89,34
1304,1.0,0.05,prior,1,model,0.6232,0.0289,0.0456933505,-0.0018440904,0.1641,0.2403,0.3995,0.0521,0.052,0.0003,0.9735,0.8245,0.2294,True,93,32
1304,1.0,0.05,prior,2,model,0.6198,0.0246,0.0449076509,-0.001552671,0.1971,0.2435,0.4024,0.0552,0.0531,0.0005,0.974,0.8391,0.235,True,79,24
1304,1.0,0.05,prior,3,model,0.6222,0.0265,0.0439521102,-0.0024555889,0.1504,0.2612,0.4116,0.0479,0.0556,0.001,0.973,0.8092,0.2231,True,89,32
1304,1.0,0.05,prior,4,model,0.6185,0.0226,0.0458517384,-0.002079866,0.1876,0.2202,0.4076,0.0514,0.0549,0.0006,0.9711,0.839,0.1981,True,74,26
1304,1.0,0.05,prior,5,model,0.62,0.0262,0.0451485034,-0.0018820131,0.1845,0.3798,0.4151,0.0576,0.0575,0.0001,0.9732,0.8259,0.1744,True,80,29
1304,1.0,0.05,prior,6,model,0.6172,0.0296,0.0443234031,-0.0017758457,0.1539,0.3557,0.4108,0.0887,0.0551,0.0003,0.971,0.847,0.195,True,69,29
1304,1.0,0.05,prior,7,model,0.6192,0.0283,0.0434355737,-0.0020304542,0.2588,0.2321,0.4077,0.0733,0.0556,0.0004,0.9757,0.8724,0.2094,True,77,27
1304,1.0,0.05,prior,8,model,0.6168,0.03,0.0421185254,-0.002476899,0.1611,0.3097,0.3966,0.0262,0.0511,0.0,0.9725,0.849,0.1956,True,67,30
1304,1.0,0.05,prior,9,model,0.6165,0.0292,0.0431505972,-0.0031785387,0.14,0.2853,0.4061,0.0248,0.0543,0.0002,0.9717,0.7874,0.1938,True,66,34
1304,1.0,0.05,prior,10,model,0.6192,0.025,0.0449954748,-0.0028614791,0.1276,0.3124,0.3999,0.039,0.0519,0.0002,0.9708,0.8544,0.2075,True,77,34
1304,1.0,0.05,prior,11,model,0.6185,0.0267,0.0456660212,-0.0013846567,0.153,0.2904,0.4043,0.0576,0.0534,0.0005,0.9746,0.8177,0.2288,True,74,26
1320,0.2,0.0,treatment,0,prior,0.6,0.1392,0.0085265873,0.0,0.0365,0.2033,0.2263,0.0147,0.0266,0.0305,0.7984,0.9772,0.0,False,0,0
1320,0.2,0.0,treatment,1,model,0.6,0.045,0.038250375,0.0,0.1828,0.1666,0.3494,0.07,0.0389,0.0026,0.9924,0.8545,0.36,True,0,0
1320,0.2,0.0,treatment,2,model,0.6,0.0621,0.0322713619,0.0,0.1598,0.1812,0.3337,0.0612,0.0478,0.0104,0.9773,0.7365,0.23,True,0,0
1320,0.2,0.0,treatment,3,model,0.6,0.0479,0.0380381238,0.0,0.2275,0.1212,0.3488,0.0903,0.041,0.0046,0.9848,0.9184,0.2956,True,0,0
1320,0.2,0.0,treatment,4,model,0.6,0.0667,0.0303526189,0.0,0.0971,0.2629,0.3269,0.0386,0.0406,0.0102,0.9912,0.9249,0.2931,True,0,0
1320,0.2,0.0,treatment,5,model,0.6,0.0429,0.0373853888,0.0,0.227,0.2742,0.3569,0.083,0.0438,0.0044,0.9928,0.8409,0.3494,True,0,0
1320,0.2,0.0,treatment,6,model,0.6,0.0563,0.0342090232,0.0,0.1116,0.2674,0.3431,0.0405,0.0422,0.0054,0.9861,0.664,0.3056,True,0,0
1320,0.2,0.0,treatment,7,model,0.6,0.0454,0.0375831426,0.0,0.2093,0.1401,0.3494,0.083,0.0452,0.0076,0.9909,0.894,0.3625,True,0,0
1320,0.2,0.0,treatment,8,model,0.6,0.0579,0.033311466,0.0,0.1024,0.2421,0.3412,0.0374,0.0464,0.0084,0.9845,0.8693,0.2419,True,0,0
1320,0.2,0.0,treatment,9,model,0.6,0.0504,0.0369272998,0.0,0.229,0.1347,0.3638,0.091,0.0424,0.0016,0.9915,0.9219,0.3531,True,0,0
1320,0.2,0.0,treatment,10,model,0.6,0.0638,0.0322518677,0.0,0.122,0.1905,0.3125,0.0502,0.0426,0.0124,0.9873,0.8652,0.2375,True,0,0
1320,0.2,0.0,treatment,11,model,0.6,0.055,0.0340554941,0.0,0.1865,0.1547,0.3412,0.0723,0.0392,0.0024,0.9867,0.8605,0.3256,True,0,0
1320,0.2,0.0,frozen,0,prior,0.6,0.1392,0.0085265873,0.0,0.0365,0.2033,0.2263,0.0147,0.0266,0.0305,0.7984,0.9772,0.0,False,0,0
1320,0.2,0.0,frozen,1,model,0.6,0.045,0.038250375,0.0,0.0289,0.3504,0.3494,0.0133,0.0432,0.006,0.9924,0.8545,0.36,True,0,0
1320,0.2,0.0,frozen,2,model,0.6,0.0375,0.0391308253,0.0,0.0256,0.3689,0.3706,0.015,0.0524,0.006,0.9917,0.9115,0.3394,True,0,0
1320,0.2,0.0,frozen,3,model,0.6,0.0425,0.0391656142,0.0,0.032,0.3624,0.3569,0.0129,0.0451,0.002,0.993,0.913,0.3762,True,0,0
1320,0.2,0.0,frozen,4,model,0.6,0.0492,0.0361300599,0.0,0.029,0.3619,0.3531,0.0136,0.0448,0.0023,0.99,0.8702,0.3256,True,0,0
1320,0.2,0.0,frozen,5,model,0.6,0.0375,0.0391209383,0.0,0.02,0.3668,0.365,0.016,0.0531,0.0075,0.9927,0.927,0.3869,True,0,0
1320,0.2,0.0,frozen,6,model,0.6,0.0446,0.0381689691,0.0,0.026,0.3673,0.3606,0.0167,0.0474,0.0052,0.9917,0.8928,0.3312,True,0,0
1320,0.2,0.0,frozen,7,model,0.6,0.0429,0.037907152,0.0,0.0325,0.3646,0.3531,0.0163,0.0485,0.0063,0.9922,0.8474,0.375,True,0,0
1320,0.2,0.0,frozen,8,model,0.6,0.0446,0.0366225527,0.0,0.0363,0.358,0.3613,0.0177,0.0482,0.0035,0.9935,0.9275,0.3887,True,0,0
1320,0.2,0.0,frozen,9,model,0.6,0.0521,0.0350048122,0.0,0.0103,0.3607,0.3613,0.0101,0.0507,0.0058,0.9946,0.9158,0.4031,True,0,0
1320,0.2,0.0,frozen,10,model,0.6,0.04,0.0393779651,0.0,0.0224,0.3564,0.3481,0.0163,0.0493,0.0059,0.9929,0.8883,0.3619,True,0,0
1320,0.2,0.0,frozen,11,model,0.6,0.0462,0.0370037984,0.0,0.027,0.3592,0.3544,0.0162,0.0456,0.001,0.9923,0.8568,0.3681,True,0,0
1320,0.2,0.0,prior,0,prior,0.6,0.1392,0.0085265873,0.0,0.0365,0.2033,0.2263,0.0147,0.0266,0.0305,0.7984,0.9772,0.0,False,0,0
1320,0.2,0.0,prior,1,model,0.6,0.1354,0.0099177228,0.0,0.0554,0.1949,0.2137,0.0182,0.0262,0.0345,0.7774,0.9737,0.0,False,0,0
1320,0.2,0.0,prior,2,model,0.6,0.1271,0.0118861461,0.0,0.0559,0.1939,0.2362,0.0254,0.0324,0.0308,0.799,0.9767,0.0,False,0,0
1320,0.2,0.0,prior,3,model,0.6,0.1283,0.0128102086,0.0,0.0573,0.1749,0.2281,0.0315,0.0305,0.0343,0.7919,0.9744,0.0,False,0,0
1320,0.2,0.0,prior,4,model,0.6,0.1242,0.0107828268,0.0,0.0736,0.1785,0.2406,0.0302,0.0313,0.0291,0.7979,0.9658,0.0,False,0,0
1320,0.2,0.0,prior,5,model,0.6,0.135,0.0069396449,0.0,0.0379,0.2073,0.2188,0.0333,0.0281,0.0301,0.7859,0.9756,0.0,False,0,0
1320,0.2,0.0,prior,6,model,0.6,0.1375,0.0082021229,0.0,0.0298,0.205,0.2213,0.0285,0.0283,0.0297,0.7926,0.9781,0.0,False,0,0
1320,0.2,0.0,prior,7,model,0.6,0.1321,0.0109883743,0.0,0.041,0.2049,0.2194,0.0252,0.0274,0.0323,0.7875,0.9757,0.0,False,0,0
1320,0.2,0.0,prior,8,model,0.6,0.1408,0.0071173938,0.0,0.0227,0.2026,0.2169,0.0337,0.0266,0.0317,0.7961,0.9749,0.0,False,0,0
1320,0.2,0.0,prior,9,model,0.6,0.1371,0.0097455938,0.0,0.0402,0.2093,0.2338,0.0213,0.03,0.0292,0.7852,0.9701,0.0,False,0,0
1320,0.2,0.0,prior,10,model,0.6,0.1233,0.0138582832,0.0,0.0525,0.1736,0.2231,0.0328,0.0311,0.0333,0.7931,0.9766,0.0,False,0,0
1320,0.2,0.0,prior,11,model,0.6,0.135,0.0058351772,0.0,0.0378,0.2062,0.2213,0.0172,0.0283,0.0314,0.7988,0.9793,0.0,False,0,0
1320,0.2,0.05,treatment,0,prior,0.622,0.1427,0.0081342657,-0.0003923216,0.0496,0.1997,0.2255,0.0477,0.0256,0.0273,0.7984,0.9772,0.0,False,88,21
1320,0.2,0.05,treatment,1,model,0.6215,0.0632,0.0332789731,-0.0019773434,0.1553,0.3379,0.3369,0.0541,0.041,0.0043,0.9763,0.83,0.245,True,86,30
1320,0.2,0.05,treatment,2,model,0.6158,0.0654,0.0312739179,-0.0024957387,0.1831,0.3286,0.3396,0.0614,0.0432,0.0038,0.9687,0.8947,0.1938,True,63,31
1320,0.2,0.05,treatment,3,model,0.6195,0.0694,0.031689191,-0.0017192735,0.1254,0.2038,0.3292,0.0583,0.042,0.0113,0.9126,0.9104,0.1231,True,78,24
1320,0.2,0.05,treatment,4,model,0.623,0.0666,0.0320333992,-0.0017255864,0.1341,0.2206,0.3428,0.0605,0.0406,0.0075,0.9904,0.9219,0.3306,True,92,30
1320,0.2,0.05,treatment,5,model,0.621,0.0705,0.0302845578,-0.0015399316,0.0904,0.2461,0.3292,0.0305,0.0447,0.0084,0.9659,0.8778,0.2037,True,84,25
1320,0.2,0.05,treatment,6,model,0.6235,0.0605,0.0341312676,-0.0013252401,0.1663,0.3049,0.3539,0.0628,0.0448,0.0025,0.9856,0.8963,0.2394,True,94,27
1320,0.2,0.05,treatment,7,model,0.618,0.0623,0.0335263216,-0.0010192869,0.1429,0.3111,0.3364,0.0464,0.0422,0.0086,0.9859,0.8794,0.2562,True,72,24
1320,0.2,0.05,treatment,8,model,0.6205,0.0709,0.0296707237,-0.0029093301,0.0867,0.3299,0.3353,0.0359,0.0416,0.0081,0.9577,0.826,0.1237,True,82,33
1320,0.2,0.05,treatment,9,model,0.6238,0.0613,0.0335021514,-0.0018060113,0.1202,0.2987,0.3654,0.0294,0.0434,0.0023,0.9901,0.9056,0.3125,True,95,31
1320,0.2,0.05,treatment,10,model,0.6218,0.0611,0.0344307305,-0.0015854279,0.1637,0.2016,0.3311,0.065,0.04,0.0058,0.984,0.8682,0.1819,True,87,27
1320,0.2,0.05,treatment,11,model,0.6178,0.0652,0.0311880376,-0.001228207,0.0919,0.2818,0.3381,0.0222,0.0408,0.0048,0.9825,0.9115,0.2644,True,71,21
1320,0.2,0.05,frozen,0,prior,0.6,0.1392,0.0085265873,0.0,0.0365,0.2033,0.2263,0.0147,0.0266,0.0305,0.7984,0.9772,0.0,False,0,0
1320,0.2,0.05,frozen,1,model,0.6225,0.0574,0.0356662131,-0.0025841619,0.0308,0.3503,0.347,0.0133,0.0422,0.0052,0.9924,0.8545,0.36,True,90,35
1320,0.2,0.05,frozen,2,model,0.6162,0.0491,0.0365421419,-0.0025886834,0.024,0.3675,0.3661,0.015,0.0514,0.0071,0.9917,0.9115,0.3394,True,65,31
1320,0.2,0.05,frozen,3,model,0.6205,0.0516,0.0372029028,-0.0019627115,0.0354,0.3642,0.359,0.0129,0.0456,0.002,0.993,0.913,0.3762,True,82,26
1320,0.2,0.05,frozen,4,model,0.6218,0.0587,0.0345235647,-0.0016064953,0.0306,0.3628,0.3549,0.0136,0.0453,0.0026,0.99,0.8702,0.3256,True,87,28
1320,0.2,0.05,frozen,5,model,0.6205,0.0463,0.037471611,-0.0016493273,0.0225,0.3698,0.3682,0.016,0.0546,0.0079,0.9927,0.927,0.3869,True,82,25
1320,0.2,0.05,frozen,6,model,0.6202,0.0532,0.0366599276,-0.0015090414,0.0262,0.3676,0.3634,0.0167,0.0479,0.0042,0.9917,0.8928,0.3312,True,81,25
1320,0.2,0.05,frozen,7,model,0.6178,0.0522,0.0365067995,-0.0014003525,0.0336,0.3646,0.3525,0.0163,0.0458,0.0057,0.9922,0.8474,0.375,True,71,26
1320,0.2,0.05,frozen,8,model,0.6202,0.0564,0.0337145518,-0.0029080009,0.0355,0.3564,0.3588,0.0177,0.0475,0.0043,0.9935,0.9275,0.3887,True,81,33
1320,0.2,0.05,frozen,9,model,0.6218,0.0623,0.0330925816,-0.0019122305,0.0124,0.3607,0.3622,0.0101,0.0508,0.0055,0.9946,0.9158,0.4031,True,87,30
1320,0.2,0.05,frozen,10,model,0.623,0.049,0.0381683018,-0.0012096633,0.0228,0.3576,0.3521,0.0163,0.0506,0.0069,0.9929,0.8883,0.3619,True,92,26
1320,0.2,0.05,frozen,11,model,0.6195,0.0541,0.0356202426,-0.0013835558,0.0288,0.3601,0.3574,0.0162,0.0477,0.0009,0.9923,0.8568,0.3681,True,78,23
1320,0.2,0.05,prior,0,prior,0.622,0.1427,0.0081342657,-0.0003923216,0.0496,0.1997,0.2255,0.0477,0.0256,0.0273,0.7984,0.9772,0.0,False,88,21
1320,0.2,0.05,prior,1,model,0.6205,0.1394,0.0088369555,-0.0010807673,0.084,0.1499,0.2115,0.0477,0.0268,0.0342,0.7774,0.9737,0.0,False,82,21
1320,0.2,0.05,prior,2,model,0.6175,0.1304,0.0111596914,-0.0007264547,0.0638,0.1942,0.2359,0.0187,0.0317,0.0314,0.799,0.9767,0.0,False,70,17
1320,0.2,0.05,prior,3,model,0.619,0.1317,0.0117160363,-0.0010941723,0.0533,0.182,0.2277,0.031,0.0313,0.0338,0.7919,0.9744,0.0,False,76,18
1320,0.2,0.05,prior,4,model,0.6198,0.1287,0.0099541634,-0.0008286634,0.0277,0.2174,0.2393,0.0321,0.0316,0.0308,0.7979,0.9658,0.0,False,79,21
1320,0.2,0.05,prior,5,model,0.6238,0.1371,0.0064585522,-0.0004810927,0.0463,0.2003,0.2206,0.0121,0.028,0.0333,0.7859,0.9756,0.0,False,95,18
1320,0.2,0.05,prior,6,model,0.6225,0.139,0.0080972908,-0.0001048321,0.0642,0.1707,0.2238,0.0269,0.0273,0.0289,0.7926,0.9781,0.0,False,90,16
1320,0.2,0.05,prior,7,model,0.617,0.1353,0.0103572571,-0.0006311172,0.0362,0.2109,0.218,0.0123,0.0266,0.0341,0.7875,0.9757,0.0,False,68,17
1320,0.2,0.05,prior,8,model,0.6228,0.1441,0.0056091791,-0.0015082146,0.0331,0.2129,0.216,0.0118,0.0265,0.0313,0.7961,0.9749,0.0,False,91,21
1320,0.2,0.05,prior,9,model,0.618,0.1396,0.0091601878,-0.000585406,0.0465,0.2023,0.2343,0.016,0.0281,0.027,0.7852,0.9701,0.0,False,72,16
1320,0.2,0.05,prior,10,model,0.6208,0.1265,0.0132827685,-0.0005755147,0.0711,0.245,0.2235,0.043,0.0272,0.0328,0.7931,0.9766,0.0,False,83,18
1320,0.2,0.05,prior,11,model,0.619,0.1373,0.0054580302,-0.0003771471,0.0511,0.1964,0.2218,0.0245,0.0287,0.0298,0.7988,0.9793,0.0,False,76,16
1320,0.4,0.0,treatment,0,prior,0.6,0.0908,0.0240492359,0.0,0.12,0.1787,0.2988,0.0472,0.0405,0.0154,0.8275,0.9199,0.0025,False,0,0
1320,0.4,0.0,treatment,1,model,0.6,0.0471,0.0376060931,0.0,0.1998,0.2221,0.3463,0.0715,0.0404,0.005,0.9892,0.8911,0.3287,True,0,0
1320,0.4,0.0,treatment,2,model,0.6,0.0546,0.0344428114,0.0,0.1263,0.2187,0.345,0.0483,0.047,0.0101,0.9868,0.8478,0.2525,True,0,0
1320,0.4,0.0,treatment,3,model,0.6,0.0475,0.0376207747,0.0,0.2372,0.1122,0.3494,0.0954,0.0394,0.0013,0.9812,0.8755,0.2775,True,0,0
1320,0.4,0.0,treatment,4,model,0.6,0.0675,0.0312432135,0.0,0.1065,0.226,0.3256,0.0399,0.0429,0.0071,0.9906,0.8898,0.3706,True,0,0
1320,0.4,0.0,treatment,5,model,0.6,0.0512,0.0346827729,0.0,0.126,0.2237,0.3444,0.0455,0.0437,0.005,0.9912,0.8748,0.3081,True,0,0
1320,0.4,0.0,treatment,6,model,0.6,0.0488,0.0366234933,0.0,0.2213,0.133,0.3544,0.0889,0.0454,0.0041,0.9947,0.9222,0.4012,True,0,0
1320,0.4,0.0,treatment,7,model,0.6,0.0525,0.0360827787,0.0,0.1673,0.1715,0.3387,0.0646,0.0449,0.0051,0.9869,0.8366,0.2506,True,0,0
1320,0.4,0.0,treatment,8,model,0.6,0.0675,0.0308454848,0.0,0.0933,0.2575,0.3269,0.0308,0.043,0.0099,0.9608,0.8365,0.1062,True,0,0
1320,0.4,0.0,treatment,9,model,0.6,0.0517,0.0359467723,0.0,0.1942,0.1677,0.3619,0.077,0.0444,0.0046,0.9923,0.9348,0.3738,True,0,0
1320,0.4,0.0,treatment,10,model,0.6,0.0563,0.0353249732,0.0,0.0901,0.2478,0.3237,0.0269,0.0385,0.0053,0.9879,0.8607,0.2344,True,0,0
1320,0.4,0.0,treatment,11,model,0.6,0.0542,0.0344357992,0.0,0.1987,0.1462,0.3425,0.0792,0.04,0.003,0.9868,0.9243,0.2881,True,0,0
1320,0.4,0.0,frozen,0,prior,0.6,0.0908,0.0240492359,0.0,0.12,0.1787,0.2988,0.0472,0.0405,0.0154,0.8275,0.9199,0.0025,False,0,0
1320,0.4,0.0,frozen,1,model,0.6,0.0471,0.0376060931,0.0,0.0863,0.2599,0.3463,0.0412,0.0419,0.0028,0.9892,0.8911,0.3287,True,0,0
1320,0.4,0.0,frozen,2,model,0.6,0.0437,0.037744341,0.0,0.0974,0.2646,0.3613,0.0428,0.048,0.0077,0.9915,0.9151,0.315,True,0,0
1320,0.4,0.0,frozen,3,model,0.6,0.0475,0.0373520517,0.0,0.089,0.2604,0.3494,0.0432,0.0411,0.0015,0.9897,0.8981,0.3294,True,0,0
1320,0.4,0.0,frozen,4,model,0.6,0.0521,0.0339762507,0.0,0.0868,0.2619,0.3488,0.0441,0.044,0.0068,0.9883,0.9163,0.2906,True,0,0
1320,0.4,0.0,frozen,5,model,0.6,0.0442,0.0376334894,0.0,0.0916,0.2656,0.355,0.0407,0.0498,0.0056,0.9888,0.9128,0.3144,True,0,0
1320,0.4,0.0,frozen,6,model,0.6,0.0479,0.0368336512,0.0,0.0886,0.268,0.3556,0.0419,0.0445,0.005,0.9906,0.9153,0.3169,True,0,0
1320,0.4,0.0,frozen,7,model,0.6,0.045,0.0371804819,0.0,0.0842,0.2658,0.35,0.0386,0.044,0.0036,0.9909,0.8893,0.3256,True,0,0
1320,0.4,0.0,frozen,8,model,0.6,0.0492,0.0358520457,0.0,0.1022,0.257,0.3544,0.0491,0.0439,0.0022,0.9871,0.8908,0.3081,True,0,0
1320,0.4,0.0,frozen,9,model,0.6,0.0525,0.0350909655,0.0,0.0997,0.261,0.3606,0.0501,0.0463,0.0031,0.9887,0.8929,0.3387,True,0,0
1320,0.4,0.0,frozen,10,model,0.6,0.0404,0.0396552411,0.0,0.089,0.2585,0.3475,0.0382,0.0441,0.0052,0.9885,0.8764,0.3125,True,0,0
1320,0.4,0.0,frozen,11,model,0.6,0.045,0.037096307,0.0,0.0958,0.2616,0.3563,0.0432,0.0447,0.0027,0.9914,0.868,0.3206,True,0,0
1320,0.4,0.0,prior,0,prior,0.6,0.0908,0.0240492359,0.0,0.12,0.1787,0.2988,0.0472,0.0405,0.0154,0.8275,0.9199,0.0025,False,0,0
1320,0.4,0.0,prior,1,model,0.6,0.0912,0.0230488296,0.0,0.0841,0.219,0.28,0.0257,0.0381,0.024,0.8279,0.9127,0.0006,False,0,0
1320,0.4,0.0,prior,2,model,0.6,0.0821,0.0266717287,0.0,0.1231,0.1832,0.3038,0.0494,0.0415,0.02,0.8286,0.9192,0.0025,False,0,0
1320,0.4,0.0,prior,3,model,0.6,0.0788,0.0276344161,0.0,0.1186,0.1875,0.3025,0.0457,0.0429,0.0206,0.8264,0.9017,0.0031,False,0,0
1320,0.4,0.0,prior,4,model,0.6,0.0733,0.0269568346,0.0,0.1298,0.1871,0.3169,0.0519,0.0451,0.018,0.8538,0.8815,0.005,True,0,0
1320,0.4,0.0,prior,5,model,0.6,0.0808,0.0252411009,0.0,0.1113,0.1944,0.3,0.041,0.042,0.0185,0.8326,0.9145,0.0019,False,0,0
1320,0.4,0.0,prior,6,model,0.6,0.0879,0.0235068171,0.0,0.0942,0.213,0.2956,0.0334,0.0395,0.0182,0.8273,0.9058,0.0006,False,0,0
1320,0.4,0.0,prior,7,model,0.6,0.0833,0.0258772514,0.0,0.098,0.1945,0.2925,0.0384,0.0423,0.0215,0.8292,0.9108,0.0013,False,0,0
1320,0.4,0.0,prior,8,model,0.6,0.0908,0.0224811828,0.0,0.0731,0.2206,0.2919,0.0248,0.0393,0.0177,0.8361,0.9109,0.0006,False,0,0
1320,0.4,0.0,prior,9,model,0.6,0.0833,0.0269607665,0.0,0.1302,0.1964,0.3144,0.0443,0.0438,0.0161,0.8259,0.8837,0.0031,False,0,0
1320,0.4,0.0,prior,10,model,0.6,0.0767,0.0287237985,0.0,0.133,0.1625,0.2931,0.0509,0.0385,0.0156,0.8235,0.9206,0.0006,False,0,0
1320,0.4,0.0,prior,11,model,0.6,0.0821,0.0236928761,0.0,0.1395,0.1648,0.3006,0.055,0.04,0.0145,0.8235,0.9086,0.0013,False,0,0
1320,0.4,0.05,treatment,0,prior,0.6215,0.0981,0.0227499302,-0.0012993057,0.095,0.2094,0.2985,0.0301,0.0377,0.0137,0.8275,0.9199,0.0025,False,86,26
1320,0.4,0.05,treatment,1,model,0.6228,0.0678,0.0323775506,-0.0021480577,0.1264,0.3219,0.33,0.0397,0.0399,0.0063,0.9903,0.8411,0.3,True,91,34
1320,0.4,0.05,treatment,2,model,0.6168,0.0616,0.0334674071,-0.002605467,0.0571,0.3076,0.3464,0.01,0.0472,0.0057,0.9756,0.9014,0.2319,True,67,31
1320,0.4,0.05,treatment,3,model,0.6188,0.0525,0.0367168885,-0.002117715,0.1067,0.297,0.3561,0.0428,0.0441,0.0053,0.9939,0.9086,0.3825,True,75,26
1320,0.4,0.05,treatment,4,model,0.6212,0.0692,0.0320605413,-0.0007442142,0.1227,0.2451,0.3373,0.0514,0.0425,0.0065,0.9811,0.8566,0.2856,True,85,21
1320,0.4,0.05,treatment,5,model,0.6208,0.0717,0.0300698733,-0.0015357742,0.127,0.2286,0.327,0.0508,0.0415,0.0081,0.9844,0.8531,0.225,True,83,24
1320,0.4,0.05,treatment,6,model,0.6205,0.052,0.0370880864,-0.0011810907,0.1522,0.2597,0.3656,0.0522,0.0478,0.0022,0.9912,0.8936,0.28,True,82,24
1320,0.4,0.05,treatment,7,model,0.6178,0.0603,0.0349998543,-0.0012788049,0.0733,0.3223,0.3394,0.0216,0.0433,0.0056,0.9846,0.9026,0.3075,True,71,25
1320,0.4,0.05,treatment,8,model,0.6215,0.074,0.0282455732,-0.0026500913,0.0561,0.296,0.3309,0.0172,0.0398,0.0068,0.9877,0.9348,0.2256,True,86,33
1320,0.4,0.05,treatment,9,model,0.622,0.0631,0.0340788642,-0.0017967617,0.0756,0.3376,0.3611,0.0207,0.0457,0.0011,0.9941,0.9431,0.3987,True,88,30
1320,0.4,0.05,treatment,10,model,0.6218,0.0752,0.0294068152,-0.0008586815,0.0682,0.2593,0.308,0.0222,0.0414,0.014,0.9529,0.9127,0.1675,True,87,22
1320,0.4,0.05,treatment,11,model,0.6178,0.066,0.0310123644,-0.0012269267,0.1116,0.307,0.3368,0.0186,0.0367,0.0022,0.9765,0.8603,0.2381,True,71,21
1320,0.4,0.05,frozen,0,prior,0.6,0.0908,0.0240492359,0.0,0.12,0.1787,0.2988,0.0472,0.0405,0.0154,0.8275,0.9199,0.0025,False,0,0
1320,0.4,0.05,frozen,1,model,0.6222,0.0591,0.0351032313,-0.0025028618,0.0851,0.259,0.3441,0.0412,0.0409,0.0029,0.9892,0.8911,0.3287,True,89,34
1320,0.4,0.05,frozen,2,model,0.6168,0.0547,0.0352480143,-0.0024963267,0.0949,0.2634,0.3575,0.0428,0.0467,0.0077,0.9915,0.9151,0.315,True,67,30
1320,0.4,0.05,frozen,3,model,0.6182,0.0566,0.0354135228,-0.0019385289,0.0877,0.2614,0.3491,0.0432,0.0409,0.0014,0.9897,0.8981,0.3294,True,73,26
1320,0.4,0.05,frozen,4,model,0.6212,0.0628,0.0319735149,-0.0020027358,0.087,0.2616,0.3479,0.0441,0.0459,0.0073,0.9883,0.9163,0.2906,True,85,31
1320,0.4,0.05,frozen,5,model,0.6198,0.0528,0.0358598635,-0.0017736259,0.0927,0.2659,0.357,0.0407,0.0503,0.0053,0.9888,0.9128,0.3144,True,79,25
1320,0.4,0.05,frozen,6,model,0.6215,0.0567,0.0353544699,-0.0014791813,0.0917,0.2679,0.3587,0.0419,0.0451,0.0046,0.9906,0.9153,0.3169,True,86,26
1320,0.4,0.05,frozen,7,model,0.615,0.0541,0.0357768622,-0.0014036196,0.0826,0.2648,0.3474,0.0386,0.0429,0.0033,0.9909,0.8893,0.3256,True,60,25
1320,0.4,0.05,frozen,8,model,0.622,0.0611,0.033183156,-0.0026688896,0.0993,0.2571,0.3525,0.0491,0.0434,0.0031,0.9871,0.8908,0.3081,True,88,34
1320,0.4,0.05,frozen,9,model,0.622,0.0631,0.0332380343,-0.0018529312,0.1013,0.2598,0.3611,0.0501,0.0469,0.0031,0.9887,0.8929,0.3387,True,88,31
1320,0.4,0.05,frozen,10,model,0.6208,0.0487,0.0384820258,-0.0011732153,0.091,0.2597,0.3507,0.0382,0.0449,0.005,0.9885,0.8764,0.3125,True,83,24
1320,0.4,0.05,frozen,11,model,0.6198,0.0537,0.0354341652,-0.0016621418,0.0965,0.2629,0.3583,0.0432,0.0452,0.0023,0.9914,0.868,0.3206,True,79,25
1320,0.4,0.05,prior,0,prior,0.6215,0.0981,0.0227499302,-0.0012993057,0.095,0.2094,0.2985,0.0301,0.0377,0.0137,0.8275,0.9199,0.0025,False,86,26
1320,0.4,0.05,prior,1,model,0.6228,0.0988,0.0215295442,-0.0015192855,0.0881,0.2651,0.279,0.0329,0.038,0.023,0.8279,0.9127,0.0006,False,91,27
1320,0.4,0.05,prior,2,model,0.6178,0.0911,0.0245963431,-0.0020753856,0.0673,0.3075,0.2995,0.0375,0.0438,0.0196,0.8286,0.9192,0.0025,False,71,28
1320,0.4,0.05,prior,3,model,0.6198,0.0855,0.0260815539,-0.0015528622,0.0361,0.2894,0.3031,0.0466,0.0412,0.0181,0.8264,0.9017,0.0031,False,79,23
1320,0.4,0.05,prior,4,model,0.6202,0.0814,0.0255351166,-0.001421718,0.0843,0.2581,0.3167,0.0211,0.0418,0.013,0.8538,0.8815,0.005,True,81,26
1320,0.4,0.05,prior,5,model,0.6248,0.0876,0.0241061452,-0.0011349557,0.1167,0.2807,0.3031,0.0414,0.0417,0.017,0.8326,0.9145,0.0019,False,99,25
1320,0.4,0.05,prior,6,model,0.6222,0.0932,0.0228564076,-0.0006504094,0.1068,0.1999,0.2991,0.0386,0.0409,0.0174,0.8273,0.9058,0.0006,False,89,21
1320,0.4,0.05,prior,7,model,0.6162,0.0901,0.0246194253,-0.0012578261,0.0856,0.225,0.2906,0.0269,0.0404,0.0213,0.8292,0.9108,0.0013,False,65,22
1320,0.4,0.05,prior,8,model,0.622,0.0973,0.0204671223,-0.0020140604,0.0234,0.2897,0.293,0.0429,0.0392,0.0178,0.8361,0.9109,0.0006,False,88,24
1320,0.4,0.05,prior,9,model,0.6195,0.0904,0.025429143,-0.0015316235,0.0683,0.2758,0.3147,0.0228,0.0431,0.0166,0.8259,0.8837,0.0031,False,78,24
1320,0.4,0.05,prior,10,model,0.6195,0.0835,0.0274624627,-0.0012613358,0.0478,0.2475,0.293,0.0173,0.0404,0.0169,0.8235,0.9206,0.0006,False,78,23
1320,0.4,0.05,prior,11,model,0.6198,0.0875,0.0229433094,-0.0007495668,0.0688,0.2425,0.3031,0.0335,0.0391,0.0106,0.8235,0.9086,0.0013,False,79,20
1320,1.0,0.0,treatment,0,prior,0.6,0.0167,0.0462352937,0.0,0.3832,0.0268,0.41,0.1505,0.0531,0.0002,0.9675,0.8293,0.19,True,0,0
1320,1.0,0.0,treatment,1,model,0.6,0.1275,0.0129042153,0.0,0.0486,0.2157,0.2256,0.0202,0.0243,0.0283,0.949,0.8321,0.0269,True,0,0
1320,1.0,0.0,treatment,2,model,0.6,0.0362,0.0396214636,0.0,0.2121,0.1604,0.3725,0.0826,0.0472,0.003,0.9952,0.8366,0.3588,True,0,0
1320,1.0,0.0,treatment,3,model,0.6,0.0554,0.0342518993,0.0,0.1435,0.194,0.3375,0.0542,0.0411,0.0088,0.9914,0.8861,0.2406,True,0,0
1320,1.0,0.0,treatment,4,model,0.6,0.0542,0.0354443813,0.0,0.2024,0.258,0.3456,0.0696,0.0449,0.0066,0.9867,0.8991,0.2712,True,0,0
1320,1.0,0.0,treatment,5,model,0.6,0.0525,0.0343786774,0.0,0.1537,0.22,0.3425,0.0571,0.0425,0.0061,0.9897,0.915,0.3825,True,0,0
1320,1.0,0.0,treatment,6,model,0.6,0.0496,0.0366260547,0.0,0.128,0.2251,0.3531,0.0491,0.0434,0.003,0.9955,0.8648,0.3894,True,0,0
1320,1.0,0.0,treatment,7,model,0.6,0.0521,0.0352285003,0.0,0.1124,0.2409,0.3394,0.0335,0.0426,0.0039,0.9863,0.7832,0.2644,True,0,0
1320,1.0,0.0,treatment,8,model,0.6,0.06,0.0318897042,0.0,0.1568,0.2045,0.3381,0.0596,0.0421,0.006,0.9934,0.9151,0.3525,True,0,0
1320,1.0,0.0,treatment,9,model,0.6,0.0529,0.0359712581,0.0,0.1858,0.1742,0.36,0.0711,0.0466,0.0016,0.9943,0.9398,0.275,True,0,0
1320,1.0,0.0,treatment,10,model,0.6,0.05,0.0370427108,0.0,0.1512,0.1831,0.3331,0.0563,0.043,0.0048,0.9888,0.8681,0.2606,True,0,0
1320,1.0,0.0,treatment,11,model,0.6,0.06,0.0323873407,0.0,0.1742,0.1595,0.3337,0.0693,0.0412,0.0045,0.9805,0.8876,0.2494,True,0,0
1320,1.0,0.0,frozen,0,prior,0.6,0.0167,0.0462352937,0.0,0.3832,0.0268,0.41,0.1505,0.0531,0.0002,0.9675,0.8293,0.19,True,0,0
1320,1.0,0.0,frozen,1,model,0.6,0.1275,0.0129042153,0.0,0.1991,0.0388,0.2256,0.1495,0.005,0.0012,0.949,0.8321,0.0269,True,0,0
1320,1.0,0.0,frozen,2,model,0.6,0.1212,0.0142262521,0.0,0.2108,0.0361,0.245,0.15,0.0064,0.0,0.9455,0.8432,0.025,True,0,0
1320,1.0,0.0,frozen,3,model,0.6,0.1288,0.0118413138,0.0,0.2008,0.0367,0.2275,0.1509,0.0031,0.0004,0.944,0.8411,0.0225,True,0,0
1320,1.0,0.0,frozen,4,model,0.6,0.1237,0.0131794901,0.0,0.2106,0.0388,0.2412,0.1519,0.0063,0.0017,0.9489,0.8213,0.0331,True,0,0
1320,1.0,0.0,frozen,5,model,0.6,0.125,0.0110378458,0.0,0.2074,0.0348,0.2338,0.1513,0.0049,0.0006,0.9453,0.7912,0.03,True,0,0
1320,1.0,0.0,frozen,6,model,0.6,0.1267,0.0138420086,0.0,0.2111,0.0384,0.2375,0.1536,0.0047,0.0004,0.9479,0.8295,0.0244,True,0,0
1320,1.0,0.0,frozen,7,model,0.6,0.1187,0.0149505111,0.0,0.2062,0.0365,0.2394,0.1469,0.0063,0.0002,0.9472,0.8094,0.0238,True,0,0
1320,1.0,0.0,frozen,8,model,0.6,0.1263,0.0114560676,0.0,0.2082,0.0362,0.2387,0.1526,0.0055,0.0003,0.9525,0.8182,0.0563,True,0,0
1320,1.0,0.0,frozen,9,model,0.6,0.1354,0.0104366916,0.0,0.2045,0.0379,0.2362,0.1562,0.0055,0.0004,0.9482,0.8289,0.025,True,0,0
1320,1.0,0.0,frozen,10,model,0.6,0.1092,0.0180637897,0.0,0.2213,0.0356,0.2444,0.1474,0.0068,0.0003,0.9531,0.8247,0.0319,True,0,0
1320,1.0,0.0,frozen,11,model,0.6,0.12,0.0114568115,0.0,0.2142,0.0352,0.2437,0.1515,0.0063,0.0002,0.9553,0.7728,0.0406,True,0,0
1320,1.0,0.0,prior,0,prior,0.6,0.0167,0.0462352937,0.0,0.3832,0.0268,0.41,0.1505,0.0531,0.0002,0.9675,0.8293,0.19,True,0,0
1320,1.0,0.0,prior,1,model,0.6,0.0125,0.0480238761,0.0,0.3829,0.0152,0.3981,0.1533,0.0493,0.0001,0.972,0.7858,0.2225,True,0,0
1320,1.0,0.0,prior,2,model,0.6,0.015,0.0468921242,0.0,0.3685,0.0359,0.4044,0.1474,0.0535,0.0006,0.9696,0.8225,0.1869,True,0,0
1320,1.0,0.0,prior,3,model,0.6,0.0154,0.0474027049,0.0,0.3722,0.0253,0.3975,0.1492,0.0497,0.0002,0.9746,0.8479,0.2481,True,0,0
1320,1.0,0.0,prior,4,model,0.6,0.0146,0.0465595429,0.0,0.3864,0.0186,0.405,0.155,0.0518,0.0002,0.9744,0.8269,0.2313,True,0,0
1320,1.0,0.0,prior,5,model,0.6,0.0138,0.0477488861,0.0,0.3689,0.0317,0.4006,0.1477,0.0513,0.0005,0.9708,0.8168,0.2225,True,0,0
1320,1.0,0.0,prior,6,model,0.6,0.0158,0.0461134628,0.0,0.3766,0.0272,0.4037,0.1512,0.0518,0.0003,0.9746,0.7308,0.2269,True,0,0
1320,1.0,0.0,prior,7,model,0.6,0.0121,0.0478184854,0.0,0.385,0.0144,0.3994,0.1536,0.0496,0.0005,0.9731,0.8217,0.2213,True,0,0
1320,1.0,0.0,prior,8,model,0.6,0.0183,0.0453762281,0.0,0.3693,0.0313,0.4006,0.1448,0.0515,0.0003,0.9749,0.8519,0.2181,True,0,0
1320,1.0,0.0,prior,9,model,0.6,0.0146,0.0471432284,0.0,0.3925,0.025,0.4175,0.1576,0.0558,0.0003,0.9698,0.8119,0.1869,True,0,0
1320,1.0,0.0,prior,10,model,0.6,0.0146,0.0470748155,0.0,0.3687,0.0175,0.3862,0.1472,0.0466,0.0001,0.971,0.8148,0.2125,True,0,0
1320,1.0,0.0,prior,11,model,0.6,0.0163,0.0461630874,0.0,0.3707,0.0287,0.3994,0.1487,0.0501,0.0003,0.9722,0.8262,0.2125,True,0,0
1320,1.0,0.05,treatment,0,prior,0.6205,0.0302,0.0438755056,-0.0023597881,0.1345,0.3456,0.4091,0.0424,0.0547,0.0,0.9675,0.8293,0.19,True,82,35
1320,1.0,0.05,treatment,1,model,0.623,0.0819,0.0285656679,-0.0017223258,0.0839,0.2326,0.307,0.0346,0.0382,0.0124,0.9708,0.7841,0.1719,True,92,29
1320,1.0,0.05,treatment,2,model,0.6168,0.0592,0.0337926642,-0.0020127827,0.0506,0.3001,0.3503,0.0321,0.0444,0.0049,0.9796,0.9012,0.2406,True,67,27
1320,1.0,0.05,treatment,3,model,0.6205,0.0717,0.0307997249,-0.0015643496,0.0909,0.2434,0.3261,0.0356,0.0367,0.0103,0.9583,0.7508,0.1569,True,82,24
1320,1.0,0.05,treatment,4,model,0.6222,0.0695,0.0316231055,-0.0014963601,0.0826,0.2855,0.3375,0.0258,0.0415,0.0076,0.9688,0.8247,0.1881,True,89,28
1320,1.0,0.05,treatment,5,model,0.6218,0.0647,0.0325979343,-0.0013000441,0.087,0.3068,0.3391,0.0269,0.0446,0.0061,0.9881,0.9065,0.2487,True,87,24
1320,1.0,0.05,treatment,6,model,0.622,0.0583,0.0351220869,-0.0010562031,0.152,0.2377,0.3565,0.0496,0.0457,0.005,0.9908,0.9067,0.2838,True,88,24
1320,1.0,0.05,treatment,7,model,0.6185,0.0699,0.0309209454,-0.0011862957,0.1453,0.2052,0.3244,0.0573,0.0436,0.0124,0.9707,0.6832,0.135,True,74,25
1320,1.0,0.05,treatment,8,model,0.6205,0.0629,0.0320106849,-0.0029669558,0.1565,0.4065,0.3485,0.0766,0.0423,0.0014,0.9922,0.9239,0.3119,True,82,33
1320,1.0,0.05,treatment,9,model,0.6195,0.0654,0.0321568797,-0.0018272983,0.1278,0.2384,0.3555,0.0396,0.0502,0.0071,0.9901,0.9126,0.2406,True,78,29
1320,1.0,0.05,treatment,10,model,0.6215,0.0567,0.035725582,-0.0013727178,0.1358,0.2622,0.3382,0.0456,0.0453,0.0073,0.9721,0.8847,0.2194,True,86,25
1320,1.0,0.05,treatment,11,model,0.6175,0.0672,0.0309088111,-0.0011212224,0.1613,0.255,0.3346,0.0702,0.0419,0.0059,0.9898,0.9073,0.33,True,70,20
1320,1.0,0.05,frozen,0,prior,0.6,0.0167,0.0462352937,0.0,0.3832,0.0268,0.41,0.1505,0.0531,0.0002,0.9675,0.8293,0.19,True,0,0
1320,1.0,0.05,frozen,1,model,0.6225,0.1317,0.012153405,-0.0007508102,0.1987,0.0388,0.2245,0.1495,0.0036,0.0014,0.949,0.8321,0.0269,True,90,22
1320,1.0,0.05,frozen,2,model,0.6158,0.1271,0.0127877455,-0.0014385066,0.2072,0.0361,0.2407,0.15,0.0055,0.0,0.9455,0.8432,0.025,True,63,22
1320,1.0,0.05,frozen,3,model,0.6175,0.1316,0.0110671215,-0.0007741922,0.2007,0.037,0.2275,0.1509,0.0031,0.0004,0.944,0.8411,0.0225,True,70,16
1320,1.0,0.05,frozen,4,model,0.6178,0.1287,0.0120560467,-0.0011234435,0.2079,0.0393,0.2387,0.1519,0.0058,0.0016,0.9489,0.8213,0.0331,True,71,21
1320,1.0,0.05,frozen,5,model,0.622,0.1262,0.0111663864,0.0001285406,0.2119,0.0352,0.2381,0.1513,0.0058,0.0004,0.9453,0.7912,0.03,True,88,14
1320,1.0,0.05,frozen,6,model,0.622,0.1294,0.0136428983,-0.0001991103,0.2124,0.0384,0.2394,0.1536,0.0051,0.0004,0.9479,0.8295,0.0244,True,88,18
1320,1.0,0.05,frozen,7,model,0.6178,0.1222,0.0146436274,-0.0003068837,0.2075,0.036,0.2394,0.1469,0.0061,0.0002,0.9472,0.8094,0.0238,True,71,17
1320,1.0,0.05,frozen,8,model,0.6215,0.1311,0.0100457789,-0.0014102887,0.206,0.0358,0.2371,0.1526,0.0053,0.0003,0.9525,0.8182,0.0563,True,86,23
1320,1.0,0.05,frozen,9,model,0.62,0.1399,0.0093530552,-0.0010836363,0.2033,0.0381,0.2342,0.1562,0.0052,0.0005,0.9482,0.8289,0.025,True,80,22
1320,1.0,0.05,frozen,10,model,0.621,0.1131,0.0174296146,-0.0006341751,0.2223,0.0356,0.2454,0.1474,0.0072,0.0007,0.9531,0.8247,0.0319,True,84,19
1320,1.0,0.05,frozen,11,model,0.6192,0.1252,0.0105265629,-0.0009302486,0.2113,0.0349,0.2416,0.1515,0.0061,0.0002,0.9553,0.7728,0.0406,True,77,22
1320,1.0,0.05,prior,0,prior,0.6205,0.0302,0.0438755056,-0.0023597881,0.1345,0.3456,0.4091,0.0424,0.0547,0.0,0.9675,0.8293,0.19,True,82,35
1320,1.0,0.05,prior,1,model,0.6228,0.0277,0.0450375482,-0.0029863279,0.1575,0.2834,0.3963,0.0322,0.0509,0.0007,0.972,0.7858,0.2225,True,91,39
1320,1.0,0.05,prior,2,model,0.6172,0.0288,0.0439232536,-0.0029688705,0.1433,0.3961,0.3997,0.0462,0.0548,0.0001,0.9696,0.8225,0.1869,True,69,35
1320,1.0,0.05,prior,3,model,0.6202,0.0262,0.0451741895,-0.0022285154,0.199,0.2013,0.4003,0.053,0.0522,0.0,0.9746,0.8479,0.2481,True,81,28
1320,1.0,0.05,prior,4,model,0.6208,0.027,0.0444422588,-0.0021172841,0.1838,0.2358,0.4061,0.0344,0.0541,0.0003,0.9744,0.8269,0.2313,True,83,32
1320,1.0,0.05,prior,5,model,0.6202,0.0242,0.0457553361,-0.00199355,0.182,0.2617,0.4042,0.0336,0.0541,0.0003,0.9708,0.8168,0.2225,True,81,27
1320,1.0,0.05,prior,6,model,0.6208,0.0274,0.044305052,-0.0018084108,0.112,0.326,0.4061,0.0412,0.0548,0.0002,0.9746,0.7308,0.2269,True,83,30
1320,1.0,0.05,prior,7,model,0.6168,0.0231,0.0461271093,-0.0016913761,0.1532,0.286,0.3986,0.0426,0.053,0.001,0.9731,0.8217,0.2213,True,67,28
1320,1.0,0.05,prior,8,model,0.622,0.0326,0.0421497719,-0.0032264562,0.1728,0.2368,0.3995,0.0431,0.0526,0.0002,0.9749,0.8519,0.2181,True,88,37
1320,1.0,0.05,prior,9,model,0.62,0.0282,0.0444518876,-0.0026913408,0.1829,0.2524,0.4164,0.0408,0.0582,0.0005,0.9698,0.8119,0.1869,True,80,35
1320,1.0,0.05,prior,10,model,0.6218,0.0269,0.0450131106,-0.0020617049,0.203,0.1843,0.3873,0.0791,0.0505,0.0013,0.971,0.8148,0.2125,True,87,32
1320,1.0,0.05,prior,11,model,0.618,0.0255,0.0445358243,-0.0016272631,0.1623,0.2415,0.4025,0.0428,0.053,0.0001,0.9722,0.8262,0.2125,True,72,24
1336,0.2,0.0,treatment,0,prior,0.6,0.1283,0.0129757184,0.0,0.0563,0.1946,0.2319,0.0367,0.029,0.0324,0.7894,0.9739,0.0,False,0,0
1336,0.2,0.0,treatment,1,model,0.6,0.0471,0.0382587203,0.0,0.2518,0.1125,0.3644,0.0999,0.0417,0.0009,0.9934,0.9373,0.3412,True,0,0
1336,0.2,0.0,treatment,2,model,0.6,0.0633,0.0315418431,0.0,0.1422,0.1941,0.3344,0.0551,0.0411,0.0078,0.9723,0.8745,0.2737,True,0,0
1336,0.2,0.0,treatment,3,model,0.6,0.0617,0.032545633,0.0,0.1257,0.2854,0.3337,0.0349,0.0432,0.0073,0.9856,0.8576,0.2919,True,0,0
1336,0.2,0.0,treatment,4,model,0.6,0.0467,0.0362653708,0.0,0.139,0.203,0.3387,0.0471,0.0416,0.0082,0.9938,0.8894,0.3431,True,0,0
1336,0.2,0.0,treatment,5,model,0.6,0.0621,0.0324796556,0.0,0.1204,0.2108,0.3119,0.0351,0.0329,0.0065,0.9613,0.8479,0.1031,True,0,0
1336,0.2,0.0,treatment,6,model,0.6,0.055,0.0338644983,0.0,0.1268,0.2472,0.335,0.0458,0.0405,0.0094,0.9778,0.7448,0.2431,True,0,0
1336,0.2,0.0,treatment,7,model,0.6,0.0508,0.0350851225,0.0,0.1887,0.1771,0.3656,0.074,0.046,0.0026,0.9943,0.9365,0.4213,True,0,0
1336,0.2,0.0,treatment,8,model,0.6,0.0592,0.0337004076,0.0,0.1555,0.1977,0.3319,0.0607,0.0424,0.008,0.9853,0.7328,0.3594,True,0,0
1336,0.2,0.0,treatment,9,model,0.6,0.0492,0.0374743347,0.0,0.1572,0.2032,0.3312,0.0565,0.0397,0.0073,0.9697,0.8796,0.2338,True,0,0
1336,0.2,0.0,treatment,10,model,0.6,0.0488,0.0365527338,0.0,0.1976,0.1618,0.3494,0.0753,0.0429,0.004,0.9924,0.8615,0.3456,True,0,0
1336,0.2,0.0,treatment,11,model,0.6,0.0608,0.0332642158,0.0,0.1036,0.2382,0.3375,0.0367,0.044,0.0038,0.9912,0.926,0.2838,True,0,0
1336,0.2,0.0,frozen,0,prior,0.6,0.1283,0.0129757184,0.0,0.0563,0.1946,0.2319,0.0367,0.029,0.0324,0.7894,0.9739,0.0,False,0,0
1336,0.2,0.0,frozen,1,model,0.6,0.0471,0.0382587203,0.0,0.0762,0.3106,0.3644,0.0319,0.0475,0.0029,0.9934,0.9373,0.3412,True,0,0
1336,0.2,0.0,frozen,2,model,0.6,0.0442,0.0375599368,0.0,0.061,0.3325,0.3631,0.0257,0.0479,0.0022,0.9953,0.9269,0.3544,True,0,0
1336,0.2,0.0,frozen,3,model,0.6,0.0467,0.0377225736,0.0,0.0532,0.315,0.3563,0.0234,0.0503,0.0028,0.9931,0.9003,0.3425,True,0,0
1336,0.2,0.0,frozen,4,model,0.6,0.0367,0.0399084137,0.0,0.0484,0.3337,0.3538,0.0208,0.0476,0.0042,0.9949,0.9313,0.3688,True,0,0
1336,0.2,0.0,frozen,5,model,0.6,0.0396,0.039350172,0.0,0.0516,0.3212,0.3456,0.0231,0.0441,0.0036,0.995,0.9196,0.3538,True,0,0
1336,0.2,0.0,frozen,6,model,0.6,0.0371,0.0396132579,0.0,0.072,0.311,0.3619,0.0311,0.0483,0.0029,0.9936,0.9161,0.3387,True,0,0
1336,0.2,0.0,frozen,7,model,0.6,0.0425,0.0380958575,0.0,0.0894,0.3187,0.3781,0.0354,0.0511,0.0024,0.9945,0.8473,0.3588,True,0,0
1336,0.2,0.0,frozen,8,model,0.6,0.0396,0.0396231225,0.0,0.0594,0.3236,0.3613,0.0258,0.0483,0.0028,0.9938,0.9233,0.3581,True,0,0
1336,0.2,0.0,frozen,9,model,0.6,0.0333,0.0418513475,0.0,0.0504,0.3345,0.355,0.0278,0.0467,0.0046,0.9953,0.8972,0.3494,True,0,0
1336,0.2,0.0,frozen,10,model,0.6,0.0408,0.0387451841,0.0,0.0638,0.3254,0.3613,0.0271,0.0465,0.0037,0.9942,0.9119,0.3331,True,0,0
1336,0.2,0.0,frozen,11,model,0.6,0.0408,0.0388802752,0.0,0.0768,0.315,0.3675,0.0334,0.0503,0.0041,0.9927,0.9181,0.365,True,0,0
1336,0.2,0.0,prior,0,prior,0.6,0.1283,0.0129757184,0.0,0.0563,0.1946,0.2319,0.0367,0.029,0.0324,0.7894,0.9739,0.0,False,0,0
1336,0.2,0.0,prior,1,model,0.6,0.1267,0.0110434814,0.0,0.0719,0.1756,0.245,0.0389,0.0324,0.0299,0.7851,0.9715,0.0,False,0,0
1336,0.2,0.0,prior,2,model,0.6,0.1383,0.0090296515,0.0,0.0405,0.193,0.2219,0.0277,0.0298,0.0349,0.7906,0.9753,0.0,False,0,0
1336,0.2,0.0,prior,3,model,0.6,0.1338,0.0095064151,0.0,0.0323,0.2012,0.2256,0.0388,0.03,0.0304,0.7852,0.9763,0.0,False,0,0
1336,0.2,0.0,prior,4,model,0.6,0.1229,0.0122292497,0.0,0.0467,0.1818,0.2244,0.0319,0.0283,0.0299,0.7812,0.9692,0.0,False,0,0
1336,0.2,0.0,prior,5,model,0.6,0.125,0.0132815051,0.0,0.0365,0.1855,0.2175,0.0233,0.0265,0.0296,0.7849,0.9735,0.0,False,0,0
1336,0.2,0.0,prior,6,model,0.6,0.1333,0.009942184,0.0,0.0261,0.2004,0.2175,0.0265,0.0285,0.0338,0.7953,0.9777,0.0,False,0,0
1336,0.2,0.0,prior,7,model,0.6,0.1425,0.004658013,0.0,0.0409,0.1872,0.2281,0.0266,0.0304,0.031,0.7842,0.9785,0.0,False,0,0
1336,0.2,0.0,prior,8,model,0.6,0.1325,0.0089955206,0.0,0.0524,0.175,0.2219,0.0344,0.0288,0.0328,0.7745,0.9761,0.0,False,0,0
1336,0.2,0.0,prior,9,model,0.6,0.1163,0.0157479147,0.0,0.0688,0.1642,0.2306,0.0441,0.0337,0.0357,0.7924,0.9738,0.0,False,0,0
1336,0.2,0.0,prior,10,model,0.6,0.1308,0.0118241821,0.0,0.0474,0.1887,0.2263,0.0326,0.0293,0.0317,0.7916,0.9775,0.0,False,0,0
1336,0.2,0.0,prior,11,model,0.6,0.1412,0.0046147895,0.0,0.0362,0.2151,0.2169,0.0131,0.0274,0.0354,0.7922,0.9744,0.0,False,0,0
1336,0.2,0.05,treatment,0,prior,0.6155,0.1336,0.0114634384,-0.00151228,0.0532,0.2511,0.2276,0.0386,0.0269,0.0311,0.7894,0.9739,0.0,False,62,21
1336,0.2,0.05,treatment,1,model,0.6172,0.0599,0.034979813,-0.0021087768,0.1846,0.3996,0.3579,0.0673,0.0435,0.0035,0.9924,0.8819,0.305,True,69,27
1336,0.2,0.05,treatment,2,model,0.6222,0.0683,0.0318974304,-0.0017636552,0.0827,0.267,0.3422,0.0238,0.0425,0.0051,0.9813,0.912,0.2294,True,89,28
1336,0.2,0.05,treatment,3,model,0.6222,0.0619,0.0333993601,-0.0022337797,0.1788,0.2495,0.3494,0.0707,0.0441,0.0051,0.9912,0.9275,0.2275,True,89,29
1336,0.2,0.05,treatment,4,model,0.6182,0.0574,0.0344228685,-0.0015269095,0.1623,0.2666,0.3353,0.0493,0.041,0.0066,0.9876,0.9289,0.385,True,73,20
1336,0.2,0.05,treatment,5,model,0.62,0.0706,0.0308499536,-0.0017922454,0.0728,0.285,0.3112,0.0306,0.0359,0.0074,0.9396,0.9049,0.0875,True,80,27
1336,0.2,0.05,treatment,6,model,0.6205,0.0592,0.032779333,-0.002069039,0.172,0.2772,0.3432,0.0611,0.0435,0.0093,0.9768,0.8554,0.215,True,82,28
1336,0.2,0.05,treatment,7,model,0.617,0.0766,0.0266994816,-0.0030807325,0.1408,0.3615,0.3381,0.0482,0.0427,0.0068,0.9733,0.6722,0.1812,True,68,28
1336,0.2,0.05,treatment,8,model,0.6185,0.0586,0.0346428392,-0.002495831,0.0749,0.3746,0.346,0.0435,0.0426,0.0046,0.9876,0.7574,0.27,True,74,29
1336,0.2,0.05,treatment,9,model,0.6185,0.0578,0.035939285,-0.0019746627,0.0879,0.2542,0.3309,0.0486,0.0361,0.0022,0.9896,0.9236,0.3787,True,74,29
1336,0.2,0.05,treatment,10,model,0.6215,0.0833,0.0270584594,-0.0016493103,0.1003,0.2726,0.3098,0.0298,0.0332,0.0088,0.9472,0.8382,0.1194,True,86,30
1336,0.2,0.05,treatment,11,model,0.6242,0.0873,0.0245210566,-0.0019569692,0.0799,0.2825,0.3114,0.0381,0.037,0.0104,0.9244,0.829,0.055,True,97,27
1336,0.2,0.05,frozen,0,prior,0.6,0.1283,0.0129757184,0.0,0.0563,0.1946,0.2319,0.0367,0.029,0.0324,0.7894,0.9739,0.0,False,0,0
1336,0.2,0.05,frozen,1,model,0.6178,0.0571,0.0361093073,-0.002149413,0.0755,0.3112,0.363,0.0319,0.047,0.0032,0.9934,0.9373,0.3412,True,71,28
1336,0.2,0.05,frozen,2,model,0.6238,0.0549,0.0354946575,-0.0020652794,0.0641,0.3346,0.3654,0.0257,0.0484,0.0029,0.9953,0.9269,0.3544,True,95,31
1336,0.2,0.05,frozen,3,model,0.62,0.0556,0.0358952522,-0.0018273214,0.0539,0.3173,0.3579,0.0234,0.0505,0.0038,0.9931,0.9003,0.3425,True,80,26
1336,0.2,0.05,frozen,4,model,0.6195,0.044,0.0385757221,-0.0013326916,0.0526,0.3342,0.3581,0.0208,0.0482,0.0035,0.9949,0.9313,0.3688,True,78,21
1336,0.2,0.05,frozen,5,model,0.6208,0.0511,0.0369255314,-0.0024246405,0.0463,0.3216,0.3434,0.0231,0.0439,0.0042,0.995,0.9196,0.3538,True,83,32
1336,0.2,0.05,frozen,6,model,0.6225,0.0482,0.0372880805,-0.0023251774,0.0726,0.311,0.3629,0.0311,0.0485,0.0028,0.9936,0.9161,0.3387,True,90,31
1336,0.2,0.05,frozen,7,model,0.6175,0.0538,0.0344877166,-0.0036081408,0.0875,0.3194,0.3752,0.0354,0.05,0.002,0.9945,0.8473,0.3588,True,70,31
1336,0.2,0.05,frozen,8,model,0.618,0.0502,0.0372664155,-0.002356707,0.0551,0.3246,0.3593,0.0258,0.0481,0.0026,0.9938,0.9233,0.3581,True,72,29
1336,0.2,0.05,frozen,9,model,0.6195,0.0448,0.0395587418,-0.0022926058,0.0471,0.3347,0.3528,0.0278,0.0463,0.0044,0.9953,0.8972,0.3494,True,78,31
1336,0.2,0.05,frozen,10,model,0.6222,0.0542,0.036456246,-0.0022889381,0.0633,0.3242,0.358,0.0271,0.0459,0.0037,0.9942,0.9119,0.3331,True,89,37
1336,0.2,0.05,frozen,11,model,0.621,0.0515,0.0361958478,-0.0026844273,0.0768,0.3125,0.3681,0.0334,0.0514,0.0038,0.9927,0.9181,0.365,True,84,30
1336,0.2,0.05,prior,0,prior,0.6155,0.1336,0.0114634384,-0.00151228,0.0532,0.2511,0.2276,0.0386,0.0269,0.0311,0.7894,0.9739,0.0,False,62,21
1336,0.2,0.05,prior,1,model,0.6168,0.1309,0.0096940002,-0.0013494812,0.0479,0.1993,0.2433,0.0384,0.0291,0.0281,0.7851,0.9715,0.0,False,67,19
1336,0.2,0.05,prior,2,model,0.6225,0.141,0.0088844777,-0.0001451739,0.0325,0.2348,0.2225,0.0351,0.0294,0.034,0.7906,0.9753,0.0,False,90,19
1336,0.2,0.05,prior,3,model,0.6188,0.1366,0.008690883,-0.0008155321,0.0687,0.2079,0.2256,0.0421,0.0299,0.0343,0.7852,0.9763,0.0,False,75,17
1336,0.2,0.05,prior,4,model,0.618,0.1258,0.0114458328,-0.0007834169,0.0842,0.1825,0.2245,0.0263,0.0275,0.0288,0.7812,0.9692,0.0,False,72,16
1336,0.2,0.05,prior,5,model,0.621,0.1292,0.0125407878,-0.0007407173,0.0625,0.2449,0.2157,0.0486,0.0231,0.0289,0.7849,0.9735,0.0,False,84,21
1336,0.2,0.05,prior,6,model,0.6228,0.1385,0.0087225536,-0.0012196304,0.0591,0.2328,0.214,0.0732,0.0273,0.0327,0.7953,0.9777,0.0,False,91,25
1336,0.2,0.05,prior,7,model,0.6208,0.1474,0.002573596,-0.002084417,0.0418,0.1886,0.2248,0.0313,0.0273,0.0329,0.7842,0.9785,0.0,False,83,24
1336,0.2,0.05,prior,8,model,0.6178,0.1376,0.0076231361,-0.0013723844,0.0445,0.2488,0.2178,0.0578,0.0279,0.0335,0.7745,0.9761,0.0,False,71,22
1336,0.2,0.05,prior,9,model,0.6198,0.121,0.0149333445,-0.0008145702,0.0871,0.1711,0.2288,0.0324,0.0303,0.0309,0.7924,0.9738,0.0,False,79,21
1336,0.2,0.05,prior,10,model,0.6228,0.1345,0.0111215769,-0.0007026052,0.0598,0.2002,0.226,0.0413,0.0274,0.0305,0.7916,0.9775,0.0,False,91,21
1336,0.2,0.05,prior,11,model,0.6238,0.1423,0.0044150548,-0.0001997347,0.0441,0.2091,0.2199,0.0228,0.0269,0.0322,0.7922,0.9744,0.0,False,95,16
1336,0.4,0.0,treatment,0,prior,0.6,0.0846,0.0263716383,0.0,0.1074,0.2054,0.2975,0.0342,0.0417,0.0187,0.8258,0.9188,0.0013,False,0,0
1336,0.4,0.0,treatment,1,model,0.6,0.0492,0.0366289582,0.0,0.2402,0.1431,0.3613,0.0898,0.0423,0.001,0.9864,0.8988,0.2794,True,0,0
1336,0.4,0.0,treatment,2,model,0.6,0.0612,0.0326979644,0.0,0.1797,0.1578,0.3375,0.0715,0.0438,0.0094,0.9856,0.907,0.2581,True,0,0
1336,0.4,0.0,treatment,3,model,0.6,0.0529,0.0347374728,0.0,0.1929,0.1539,0.3469,0.0774,0.0437,0.0052,0.9917,0.9319,0.2256,True,0,0
1336,0.4,0.0,treatment,4,model,0.6,0.0537,0.0340400121,0.0,0.1195,0.2205,0.3281,0.0446,0.042,0.0103,0.9868,0.7392,0.3031,True,0,0
1336,0.4,0.0,treatment,5,model,0.6,0.0488,0.0369591218,0.0,0.1867,0.2295,0.3319,0.065,0.0406,0.0061,0.9866,0.8911,0.1975,True,0,0
1336,0.4,0.0,treatment,6,model,0.6,0.0508,0.0353901848,0.0,0.1717,0.1696,0.3412,0.0697,0.0427,0.008,0.9906,0.9144,0.2562,True,0,0
1336,0.4,0.0,treatment,7,model,0.6,0.0579,0.0333723392,0.0,0.1414,0.2136,0.355,0.0551,0.0486,0.0055,0.9894,0.8969,0.2381,True,0,0
1336,0.4,0.0,treatment,8,model,0.6,0.0454,0.0381704353,0.0,0.2196,0.1329,0.3525,0.0893,0.045,0.003,0.9905,0.9323,0.3494,True,0,0
1336,0.4,0.0,treatment,9,model,0.6,0.0512,0.0365924907,0.0,0.1746,0.1876,0.3281,0.0632,0.04,0.0083,0.9838,0.8929,0.285,True,0,0
1336,0.4,0.0,treatment,10,model,0.6,0.0517,0.0355590272,0.0,0.1958,0.1748,0.345,0.0747,0.0442,0.0066,0.9944,0.9519,0.2806,True,0,0
1336,0.4,0.0,treatment,11,model,0.6,0.0483,0.0372180164,0.0,0.2079,0.1526,0.3563,0.0804,0.0445,0.0026,0.994,0.8385,0.3419,True,0,0
1336,0.4,0.0,frozen,0,prior,0.6,0.0846,0.0263716383,0.0,0.1074,0.2054,0.2975,0.0342,0.0417,0.0187,0.8258,0.9188,0.0013,False,0,0
1336,0.4,0.0,frozen,1,model,0.6,0.0492,0.0366289582,0.0,0.0974,0.2852,0.3613,0.0502,0.0467,0.0021,0.9864,0.8988,0.2794,True,0,0
1336,0.4,0.0,frozen,2,model,0.6,0.0492,0.0370119013,0.0,0.0804,0.2967,0.3556,0.0411,0.046,0.003,0.9876,0.9207,0.2881,True,0,0
1336,0.4,0.0,frozen,3,model,0.6,0.0483,0.0369550156,0.0,0.0865,0.2833,0.3538,0.0454,0.045,0.0034,0.9864,0.9153,0.2731,True,0,0
1336,0.4,0.0,frozen,4,model,0.6,0.0413,0.0383543277,0.0,0.0701,0.2972,0.3469,0.0336,0.0456,0.007,0.986,0.8535,0.3069,True,0,0
1336,0.4,0.0,frozen,5,model,0.6,0.0417,0.0388386627,0.0,0.0857,0.2893,0.3425,0.0405,0.0431,0.0037,0.986,0.9151,0.2787,True,0,0
1336,0.4,0.0,frozen,6,model,0.6,0.0483,0.0360637433,0.0,0.0708,0.2829,0.345,0.0388,0.0454,0.0078,0.9838,0.9212,0.2825,True,0,0
1336,0.4,0.0,frozen,7,model,0.6,0.0475,0.036193402,0.0,0.0939,0.2873,0.3706,0.0485,0.0482,0.0,0.9863,0.9084,0.29,True,0,0
1336,0.4,0.0,frozen,8,model,0.6,0.04,0.0399814133,0.0,0.0859,0.2985,0.3606,0.0398,0.0469,0.0012,0.985,0.8876,0.2913,True,0,0
1336,0.4,0.0,frozen,9,model,0.6,0.0442,0.0394354373,0.0,0.0528,0.3051,0.3387,0.0276,0.0434,0.0077,0.9859,0.91,0.2844,True,0,0
1336,0.4,0.0,frozen,10,model,0.6,0.0504,0.0361078331,0.0,0.0759,0.2949,0.3469,0.0417,0.0432,0.0029,0.9871,0.9071,0.2737,True,0,0
1336,0.4,0.0,frozen,11,model,0.6,0.045,0.0380796822,0.0,0.09,0.2904,0.3613,0.0439,0.0474,0.0057,0.9874,0.92,0.3044,True,0,0
1336,0.4,0.0,prior,0,prior,0.6,0.0846,0.0263716383,0.0,0.1074,0.2054,0.2975,0.0342,0.0417,0.0187,0.8258,0.9188,0.0013,False,0,0
1336,0.4,0.0,prior,1,model,0.6,0.0792,0.0266645785,0.0,0.1136,0.2026,0.3162,0.0391,0.044,0.0156,0.8352,0.9003,0.0056,False,0,0
1336,0.4,0.0,prior,2,model,0.6,0.0892,0.0244264506,0.0,0.0928,0.2092,0.2956,0.0407,0.0435,0.0197,0.8213,0.9189,0.0044,False,0,0
1336,0.4,0.0,prior,3,model,0.6,0.0875,0.0241873925,0.0,0.1124,0.1897,0.295,0.0442,0.0427,0.0229,0.8245,0.912,0.0019,False,0,0
1336,0.4,0.0,prior,4,model,0.6,0.0758,0.027176233,0.0,0.1056,0.1906,0.295,0.0415,0.0407,0.0184,0.8407,0.8865,0.0025,False,0,0
1336,0.4,0.0,prior,5,model,0.6,0.0775,0.0280711371,0.0,0.1181,0.1706,0.2888,0.0484,0.0382,0.0201,0.8324,0.9121,0.0037,False,0,0
1336,0.4,0.0,prior,6,model,0.6,0.08,0.0273293464,0.0,0.1235,0.1752,0.2975,0.0485,0.0408,0.0174,0.833,0.9107,0.0031,False,0,0
1336,0.4,0.0,prior,7,model,0.6,0.0929,0.020933516,0.0,0.1006,0.2112,0.3025,0.0336,0.0425,0.0182,0.8256,0.922,0.0013,False,0,0
1336,0.4,0.0,prior,8,model,0.6,0.0875,0.0234626182,0.0,0.093,0.2312,0.2894,0.0212,0.0406,0.0226,0.815,0.9129,0.0006,False,0,0
1336,0.4,0.0,prior,9,model,0.6,0.0692,0.0308635773,0.0,0.1331,0.1751,0.3013,0.0468,0.0437,0.0201,0.8287,0.9158,0.0013,False,0,0
1336,0.4,0.0,prior,10,model,0.6,0.0896,0.0242152617,0.0,0.0906,0.1976,0.2881,0.0349,0.0385,0.0191,0.8225,0.9273,0.0037,False,0,0
1336,0.4,0.0,prior,11,model,0.6,0.0896,0.0215509417,0.0,0.0693,0.2388,0.2944,0.0182,0.0392,0.0179,0.8355,0.915,0.0044,False,0,0
1336,0.4,0.05,treatment,0,prior,0.6168,0.0928,0.0243396477,-0.0020319907,0.0656,0.2716,0.2935,0.0168,0.0399,0.0198,0.8258,0.9188,0.0013,False,67,26
1336,0.4,0.05,treatment,1,model,0.6188,0.0606,0.0336186654,-0.0018233142,0.1435,0.4352,0.358,0.0828,0.0426,0.0017,0.9874,0.8915,0.2625,True,75,27
1336,0.4,0.05,treatment,2,model,0.6232,0.0694,0.0316619751,-0.0015245442,0.0626,0.3322,0.3411,0.053,0.0407,0.004,0.9915,0.9289,0.2963,True,93,26
1336,0.4,0.05,treatment,3,model,0.6222,0.0619,0.0335483631,-0.0016118008,0.1873,0.2394,0.3494,0.0671,0.0438,0.0081,0.976,0.8003,0.1931,True,89,27
1336,0.4,0.05,treatment,4,model,0.619,0.0602,0.0325772667,-0.0015564486,0.154,0.2936,0.3314,0.0545,0.0425,0.0093,0.9847,0.8809,0.3113,True,76,22
1336,0.4,0.05,treatment,5,model,0.6215,0.0591,0.0339345087,-0.0021962933,0.0733,0.3033,0.3309,0.0365,0.0372,0.0045,0.9926,0.9348,0.3187,True,86,32
1336,0.4,0.05,treatment,6,model,0.6232,0.0618,0.0332495663,-0.0021428252,0.0616,0.3054,0.3411,0.0323,0.0397,0.0043,0.9724,0.919,0.29,True,93,31
1336,0.4,0.05,treatment,7,model,0.617,0.0806,0.0254327658,-0.00264898,0.1458,0.3679,0.3316,0.0458,0.0398,0.0064,0.9804,0.7863,0.2325,True,68,27
1336,0.4,0.05,treatment,8,model,0.619,0.0687,0.0315112251,-0.0022343327,0.0991,0.231,0.3301,0.04,0.0389,0.0095,0.9621,0.8633,0.2156,True,76,29
1336,0.4,0.05,treatment,9,model,0.6182,0.0514,0.0368854579,-0.0019560251,0.0979,0.2687,0.3412,0.0472,0.0442,0.0083,0.9874,0.8508,0.3588,True,73,28
1336,0.4,0.05,treatment,10,model,0.6232,0.0678,0.0323188942,-0.0016933873,0.0488,0.3375,0.3364,0.0366,0.0408,0.0073,0.9841,0.915,0.225,True,93,34
1336,0.4,0.05,treatment,11,model,0.6222,0.0731,0.029317096,-0.0025684966,0.0902,0.3843,0.3336,0.0429,0.0438,0.0084,0.9609,0.7455,0.1681,True,89,29
1336,0.4,0.05,frozen,0,prior,0.6,0.0846,0.0263716383,0.0,0.1074,0.2054,0.2975,0.0342,0.0417,0.0187,0.8258,0.9188,0.0013,False,0,0
1336,0.4,0.05,frozen,1,model,0.618,0.0587,0.0346615181,-0.0019674401,0.0951,0.2865,0.3606,0.0502,0.0468,0.0022,0.9864,0.8988,0.2794,True,72,27
1336,0.4,0.05,frozen,2,model,0.6218,0.0583,0.0354242113,-0.00158769,0.0828,0.2975,0.3582,0.0411,0.047,0.0029,0.9876,0.9207,0.2881,True,87,27
1336,0.4,0.05,frozen,3,model,0.6218,0.0579,0.0349520738,-0.0020029418,0.0861,0.2851,0.3556,0.0454,0.0454,0.0038,0.9864,0.9153,0.2731,True,87,28
1336,0.4,0.05,frozen,4,model,0.6182,0.0481,0.0369004579,-0.0014538698,0.0735,0.2971,0.3504,0.0336,0.0463,0.0068,0.986,0.8535,0.3069,True,73,20
1336,0.4,0.05,frozen,5,model,0.6218,0.0531,0.0364302301,-0.0024084326,0.0822,0.2913,0.341,0.0405,0.0427,0.0036,0.986,0.9151,0.2787,True,87,32
1336,0.4,0.05,frozen,6,model,0.623,0.0578,0.0342821913,-0.001781552,0.075,0.2822,0.3475,0.0388,0.0459,0.0078,0.9838,0.9212,0.2825,True,92,28
1336,0.4,0.05,frozen,7,model,0.6165,0.0576,0.033091715,-0.003101687,0.0916,0.2878,0.3683,0.0485,0.0476,0.0006,0.9863,0.9084,0.29,True,66,28
1336,0.4,0.05,frozen,8,model,0.6185,0.0509,0.037444871,-0.0025365423,0.0834,0.299,0.3585,0.0398,0.0465,0.0015,0.985,0.8876,0.2913,True,74,30
1336,0.4,0.05,frozen,9,model,0.6205,0.054,0.037670779,-0.0017646583,0.053,0.3061,0.3386,0.0276,0.0433,0.0075,0.9859,0.91,0.2844,True,82,28
1336,0.4,0.05,frozen,10,model,0.6208,0.0624,0.034001031,-0.0021068021,0.0749,0.2912,0.3434,0.0417,0.0419,0.0028,0.9871,0.9071,0.2737,True,83,34
1336,0.4,0.05,frozen,11,model,0.6238,0.0545,0.0357658414,-0.0023138408,0.0948,0.2911,0.3654,0.0439,0.0483,0.0055,0.9874,0.92,0.3044,True,95,28
1336,0.4,0.05,prior,0,prior,0.6168,0.0928,0.0243396477,-0.0020319907,0.0656,0.2716,0.2935,0.0168,0.0399,0.0198,0.8258,0.9188,0.0013,False,67,26
1336,0.4,0.05,prior,1,model,0.618,0.0858,0.0250469329,-0.0016176456,0.0765,0.2733,0.3168,0.0227,0.0439,0.0154,0.8352,0.9003,0.0056,False,72,22
1336,0.4,0.05,prior,2,model,0.6212,0.0954,0.0234516995,-0.0009747511,0.119,0.1947,0.297,0.0425,0.0379,0.0188,0.8213,0.9189,0.0044,False,85,23
1336,0.4,0.05,prior,3,model,0.6195,0.0944,0.0224902861,-0.0016971064,0.0966,0.2401,0.2943,0.0297,0.0388,0.0204,0.8245,0.912,0.0019,False,78,24
1336,0.4,0.05,prior,4,model,0.6172,0.0826,0.0256401537,-0.0015360793,0.073,0.2399,0.2939,0.0134,0.039,0.0187,0.8407,0.8865,0.0025,False,69,22
1336,0.4,0.05,prior,5,model,0.6215,0.0849,0.0265522876,-0.0015188496,0.1108,0.293,0.2886,0.0479,0.0365,0.0192,0.8324,0.9121,0.0037,False,86,25
1336,0.4,0.05,prior,6,model,0.6228,0.0891,0.0253438395,-0.0019855069,0.0753,0.284,0.2956,0.0378,0.0404,0.0205,0.833,0.9107,0.0031,False,91,30
1336,0.4,0.05,prior,7,model,0.6192,0.1009,0.018165195,-0.0027683209,0.0679,0.2792,0.3001,0.0375,0.0412,0.0212,0.8256,0.922,0.0013,False,77,27
1336,0.4,0.05,prior,8,model,0.6185,0.0958,0.0214150093,-0.0020476089,0.0997,0.1899,0.2857,0.0362,0.0361,0.0209,0.815,0.9129,0.0006,False,74,27
1336,0.4,0.05,prior,9,model,0.6185,0.0768,0.029494456,-0.0013691214,0.0824,0.2309,0.3001,0.0344,0.0403,0.0183,0.8287,0.9158,0.0013,False,74,24
1336,0.4,0.05,prior,10,model,0.6238,0.097,0.0230842288,-0.0011310329,0.0816,0.2086,0.2884,0.0437,0.0373,0.0164,0.8225,0.9273,0.0037,False,95,27
1336,0.4,0.05,prior,11,model,0.6245,0.0961,0.0201334889,-0.0014174527,0.0821,0.2552,0.2969,0.0198,0.0359,0.0185,0.8355,0.915,0.0044,False,98,25
1336,1.0,0.0,treatment,0,prior,0.6,0.0129,0.0474066727,0.0,0.3838,0.0212,0.405,0.1539,0.0536,0.0005,0.9678,0.8684,0.1919,True,0,0
1336,1.0,0.0,treatment,1,model,0.6,0.1079,0.0174697255,0.0,0.0568,0.2334,0.2731,0.0321,0.0317,0.0176,0.9082,0.8384,0.0013,True,0,0
1336,1.0,0.0,treatment,2,model,0.6,0.0467,0.03695924,0.0,0.2144,0.145,0.3594,0.0845,0.042,0.0035,0.9918,0.9124,0.32,True,0,0
1336,1.0,0.0,treatment,3,model,0.6,0.0563,0.0344771868,0.0,0.1406,0.2059,0.3419,0.0492,0.046,0.0093,0.9901,0.899,0.3081,True,0,0
1336,1.0,0.0,treatment,4,model,0.6,0.05,0.0361859146,0.0,0.0879,0.2483,0.3337,0.0284,0.0417,0.0086,0.9891,0.9161,0.3513,True,0,0
1336,1.0,0.0,treatment,5,model,0.6,0.0442,0.0378560528,0.0,0.2144,0.1244,0.3387,0.0848,0.0372,0.0018,0.995,0.9394,0.4138,True,0,0
1336,1.0,0.0,treatment,6,model,0.6,0.065,0.0312938571,0.0,0.1253,0.2259,0.32,0.0426,0.0395,0.0085,0.9609,0.8635,0.1087,True,0,0
1336,1.0,0.0,treatment,7,model,0.6,0.05,0.0349290671,0.0,0.1769,0.2345,0.3669,0.0655,0.0479,0.0035,0.9938,0.8919,0.4475,True,0,0
1336,1.0,0.0,treatment,8,model,0.6,0.0517,0.0363314222,0.0,0.1032,0.2404,0.3431,0.0376,0.0427,0.0056,0.9882,0.9025,0.3312,True,0,0
1336,1.0,0.0,treatment,9,model,0.6,0.0529,0.0357649224,0.0,0.0943,0.2638,0.3256,0.029,0.0434,0.0123,0.9722,0.8673,0.2944,True,0,0
1336,1.0,0.0,treatment,10,model,0.6,0.0483,0.0369624867,0.0,0.1955,0.1545,0.35,0.0767,0.0432,0.0024,0.9887,0.8627,0.2988,True,0,0
1336,1.0,0.0,treatment,11,model,0.6,0.0517,0.0354931475,0.0,0.1483,0.2029,0.3513,0.0593,0.0472,0.0073,0.9924,0.9032,0.3162,True,0,0
1336,1.0,0.0,frozen,0,prior,0.6,0.0129,0.0474066727,0.0,0.3838,0.0212,0.405,0.1539,0.0536,0.0005,0.9678,0.8684,0.1919,True,0,0
1336,1.0,0.0,frozen,1,model,0.6,0.1079,0.0174697255,0.0,0.2502,0.0229,0.2731,0.1584,0.0154,0.0,0.9082,0.8384,0.0013,True,0,0
1336,1.0,0.0,frozen,2,model,0.6,0.1071,0.0181837535,0.0,0.2442,0.0246,0.2687,0.1554,0.0136,0.0001,0.908,0.8358,0.0044,True,0,0
1336,1.0,0.0,frozen,3,model,0.6,0.0954,0.021805806,0.0,0.2594,0.0237,0.2831,0.1546,0.0174,0.0005,0.9084,0.8237,0.0063,True,0,0
1336,1.0,0.0,frozen,4,model,0.6,0.0946,0.0213788752,0.0,0.2432,0.0237,0.2669,0.1476,0.0148,0.0001,0.912,0.8243,0.0013,True,0,0
1336,1.0,0.0,frozen,5,model,0.6,0.0971,0.0220211345,0.0,0.2368,0.0226,0.2594,0.1464,0.0129,0.0007,0.9065,0.8554,0.0006,True,0,0
1336,1.0,0.0,frozen,6,model,0.6,0.105,0.0187105602,0.0,0.2365,0.0235,0.26,0.1513,0.0124,0.0009,0.9134,0.8327,0.0037,True,0,0
1336,1.0,0.0,frozen,7,model,0.6,0.0996,0.0183551416,0.0,0.2698,0.0227,0.2925,0.1614,0.0199,0.0001,0.9148,0.8165,0.0075,True,0,0
1336,1.0,0.0,frozen,8,model,0.6,0.1029,0.0196273343,0.0,0.2433,0.0229,0.2662,0.1527,0.0137,0.0011,0.9108,0.822,0.0088,True,0,0
1336,1.0,0.0,frozen,9,model,0.6,0.1075,0.0199080682,0.0,0.2201,0.0236,0.2437,0.146,0.0097,0.0001,0.9008,0.8513,0.0006,True,0,0
1336,1.0,0.0,frozen,10,model,0.6,0.1017,0.0199183661,0.0,0.2466,0.0234,0.27,0.1532,0.0142,0.0007,0.9096,0.8131,0.0025,True,0,0
1336,1.0,0.0,frozen,11,model,0.6,0.1129,0.0146043625,0.0,0.2354,0.024,0.2594,0.1554,0.0128,0.0,0.9092,0.842,0.0075,True,0,0
1336,1.0,0.0,prior,0,prior,0.6,0.0129,0.0474066727,0.0,0.3838,0.0212,0.405,0.1539,0.0536,0.0005,0.9678,0.8684,0.1919,True,0,0
1336,1.0,0.0,prior,1,model,0.6,0.0192,0.0461165156,0.0,0.3756,0.0307,0.4062,0.15,0.053,0.0,0.9693,0.8053,0.2119,True,0,0
1336,1.0,0.0,prior,2,model,0.6,0.0154,0.0468072058,0.0,0.3811,0.0251,0.4062,0.1528,0.0527,0.0006,0.9725,0.8415,0.2106,True,0,0
1336,1.0,0.0,prior,3,model,0.6,0.0187,0.0457514998,0.0,0.3688,0.0293,0.3981,0.1458,0.0497,0.0,0.9731,0.8122,0.2331,True,0,0
1336,1.0,0.0,prior,4,model,0.6,0.0146,0.0468684976,0.0,0.3642,0.0226,0.3869,0.1453,0.0457,0.0005,0.9717,0.8179,0.2131,True,0,0
1336,1.0,0.0,prior,5,model,0.6,0.0138,0.0475025918,0.0,0.3666,0.0177,0.3844,0.1467,0.0451,0.0001,0.973,0.7964,0.2112,True,0,0
1336,1.0,0.0,prior,6,model,0.6,0.0154,0.0469403623,0.0,0.3645,0.0299,0.3944,0.146,0.0494,0.0005,0.974,0.8896,0.2219,True,0,0
1336,1.0,0.0,prior,7,model,0.6,0.0158,0.047053925,0.0,0.3964,0.0217,0.4181,0.1589,0.057,0.0001,0.9733,0.7269,0.2175,True,0,0
1336,1.0,0.0,prior,8,model,0.6,0.0187,0.0462670822,0.0,0.3676,0.0249,0.3925,0.1468,0.0482,0.0001,0.9721,0.857,0.2119,True,0,0
1336,1.0,0.0,prior,9,model,0.6,0.0083,0.0493818085,0.0,0.378,0.0145,0.3925,0.1515,0.0473,0.0001,0.9757,0.7955,0.2238,True,0,0
1336,1.0,0.0,prior,10,model,0.6,0.0096,0.0487908519,0.0,0.3913,0.0168,0.4081,0.1566,0.0527,0.0002,0.973,0.8618,0.2169,True,0,0
1336,1.0,0.0,prior,11,model,0.6,0.0146,0.0470367522,0.0,0.3823,0.0246,0.4069,0.1535,0.053,0.0007,0.9689,0.7903,0.1969,True,0,0
1336,1.0,0.05,treatment,0,prior,0.62,0.0258,0.0449296647,-0.002477008,0.332,0.1187,0.4046,0.1176,0.0527,0.0007,0.9678,0.8684,0.1919,True,80,33
1336,1.0,0.05,treatment,1,model,0.6155,0.1373,0.0094156033,-0.0001192343,0.0605,0.2218,0.2328,0.0188,0.0288,0.0282,0.8066,0.9593,0.0,False,62,12
1336,1.0,0.05,treatment,2,model,0.6215,0.0523,0.0364716447,-0.0017712362,0.1457,0.2377,0.3679,0.035,0.0423,0.0009,0.9943,0.9347,0.3444,True,86,28
1336,1.0,0.05,treatment,3,model,0.622,0.0744,0.0296626176,-0.0010945775,0.1179,0.3105,0.3287,0.0295,0.0383,0.0054,0.9694,0.8702,0.1613,True,88,24
1336,1.0,0.05,treatment,4,model,0.6168,0.0628,0.0325744517,-0.0017571089,0.0726,0.2729,0.3255,0.031,0.0419,0.0077,0.9757,0.7705,0.2325,True,67,20
1336,1.0,0.05,treatment,5,model,0.622,0.0575,0.0352364497,-0.001799139,0.1794,0.3511,0.334,0.0523,0.0378,0.006,0.9907,0.9378,0.33,True,88,29
1336,1.0,0.05,treatment,6,model,0.6238,0.0657,0.0326462217,-0.0018393005,0.0972,0.2377,0.3349,0.0432,0.0438,0.0112,0.9756,0.6886,0.2056,True,95,29
1336,1.0,0.05,treatment,7,model,0.6162,0.0535,0.0346120378,-0.0027046759,0.2184,0.3205,0.3746,0.0705,0.0485,0.0021,0.9915,0.8845,0.3344,True,65,27
1336,1.0,0.05,treatment,8,model,0.6185,0.0683,0.0313926283,-0.0017275657,0.0665,0.3307,0.3303,0.0285,0.0446,0.0095,0.9562,0.8916,0.2069,True,74,26
1336,1.0,0.05,treatment,9,model,0.6192,0.0565,0.0365684725,-0.0014596532,0.0655,0.2899,0.3336,0.0349,0.0406,0.0078,0.9889,0.9048,0.3381,True,77,26
1336,1.0,0.05,treatment,10,model,0.6202,0.0689,0.0323970347,-0.0019616784,0.1053,0.2906,0.3325,0.0265,0.0399,0.0041,0.9923,0.9379,0.315,True,81,33
1336,1.0,0.05,treatment,11,model,0.624,0.0621,0.0329576833,-0.0024481576,0.0927,0.3221,0.3531,0.0339,0.0463,0.0055,0.9696,0.9136,0.3025,True,96,29
1336,1.0,0.05,frozen,0,prior,0.6,0.0129,0.0474066727,0.0,0.3838,0.0212,0.405,0.1539,0.0536,0.0005,0.9678,0.8684,0.1919,True,0,0
1336,1.0,0.05,frozen,1,model,0.6165,0.1131,0.0164112523,-0.0010584732,0.2489,0.0229,0.2718,0.1584,0.015,0.0002,0.9082,0.8384,0.0013,True,66,20
1336,1.0,0.05,frozen,2,model,0.6218,0.113,0.0169848383,-0.0011989152,0.244,0.0244,0.2683,0.1554,0.0135,0.0001,0.908,0.8358,0.0044,True,87,24
1336,1.0,0.05,frozen,3,model,0.6242,0.1021,0.0202606978,-0.0015451081,0.2604,0.0237,0.2841,0.1546,0.0177,0.0005,0.9084,0.8237,0.0063,True,97,26
1336,1.0,0.05,frozen,4,model,0.6178,0.1,0.0199082858,-0.0014705894,0.2426,0.0236,0.2662,0.1476,0.0148,0.0008,0.912,0.8243,0.0013,True,71,20
1336,1.0,0.05,frozen,5,model,0.618,0.1019,0.0212051693,-0.0008159651,0.2367,0.0225,0.2592,0.1464,0.0133,0.0004,0.9065,0.8554,0.0006,True,72,19
1336,1.0,0.05,frozen,6,model,0.6188,0.1111,0.0171839454,-0.0015266148,0.2341,0.0236,0.2577,0.1513,0.0119,0.0013,0.9134,0.8327,0.0037,True,75,23
1336,1.0,0.05,frozen,7,model,0.6168,0.1062,0.0164121552,-0.0019429865,0.2675,0.0228,0.2903,0.1614,0.0195,0.0001,0.9148,0.8165,0.0075,True,67,23
1336,1.0,0.05,frozen,8,model,0.6175,0.1085,0.0180666596,-0.0015606747,0.2417,0.023,0.2647,0.1527,0.0132,0.001,0.9108,0.822,0.0088,True,70,21
1336,1.0,0.05,frozen,9,model,0.6208,0.1124,0.0190654096,-0.0008426586,0.2197,0.0236,0.2432,0.146,0.0097,0.0001,0.9008,0.8513,0.0006,True,83,21
1336,1.0,0.05,frozen,10,model,0.6218,0.1106,0.0183151667,-0.0016031994,0.2417,0.0233,0.265,0.1532,0.0132,0.0007,0.9096,0.8131,0.0025,True,87,31
1336,1.0,0.05,frozen,11,model,0.6208,0.1176,0.0134538178,-0.0011505447,0.2359,0.0238,0.2597,0.1554,0.013,0.0,0.9092,0.842,0.0075,True,83,21
1336,1.0,0.05,prior,0,prior,0.62,0.0258,0.0449296647,-0.002477008,0.332,0.1187,0.4046,0.1176,0.0527,0.0007,0.9678,0.8684,0.1919,True,80,33
1336,1.0,0.05,prior,1,model,0.6202,0.0318,0.04341974,-0.0026967756,0.1297,0.3107,0.4062,0.0305,0.0545,0.0001,0.9693,0.8053,0.2119,True,81,33
1336,1.0,0.05,prior,2,model,0.6228,0.0281,0.0446073577,-0.0021998481,0.2299,0.179,0.4089,0.0533,0.0543,0.0003,0.9725,0.8415,0.2106,True,91,33
1336,1.0,0.05,prior,3,model,0.621,0.0306,0.0434177082,-0.0023337917,0.1856,0.2146,0.3997,0.0459,0.0515,0.0003,0.9731,0.8122,0.2331,True,84,31
1336,1.0,0.05,prior,4,model,0.619,0.0242,0.0448567888,-0.0020117088,0.1654,0.2515,0.3898,0.0258,0.0503,0.0009,0.9717,0.8179,0.2131,True,76,25
1336,1.0,0.05,prior,5,model,0.6205,0.027,0.0449027901,-0.0025998017,0.1247,0.3259,0.3827,0.0389,0.048,0.0013,0.973,0.7964,0.2112,True,82,34
1336,1.0,0.05,prior,6,model,0.6215,0.0286,0.0442341961,-0.0027061662,0.1262,0.2932,0.3943,0.0284,0.0523,0.0026,0.974,0.8896,0.2219,True,86,34
1336,1.0,0.05,prior,7,model,0.6182,0.0303,0.0427007511,-0.004353174,0.1545,0.3145,0.4139,0.0355,0.0567,0.0001,0.9733,0.7269,0.2175,True,73,37
1336,1.0,0.05,prior,8,model,0.62,0.0327,0.0430462312,-0.003220851,0.1805,0.2155,0.3895,0.04,0.0509,0.0009,0.9721,0.857,0.2119,True,80,36
1336,1.0,0.05,prior,9,model,0.619,0.0218,0.046685061,-0.0026967475,0.1502,0.2818,0.3898,0.0352,0.0495,0.0002,0.9757,0.7955,0.2238,True,76,34
1336,1.0,0.05,prior,10,model,0.622,0.0249,0.0462249396,-0.0025659123,0.1336,0.4032,0.4061,0.0601,0.0545,0.0,0.973,0.8618,0.2169,True,88,39
1336,1.0,0.05,prior,11,model,0.624,0.0272,0.044051242,-0.0029855103,0.1586,0.2916,0.4109,0.0323,0.0561,0.0001,0.9689,0.7903,0.1969,True,96,33
1352,0.2,0.0,treatment,0,prior,0.6,0.1246,0.0115444369,0.0,0.0522,0.2114,0.2131,0.0207,0.0277,0.0333,0.7978,0.9705,0.0,False,0,0
1352,0.2,0.0,treatment,1,model,0.6,0.0492,0.0364013953,0.0,0.2574,0.1151,0.3725,0.1039,0.046,0.0017,0.9926,0.9108,0.3719,True,0,0
1352,0.2,0.0,treatment,2,model,0.6,0.0721,0.0308186824,0.0,0.0674,0.3042,0.3369,0.0178,0.0485,0.0106,0.9769,0.8884,0.1769,True,0,0
1352,0.2,0.0,treatment,3,model,0.6,0.045,0.0381125751,0.0,0.2256,0.1213,0.3469,0.0895,0.0391,0.0015,0.9855,0.7078,0.2925,True,0,0
1352,0.2,0.0,treatment,4,model,0.6,0.0537,0.0356278701,0.0,0.1611,0.2334,0.3425,0.0541,0.0423,0.0057,0.9779,0.9045,0.2412,True,0,0
1352,0.2,0.0,treatment,5,model,0.6,0.0679,0.0304153744,0.0,0.1041,0.2134,0.3175,0.0529,0.0412,0.0126,0.9723,0.8823,0.2069,True,0,0
1352,0.2,0.0,treatment,6,model,0.6,0.055,0.0350799384,0.0,0.1766,0.2788,0.3575,0.0567,0.0428,0.0022,0.991,0.7254,0.3106,True,0,0
1352,0.2,0.0,treatment,7,model,0.6,0.0504,0.0369854432,0.0,0.199,0.1472,0.3463,0.0801,0.0439,0.0065,0.9939,0.9249,0.3475,True,0,0
1352,0.2,0.0,treatment,8,model,0.6,0.0679,0.0314120801,0.0,0.1504,0.189,0.3394,0.059,0.0429,0.0073,0.9692,0.8238,0.1081,True,0,0
1352,0.2,0.0,treatment,9,model,0.6,0.0446,0.0382657571,0.0,0.2595,0.0924,0.3519,0.1043,0.0387,0.0011,0.9946,0.8897,0.3994,True,0,0
1352,0.2,0.0,treatment,10,model,0.6,0.07,0.0304302682,0.0,0.127,0.2204,0.33,0.0515,0.0461,0.0081,0.9748,0.8623,0.1638,True,0,0
1352,0.2,0.0,treatment,11,model,0.6,0.0483,0.0356391282,0.0,0.1655,0.1867,0.3519,0.062,0.0416,0.0059,0.9923,0.9008,0.3444,True,0,0
1352,0.2,0.0,frozen,0,prior,0.6,0.1246,0.0115444369,0.0,0.0522,0.2114,0.2131,0.0207,0.0277,0.0333,0.7978,0.9705,0.0,False,0,0
1352,0.2,0.0,frozen,1,model,0.6,0.0492,0.0364013953,0.0,0.0725,0.3761,0.3725,0.0391,0.0514,0.0034,0.9926,0.9108,0.3719,True,0,0
1352,0.2,0.0,frozen,2,model,0.6,0.0437,0.038182988,0.0,0.0677,0.3589,0.3794,0.0345,0.0569,0.0048,0.993,0.9149,0.3756,True,0,0
1352,0.2,0.0,frozen,3,model,0.6,0.0433,0.0386179508,0.0,0.0758,0.3523,0.3494,0.0372,0.0441,0.0053,0.9912,0.9204,0.3331,True,0,0
1352,0.2,0.0,frozen,4,model,0.6,0.0454,0.0370867906,0.0,0.0686,0.3638,0.355,0.0351,0.0476,0.0026,0.9927,0.9249,0.3444,True,0,0
1352,0.2,0.0,frozen,5,model,0.6,0.0421,0.0373894049,0.0,0.0572,0.348,0.3563,0.0288,0.0495,0.005,0.9927,0.9026,0.3563,True,0,0
1352,0.2,0.0,frozen,6,model,0.6,0.0475,0.0361101552,0.0,0.0874,0.3461,0.3688,0.0441,0.0482,0.0023,0.9928,0.9048,0.3531,True,0,0
1352,0.2,0.0,frozen,7,model,0.6,0.0408,0.0399333598,0.0,0.0736,0.3618,0.3606,0.0347,0.0473,0.0045,0.9928,0.9263,0.3638,True,0,0
1352,0.2,0.0,frozen,8,model,0.6,0.0429,0.0393549523,0.0,0.071,0.3605,0.3769,0.0342,0.0531,0.0036,0.9928,0.8752,0.3463,True,0,0
1352,0.2,0.0,frozen,9,model,0.6,0.0454,0.0377619721,0.0,0.0721,0.3443,0.3506,0.0376,0.0444,0.0004,0.9921,0.9031,0.3594,True,0,0
1352,0.2,0.0,frozen,10,model,0.6,0.0454,0.0374221112,0.0,0.0667,0.3649,0.3669,0.0348,0.0498,0.0027,0.9927,0.8982,0.38,True,0,0
1352,0.2,0.0,frozen,11,model,0.6,0.0383,0.0394174609,0.0,0.0662,0.3828,0.3669,0.0295,0.0501,0.005,0.9923,0.8729,0.3781,True,0,0
1352,0.2,0.0,prior,0,prior,0.6,0.1246,0.0115444369,0.0,0.0522,0.2114,0.2131,0.0207,0.0277,0.0333,0.7978,0.9705,0.0,False,0,0
1352,0.2,0.0,prior,1,model,0.6,0.1383,0.008751105,0.0,0.0499,0.2022,0.2387,0.0222,0.0322,0.0297,0.7972,0.9687,0.0,False,0,0
1352,0.2,0.0,prior,2,model,0.6,0.1267,0.0121812805,0.0,0.0578,0.2038,0.255,0.0207,0.0384,0.0311,0.7848,0.9709,0.0,False,0,0
1352,0.2,0.0,prior,3,model,0.6,0.1254,0.0120276738,0.0,0.0505,0.1796,0.2263,0.0301,0.0287,0.0286,0.7891,0.9753,0.0,False,0,0
1352,0.2,0.0,prior,4,model,0.6,0.1288,0.0107875955,0.0,0.041,0.1952,0.23,0.0283,0.0303,0.033,0.7938,0.9734,0.0,False,0,0
1352,0.2,0.0,prior,5,model,0.6,0.1308,0.0103663067,0.0,0.0404,0.1876,0.2231,0.0271,0.0281,0.0297,0.788,0.9783,0.0,False,0,0
1352,0.2,0.0,prior,6,model,0.6,0.1342,0.0106659089,0.0,0.0394,0.2113,0.2387,0.0278,0.0299,0.0271,0.799,0.9716,0.0,False,0,0
1352,0.2,0.0,prior,7,model,0.6,0.1338,0.0117974891,0.0,0.0465,0.2055,0.2213,0.0135,0.0288,0.0316,0.7938,0.9736,0.0,False,0,0
1352,0.2,0.0,prior,8,model,0.6,0.1375,0.0104715872,0.0,0.0513,0.1857,0.235,0.03,0.0333,0.0333,0.7908,0.9767,0.0,False,0,0
1352,0.2,0.0,prior,9,model,0.6,0.1254,0.0134234003,0.0,0.0543,0.1785,0.2306,0.0297,0.0283,0.026,0.7956,0.9756,0.0,False,0,0
1352,0.2,0.0,prior,10,model,0.6,0.1321,0.0098742596,0.0,0.0435,0.1994,0.2369,0.0323,0.0325,0.0301,0.7919,0.9772,0.0,False,0,0
1352,0.2,0.0,prior,11,model,0.6,0.1346,0.00924606,0.0,0.0375,0.1899,0.2225,0.0395,0.0302,0.0304,0.7882,0.9758,0.0,False,0,0
1352,0.2,0.05,treatment,0,prior,0.6188,0.1265,0.0115232321,-2.12048e-05,0.0416,0.2172,0.2144,0.0307,0.0259,0.0306,0.7978,0.9705,0.0,False,75,14
1352,0.2,0.05,treatment,1,model,0.6162,0.0568,0.0345454411,-0.0014265479,0.1296,0.2444,0.3739,0.0378,0.0492,0.0019,0.9943,0.9324,0.3837,True,65,22
1352,0.2,0.05,treatment,2,model,0.6212,0.0668,0.0320789795,-0.0016562039,0.1675,0.1929,0.3604,0.0755,0.0497,0.0059,0.9934,0.9372,0.3119,True,85,26
1352,0.2,0.05,treatment,3,model,0.6235,0.0565,0.0361421035,-0.0019569393,0.1036,0.2777,0.3466,0.0314,0.0417,0.0033,0.9915,0.9179,0.3306,True,94,31
1352,0.2,0.05,treatment,4,model,0.6222,0.0627,0.0343244399,-0.0016862104,0.15,0.2499,0.3448,0.0441,0.0434,0.0039,0.9789,0.8776,0.2338,True,89,30
1352,0.2,0.05,treatment,5,model,0.6208,0.0709,0.0305640137,-0.0011654953,0.1254,0.2102,0.3263,0.0465,0.0435,0.013,0.9549,0.9046,0.1269,True,83,22
1352,0.2,0.05,treatment,6,model,0.6215,0.0704,0.0306618497,-0.0032782082,0.136,0.2825,0.3494,0.0508,0.0463,0.0065,0.9916,0.9338,0.2787,True,86,43
1352,0.2,0.05,treatment,7,model,0.6215,0.0543,0.0363919518,-0.0027701843,0.1477,0.3481,0.3567,0.0421,0.047,0.0043,0.9911,0.9487,0.3538,True,86,34
1352,0.2,0.05,treatment,8,model,0.6198,0.0637,0.035167969,-0.0010736819,0.1405,0.2329,0.3603,0.0598,0.043,0.0014,0.9762,0.9025,0.2406,True,79,23
1352,0.2,0.05,treatment,9,model,0.6235,0.0698,0.0315282807,-0.0025762349,0.0864,0.3852,0.3293,0.0527,0.0408,0.0086,0.9877,0.8396,0.2925,True,94,35
1352,0.2,0.05,treatment,10,model,0.6225,0.0635,0.0325648532,-0.002257163,0.1077,0.2533,0.3563,0.0306,0.0447,0.0047,0.9882,0.8538,0.3206,True,90,31
1352,0.2,0.05,treatment,11,model,0.618,0.0631,0.033142447,-0.0012514617,0.0956,0.2497,0.3423,0.0257,0.0423,0.0052,0.9846,0.9018,0.29,True,72,20
1352,0.2,0.05,frozen,0,prior,0.6,0.1246,0.0115444369,0.0,0.0522,0.2114,0.2131,0.0207,0.0277,0.0333,0.7978,0.9705,0.0,False,0,0
1352,0.2,0.05,frozen,1,model,0.617,0.0571,0.0350715823,-0.001329813,0.0703,0.3775,0.374,0.0391,0.0521,0.0031,0.9926,0.9108,0.3719,True,68,23
1352,0.2,0.05,frozen,2,model,0.6222,0.0538,0.0361752051,-0.0020077829,0.0697,0.3598,0.3825,0.0345,0.0558,0.0046,0.993,0.9149,0.3756,True,89,29
1352,0.2,0.05,frozen,3,model,0.6242,0.0545,0.0367317924,-0.0018861584,0.0761,0.3534,0.3506,0.0372,0.0443,0.0048,0.9912,0.9204,0.3331,True,97,32
1352,0.2,0.05,frozen,4,model,0.621,0.0552,0.03543593,-0.0016508607,0.0696,0.3634,0.3562,0.0351,0.0478,0.0021,0.9927,0.9249,0.3444,True,84,28
1352,0.2,0.05,frozen,5,model,0.6212,0.0499,0.036224606,-0.0011647989,0.0606,0.3481,0.3611,0.0288,0.0484,0.0047,0.9927,0.9026,0.3563,True,85,23
1352,0.2,0.05,frozen,6,model,0.624,0.0645,0.0323080878,-0.0038020674,0.0832,0.3446,0.361,0.0441,0.0459,0.003,0.9928,0.9048,0.3531,True,96,47
1352,0.2,0.05,frozen,7,model,0.6198,0.0524,0.0373724828,-0.002560877,0.0754,0.3598,0.3583,0.0347,0.0464,0.0043,0.9928,0.9263,0.3638,True,79,32
1352,0.2,0.05,frozen,8,model,0.6222,0.0514,0.0384136994,-0.0009412528,0.0759,0.3646,0.3825,0.0342,0.0546,0.0032,0.9928,0.8752,0.3463,True,89,25
1352,0.2,0.05,frozen,9,model,0.6218,0.0575,0.0352672283,-0.0024947438,0.0744,0.3442,0.3483,0.0376,0.0448,0.0002,0.9921,0.9031,0.3594,True,87,34
1352,0.2,0.05,frozen,10,model,0.624,0.0573,0.0351149632,-0.002307148,0.0677,0.3682,0.3677,0.0348,0.05,0.0027,0.9927,0.8982,0.38,True,96,34
1352,0.2,0.05,frozen,11,model,0.6182,0.0461,0.0378137564,-0.0016037045,0.0649,0.3849,0.37,0.0295,0.0514,0.0052,0.9923,0.8729,0.3781,True,73,22
1352,0.2,0.05,prior,0,prior,0.6188,0.1265,0.0115232321,-2.12048e-05,0.0416,0.2172,0.2144,0.0307,0.0259,0.0306,0.7978,0.9705,0.0,False,75,14
1352,0.2,0.05,prior,1,model,0.6212,0.1404,0.0084279926,-0.0003231123,0.0782,0.1995,0.2409,0.0368,0.0298,0.0295,0.7972,0.9687,0.0,False,85,17
1352,0.2,0.05,prior,2,model,0.617,0.1297,0.0116616538,-0.0005196267,0.0329,0.2632,0.2559,0.0314,0.036,0.027,0.7848,0.9709,0.0,False,68,16
1352,0.2,0.05,prior,3,model,0.6245,0.1285,0.0117040457,-0.0003236281,0.055,0.1839,0.2277,0.0197,0.0279,0.0297,0.7891,0.9753,0.0,False,98,20
1352,0.2,0.05,prior,4,model,0.6202,0.1314,0.0109040665,0.000116471,0.051,0.1936,0.2311,0.0267,0.0306,0.031,0.7938,0.9734,0.0,False,81,17
1352,0.2,0.05,prior,5,model,0.6192,0.134,0.0097243677,-0.000641939,0.0846,0.1608,0.2226,0.0399,0.0272,0.0308,0.788,0.9783,0.0,False,77,18
1352,0.2,0.05,prior,6,model,0.6218,0.1379,0.0097503134,-0.0009155955,0.037,0.2135,0.2386,0.0322,0.0297,0.0251,0.799,0.9716,0.0,False,87,21
1352,0.2,0.05,prior,7,model,0.6218,0.1371,0.0107030941,-0.001094395,0.0669,0.2057,0.2208,0.0281,0.0286,0.0313,0.7938,0.9736,0.0,False,87,20
1352,0.2,0.05,prior,8,model,0.6202,0.1407,0.009865833,-0.0006057541,0.0418,0.2305,0.235,0.0221,0.0287,0.0294,0.7908,0.9767,0.0,False,81,19
1352,0.2,0.05,prior,9,model,0.6212,0.1292,0.0127365408,-0.0006868595,0.0397,0.2019,0.2304,0.0259,0.0244,0.0269,0.7956,0.9756,0.0,False,85,20
1352,0.2,0.05,prior,10,model,0.619,0.1357,0.0089762184,-0.0008980412,0.0747,0.1652,0.2362,0.0359,0.0311,0.0289,0.7919,0.9772,0.0,False,76,19
1352,0.2,0.05,prior,11,model,0.6185,0.137,0.008324034,-0.000922026,0.0326,0.2061,0.2228,0.0158,0.0298,0.0322,0.7882,0.9758,0.0,False,74,16
1352,0.4,0.0,treatment,0,prior,0.6,0.0754,0.0274386706,0.0,0.099,0.2081,0.2869,0.0332,0.0395,0.0186,0.8413,0.8944,0.0025,False,0,0
1352,0.4,0.0,treatment,1,model,0.6,0.0475,0.0373546704,0.0,0.2618,0.1132,0.375,0.1056,0.0499,0.0026,0.9932,0.9242,0.355,True,0,0
1352,0.4,0.0,treatment,2,model,0.6,0.065,0.0322908494,0.0,0.1804,0.1671,0.3475,0.0702,0.051,0.0118,0.972,0.8362,0.1688,True,0,0
1352,0.4,0.0,treatment,3,model,0.6,0.0596,0.0327900811,0.0,0.1625,0.1625,0.325,0.0658,0.0362,0.0053,0.9878,0.8651,0.2313,True,0,0
1352,0.4,0.0,treatment,4,model,0.6,0.0558,0.0341715793,0.0,0.218,0.1214,0.3394,0.0878,0.0439,0.0059,0.9934,0.9206,0.3344,True,0,0
1352,0.4,0.0,treatment,5,model,0.6,0.0621,0.0321272606,0.0,0.1246,0.2202,0.3262,0.0539,0.0437,0.0095,0.967,0.8629,0.1456,True,0,0
1352,0.4,0.0,treatment,6,model,0.6,0.0592,0.0334998416,0.0,0.2085,0.1427,0.3513,0.0916,0.0461,0.0067,0.9796,0.7332,0.2694,True,0,0
1352,0.4,0.0,treatment,7,model,0.6,0.0462,0.03770521,0.0,0.1948,0.1608,0.3525,0.0759,0.0428,0.0031,0.9852,0.8895,0.3312,True,0,0
1352,0.4,0.0,treatment,8,model,0.6,0.0754,0.0289370981,0.0,0.0988,0.2348,0.3281,0.0342,0.0423,0.0082,0.9815,0.9037,0.2306,True,0,0
1352,0.4,0.0,treatment,9,model,0.6,0.0496,0.0367812744,0.0,0.1904,0.1737,0.3444,0.0684,0.0376,0.0016,0.9838,0.8761,0.2944,True,0,0
1352,0.4,0.0,treatment,10,model,0.6,0.0742,0.0282727013,0.0,0.1077,0.2266,0.3237,0.0305,0.0417,0.0079,0.9609,0.9007,0.1181,True,0,0
1352,0.4,0.0,treatment,11,model,0.6,0.0467,0.0365701998,0.0,0.2055,0.1489,0.3544,0.0799,0.0443,0.0026,0.9916,0.9084,0.3325,True,0,0
1352,0.4,0.0,frozen,0,prior,0.6,0.0754,0.0274386706,0.0,0.099,0.2081,0.2869,0.0332,0.0395,0.0186,0.8413,0.8944,0.0025,False,0,0
1352,0.4,0.0,frozen,1,model,0.6,0.0475,0.0373546704,0.0,0.1073,0.3104,0.375,0.059,0.0501,0.0008,0.9932,0.9242,0.355,True,0,0
1352,0.4,0.0,frozen,2,model,0.6,0.0429,0.038568426,0.0,0.1067,0.3026,0.3806,0.0567,0.0534,0.0044,0.9937,0.936,0.36,True,0,0
1352,0.4,0.0,frozen,3,model,0.6,0.0462,0.0381505696,0.0,0.1057,0.284,0.345,0.0581,0.0432,0.003,0.9917,0.9033,0.3369,True,0,0
1352,0.4,0.0,frozen,4,model,0.6,0.0483,0.0367687977,0.0,0.0828,0.2973,0.3506,0.0496,0.0464,0.0061,0.9922,0.9173,0.3275,True,0,0
1352,0.4,0.0,frozen,5,model,0.6,0.0467,0.037946213,0.0,0.088,0.2951,0.3494,0.0511,0.0461,0.0043,0.9927,0.9177,0.3306,True,0,0
1352,0.4,0.0,frozen,6,model,0.6,0.0517,0.0354845957,0.0,0.1023,0.2948,0.3625,0.06,0.0484,0.0028,0.9927,0.9211,0.3306,True,0,0
1352,0.4,0.0,frozen,7,model,0.6,0.0421,0.0390725924,0.0,0.1004,0.3005,0.3588,0.0533,0.0464,0.0043,0.9925,0.9222,0.3219,True,0,0
1352,0.4,0.0,frozen,8,model,0.6,0.0446,0.0390943689,0.0,0.11,0.2949,0.3744,0.0581,0.0499,0.0017,0.9927,0.9078,0.3131,True,0,0
1352,0.4,0.0,frozen,9,model,0.6,0.0467,0.0368828294,0.0,0.1058,0.2901,0.3488,0.0593,0.0432,0.0031,0.992,0.9025,0.325,True,0,0
1352,0.4,0.0,frozen,10,model,0.6,0.0475,0.0371874089,0.0,0.0981,0.2994,0.3638,0.0559,0.0473,0.0018,0.9931,0.9287,0.35,True,0,0
1352,0.4,0.0,frozen,11,model,0.6,0.0467,0.0369569017,0.0,0.079,0.3165,0.3544,0.0465,0.0493,0.0062,0.9911,0.9246,0.3362,True,0,0
1352,0.4,0.0,prior,0,prior,0.6,0.0754,0.0274386706,0.0,0.099,0.2081,0.2869,0.0332,0.0395,0.0186,0.8413,0.8944,0.0025,False,0,0
1352,0.4,0.0,prior,1,model,0.6,0.0912,0.023719339,0.0,0.104,0.2083,0.3094,0.0403,0.0442,0.0169,0.8363,0.8987,0.0006,False,0,0
1352,0.4,0.0,prior,2,model,0.6,0.0788,0.0275710327,0.0,0.1452,0.1881,0.3269,0.0597,0.0499,0.0189,0.8419,0.8947,0.0019,False,0,0
1352,0.4,0.0,prior,3,model,0.6,0.0796,0.0270660103,0.0,0.1218,0.1857,0.295,0.0437,0.04,0.0179,0.8166,0.907,0.0006,False,0,0
1352,0.4,0.0,prior,4,model,0.6,0.08,0.0277135473,0.0,0.1072,0.1972,0.3031,0.0397,0.0433,0.0177,0.8278,0.9137,0.0031,False,0,0
1352,0.4,0.0,prior,5,model,0.6,0.0875,0.0237675966,0.0,0.1003,0.2175,0.2881,0.029,0.0406,0.0172,0.8182,0.9283,0.0006,False,0,0
1352,0.4,0.0,prior,6,model,0.6,0.085,0.0263110004,0.0,0.1002,0.2236,0.3125,0.034,0.0439,0.0155,0.8396,0.8993,0.0025,False,0,0
1352,0.4,0.0,prior,7,model,0.6,0.08,0.028414738,0.0,0.1202,0.1828,0.3019,0.0454,0.0433,0.0175,0.8253,0.9001,0.0006,False,0,0
1352,0.4,0.0,prior,8,model,0.6,0.0904,0.0245654388,0.0,0.1091,0.2039,0.3056,0.0482,0.044,0.0196,0.8293,0.9065,0.0013,False,0,0
1352,0.4,0.0,prior,9,model,0.6,0.0746,0.0286515821,0.0,0.1398,0.1671,0.3069,0.0534,0.0404,0.015,0.8374,0.8982,0.0019,False,0,0
1352,0.4,0.0,prior,10,model,0.6,0.0821,0.0257624895,0.0,0.1411,0.1708,0.3119,0.0573,0.0442,0.0172,0.821,0.9185,0.0006,False,0,0
1352,0.4,0.0,prior,11,model,0.6,0.0854,0.0246560899,0.0,0.1179,0.1978,0.2963,0.0434,0.0406,0.0168,0.8322,0.9169,0.0,False,0,0
1352,0.4,0.05,treatment,0,prior,0.62,0.0823,0.0263012947,-0.0011373759,0.0796,0.2327,0.2868,0.0202,0.0369,0.018,0.8413,0.8944,0.0025,False,80,23
1352,0.4,0.05,treatment,1,model,0.6185,0.0659,0.0328906702,-0.0012376511,0.0499,0.3125,0.3611,0.0284,0.0475,0.0036,0.9884,0.614,0.3306,True,74,23
1352,0.4,0.05,treatment,2,model,0.6205,0.0705,0.0314218754,-0.002105776,0.1181,0.3036,0.3538,0.0459,0.052,0.0098,0.9771,0.8287,0.2094,True,82,28
1352,0.4,0.05,treatment,3,model,0.621,0.0672,0.0319134185,-0.0015477107,0.1312,0.307,0.3272,0.0459,0.0389,0.0087,0.9591,0.9063,0.1844,True,84,27
1352,0.4,0.05,treatment,4,model,0.622,0.0659,0.0325816571,-0.0015608188,0.1282,0.3379,0.3393,0.0588,0.0424,0.0041,0.9811,0.8931,0.2,True,88,28
1352,0.4,0.05,treatment,5,model,0.6212,0.0563,0.0354817145,-0.0014266945,0.1448,0.3415,0.3505,0.0435,0.0444,0.0013,0.989,0.9044,0.2481,True,85,25
1352,0.4,0.05,treatment,6,model,0.6228,0.0875,0.0261686583,-0.0028877511,0.1364,0.3524,0.3221,0.0554,0.0424,0.0116,0.97,0.915,0.1875,True,91,38
1352,0.4,0.05,treatment,7,model,0.6205,0.0544,0.0368928933,-0.0024677383,0.114,0.2903,0.3557,0.0407,0.0457,0.0066,0.9952,0.936,0.4075,True,82,32
1352,0.4,0.05,treatment,8,model,0.6192,0.0634,0.0348813018,-0.001106758,0.1289,0.3094,0.3605,0.0292,0.0435,0.0029,0.9789,0.8054,0.2725,True,77,23
1352,0.4,0.05,treatment,9,model,0.6245,0.0673,0.0326761695,-0.0022923484,0.0741,0.3391,0.3342,0.0253,0.0404,0.0071,0.9928,0.9021,0.3131,True,98,33
1352,0.4,0.05,treatment,10,model,0.6225,0.0695,0.0312142435,-0.00246892,0.0608,0.2942,0.3464,0.0241,0.0456,0.0076,0.9793,0.8521,0.2444,True,90,33
1352,0.4,0.05,treatment,11,model,0.6185,0.0627,0.0334167609,-0.0011776935,0.1002,0.281,0.3434,0.0355,0.0434,0.0045,0.9868,0.8138,0.2906,True,74,20
1352,0.4,0.05,frozen,0,prior,0.6,0.0754,0.0274386706,0.0,0.099,0.2081,0.2869,0.0332,0.0395,0.0186,0.8413,0.8944,0.0025,False,0,0
1352,0.4,0.05,frozen,1,model,0.6192,0.0561,0.0358420716,-0.0015125988,0.1105,0.3119,0.3775,0.059,0.0509,0.0009,0.9932,0.9242,0.355,True,77,25
1352,0.4,0.05,frozen,2,model,0.621,0.0531,0.0364826964,-0.0020857296,0.1093,0.3035,0.3826,0.0567,0.0539,0.0043,0.9937,0.936,0.36,True,84,29
1352,0.4,0.05,frozen,3,model,0.6245,0.0584,0.0360467393,-0.0021038303,0.0993,0.2859,0.3442,0.0581,0.0433,0.003,0.9917,0.9033,0.3369,True,98,35
1352,0.4,0.05,frozen,4,model,0.6235,0.0573,0.0354203947,-0.0013484029,0.0875,0.2974,0.3546,0.0496,0.0471,0.0057,0.9922,0.9173,0.3275,True,94,27
1352,0.4,0.05,frozen,5,model,0.6222,0.0542,0.0366887023,-0.0012575107,0.0908,0.2964,0.3547,0.0511,0.0482,0.0041,0.9927,0.9177,0.3306,True,89,23
1352,0.4,0.05,frozen,6,model,0.6218,0.0676,0.0318413228,-0.0036432729,0.0969,0.2935,0.3543,0.06,0.0459,0.0034,0.9927,0.9211,0.3306,True,87,44
1352,0.4,0.05,frozen,7,model,0.619,0.0533,0.0364645838,-0.0026080087,0.0979,0.3014,0.3563,0.0533,0.0455,0.0046,0.9925,0.9222,0.3219,True,76,31
1352,0.4,0.05,frozen,8,model,0.6198,0.0532,0.0379305936,-0.0011637754,0.1132,0.2971,0.3774,0.0581,0.0517,0.0021,0.9927,0.9078,0.3131,True,79,25
1352,0.4,0.05,frozen,9,model,0.624,0.0597,0.0341923877,-0.0026904417,0.1031,0.2917,0.3464,0.0593,0.0411,0.0026,0.992,0.9025,0.325,True,96,37
1352,0.4,0.05,frozen,10,model,0.6225,0.0598,0.034489768,-0.0026976409,0.0943,0.3014,0.3623,0.0559,0.0468,0.0017,0.9931,0.9287,0.35,True,90,35
1352,0.4,0.05,frozen,11,model,0.6182,0.0542,0.0353250545,-0.0016318473,0.0793,0.3183,0.3569,0.0465,0.0484,0.0062,0.9911,0.9246,0.3362,True,73,22
1352,0.4,0.05,prior,0,prior,0.62,0.0823,0.0263012947,-0.0011373759,0.0796,0.2327,0.2868,0.0202,0.0369,0.018,0.8413,0.8944,0.0025,False,80,23
1352,0.4,0.05,prior,1,model,0.62,0.0968,0.0225923069,-0.0011270321,0.0928,0.2633,0.3118,0.0209,0.0445,0.0179,0.8363,0.8987,0.0006,False,80,21
1352,0.4,0.05,prior,2,model,0.6188,0.0861,0.0262157155,-0.0013553172,0.1394,0.2013,0.3272,0.0607,0.0492,0.0173,0.8419,0.8947,0.0019,False,75,24
1352,0.4,0.05,prior,3,model,0.6235,0.0874,0.0256960585,-0.0013699518,0.0641,0.2572,0.2955,0.0191,0.0389,0.0156,0.8166,0.907,0.0006,False,94,27
1352,0.4,0.05,prior,4,model,0.6218,0.0877,0.0265642756,-0.0011492717,0.0781,0.2489,0.3034,0.0221,0.0411,0.0174,0.8278,0.9137,0.0031,False,87,26
1352,0.4,0.05,prior,5,model,0.6192,0.0929,0.0227073682,-0.0010602284,0.127,0.2119,0.2896,0.0435,0.0345,0.0172,0.8182,0.9283,0.0006,False,77,20
1352,0.4,0.05,prior,6,model,0.6238,0.0942,0.0241963626,-0.0021146378,0.1512,0.259,0.3116,0.0631,0.0433,0.0155,0.8396,0.8993,0.0025,False,95,31
1352,0.4,0.05,prior,7,model,0.622,0.0888,0.0261172564,-0.0022974816,0.1016,0.2503,0.3003,0.0265,0.041,0.0167,0.8253,0.9001,0.0006,False,88,29
1352,0.4,0.05,prior,8,model,0.6198,0.0964,0.02363356,-0.0009318789,0.0406,0.2958,0.307,0.0373,0.0424,0.0172,0.8293,0.9065,0.0013,False,79,22
1352,0.4,0.05,prior,9,model,0.6222,0.082,0.0275714703,-0.0010801117,0.092,0.2848,0.3084,0.0345,0.0356,0.0119,0.8374,0.8982,0.0019,False,89,25
1352,0.4,0.05,prior,10,model,0.6212,0.0897,0.0242419267,-0.0015205628,0.0603,0.2995,0.3122,0.0461,0.0439,0.017,0.821,0.9185,0.0006,False,85,26
1352,0.4,0.05,prior,11,model,0.6168,0.09,0.0234684227,-0.0011876672,0.0669,0.2403,0.2981,0.0353,0.0399,0.0152,0.8322,0.9169,0.0,False,67,17
1352,1.0,0.0,treatment,0,prior,0.6,0.0158,0.0458481487,0.0,0.3572,0.019,0.3762,0.1428,0.0422,0.0002,0.9707,0.8238,0.2,True,0,0
1352,1.0,0.0,treatment,1,model,0.6,0.1567,0.0026496937,0.0,0.0328,0.2043,0.2112,0.037,0.0275,0.0322,0.8297,0.9543,0.0,False,0,0
1352,1.0,0.0,treatment,2,model,0.6,0.0467,0.0382868291,0.0,0.1911,0.1839,0.375,0.0761,0.0519,0.0062,0.9851,0.8601,0.3481,True,0,0
1352,1.0,0.0,treatment,3,model,0.6,0.0525,0.0359491817,0.0,0.1877,0.1566,0.3356,0.0738,0.0391,0.0039,0.9926,0.9387,0.2769,True,0,0
1352,1.0,0.0,treatment,4,model,0.6,0.0529,0.0356145345,0.0,0.1574,0.191,0.3438,0.056,0.0411,0.0044,0.9901,0.9244,0.315,True,0,0
1352,1.0,0.0,treatment,5,model,0.6,0.0537,0.0345736474,0.0,0.1655,0.1733,0.3387,0.0641,0.0424,0.0064,0.9808,0.798,0.1638,True,0,0
1352,1.0,0.0,treatment,6,model,0.6,0.0546,0.0353137849,0.0,0.1561,0.2204,0.3581,0.0542,0.0457,0.0037,0.9927,0.9024,0.3256,True,0,0
1352,1.0,0.0,treatment,7,model,0.6,0.0462,0.0384695729,0.0,0.2334,0.1383,0.3525,0.0836,0.0412,0.0019,0.9906,0.9118,0.2881,True,0,0
1352,1.0,0.0,treatment,8,model,0.6,0.0833,0.0269118282,0.0,0.1025,0.2156,0.3162,0.0528,0.0433,0.015,0.9736,0.7712,0.125,True,0,0
1352,1.0,0.0,treatment,9,model,0.6,0.0471,0.0362741197,0.0,0.1981,0.1501,0.3481,0.0779,0.039,0.0011,0.9929,0.9028,0.3412,True,0,0
1352,1.0,0.0,treatment,10,model,0.6,0.0675,0.0315856032,0.0,0.1361,0.235,0.3337,0.0551,0.0469,0.0083,0.9708,0.8454,0.1837,True,0,0
1352,1.0,0.0,treatment,11,model,0.6,0.05,0.035141201,0.0,0.1729,0.2271,0.3494,0.0562,0.0437,0.0037,0.9789,0.8915,0.2431,True,0,0
1352,1.0,0.0,frozen,0,prior,0.6,0.0158,0.0458481487,0.0,0.3572,0.019,0.3762,0.1428,0.0422,0.0002,0.9707,0.8238,0.2,True,0,0
1352,1.0,0.0,frozen,1,model,0.6,0.1567,0.0026496937,0.0,0.1914,0.0198,0.2112,0.1615,0.0037,0.006,0.8297,0.9543,0.0,False,0,0
1352,1.0,0.0,frozen,2,model,0.6,0.1446,0.0071343377,0.0,0.2083,0.0198,0.2281,0.1611,0.0049,0.0002,0.8268,0.957,0.0,False,0,0
1352,1.0,0.0,frozen,3,model,0.6,0.1417,0.0075592394,0.0,0.1821,0.0198,0.2019,0.1488,0.0011,0.0025,0.8281,0.9437,0.0,False,0,0
1352,1.0,0.0,frozen,4,model,0.6,0.1467,0.0052308613,0.0,0.1834,0.0198,0.2031,0.1523,0.0006,0.0003,0.8281,0.9521,0.0,False,0,0
1352,1.0,0.0,frozen,5,model,0.6,0.1475,0.0051452619,0.0,0.1783,0.0198,0.1981,0.1509,0.0008,0.0062,0.8251,0.9528,0.0,False,0,0
1352,1.0,0.0,frozen,6,model,0.6,0.1558,0.0040919406,0.0,0.1865,0.0198,0.2062,0.159,0.0009,0.0028,0.823,0.9543,0.0,False,0,0
1352,1.0,0.0,frozen,7,model,0.6,0.1421,0.006612011,0.0,0.1889,0.0198,0.2087,0.1517,0.002,0.0048,0.8311,0.9499,0.0,False,0,0
1352,1.0,0.0,frozen,8,model,0.6,0.1458,0.0075103685,0.0,0.2027,0.0198,0.2225,0.1596,0.0054,0.0008,0.8302,0.9527,0.0,False,0,0
1352,1.0,0.0,frozen,9,model,0.6,0.1429,0.0066487418,0.0,0.1845,0.0198,0.2044,0.1507,0.0021,0.0038,0.8258,0.952,0.0,False,0,0
1352,1.0,0.0,frozen,10,model,0.6,0.1487,0.0050108562,0.0,0.1921,0.0198,0.2119,0.1569,0.0024,0.0006,0.8137,0.9596,0.0,False,0,0
1352,1.0,0.0,frozen,11,model,0.6,0.1429,0.0067853873,0.0,0.1902,0.0198,0.21,0.1527,0.0034,0.001,0.8258,0.9544,0.0,False,0,0
1352,1.0,0.0,prior,0,prior,0.6,0.0158,0.0458481487,0.0,0.3572,0.019,0.3762,0.1428,0.0422,0.0002,0.9707,0.8238,0.2,True,0,0
1352,1.0,0.0,prior,1,model,0.6,0.0179,0.0457402975,0.0,0.3695,0.0498,0.4194,0.1464,0.0571,0.0004,0.975,0.8107,0.2325,True,0,0
1352,1.0,0.0,prior,2,model,0.6,0.015,0.0466626045,0.0,0.3991,0.0234,0.4225,0.159,0.0581,0.0003,0.9726,0.8341,0.2325,True,0,0
1352,1.0,0.0,prior,3,model,0.6,0.0179,0.0461857487,0.0,0.3443,0.0432,0.3875,0.1367,0.0468,0.0002,0.972,0.8287,0.195,True,0,0
1352,1.0,0.0,prior,4,model,0.6,0.0158,0.0472356507,0.0,0.3781,0.0213,0.3994,0.1514,0.0502,0.0004,0.9706,0.8298,0.1919,True,0,0
1352,1.0,0.0,prior,5,model,0.6,0.0133,0.0475619007,0.0,0.3837,0.0157,0.3994,0.1532,0.0505,0.0014,0.9694,0.8222,0.1806,True,0,0
1352,1.0,0.0,prior,6,model,0.6,0.0163,0.0470387592,0.0,0.3863,0.0293,0.4156,0.1542,0.0555,0.0002,0.9722,0.8356,0.1969,True,0,0
1352,1.0,0.0,prior,7,model,0.6,0.0158,0.0468408608,0.0,0.3728,0.0253,0.3981,0.1495,0.0511,0.0005,0.9743,0.8481,0.2019,True,0,0
1352,1.0,0.0,prior,8,model,0.6,0.015,0.0474078061,0.0,0.3901,0.0286,0.4188,0.156,0.0562,0.0001,0.9722,0.8055,0.2075,True,0,0
1352,1.0,0.0,prior,9,model,0.6,0.0163,0.0472340132,0.0,0.3731,0.0212,0.3944,0.1492,0.0488,0.0005,0.9737,0.7842,0.2269,True,0,0
1352,1.0,0.0,prior,10,model,0.6,0.02,0.0452558828,0.0,0.3668,0.0382,0.405,0.1468,0.0528,0.0001,0.9736,0.7974,0.2162,True,0,0
1352,1.0,0.0,prior,11,model,0.6,0.0133,0.0474380511,0.0,0.3876,0.0168,0.4044,0.1547,0.0513,0.0002,0.9755,0.8774,0.2656,True,0,0
1352,1.0,0.05,treatment,0,prior,0.6222,0.0293,0.0430271658,-0.0028209828,0.1037,0.2718,0.3752,0.0827,0.0456,0.0005,0.9707,0.8238,0.2,True,89,35
1352,1.0,0.05,treatment,1,model,0.6185,0.0784,0.0287055644,-0.0011344793,0.156,0.3077,0.3408,0.0642,0.0442,0.0084,0.9725,0.8017,0.1556,True,74,22
1352,1.0,0.05,treatment,2,model,0.6198,0.0593,0.0342358982,-0.0025158561,0.1118,0.3122,0.3715,0.0239,0.0504,0.0016,0.9898,0.9105,0.2731,True,79,30
1352,1.0,0.05,treatment,3,model,0.6218,0.0724,0.0308178465,-0.0014710993,0.1075,0.2118,0.3192,0.0515,0.0362,0.0102,0.9886,0.9043,0.2531,True,87,27
1352,1.0,0.05,treatment,4,model,0.6218,0.0595,0.034422728,-0.001835147,0.1005,0.2997,0.3496,0.022,0.0436,0.004,0.9734,0.7971,0.2094,True,87,31
1352,1.0,0.05,treatment,5,model,0.62,0.0629,0.0333197177,-0.0010847643,0.1786,0.2613,0.3388,0.0572,0.0389,0.0014,0.986,0.8227,0.2406,True,80,22
1352,1.0,0.05,treatment,6,model,0.623,0.0843,0.026878822,-0.002559291,0.1134,0.2947,0.3276,0.0462,0.0435,0.0101,0.9863,0.9059,0.1688,True,92,38
1352,1.0,0.05,treatment,7,model,0.6212,0.0555,0.0366114679,-0.0023512248,0.1362,0.3502,0.3545,0.0428,0.0444,0.0047,0.9961,0.9301,0.4738,True,85,32
1352,1.0,0.05,treatment,8,model,0.62,0.069,0.0327220103,-0.0004339594,0.1383,0.2137,0.352,0.048,0.0455,0.0028,0.9609,0.9037,0.1894,True,80,19
1352,1.0,0.05,treatment,9,model,0.6232,0.067,0.032545635,-0.0023667047,0.1513,0.2077,0.3338,0.054,0.0422,0.0085,0.9612,0.8794,0.2256,True,93,32
1352,1.0,0.05,treatment,10,model,0.6192,0.0614,0.0329936283,-0.0020685571,0.1602,0.3065,0.3572,0.0852,0.0452,0.0035,0.988,0.8809,0.2475,True,77,28
1352,1.0,0.05,treatment,11,model,0.6198,0.0718,0.0305520146,-0.001552392,0.1365,0.21,0.3294,0.0565,0.0426,0.0072,0.9665,0.8057,0.1956,True,79,23
1352,1.0,0.05,frozen,0,prior,0.6,0.0158,0.0458481487,0.0,0.3572,0.019,0.3762,0.1428,0.0422,0.0002,0.9707,0.8238,0.2,True,0,0
1352,1.0,0.05,frozen,1,model,0.6182,0.1573,0.0026305968,-1.90969e-05,0.193,0.0198,0.2128,0.1615,0.0041,0.0061,0.8297,0.9543,0.0,False,73,13
1352,1.0,0.05,frozen,2,model,0.622,0.1483,0.0059080394,-0.0012262983,0.207,0.0198,0.2269,0.1611,0.0045,0.001,0.8268,0.957,0.0,False,88,22
1352,1.0,0.05,frozen,3,model,0.6252,0.1439,0.007461377,-9.78624e-05,0.1824,0.0198,0.2021,0.1488,0.0012,0.0026,0.8281,0.9437,0.0,False,101,20
1352,1.0,0.05,frozen,4,model,0.6198,0.148,0.0051381623,-9.2699e-05,0.184,0.0198,0.2038,0.1523,0.0005,0.0003,0.8281,0.9521,0.0,False,79,15
1352,1.0,0.05,frozen,5,model,0.6228,0.1481,0.0050653187,-7.99432e-05,0.1803,0.0198,0.2001,0.1509,0.0014,0.0063,0.8251,0.9528,0.0,False,91,15
1352,1.0,0.05,frozen,6,model,0.6228,0.1602,0.0026157946,-0.001476146,0.1823,0.0198,0.2021,0.159,0.0003,0.0034,0.823,0.9543,0.0,False,91,25
1352,1.0,0.05,frozen,7,model,0.619,0.145,0.0057248153,-0.0008871958,0.1875,0.0198,0.2073,0.1517,0.0019,0.0077,0.8311,0.9499,0.0,False,76,18
1352,1.0,0.05,frozen,8,model,0.6205,0.1459,0.0077684113,0.0002580428,0.2068,0.0198,0.2266,0.1596,0.006,0.0007,0.8302,0.9527,0.0,False,82,12
1352,1.0,0.05,frozen,9,model,0.6242,0.1466,0.0058840123,-0.0007647295,0.1824,0.0198,0.2023,0.1507,0.0015,0.0044,0.8258,0.952,0.0,False,97,23
1352,1.0,0.05,frozen,10,model,0.6218,0.152,0.0041993965,-0.0008114596,0.1904,0.0198,0.2102,0.1569,0.002,0.0005,0.8137,0.9596,0.0,False,87,21
1352,1.0,0.05,frozen,11,model,0.619,0.1438,0.0064224747,-0.0003629125,0.1921,0.0198,0.2119,0.1527,0.0035,0.0011,0.8258,0.9544,0.0,False,76,13
1352,1.0,0.05,prior,0,prior,0.6222,0.0293,0.0430271658,-0.0028209828,0.1037,0.2718,0.3752,0.0827,0.0456,0.0005,0.9707,0.8238,0.2,True,89,35
1352,1.0,0.05,prior,1,model,0.619,0.0283,0.0438477173,-0.0018925802,0.2008,0.2231,0.4226,0.0489,0.0607,0.0009,0.975,0.8107,0.2325,True,76,27
1352,1.0,0.05,prior,2,model,0.62,0.0266,0.0442100317,-0.0024525728,0.2246,0.2585,0.425,0.0571,0.0612,0.0002,0.9726,0.8341,0.2325,True,80,30
1352,1.0,0.05,prior,3,model,0.622,0.0318,0.0436749116,-0.0025108371,0.1998,0.2668,0.3862,0.0628,0.0485,0.0003,0.972,0.8287,0.195,True,88,36
1352,1.0,0.05,prior,4,model,0.6222,0.0281,0.0453285345,-0.0019071162,0.2107,0.2356,0.4017,0.0721,0.0541,0.0005,0.9706,0.8298,0.1919,True,89,32
1352,1.0,0.05,prior,5,model,0.6225,0.0245,0.0458308319,-0.0017310689,0.2016,0.2129,0.404,0.0475,0.0538,0.0,0.9694,0.8222,0.1806,True,90,29
1352,1.0,0.05,prior,6,model,0.622,0.035,0.0428902237,-0.0041485355,0.1208,0.4081,0.4081,0.0537,0.0564,0.0007,0.9722,0.8356,0.1969,True,88,48
1352,1.0,0.05,prior,7,model,0.6182,0.0295,0.0437587471,-0.0030821136,0.1441,0.3958,0.3942,0.0518,0.0536,0.0009,0.9743,0.8481,0.2019,True,73,35
1352,1.0,0.05,prior,8,model,0.6198,0.0238,0.0462979845,-0.0011098216,0.2576,0.1678,0.4254,0.071,0.0594,0.0001,0.9722,0.8055,0.2075,True,79,23
1352,1.0,0.05,prior,9,model,0.6235,0.0309,0.0444171702,-0.002816843,0.1906,0.4123,0.3938,0.0712,0.0509,0.0009,0.9737,0.7842,0.2269,True,94,38
1352,1.0,0.05,prior,10,model,0.6238,0.0345,0.0421031019,-0.003152781,0.0922,0.3353,0.4053,0.0484,0.0561,0.0026,0.9736,0.7974,0.2162,True,95,38
1352,1.0,0.05,prior,11,model,0.6182,0.023,0.0454003057,-0.0020377454,0.1554,0.2846,0.4073,0.0792,0.0551,0.0007,0.9755,0.8774,0.2656,True,73,25
1368,0.2,0.0,treatment,0,prior,0.6,0.1458,0.005811726,0.0,0.0173,0.2185,0.225,0.0247,0.0301,0.0331,0.7796,0.977,0.0,False,0,0
1368,0.2,0.0,treatment,1,model,0.6,0.0483,0.0360509888,0.0,0.231,0.1118,0.3425,0.0894,0.0367,0.0009,0.9943,0.9474,0.42,True,0,0
1368,0.2,0.0,treatment,2,model,0.6,0.0838,0.0254783414,0.0,0.033,0.2473,0.2781,0.0296,0.0396,0.0179,0.938,0.6958,0.02,True,0,0
1368,0.2,0.0,treatment,3,model,0.6,0.0462,0.0365152125,0.0,0.2123,0.137,0.3494,0.0834,0.0415,0.0033,0.9891,0.9041,0.3262,True,0,0
1368,0.2,0.0,treatment,4,model,0.6,0.0571,0.0321225198,0.0,0.1466,0.1884,0.3344,0.0584,0.041,0.0032,0.9888,0.9215,0.2306,True,0,0
1368,0.2,0.0,treatment,5,model,0.6,0.0587,0.0332554274,0.0,0.1216,0.223,0.3244,0.0417,0.0429,0.0096,0.9476,0.8536,0.1531,True,0,0
1368,0.2,0.0,treatment,6,model,0.6,0.0521,0.0347027924,0.0,0.1255,0.2509,0.3412,0.0364,0.0394,0.004,0.9944,0.9367,0.3475,True,0,0
1368,0.2,0.0,treatment,7,model,0.6,0.0483,0.0363833538,0.0,0.1771,0.1592,0.3362,0.0652,0.0406,0.0054,0.9904,0.8884,0.4281,True,0,0
1368,0.2,0.0,treatment,8,model,0.6,0.0638,0.0315946397,0.0,0.1558,0.1932,0.3419,0.0553,0.0419,0.0077,0.9804,0.8824,0.2394,True,0,0
1368,0.2,0.0,treatment,9,model,0.6,0.06,0.0332414396,0.0,0.1923,0.293,0.3312,0.0636,0.0353,0.0029,0.9923,0.9249,0.3231,True,0,0
1368,0.2,0.0,treatment,10,model,0.6,0.0696,0.03100278,0.0,0.1014,0.215,0.3106,0.0431,0.0357,0.0107,0.991,0.8953,0.4037,True,0,0
1368,0.2,0.0,treatment,11,model,0.6,0.0458,0.0374653951,0.0,0.1523,0.1882,0.3381,0.0549,0.0394,0.0023,0.9932,0.9322,0.2812,True,0,0
1368,0.2,0.0,frozen,0,prior,0.6,0.1458,0.005811726,0.0,0.0173,0.2185,0.225,0.0247,0.0301,0.0331,0.7796,0.977,0.0,False,0,0
1368,0.2,0.0,frozen,1,model,0.6,0.0483,0.0360509888,0.0,0.0357,0.3772,0.3425,0.0195,0.0424,0.0031,0.9943,0.9474,0.42,True,0,0
1368,0.2,0.0,frozen,2,model,0.6,0.0379,0.03987676,0.0,0.0586,0.3819,0.3469,0.0241,0.0481,0.005,0.9947,0.9196,0.4562,True,0,0
1368,0.2,0.0,frozen,3,model,0.6,0.0404,0.0378349966,0.0,0.0366,0.3862,0.3581,0.0158,0.0494,0.0033,0.9951,0.9461,0.4506,True,0,0
1368,0.2,0.0,frozen,4,model,0.6,0.0312,0.0402788879,0.0,0.0247,0.3869,0.3731,0.0133,0.0496,0.0011,0.9949,0.9523,0.4338,True,0,0
1368,0.2,0.0,frozen,5,model,0.6,0.0392,0.0381628148,0.0,0.0334,0.378,0.3538,0.0146,0.0482,0.0043,0.9939,0.9415,0.4062,True,0,0
1368,0.2,0.0,frozen,6,model,0.6,0.0437,0.0371123682,0.0,0.0341,0.3855,0.3538,0.0169,0.0494,0.0045,0.9943,0.9424,0.4056,True,0,0
1368,0.2,0.0,frozen,7,model,0.6,0.0404,0.0390237869,0.0,0.0377,0.3831,0.3481,0.0166,0.0455,0.0082,0.9951,0.9335,0.43,True,0,0
1368,0.2,0.0,frozen,8,model,0.6,0.0492,0.0369212837,0.0,0.0423,0.404,0.3638,0.025,0.0494,0.0011,0.9946,0.9246,0.4325,True,0,0
1368,0.2,0.0,frozen,9,model,0.6,0.0479,0.0374949585,0.0,0.0461,0.3914,0.3494,0.025,0.0467,0.0048,0.9951,0.9123,0.425,True,0,0
1368,0.2,0.0,frozen,10,model,0.6,0.0425,0.0382499426,0.0,0.0305,0.3754,0.3513,0.0151,0.0457,0.0052,0.9955,0.9015,0.4487,True,0,0
1368,0.2,0.0,frozen,11,model,0.6,0.0429,0.0390748652,0.0,0.0372,0.3751,0.3425,0.0182,0.0413,0.0002,0.995,0.9323,0.4313,True,0,0
1368,0.2,0.0,prior,0,prior,0.6,0.1458,0.005811726,0.0,0.0173,0.2185,0.225,0.0247,0.0301,0.0331,0.7796,0.977,0.0,False,0,0
1368,0.2,0.0,prior,1,model,0.6,0.135,0.0090726264,0.0,0.0318,0.2001,0.2125,0.0252,0.0236,0.027,0.7969,0.9738,0.0,False,0,0
1368,0.2,0.0,prior,2,model,0.6,0.1267,0.0114744079,0.0,0.0424,0.1897,0.2137,0.0176,0.028,0.0338,0.7897,0.9776,0.0,False,0,0
1368,0.2,0.0,prior,3,model,0.6,0.1267,0.0112046906,0.0,0.043,0.1879,0.2288,0.0442,0.0303,0.0327,0.7796,0.975,0.0,False,0,0
1368,0.2,0.0,prior,4,model,0.6,0.1363,0.0072290275,0.0,0.0336,0.1939,0.2156,0.0344,0.029,0.0331,0.8,0.9719,0.0,False,0,0
1368,0.2,0.0,prior,5,model,0.6,0.1263,0.011174396,0.0,0.0524,0.1956,0.2231,0.0322,0.0294,0.0288,0.792,0.9742,0.0,False,0,0
1368,0.2,0.0,prior,6,model,0.6,0.1358,0.0079064853,0.0,0.0245,0.1944,0.2156,0.022,0.029,0.0343,0.7985,0.977,0.0,False,0,0
1368,0.2,0.0,prior,7,model,0.6,0.1321,0.0092648252,0.0,0.0325,0.1959,0.2106,0.0228,0.0263,0.0331,0.7893,0.976,0.0,False,0,0
1368,0.2,0.0,prior,8,model,0.6,0.1442,0.0072541781,0.0,0.0419,0.1972,0.2213,0.0158,0.0265,0.0319,0.8018,0.9783,0.0,False,0,0
1368,0.2,0.0,prior,9,model,0.6,0.1338,0.0107031882,0.0,0.0433,0.1965,0.2206,0.0161,0.0262,0.0306,0.7923,0.976,0.0,False,0,0
1368,0.2,0.0,prior,10,model,0.6,0.1421,0.0094055868,0.0,0.0297,0.1792,0.2019,0.0285,0.0238,0.038,0.8116,0.9788,0.0,False,0,0
1368,0.2,0.0,prior,11,model,0.6,0.1325,0.0090943836,0.0,0.0309,0.1839,0.2081,0.0231,0.0244,0.0323,0.778,0.9697,0.0,False,0,0
1368,0.2,0.05,treatment,0,prior,0.6195,0.1489,0.0053451245,-0.0004666016,0.0438,0.2221,0.224,0.0572,0.0272,0.0326,0.7796,0.977,0.0,False,78,19
1368,0.2,0.05,treatment,1,model,0.618,0.072,0.0295138825,-0.0025365426,0.1089,0.2484,0.3181,0.043,0.0397,0.0104,0.9517,0.8693,0.2031,True,72,31
1368,0.2,0.05,treatment,2,model,0.6168,0.0482,0.0376407169,-0.0020745917,0.121,0.3923,0.3438,0.0572,0.04,0.0027,0.987,0.9044,0.3563,True,67,26
1368,0.2,0.05,treatment,3,model,0.6212,0.0668,0.031334008,-0.0011362866,0.2018,0.1465,0.3327,0.0848,0.0435,0.0094,0.9877,0.9168,0.2281,True,85,23
1368,0.2,0.05,treatment,4,model,0.617,0.0673,0.0291460932,-0.0013865041,0.0743,0.2601,0.3303,0.0269,0.0455,0.0115,0.9735,0.7018,0.1663,True,68,22
1368,0.2,0.05,treatment,5,model,0.6198,0.0541,0.035141796,-0.0011488522,0.1102,0.2562,0.3458,0.0282,0.042,0.0033,0.9781,0.8979,0.2844,True,79,23
1368,0.2,0.05,treatment,6,model,0.6212,0.0644,0.0322135166,-0.0028928973,0.1435,0.2801,0.3373,0.0517,0.0425,0.0042,0.9864,0.9157,0.2863,True,85,34
1368,0.2,0.05,treatment,7,model,0.6185,0.053,0.0360376288,-0.001422427,0.1598,0.2045,0.3427,0.0527,0.043,0.0081,0.9851,0.9351,0.3075,True,74,23
1368,0.2,0.05,treatment,8,model,0.6215,0.0792,0.0283059728,-0.0016773931,0.1236,0.2576,0.3322,0.0491,0.0411,0.0075,0.9588,0.8159,0.135,True,86,27
1368,0.2,0.05,treatment,9,model,0.6205,0.0677,0.0318655697,-0.002774341,0.2495,0.5037,0.3333,0.1226,0.037,0.004,0.9896,0.8959,0.2425,True,82,36
1368,0.2,0.05,treatment,10,model,0.6198,0.071,0.0313879467,-0.0022583794,0.1406,0.3936,0.3208,0.0549,0.034,0.0058,0.9913,0.9153,0.3688,True,79,31
1368,0.2,0.05,treatment,11,model,0.6218,0.0639,0.0328600187,-0.0012222273,0.1419,0.3784,0.3252,0.0452,0.0382,0.0074,0.9927,0.9337,0.3013,True,87,26
1368,0.2,0.05,frozen,0,prior,0.6,0.1458,0.005811726,0.0,0.0173,0.2185,0.225,0.0247,0.0301,0.0331,0.7796,0.977,0.0,False,0,0
1368,0.2,0.05,frozen,1,model,0.6198,0.0609,0.0330742977,-0.0029766911,0.0394,0.3757,0.3373,0.0195,0.041,0.0032,0.9943,0.9474,0.42,True,79,35
1368,0.2,0.05,frozen,2,model,0.6152,0.0459,0.0383146254,-0.0015621346,0.0588,0.3813,0.3463,0.0241,0.0479,0.0052,0.9947,0.9196,0.4562,True,61,22
1368,0.2,0.05,frozen,3,model,0.6242,0.0501,0.0363080484,-0.0015269482,0.0385,0.3882,0.3626,0.0158,0.0511,0.0031,0.9951,0.9461,0.4506,True,97,28
1368,0.2,0.05,frozen,4,model,0.616,0.0402,0.0383522332,-0.0019266546,0.0243,0.3865,0.373,0.0133,0.0495,0.001,0.9949,0.9523,0.4338,True,64,24
1368,0.2,0.05,frozen,5,model,0.6182,0.0477,0.0366505137,-0.0015123012,0.0346,0.3783,0.3549,0.0146,0.0484,0.0045,0.9939,0.9415,0.4062,True,73,24
1368,0.2,0.05,frozen,6,model,0.6212,0.0559,0.0342699417,-0.0028424265,0.0367,0.3853,0.3512,0.0169,0.0489,0.0054,0.9943,0.9424,0.4056,True,85,34
1368,0.2,0.05,frozen,7,model,0.619,0.0497,0.0372341477,-0.0017896391,0.0372,0.383,0.3484,0.0166,0.0455,0.0081,0.9951,0.9335,0.43,True,76,26
1368,0.2,0.05,frozen,8,model,0.6188,0.059,0.0350054225,-0.0019158612,0.0407,0.4018,0.3633,0.025,0.0479,0.0007,0.9946,0.9246,0.4325,True,75,28
1368,0.2,0.05,frozen,9,model,0.62,0.0609,0.0347304503,-0.0027645082,0.0492,0.3922,0.3441,0.025,0.0456,0.0065,0.9951,0.9123,0.425,True,80,36
1368,0.2,0.05,frozen,10,model,0.6205,0.0552,0.0356900807,-0.0025598619,0.033,0.3753,0.3472,0.0151,0.0442,0.0054,0.9955,0.9015,0.4487,True,82,35
1368,0.2,0.05,frozen,11,model,0.6218,0.0515,0.037913017,-0.0011618481,0.0359,0.3768,0.3457,0.0182,0.0424,0.0002,0.995,0.9323,0.4313,True,87,25
1368,0.2,0.05,prior,0,prior,0.6195,0.1489,0.0053451245,-0.0004666016,0.0438,0.2221,0.224,0.0572,0.0272,0.0326,0.7796,0.977,0.0,False,78,19
1368,0.2,0.05,prior,1,model,0.624,0.1386,0.0082465329,-0.0008260935,0.0519,0.2555,0.2114,0.0491,0.0249,0.0306,0.7969,0.9738,0.0,False,96,22
1368,0.2,0.05,prior,2,model,0.6168,0.1285,0.0112046734,-0.0002697345,0.0357,0.1842,0.2146,0.0129,0.0273,0.0327,0.7897,0.9776,0.0,False,67,13
1368,0.2,0.05,prior,3,model,0.6185,0.1318,0.0097797168,-0.0014249738,0.0709,0.1551,0.2254,0.0383,0.0225,0.028,0.7796,0.975,0.0,False,74,22
1368,0.2,0.05,prior,4,model,0.6158,0.1389,0.0065096601,-0.0007193674,0.0733,0.2531,0.2147,0.0437,0.0289,0.0343,0.8,0.9719,0.0,False,63,15
1368,0.2,0.05,prior,5,model,0.6218,0.1295,0.0104032403,-0.0007711556,0.0392,0.2601,0.2234,0.067,0.0263,0.0255,0.792,0.9742,0.0,False,87,19
1368,0.2,0.05,prior,6,model,0.622,0.1399,0.0070212899,-0.0008851954,0.0335,0.2234,0.2136,0.0189,0.0279,0.0322,0.7985,0.977,0.0,False,88,22
1368,0.2,0.05,prior,7,model,0.6195,0.1344,0.0088830832,-0.0003817419,0.0284,0.2153,0.2109,0.0245,0.0286,0.0339,0.7893,0.976,0.0,False,78,16
1368,0.2,0.05,prior,8,model,0.6192,0.1478,0.0065049013,-0.0007492768,0.0346,0.2159,0.2193,0.0296,0.0236,0.0265,0.8018,0.9783,0.0,False,77,20
1368,0.2,0.05,prior,9,model,0.6198,0.1404,0.0086288579,-0.0020743303,0.0785,0.2901,0.2143,0.0731,0.0268,0.0347,0.7923,0.976,0.0,False,79,27
1368,0.2,0.05,prior,10,model,0.6192,0.1429,0.009629135,0.0002235481,0.0454,0.1691,0.2035,0.0273,0.0236,0.0355,0.8116,0.9788,0.0,False,77,13
1368,0.2,0.05,prior,11,model,0.6208,0.1345,0.0090233357,-7.10479e-05,0.0635,0.2088,0.209,0.0518,0.0232,0.0322,0.778,0.9697,0.0,False,83,16
1368,0.4,0.0,treatment,0,prior,0.6,0.0925,0.0229281442,0.0,0.0945,0.2239,0.305,0.0369,0.0457,0.0214,0.8377,0.8954,0.0013,False,0,0
1368,0.4,0.0,treatment,1,model,0.6,0.0458,0.0368870756,0.0,0.1826,0.1638,0.3463,0.0696,0.0396,0.0039,0.995,0.9327,0.3981,True,0,0
1368,0.4,0.0,treatment,2,model,0.6,0.0592,0.0329850083,0.0,0.1058,0.2221,0.315,0.0382,0.0413,0.01,0.9911,0.8872,0.3031,True,0,0
1368,0.4,0.0,treatment,3,model,0.6,0.0575,0.033199418,0.0,0.1678,0.2037,0.3325,0.0568,0.0414,0.0082,0.9803,0.9225,0.2531,True,0,0
1368,0.4,0.0,treatment,4,model,0.6,0.05,0.0343291974,0.0,0.1275,0.2175,0.345,0.0501,0.0472,0.0071,0.9923,0.8918,0.31,True,0,0
1368,0.4,0.0,treatment,5,model,0.6,0.0446,0.0370241558,0.0,0.2321,0.1136,0.3456,0.0919,0.0409,0.0035,0.9865,0.9101,0.3425,True,0,0
1368,0.4,0.0,treatment,6,model,0.6,0.0721,0.028919045,0.0,0.0734,0.2514,0.3113,0.027,0.0404,0.0093,0.9746,0.8458,0.1206,True,0,0
1368,0.4,0.0,treatment,7,model,0.6,0.0458,0.0383519267,0.0,0.1574,0.1827,0.34,0.0607,0.0447,0.005,0.9889,0.9173,0.2869,True,0,0
1368,0.4,0.0,treatment,8,model,0.6,0.0617,0.0331670183,0.0,0.129,0.2166,0.345,0.0513,0.0459,0.0079,0.9767,0.8649,0.2519,True,0,0
1368,0.4,0.0,treatment,9,model,0.6,0.0546,0.0350310309,0.0,0.1674,0.172,0.3394,0.0682,0.04,0.0048,0.9865,0.9169,0.3319,True,0,0
1368,0.4,0.0,treatment,10,model,0.6,0.0579,0.0338660255,0.0,0.1035,0.2253,0.3281,0.0399,0.0386,0.0041,0.9793,0.8519,0.2662,True,0,0
1368,0.4,0.0,treatment,11,model,0.6,0.0475,0.0370278765,0.0,0.1837,0.1555,0.3356,0.0668,0.04,0.0054,0.9949,0.9329,0.3406,True,0,0
1368,0.4,0.0,frozen,0,prior,0.6,0.0925,0.0229281442,0.0,0.0945,0.2239,0.305,0.0369,0.0457,0.0214,0.8377,0.8954,0.0013,False,0,0
1368,0.4,0.0,frozen,1,model,0.6,0.0458,0.0368870756,0.0,0.0783,0.2924,0.3463,0.0364,0.045,0.003,0.995,0.9327,0.3981,True,0,0
1368,0.4,0.0,frozen,2,model,0.6,0.0342,0.0409379028,0.0,0.0788,0.2994,0.3525,0.0305,0.046,0.0025,0.9945,0.8948,0.3912,True,0,0
1368,0.4,0.0,frozen,3,model,0.6,0.045,0.036917501,0.0,0.0748,0.3059,0.3513,0.0333,0.0459,0.0036,0.9935,0.9351,0.3856,True,0,0
1368,0.4,0.0,frozen,4,model,0.6,0.0358,0.0385611962,0.0,0.0964,0.3029,0.3663,0.037,0.0478,0.0007,0.9955,0.9319,0.4006,True,0,0
1368,0.4,0.0,frozen,5,model,0.6,0.0387,0.0389333791,0.0,0.0811,0.2935,0.3544,0.0325,0.0454,0.0001,0.9946,0.946,0.37,True,0,0
1368,0.4,0.0,frozen,6,model,0.6,0.0475,0.0360741809,0.0,0.0725,0.3001,0.3481,0.0341,0.0468,0.0048,0.9947,0.9357,0.38,True,0,0
1368,0.4,0.0,frozen,7,model,0.6,0.0392,0.0392667321,0.0,0.0721,0.2973,0.35,0.0295,0.0436,0.0022,0.9937,0.9278,0.3969,True,0,0
1368,0.4,0.0,frozen,8,model,0.6,0.045,0.0388531611,0.0,0.0831,0.3152,0.37,0.0373,0.0506,0.0026,0.9956,0.937,0.4213,True,0,0
1368,0.4,0.0,frozen,9,model,0.6,0.0446,0.0386673917,0.0,0.0741,0.2986,0.3544,0.0325,0.0454,0.0017,0.9955,0.9197,0.4244,True,0,0
1368,0.4,0.0,frozen,10,model,0.6,0.0413,0.0396358482,0.0,0.0953,0.2912,0.3531,0.0413,0.0439,0.0029,0.9947,0.9264,0.3981,True,0,0
1368,0.4,0.0,frozen,11,model,0.6,0.0442,0.0383120568,0.0,0.0709,0.2938,0.3406,0.0322,0.0411,0.0036,0.9939,0.9432,0.3837,True,0,0
1368,0.4,0.0,prior,0,prior,0.6,0.0925,0.0229281442,0.0,0.0945,0.2239,0.305,0.0369,0.0457,0.0214,0.8377,0.8954,0.0013,False,0,0
1368,0.4,0.0,prior,1,model,0.6,0.0833,0.0248978553,0.0,0.1105,0.2008,0.29,0.0436,0.0381,0.0174,0.836,0.906,0.005,False,0,0
1368,0.4,0.0,prior,2,model,0.6,0.0783,0.0274337738,0.0,0.102,0.1929,0.2863,0.0376,0.0404,0.0196,0.829,0.9113,0.0025,False,0,0
1368,0.4,0.0,prior,3,model,0.6,0.0829,0.0258333242,0.0,0.1132,0.1855,0.2944,0.0411,0.0388,0.0152,0.8332,0.915,0.0013,False,0,0
1368,0.4,0.0,prior,4,model,0.6,0.085,0.0237368024,0.0,0.1151,0.1774,0.2925,0.0574,0.0401,0.0185,0.838,0.9122,0.0019,False,0,0
1368,0.4,0.0,prior,5,model,0.6,0.0825,0.0253055671,0.0,0.1159,0.1729,0.2888,0.0463,0.0395,0.0174,0.8288,0.9194,0.0031,False,0,0
1368,0.4,0.0,prior,6,model,0.6,0.0862,0.0232919218,0.0,0.0783,0.2272,0.29,0.0257,0.0428,0.0224,0.8275,0.9252,0.0013,False,0,0
1368,0.4,0.0,prior,7,model,0.6,0.0854,0.0241296889,0.0,0.0773,0.2033,0.2806,0.027,0.0398,0.0228,0.8172,0.9218,0.005,False,0,0
1368,0.4,0.0,prior,8,model,0.6,0.0896,0.0244984281,0.0,0.0984,0.2186,0.3031,0.0342,0.0432,0.0194,0.8334,0.9188,0.0025,False,0,0
1368,0.4,0.0,prior,9,model,0.6,0.0838,0.0264310968,0.0,0.1133,0.2297,0.2956,0.0344,0.0395,0.017,0.8278,0.92,0.0006,False,0,0
1368,0.4,0.0,prior,10,model,0.6,0.0938,0.0236408047,0.0,0.0777,0.1981,0.2744,0.0468,0.0351,0.0216,0.8291,0.9207,0.0006,False,0,0
1368,0.4,0.0,prior,11,model,0.6,0.0908,0.0229979449,0.0,0.0655,0.2117,0.2706,0.022,0.0345,0.0209,0.8349,0.9027,0.0013,False,0,0
1368,0.4,0.05,treatment,0,prior,0.6198,0.1,0.0216924819,-0.0012356622,0.019,0.2967,0.3037,0.0362,0.0412,0.0163,0.8377,0.8954,0.0013,False,79,26
1368,0.4,0.05,treatment,1,model,0.621,0.0668,0.0304103385,-0.0029156871,0.0988,0.2958,0.3285,0.0345,0.0408,0.0078,0.9861,0.8443,0.2956,True,84,36
1368,0.4,0.05,treatment,2,model,0.6172,0.0547,0.0353047528,-0.0019409506,0.082,0.3547,0.3338,0.0405,0.0404,0.0075,0.9834,0.8669,0.3106,True,69,26
1368,0.4,0.05,treatment,3,model,0.6222,0.0583,0.0333290399,-0.0015926287,0.1633,0.2037,0.3475,0.061,0.0387,0.001,0.9939,0.9413,0.3812,True,89,27
1368,0.4,0.05,treatment,4,model,0.6168,0.088,0.0226667684,-0.0014506435,0.0483,0.2496,0.2968,0.0171,0.0322,0.0181,0.9348,0.8175,0.0881,True,67,21
1368,0.4,0.05,treatment,5,model,0.6188,0.0683,0.0300950993,-0.0018111707,0.1336,0.3618,0.322,0.0569,0.0382,0.0053,0.9645,0.6993,0.1675,True,75,24
1368,0.4,0.05,treatment,6,model,0.622,0.0611,0.0329278859,-0.0025747139,0.1391,0.3346,0.3433,0.0413,0.0408,0.0013,0.9919,0.9023,0.2756,True,88,33
1368,0.4,0.05,treatment,7,model,0.6182,0.0578,0.0337274943,-0.001059765,0.1725,0.1621,0.3346,0.0678,0.0412,0.0072,0.9902,0.9319,0.2869,True,73,20
1368,0.4,0.05,treatment,8,model,0.6205,0.0733,0.0306615626,-0.0018904596,0.0896,0.2542,0.3412,0.0348,0.0441,0.0087,0.9751,0.8573,0.235,True,82,28
1368,0.4,0.05,treatment,9,model,0.6185,0.0825,0.0275340952,-0.0022326204,0.0478,0.3131,0.308,0.0434,0.0347,0.0091,0.9652,0.7989,0.1169,True,74,30
1368,0.4,0.05,treatment,10,model,0.622,0.0744,0.0306255556,-0.0024884633,0.1031,0.3258,0.3168,0.0358,0.0354,0.007,0.9816,0.6827,0.2612,True,88,35
1368,0.4,0.05,treatment,11,model,0.6225,0.0663,0.0324640771,-0.0007447481,0.067,0.2959,0.3219,0.0252,0.0403,0.0104,0.9847,0.9059,0.3513,True,90,23
1368,0.4,0.05,frozen,0,prior,0.6,0.0925,0.0229281442,0.0,0.0945,0.2239,0.305,0.0369,0.0457,0.0214,0.8377,0.8954,0.0013,False,0,0
1368,0.4,0.05,frozen,1,model,0.6232,0.0582,0.0342735972,-0.0026134784,0.076,0.293,0.3444,0.0364,0.0443,0.0034,0.995,0.9327,0.3981,True,93,35
1368,0.4,0.05,frozen,2,model,0.6162,0.0434,0.0390237835,-0.0019141193,0.079,0.299,0.3511,0.0305,0.0457,0.0024,0.9945,0.8948,0.3912,True,65,25
1368,0.4,0.05,frozen,3,model,0.6242,0.0545,0.035197024,-0.001720477,0.0763,0.3065,0.3553,0.0333,0.047,0.0036,0.9935,0.9351,0.3856,True,97,28
1368,0.4,0.05,frozen,4,model,0.6152,0.0439,0.0369036642,-0.001657532,0.0982,0.3029,0.3665,0.037,0.0479,0.0019,0.9955,0.9319,0.4006,True,61,22
1368,0.4,0.05,frozen,5,model,0.6195,0.0492,0.0364893602,-0.002444019,0.0798,0.2953,0.3535,0.0325,0.0455,0.0013,0.9946,0.946,0.37,True,78,29
1368,0.4,0.05,frozen,6,model,0.6212,0.0596,0.0332017292,-0.0028724517,0.0723,0.299,0.3452,0.0341,0.0461,0.0058,0.9947,0.9357,0.38,True,85,34
1368,0.4,0.05,frozen,7,model,0.619,0.0477,0.0379146817,-0.0013520504,0.073,0.2973,0.3517,0.0295,0.0442,0.0018,0.9937,0.9278,0.3969,True,76,24
1368,0.4,0.05,frozen,8,model,0.6188,0.0558,0.0366011573,-0.0022520038,0.0837,0.314,0.3685,0.0373,0.0499,0.0023,0.9956,0.937,0.4213,True,75,30
1368,0.4,0.05,frozen,9,model,0.6205,0.058,0.0359513108,-0.002716081,0.0687,0.2998,0.3491,0.0325,0.0442,0.0023,0.9955,0.9197,0.4244,True,82,37
1368,0.4,0.05,frozen,10,model,0.6208,0.054,0.0371014645,-0.0025343837,0.0942,0.2917,0.3494,0.0413,0.0429,0.0029,0.9947,0.9264,0.3981,True,83,35
1368,0.4,0.05,frozen,11,model,0.6205,0.0524,0.0371663021,-0.0011457547,0.0752,0.2936,0.3432,0.0322,0.0421,0.0038,0.9939,0.9432,0.3837,True,82,24
1368,0.4,0.05,prior,0,prior,0.6198,0.1,0.0216924819,-0.0012356622,0.019,0.2967,0.3037,0.0362,0.0412,0.0163,0.8377,0.8954,0.0013,False,79,26
1368,0.4,0.05,prior,1,model,0.6228,0.0915,0.0232191013,-0.0016787541,0.0439,0.2608,0.2889,0.0439,0.0392,0.0143,0.836,0.906,0.005,False,91,28
1368,0.4,0.05,prior,2,model,0.618,0.0845,0.0263136367,-0.0011201371,0.0778,0.237,0.286,0.0337,0.0379,0.0181,0.829,0.9113,0.0025,False,72,21
1368,0.4,0.05,prior,3,model,0.62,0.0903,0.0242483114,-0.0015850127,0.0732,0.2211,0.2934,0.0245,0.038,0.0144,0.8332,0.915,0.0013,False,80,25
1368,0.4,0.05,prior,4,model,0.616,0.0913,0.0221070772,-0.0016297252,0.0754,0.2715,0.291,0.0338,0.0416,0.0175,0.838,0.9122,0.0019,False,64,21
1368,0.4,0.05,prior,5,model,0.622,0.0896,0.0236235579,-0.0016820092,0.109,0.2094,0.289,0.0423,0.0399,0.0202,0.8288,0.9194,0.0031,False,88,25
1368,0.4,0.05,prior,6,model,0.6195,0.0944,0.0217001811,-0.0015917407,0.0667,0.2354,0.2871,0.0336,0.0391,0.0188,0.8275,0.9252,0.0013,False,78,27
1368,0.4,0.05,prior,7,model,0.6198,0.09,0.0236249853,-0.0005047036,0.154,0.1425,0.2834,0.0735,0.0404,0.0241,0.8172,0.9218,0.005,False,79,18
1368,0.4,0.05,prior,8,model,0.6198,0.0976,0.0227995537,-0.0016988744,0.0867,0.2308,0.3011,0.0572,0.04,0.0153,0.8334,0.9188,0.0025,False,79,27
1368,0.4,0.05,prior,9,model,0.6192,0.0937,0.0238647515,-0.0025663453,0.0591,0.3273,0.2902,0.0654,0.0392,0.0165,0.8278,0.92,0.0006,False,77,31
1368,0.4,0.05,prior,10,model,0.6195,0.0997,0.0228095707,-0.0008312341,0.0661,0.2604,0.274,0.0399,0.0366,0.0222,0.8291,0.9207,0.0006,False,78,22
1368,0.4,0.05,prior,11,model,0.6205,0.0959,0.0223764425,-0.0006215024,0.0485,0.2374,0.2721,0.025,0.0348,0.02,0.8349,0.9027,0.0013,False,82,20
1368,1.0,0.0,treatment,0,prior,0.6,0.0171,0.0455912081,0.0,0.3988,0.0193,0.4181,0.1598,0.0563,0.0001,0.9727,0.8118,0.2362,True,0,0
1368,1.0,0.0,treatment,1,model,0.6,0.1454,0.0045210298,0.0,0.0292,0.1915,0.1969,0.0325,0.0243,0.0354,0.8255,0.9534,0.0,False,0,0
1368,1.0,0.0,treatment,2,model,0.6,0.04,0.0393831558,0.0,0.2537,0.0901,0.3438,0.1024,0.0421,0.0042,0.9866,0.8809,0.3469,True,0,0
1368,1.0,0.0,treatment,3,model,0.6,0.0592,0.032686116,0.0,0.1369,0.1997,0.33,0.0515,0.0437,0.0072,0.9845,0.8967,0.2706,True,0,0
1368,1.0,0.0,treatment,4,model,0.6,0.0517,0.0336902536,0.0,0.1831,0.207,0.3425,0.062,0.0403,0.0041,0.9723,0.8678,0.1825,True,0,0
1368,1.0,0.0,treatment,5,model,0.6,0.0517,0.0355793175,0.0,0.194,0.141,0.335,0.077,0.0428,0.0063,0.9882,0.9043,0.2525,True,0,0
1368,1.0,0.0,treatment,6,model,0.6,0.0554,0.0343885393,0.0,0.1768,0.1595,0.3362,0.0706,0.0414,0.005,0.9883,0.8608,0.2712,True,0,0
1368,1.0,0.0,treatment,7,model,0.6,0.0575,0.0342213597,0.0,0.1533,0.1692,0.3225,0.0623,0.0428,0.0126,0.9829,0.8689,0.1919,True,0,0
1368,1.0,0.0,treatment,8,model,0.6,0.05,0.0375287953,0.0,0.1869,0.1756,0.3625,0.073,0.0428,0.002,0.9956,0.9274,0.4263,True,0,0
1368,1.0,0.0,treatment,9,model,0.6,0.0663,0.0311638947,0.0,0.1436,0.1783,0.3219,0.0568,0.0363,0.0058,0.9894,0.9163,0.1556,True,0,0
1368,1.0,0.0,treatment,10,model,0.6,0.0667,0.0314174116,0.0,0.1129,0.2344,0.315,0.0414,0.0365,0.009,0.9661,0.8755,0.1762,True,0,0
1368,1.0,0.0,treatment,11,model,0.6,0.0546,0.034911359,0.0,0.148,0.1782,0.325,0.0568,0.0377,0.0029,0.9766,0.8918,0.2875,True,0,0
1368,1.0,0.0,frozen,0,prior,0.6,0.0171,0.0455912081,0.0,0.3988,0.0193,0.4181,0.1598,0.0563,0.0001,0.9727,0.8118,0.2362,True,0,0
1368,1.0,0.0,frozen,1,model,0.6,0.1454,0.0045210298,0.0,0.177,0.0199,0.1969,0.1483,-0.0015,0.0008,0.8255,0.9534,0.0,False,0,0
1368,1.0,0.0,frozen,2,model,0.6,0.1417,0.0065795745,0.0,0.1714,0.0199,0.1913,0.1439,-0.0023,0.0001,0.825,0.9452,0.0,False,0,0
1368,1.0,0.0,frozen,3,model,0.6,0.1404,0.0058273778,0.0,0.1882,0.0199,0.2081,0.1498,-0.0001,0.0005,0.8156,0.9494,0.0,False,0,0
1368,1.0,0.0,frozen,4,model,0.6,0.1487,0.0023851889,0.0,0.177,0.0199,0.1969,0.1504,-0.0015,0.0,0.8071,0.9559,0.0,False,0,0
1368,1.0,0.0,frozen,5,model,0.6,0.14,0.0059178087,0.0,0.1826,0.0199,0.2025,0.1474,-0.0008,0.0005,0.8211,0.9484,0.0,False,0,0
1368,1.0,0.0,frozen,6,model,0.6,0.1421,0.0056631448,0.0,0.1864,0.0199,0.2062,0.1503,-0.0004,0.0015,0.8328,0.9369,0.0,False,0,0
1368,1.0,0.0,frozen,7,model,0.6,0.1412,0.008028286,0.0,0.177,0.0199,0.1969,0.1459,-0.0015,0.0002,0.8191,0.9455,0.0,False,0,0
1368,1.0,0.0,frozen,8,model,0.6,0.1433,0.0061430925,0.0,0.2026,0.0199,0.2225,0.1573,0.0019,0.0006,0.8153,0.9492,0.0,False,0,0
1368,1.0,0.0,frozen,9,model,0.6,0.1392,0.0085823084,0.0,0.1926,0.0199,0.2125,0.1509,0.0004,0.0001,0.8217,0.9518,0.0,False,0,0
1368,1.0,0.0,frozen,10,model,0.6,0.14,0.0077544298,0.0,0.1851,0.0199,0.205,0.1483,-0.0005,0.0,0.8088,0.9464,0.0,False,0,0
1368,1.0,0.0,frozen,11,model,0.6,0.1454,0.0066232491,0.0,0.1689,0.0199,0.1888,0.1452,-0.0026,0.0022,0.8161,0.9483,0.0,False,0,0
1368,1.0,0.0,prior,0,prior,0.6,0.0171,0.0455912081,0.0,0.3988,0.0193,0.4181,0.1598,0.0563,0.0001,0.9727,0.8118,0.2362,True,0,0
1368,1.0,0.0,prior,1,model,0.6,0.0196,0.0450618674,0.0,0.3495,0.0361,0.3856,0.1404,0.0456,0.0004,0.9704,0.8194,0.21,True,0,0
1368,1.0,0.0,prior,2,model,0.6,0.0142,0.047201923,0.0,0.3567,0.0258,0.3825,0.1428,0.0452,0.0001,0.973,0.7963,0.2131,True,0,0
1368,1.0,0.0,prior,3,model,0.6,0.0154,0.0466748261,0.0,0.3563,0.0393,0.3956,0.1422,0.0497,0.0002,0.9733,0.8821,0.2119,True,0,0
1368,1.0,0.0,prior,4,model,0.6,0.0125,0.047201892,0.0,0.3836,0.0177,0.4012,0.1538,0.0501,0.0003,0.9737,0.8173,0.2144,True,0,0
1368,1.0,0.0,prior,5,model,0.6,0.0146,0.0465250011,0.0,0.3607,0.0299,0.3906,0.1435,0.0472,0.0002,0.9726,0.8147,0.1988,True,0,0
1368,1.0,0.0,prior,6,model,0.6,0.0163,0.0461140472,0.0,0.3683,0.0267,0.395,0.1474,0.0486,0.0,0.9743,0.8401,0.2306,True,0,0
1368,1.0,0.0,prior,7,model,0.6,0.01,0.0482314192,0.0,0.3683,0.0254,0.3937,0.1475,0.0485,0.0003,0.9684,0.8374,0.1913,True,0,0
1368,1.0,0.0,prior,8,model,0.6,0.0158,0.0471273739,0.0,0.3892,0.0245,0.4138,0.1564,0.0546,0.0001,0.9747,0.8409,0.2331,True,0,0
1368,1.0,0.0,prior,9,model,0.6,0.0171,0.0464314215,0.0,0.3731,0.0225,0.3956,0.15,0.0493,0.0003,0.9681,0.7812,0.205,True,0,0
1368,1.0,0.0,prior,10,model,0.6,0.015,0.0465719194,0.0,0.3309,0.0616,0.3925,0.1328,0.0502,0.0002,0.974,0.816,0.2137,True,0,0
1368,1.0,0.0,prior,11,model,0.6,0.015,0.0469432179,0.0,0.3626,0.0218,0.3844,0.1451,0.0462,0.0001,0.9739,0.8117,0.2,True,0,0
1368,1.0,0.05,treatment,0,prior,0.621,0.0298,0.0438210971,-0.001770111,0.1571,0.345,0.4195,0.0635,0.0593,0.0004,0.9727,0.8118,0.2362,True,84,33
1368,1.0,0.05,treatment,1,model,0.6202,0.075,0.0280886262,-0.0021108578,0.1091,0.264,0.3147,0.0425,0.0394,0.0103,0.9776,0.8978,0.2044,True,81,29
1368,1.0,0.05,treatment,2,model,0.617,0.0535,0.0363598488,-0.002014186,0.1261,0.2394,0.3355,0.0355,0.0405,0.0052,0.9829,0.9241,0.3663,True,68,26
1368,1.0,0.05,treatment,3,model,0.621,0.0592,0.033036616,-0.0016367448,0.137,0.274,0.345,0.0553,0.0467,0.0071,0.9867,0.9196,0.245,True,84,26
1368,1.0,0.05,treatment,4,model,0.617,0.0551,0.0336066556,-0.0013093756,0.1006,0.2714,0.3499,0.0287,0.047,0.0063,0.9867,0.8745,0.2444,True,68,21
1368,1.0,0.05,treatment,5,model,0.619,0.0509,0.0362065706,-0.0019701711,0.1199,0.4226,0.3504,0.0781,0.0453,0.0059,0.9807,0.9057,0.265,True,76,27
1368,1.0,0.05,treatment,6,model,0.6225,0.0691,0.0309957221,-0.0023927252,0.1682,0.3228,0.3305,0.0688,0.0408,0.0068,0.9874,0.9079,0.2969,True,90,31
1368,1.0,0.05,treatment,7,model,0.6185,0.0598,0.0331545807,-0.0013148693,0.0939,0.2383,0.3316,0.0293,0.042,0.0073,0.9805,0.875,0.2188,True,74,23
1368,1.0,0.05,treatment,8,model,0.6208,0.064,0.0334554659,-0.0025408148,0.1256,0.3712,0.3566,0.0755,0.0437,0.0034,0.9898,0.8619,0.3862,True,83,33
1368,1.0,0.05,treatment,9,model,0.62,0.0847,0.0277274313,-0.0017544467,0.1237,0.4032,0.3053,0.1056,0.0332,0.0061,0.9883,0.9331,0.1581,True,80,29
1368,1.0,0.05,treatment,10,model,0.6198,0.0807,0.0278403622,-0.0021395582,0.0513,0.306,0.3051,0.0286,0.0304,0.0078,0.9639,0.8294,0.2375,True,79,30
1368,1.0,0.05,treatment,11,model,0.62,0.0742,0.0300745379,-0.0003536284,0.1144,0.2172,0.3072,0.0462,0.0389,0.0131,0.9497,0.7177,0.1569,True,80,19
1368,1.0,0.05,frozen,0,prior,0.6,0.0171,0.0455912081,0.0,0.3988,0.0193,0.4181,0.1598,0.0563,0.0001,0.9727,0.8118,0.2362,True,0,0
1368,1.0,0.05,frozen,1,model,0.6218,0.148,0.0038879002,-0.0006331295,0.1758,0.0199,0.1956,0.1483,-0.0017,0.0007,0.8255,0.9534,0.0,False,87,19
1368,1.0,0.05,frozen,2,model,0.6162,0.1444,0.0056323412,-0.0009472333,0.169,0.0199,0.1889,0.1439,-0.0026,0.0001,0.825,0.9452,0.0,False,65,16
1368,1.0,0.05,frozen,3,model,0.6192,0.1405,0.0063354661,0.0005080882,0.1915,0.0199,0.2114,0.1498,0.0003,0.0005,0.8156,0.9494,0.0,False,77,11
1368,1.0,0.05,frozen,4,model,0.6172,0.149,0.0023828606,-2.3283e-06,0.1787,0.0199,0.1986,0.1504,-0.0013,0.0,0.8071,0.9559,0.0,False,69,11
1368,1.0,0.05,frozen,5,model,0.6222,0.1434,0.0050866272,-0.0008311816,0.1806,0.0199,0.2005,0.1474,-0.0011,0.0022,0.8211,0.9484,0.0,False,89,21
1368,1.0,0.05,frozen,6,model,0.6202,0.1443,0.0046270711,-0.0010360737,0.1862,0.0199,0.2061,0.1503,-0.0004,0.0023,0.8328,0.9369,0.0,False,81,17
1368,1.0,0.05,frozen,7,model,0.619,0.1418,0.0080522389,2.39529e-05,0.1789,0.0199,0.1988,0.1459,-0.0013,0.0002,0.8191,0.9455,0.0,False,76,12
1368,1.0,0.05,frozen,8,model,0.6198,0.1452,0.0056965453,-0.0004465472,0.2037,0.0199,0.2235,0.1573,0.0021,0.0006,0.8153,0.9492,0.0,False,79,16
1368,1.0,0.05,frozen,9,model,0.619,0.1434,0.0075507385,-0.0010315698,0.1894,0.0199,0.2093,0.1509,0.0,0.0001,0.8217,0.9518,0.0,False,76,21
1368,1.0,0.05,frozen,10,model,0.6222,0.1426,0.0073781516,-0.0003762782,0.1846,0.0199,0.2045,0.1483,-0.0006,0.0,0.8088,0.9464,0.0,False,89,19
1368,1.0,0.05,frozen,11,model,0.62,0.1476,0.0065556011,-6.76479e-05,0.1676,0.0199,0.1875,0.1452,-0.0027,0.002,0.8161,0.9483,0.0,False,80,17
1368,1.0,0.05,prior,0,prior,0.621,0.0298,0.0438210971,-0.001770111,0.1571,0.345,0.4195,0.0635,0.0593,0.0004,0.9727,0.8118,0.2362,True,84,33
1368,1.0,0.05,prior,1,model,0.6218,0.0338,0.0421916186,-0.0028702488,0.0774,0.306,0.3833,0.05,0.051,0.0002,0.9704,0.8194,0.21,True,87,37
1368,1.0,0.05,prior,2,model,0.6162,0.0247,0.0449010159,-0.0023009071,0.1935,0.2494,0.3811,0.0623,0.0482,0.0012,0.973,0.7963,0.2131,True,65,27
1368,1.0,0.05,prior,3,model,0.621,0.0266,0.0446063232,-0.0020685029,0.1664,0.2592,0.3984,0.0436,0.0521,0.0011,0.9733,0.8821,0.2119,True,84,29
1368,1.0,0.05,prior,4,model,0.6162,0.0231,0.0448465463,-0.0023553457,0.1856,0.2871,0.4007,0.0269,0.0539,0.0002,0.9737,0.8173,0.2144,True,65,27
1368,1.0,0.05,prior,5,model,0.6192,0.0258,0.0441520354,-0.0023729657,0.1459,0.2619,0.3913,0.0491,0.0514,0.0023,0.9726,0.8147,0.1988,True,77,29
1368,1.0,0.05,prior,6,model,0.619,0.0295,0.0431786477,-0.0029353995,0.2816,0.444,0.3924,0.1001,0.0506,0.0006,0.9743,0.8401,0.2306,True,76,34
1368,1.0,0.05,prior,7,model,0.6198,0.021,0.0463774729,-0.0018539463,0.1656,0.3187,0.3958,0.0533,0.0522,0.0006,0.9684,0.8374,0.1913,True,79,28
1368,1.0,0.05,prior,8,model,0.62,0.0306,0.0438466822,-0.0032806917,0.1664,0.2833,0.4105,0.0301,0.0566,0.001,0.9747,0.8409,0.2331,True,80,38
1368,1.0,0.05,prior,9,model,0.623,0.0329,0.0431907835,-0.003240638,0.127,0.4363,0.3926,0.1121,0.0507,0.0,0.9681,0.7812,0.205,True,92,41
1368,1.0,0.05,prior,10,model,0.6198,0.0294,0.0437626351,-0.0028092843,0.1963,0.3384,0.3886,0.0614,0.0498,0.0003,0.974,0.816,0.2137,True,79,37
1368,1.0,0.05,prior,11,model,0.6205,0.0262,0.0452998983,-0.0016433196,0.1697,0.2872,0.386,0.0383,0.0495,0.0011,0.9739,0.8117,0.2,True,82,29
1384,0.2,0.0,treatment,0,prior,0.6,0.1321,0.0087270653,0.0,0.0312,0.2071,0.2269,0.0279,0.0284,0.0284,0.7938,0.9688,0.0,False,0,0
1384,0.2,0.0,treatment,1,model,0.6,0.0413,0.0391472871,0.0,0.2409,0.193,0.3719,0.0871,0.0463,0.0021,0.9944,0.9268,0.3962,True,0,0
1384,0.2,0.0,treatment,2,model,0.6,0.06,0.0331590803,0.0,0.1139,0.2217,0.3306,0.044,0.0429,0.0085,0.9768,0.8168,0.2131,True,0,0
1384,0.2,0.0,treatment,3,model,0.6,0.0446,0.0376077666,0.0,0.2419,0.1229,0.3638,0.0937,0.0443,0.0014,0.994,0.9393,0.3331,True,0,0
1384,0.2,0.0,treatment,4,model,0.6,0.0558,0.0341618082,0.0,0.1261,0.2211,0.3469,0.0492,0.0437,0.0061,0.9909,0.8795,0.2506,True,0,0
1384,0.2,0.0,treatment,5,model,0.6,0.0546,0.0356082193,0.0,0.2415,0.1079,0.3494,0.1036,0.0453,0.0057,0.9757,0.8577,0.2525,True,0,0
1384,0.2,0.0,treatment,6,model,0.6,0.0654,0.032172272,0.0,0.1517,0.2633,0.3331,0.0532,0.0401,0.0077,0.9789,0.6531,0.1975,True,0,0
1384,0.2,0.0,treatment,7,model,0.6,0.0542,0.0351453193,0.0,0.172,0.1817,0.3538,0.068,0.046,0.005,0.9813,0.8585,0.2338,True,0,0
1384,0.2,0.0,treatment,8,model,0.6,0.0621,0.0319882766,0.0,0.1243,0.2875,0.3281,0.0445,0.0411,0.0085,0.9929,0.898,0.2569,True,0,0
1384,0.2,0.0,treatment,9,model,0.6,0.0462,0.0378060515,0.0,0.1314,0.2174,0.3488,0.0501,0.0462,0.0075,0.992,0.9011,0.3206,True,0,0
1384,0.2,0.0,treatment,10,model,0.6,0.0425,0.0388427258,0.0,0.2302,0.1223,0.3525,0.093,0.0402,0.0035,0.9944,0.9098,0.3488,True,0,0
1384,0.2,0.0,treatment,11,model,0.6,0.0675,0.0321488585,0.0,0.1028,0.2429,0.3219,0.034,0.0455,0.0139,0.9719,0.8246,0.2112,True,0,0
1384,0.2,0.0,frozen,0,prior,0.6,0.1321,0.0087270653,0.0,0.0312,0.2071,0.2269,0.0279,0.0284,0.0284,0.7938,0.9688,0.0,False,0,0
1384,0.2,0.0,frozen,1,model,0.6,0.0413,0.0391472871,0.0,0.0283,0.362,0.3719,0.0134,0.0502,0.0026,0.9944,0.9268,0.3962,True,0,0
1384,0.2,0.0,frozen,2,model,0.6,0.0417,0.0391085285,0.0,0.0234,0.353,0.3581,0.012,0.0455,0.0041,0.996,0.9387,0.4225,True,0,0
1384,0.2,0.0,frozen,3,model,0.6,0.0471,0.037215873,0.0,0.0191,0.3614,0.36,0.012,0.046,0.0042,0.9939,0.8882,0.3644,True,0,0
1384,0.2,0.0,frozen,4,model,0.6,0.0433,0.0384675964,0.0,0.0217,0.3676,0.3656,0.0105,0.0492,0.0039,0.9937,0.8821,0.3563,True,0,0
1384,0.2,0.0,frozen,5,model,0.6,0.0425,0.0393678013,0.0,0.0312,0.368,0.3675,0.0171,0.0515,0.0053,0.9941,0.8846,0.3856,True,0,0
1384,0.2,0.0,frozen,6,model,0.6,0.0454,0.0385171554,0.0,0.0489,0.3634,0.3631,0.0235,0.047,0.0008,0.9945,0.897,0.3862,True,0,0
1384,0.2,0.0,frozen,7,model,0.6,0.0467,0.038091018,0.0,0.0249,0.3749,0.365,0.0145,0.0488,0.0026,0.9942,0.8724,0.3869,True,0,0
1384,0.2,0.0,frozen,8,model,0.6,0.0396,0.0391356179,0.0,0.0493,0.3775,0.3619,0.021,0.0461,0.0012,0.9945,0.9089,0.4156,True,0,0
1384,0.2,0.0,frozen,9,model,0.6,0.0429,0.0381042242,0.0,0.0329,0.3634,0.3538,0.0164,0.0458,0.0054,0.9944,0.8333,0.4012,True,0,0
1384,0.2,0.0,frozen,10,model,0.6,0.0362,0.0408438968,0.0,0.0379,0.3695,0.3619,0.019,0.0474,0.0004,0.9946,0.8916,0.3862,True,0,0
1384,0.2,0.0,frozen,11,model,0.6,0.0408,0.0408066028,0.0,0.0381,0.3753,0.3619,0.0162,0.0477,0.0037,0.9949,0.9179,0.3837,True,0,0
1384,0.2,0.0,prior,0,prior,0.6,0.1321,0.0087270653,0.0,0.0312,0.2071,0.2269,0.0279,0.0284,0.0284,0.7938,0.9688,0.0,False,0,0
1384,0.2,0.0,prior,1,model,0.6,0.13,0.0117358884,0.0,0.0369,0.2063,0.2387,0.0313,0.0355,0.0333,0.7996,0.9713,0.0,False,0,0
1384,0.2,0.0,prior,2,model,0.6,0.1358,0.0104089939,0.0,0.0474,0.1815,0.2169,0.0278,0.0304,0.0361,0.7887,0.9807,0.0,False,0,0
1384,0.2,0.0,prior,3,model,0.6,0.1383,0.0088352809,0.0,0.0345,0.1999,0.2231,0.0354,0.0282,0.031,0.7916,0.9793,0.0,False,0,0
1384,0.2,0.0,prior,4,model,0.6,0.1358,0.0089879655,0.0,0.0235,0.2058,0.2269,0.0327,0.0311,0.0305,0.7856,0.9743,0.0,False,0,0
1384,0.2,0.0,prior,5,model,0.6,0.125,0.0130166372,0.0,0.0465,0.2048,0.2437,0.0251,0.0363,0.0301,0.7882,0.9676,0.0,False,0,0
1384,0.2,0.0,prior,6,model,0.6,0.1283,0.0116792103,0.0,0.0585,0.1873,0.2387,0.0198,0.0323,0.0313,0.79,0.9759,0.0,False,0,0
1384,0.2,0.0,prior,7,model,0.6,0.14,0.009078418,0.0,0.0333,0.1987,0.225,0.0245,0.0312,0.034,0.7962,0.9782,0.0,False,0,0
1384,0.2,0.0,prior,8,model,0.6,0.1292,0.0113502161,0.0,0.0494,0.1927,0.2275,0.0164,0.0283,0.0285,0.785,0.9708,0.0,False,0,0
1384,0.2,0.0,prior,9,model,0.6,0.1342,0.0094828359,0.0,0.0275,0.2122,0.2169,0.0296,0.0314,0.0355,0.7874,0.9724,0.0,False,0,0
1384,0.2,0.0,prior,10,model,0.6,0.1325,0.0097593214,0.0,0.0455,0.1826,0.2175,0.0171,0.03,0.0352,0.7932,0.9785,0.0,False,0,0
1384,0.2,0.0,prior,11,model,0.6,0.1429,0.0110496082,0.0,0.025,0.1897,0.2087,0.0366,0.0298,0.0383,0.7807,0.9804,0.0,False,0,0
1384,0.2,0.05,treatment,0,prior,0.619,0.1389,0.0069373237,-0.0017897416,0.0542,0.2039,0.2205,0.0539,0.0249,0.0271,0.7938,0.9688,0.0,False,76,27
1384,0.2,0.05,treatment,1,model,0.621,0.0688,0.0310861385,-0.0017374419,0.0616,0.2846,0.345,0.0343,0.0426,0.007,0.944,0.8622,0.1462,True,84,23
1384,0.2,0.05,treatment,2,model,0.6212,0.0652,0.0331584028,-0.0009781609,0.0997,0.3197,0.3373,0.0478,0.0445,0.0109,0.9639,0.8607,0.2125,True,85,23
1384,0.2,0.05,treatment,3,model,0.621,0.0632,0.0327926467,-0.0016799415,0.144,0.3945,0.3509,0.0561,0.0399,0.0008,0.9905,0.8954,0.2944,True,84,29
1384,0.2,0.05,treatment,4,model,0.618,0.0761,0.0272346207,-0.0017653785,0.0549,0.3032,0.3279,0.0146,0.043,0.0136,0.9873,0.8757,0.2812,True,72,27
1384,0.2,0.05,treatment,5,model,0.6168,0.0681,0.0315294799,-0.0011173208,0.1697,0.1853,0.3405,0.0725,0.045,0.0072,0.9743,0.6748,0.1906,True,67,22
1384,0.2,0.05,treatment,6,model,0.6255,0.0755,0.0298557457,-0.0011953335,0.12,0.2396,0.3344,0.0392,0.0425,0.0085,0.9698,0.8877,0.2269,True,102,26
1384,0.2,0.05,treatment,7,model,0.6255,0.0751,0.0293950581,-0.0024639935,0.1067,0.2823,0.3391,0.0393,0.0435,0.0067,0.9737,0.7938,0.1787,True,102,35
1384,0.2,0.05,treatment,8,model,0.6208,0.0544,0.0341883091,-0.000620113,0.1482,0.2779,0.3553,0.039,0.0437,0.002,0.9914,0.8549,0.2856,True,83,19
1384,0.2,0.05,treatment,9,model,0.6218,0.0639,0.0327094133,-0.0016039306,0.1694,0.2592,0.3371,0.0567,0.0411,0.0052,0.9834,0.9307,0.1931,True,87,25
1384,0.2,0.05,treatment,10,model,0.62,0.073,0.0304002482,-0.000873438,0.0974,0.2855,0.3191,0.0245,0.0389,0.0068,0.9777,0.784,0.2037,True,80,20
1384,0.2,0.05,treatment,11,model,0.6218,0.0663,0.0338307482,-0.0021615107,0.1401,0.2609,0.3384,0.056,0.0409,0.006,0.9856,0.8397,0.225,True,87,34
1384,0.2,0.05,frozen,0,prior,0.6,0.1321,0.0087270653,0.0,0.0312,0.2071,0.2269,0.0279,0.0284,0.0284,0.7938,0.9688,0.0,False,0,0
1384,0.2,0.05,frozen,1,model,0.6195,0.0508,0.0368295499,-0.0023177372,0.0303,0.3619,0.3732,0.0134,0.0507,0.0025,0.9944,0.9268,0.3962,True,78,27
1384,0.2,0.05,frozen,2,model,0.6208,0.0503,0.037789309,-0.0013192195,0.0233,0.3551,0.3612,0.012,0.0465,0.0036,0.996,0.9387,0.4225,True,83,25
1384,0.2,0.05,frozen,3,model,0.6175,0.0567,0.0350868802,-0.0021289928,0.0223,0.3595,0.3588,0.012,0.0457,0.0044,0.9939,0.8882,0.3644,True,70,27
1384,0.2,0.05,frozen,4,model,0.6172,0.0547,0.0360849412,-0.0023826552,0.023,0.3662,0.3619,0.0105,0.048,0.0037,0.9937,0.8821,0.3563,True,69,31
1384,0.2,0.05,frozen,5,model,0.6168,0.0499,0.0382951494,-0.0010726518,0.0267,0.3684,0.3699,0.0171,0.0519,0.0057,0.9941,0.8846,0.3856,True,67,21
1384,0.2,0.05,frozen,6,model,0.6228,0.0562,0.0363127636,-0.0022043918,0.0454,0.364,0.3645,0.0235,0.0477,0.0025,0.9945,0.897,0.3862,True,91,31
1384,0.2,0.05,frozen,7,model,0.6225,0.0602,0.0347648446,-0.0033261734,0.0215,0.3741,0.3616,0.0145,0.0478,0.0025,0.9942,0.8724,0.3869,True,90,38
1384,0.2,0.05,frozen,8,model,0.6198,0.0468,0.0380790325,-0.0010565854,0.0482,0.3787,0.3669,0.021,0.0474,0.0012,0.9945,0.9089,0.4156,True,79,21
1384,0.2,0.05,frozen,9,model,0.6222,0.0518,0.0363792509,-0.0017249734,0.0308,0.3628,0.3574,0.0164,0.0467,0.0051,0.9944,0.8333,0.4012,True,89,26
1384,0.2,0.05,frozen,10,model,0.6182,0.0449,0.0392961764,-0.0015477204,0.0392,0.3698,0.3635,0.019,0.0481,0.0002,0.9946,0.8916,0.3862,True,73,24
1384,0.2,0.05,frozen,11,model,0.6208,0.0524,0.0387071423,-0.0020994605,0.0383,0.3747,0.3606,0.0162,0.0471,0.0032,0.9949,0.9179,0.3837,True,83,32
1384,0.2,0.05,prior,0,prior,0.619,0.1389,0.0069373237,-0.0017897416,0.0542,0.2039,0.2205,0.0539,0.0249,0.0271,0.7938,0.9688,0.0,False,76,27
1384,0.2,0.05,prior,1,model,0.6218,0.1331,0.0107096491,-0.0010262392,0.0561,0.1954,0.2399,0.0334,0.0281,0.0245,0.7996,0.9713,0.0,False,87,19
1384,0.2,0.05,prior,2,model,0.622,0.1387,0.0102322864,-0.0001767076,0.0379,0.1985,0.2169,0.0286,0.0265,0.0337,0.7887,0.9807,0.0,False,88,19
1384,0.2,0.05,prior,3,model,0.62,0.1407,0.0085402751,-0.0002950059,0.09,0.138,0.2237,0.0542,0.0276,0.031,0.7916,0.9793,0.0,False,80,17
1384,0.2,0.05,prior,4,model,0.62,0.1399,0.0080994327,-0.0008885328,0.0494,0.2155,0.225,0.029,0.0248,0.0285,0.7856,0.9743,0.0,False,80,21
1384,0.2,0.05,prior,5,model,0.6192,0.1276,0.0129005824,-0.0001160548,0.0481,0.2137,0.2456,0.0138,0.0289,0.0265,0.7882,0.9676,0.0,False,77,16
1384,0.2,0.05,prior,6,model,0.6208,0.1321,0.0108770191,-0.0008021912,0.0877,0.1528,0.2386,0.0413,0.0298,0.0289,0.79,0.9759,0.0,False,83,20
1384,0.2,0.05,prior,7,model,0.6232,0.1424,0.0085366954,-0.0005417226,0.0395,0.2112,0.2263,0.0299,0.0306,0.032,0.7962,0.9782,0.0,False,93,19
1384,0.2,0.05,prior,8,model,0.6182,0.131,0.0109528557,-0.0003973603,0.0509,0.213,0.2292,0.0312,0.0268,0.0286,0.785,0.9708,0.0,False,73,14
1384,0.2,0.05,prior,9,model,0.6202,0.1342,0.0096094335,0.0001265976,0.0824,0.1708,0.2212,0.0615,0.0288,0.0341,0.7874,0.9724,0.0,False,81,11
1384,0.2,0.05,prior,10,model,0.6232,0.1356,0.0088871086,-0.0008722129,0.0465,0.1896,0.2177,0.0115,0.0294,0.0334,0.7932,0.9785,0.0,False,93,20
1384,0.2,0.05,prior,11,model,0.6258,0.149,0.0095865487,-0.0014630595,0.0579,0.2609,0.2031,0.0573,0.0272,0.0336,0.7807,0.9804,0.0,False,103,30
1384,0.4,0.0,treatment,0,prior,0.6,0.085,0.0241256775,0.0,0.1075,0.2162,0.2975,0.0335,0.0405,0.0162,0.8321,0.9065,0.0013,False,0,0
1384,0.4,0.0,treatment,1,model,0.6,0.0413,0.0390292379,0.0,0.2331,0.1398,0.3719,0.0896,0.0486,0.0023,0.99,0.9,0.335,True,0,0
1384,0.4,0.0,treatment,2,model,0.6,0.0517,0.036102145,0.0,0.151,0.1921,0.3431,0.0598,0.0434,0.0057,0.9883,0.8603,0.2756,True,0,0
1384,0.4,0.0,treatment,3,model,0.6,0.0592,0.0331571697,0.0,0.1036,0.239,0.3419,0.047,0.0419,0.0058,0.9892,0.8792,0.3019,True,0,0
1384,0.4,0.0,treatment,4,model,0.6,0.0508,0.0356092733,0.0,0.2215,0.1329,0.3544,0.0885,0.044,0.0039,0.9861,0.8327,0.2425,True,0,0
1384,0.4,0.0,treatment,5,model,0.6,0.0604,0.0334852533,0.0,0.1604,0.1869,0.3406,0.0619,0.0468,0.0079,0.9691,0.8828,0.2144,True,0,0
1384,0.4,0.0,treatment,6,model,0.6,0.0625,0.0325633593,0.0,0.1393,0.1982,0.3375,0.0569,0.0435,0.009,0.9871,0.8552,0.225,True,0,0
1384,0.4,0.0,treatment,7,model,0.6,0.0504,0.0368799075,0.0,0.1927,0.177,0.3594,0.0698,0.0444,0.0031,0.9917,0.8978,0.3144,True,0,0
1384,0.4,0.0,treatment,8,model,0.6,0.0612,0.0314481672,0.0,0.1491,0.1856,0.3294,0.0548,0.0425,0.0085,0.9936,0.9173,0.3387,True,0,0
1384,0.4,0.0,treatment,9,model,0.6,0.0537,0.0349829702,0.0,0.1533,0.2179,0.3375,0.0508,0.0401,0.004,0.9787,0.8187,0.2469,True,0,0
1384,0.4,0.0,treatment,10,model,0.6,0.055,0.0350432706,0.0,0.1464,0.1874,0.3337,0.0576,0.0432,0.0034,0.9787,0.5629,0.2394,True,0,0
1384,0.4,0.0,treatment,11,model,0.6,0.0525,0.0363972539,0.0,0.1562,0.2366,0.3444,0.0512,0.0472,0.0095,0.984,0.8499,0.2906,True,0,0
1384,0.4,0.0,frozen,0,prior,0.6,0.085,0.0241256775,0.0,0.1075,0.2162,0.2975,0.0335,0.0405,0.0162,0.8321,0.9065,0.0013,False,0,0
1384,0.4,0.0,frozen,1,model,0.6,0.0413,0.0390292379,0.0,0.1071,0.3155,0.3719,0.055,0.0497,0.0019,0.99,0.9,0.335,True,0,0
1384,0.4,0.0,frozen,2,model,0.6,0.05,0.0369782455,0.0,0.0813,0.2984,0.3456,0.0498,0.0431,0.0031,0.9895,0.8946,0.2975,True,0,0
1384,0.4,0.0,frozen,3,model,0.6,0.0488,0.0373108196,0.0,0.0953,0.3117,0.3575,0.0539,0.0444,0.0009,0.9898,0.8972,0.2775,True,0,0
1384,0.4,0.0,frozen,4,model,0.6,0.0496,0.035154696,0.0,0.0832,0.3194,0.3563,0.0502,0.0473,0.0028,0.9899,0.8907,0.3006,True,0,0
1384,0.4,0.0,frozen,5,model,0.6,0.0446,0.038746534,0.0,0.0732,0.3153,0.3644,0.0442,0.0511,0.0049,0.9902,0.8784,0.3319,True,0,0
1384,0.4,0.0,frozen,6,model,0.6,0.0521,0.0364857872,0.0,0.0753,0.3192,0.3531,0.0485,0.0437,0.0018,0.9908,0.8879,0.29,True,0,0
1384,0.4,0.0,frozen,7,model,0.6,0.0437,0.0381451596,0.0,0.0835,0.3286,0.3694,0.0468,0.0495,0.0015,0.9912,0.885,0.3187,True,0,0
1384,0.4,0.0,frozen,8,model,0.6,0.0421,0.0373100262,0.0,0.0928,0.3315,0.3581,0.0494,0.0442,0.0044,0.9906,0.909,0.3219,True,0,0
1384,0.4,0.0,frozen,9,model,0.6,0.04,0.0395615077,0.0,0.0818,0.321,0.3581,0.0445,0.0467,0.0044,0.9915,0.8664,0.37,True,0,0
1384,0.4,0.0,frozen,10,model,0.6,0.0425,0.0377886866,0.0,0.0756,0.3152,0.3525,0.0421,0.0455,0.0042,0.9907,0.9002,0.2906,True,0,0
1384,0.4,0.0,frozen,11,model,0.6,0.045,0.0382996114,0.0,0.0732,0.3295,0.3556,0.0437,0.0457,0.0055,0.9916,0.881,0.3162,True,0,0
1384,0.4,0.0,prior,0,prior,0.6,0.085,0.0241256775,0.0,0.1075,0.2162,0.2975,0.0335,0.0405,0.0162,0.8321,0.9065,0.0013,False,0,0
1384,0.4,0.0,prior,1,model,0.6,0.0829,0.0257890872,0.0,0.1106,0.1987,0.3094,0.0414,0.0479,0.0207,0.8223,0.9168,0.0037,False,0,0
1384,0.4,0.0,prior,2,model,0.6,0.0854,0.0263672966,0.0,0.1083,0.1933,0.2925,0.039,0.044,0.0211,0.8234,0.9246,0.0025,False,0,0
1384,0.4,0.0,prior,3,model,0.6,0.0917,0.0235815933,0.0,0.1157,0.1949,0.2931,0.0449,0.0427,0.0194,0.822,0.917,0.0013,False,0,0
1384,0.4,0.0,prior,4,model,0.6,0.0825,0.0252185102,0.0,0.1367,0.1702,0.3069,0.0547,0.0408,0.0162,0.8276,0.9125,0.0019,False,0,0
1384,0.4,0.0,prior,5,model,0.6,0.0771,0.0273544721,0.0,0.1199,0.2235,0.3156,0.0364,0.0447,0.0154,0.8332,0.9035,0.0044,False,0,0
1384,0.4,0.0,prior,6,model,0.6,0.0808,0.0262344817,0.0,0.1291,0.1823,0.31,0.0488,0.0429,0.0171,0.8267,0.9143,0.0019,False,0,0
1384,0.4,0.0,prior,7,model,0.6,0.0908,0.0242137245,0.0,0.1021,0.2022,0.2988,0.0388,0.0423,0.0162,0.8237,0.9209,0.0,False,0,0
1384,0.4,0.0,prior,8,model,0.6,0.0779,0.0276239894,0.0,0.1422,0.177,0.3044,0.0557,0.0426,0.0177,0.8329,0.8957,0.0037,False,0,0
1384,0.4,0.0,prior,9,model,0.6,0.0879,0.0246108373,0.0,0.0489,0.2461,0.2863,0.0117,0.0393,0.0191,0.838,0.9101,0.005,False,0,0
1384,0.4,0.0,prior,10,model,0.6,0.0779,0.0269872801,0.0,0.1302,0.1741,0.2994,0.0529,0.0443,0.0208,0.8229,0.9189,0.0013,False,0,0
1384,0.4,0.0,prior,11,model,0.6,0.0879,0.0263797123,0.0,0.095,0.1963,0.2913,0.0385,0.0446,0.0244,0.8319,0.9183,0.0031,False,0,0
1384,0.4,0.05,treatment,0,prior,0.6185,0.0954,0.0214512173,-0.0026744602,0.0564,0.3297,0.291,0.0717,0.0374,0.0175,0.8321,0.9065,0.0013,False,74,32
1384,0.4,0.05,treatment,1,model,0.6192,0.0606,0.0335223777,-0.0023036899,0.1173,0.3121,0.3572,0.0224,0.0477,0.0085,0.9574,0.8973,0.2338,True,77,26
1384,0.4,0.05,treatment,2,model,0.6198,0.0557,0.0357126466,-0.0011641985,0.1369,0.2439,0.3517,0.0548,0.0448,0.0044,0.9822,0.8417,0.2494,True,79,23
1384,0.4,0.05,treatment,3,model,0.6198,0.0682,0.0316003838,-0.0014584747,0.1147,0.3739,0.3419,0.0461,0.0397,0.0039,0.9913,0.8716,0.305,True,79,27
1384,0.4,0.05,treatment,4,model,0.6185,0.0695,0.0309950669,-0.0017115746,0.145,0.3314,0.3388,0.0596,0.044,0.0062,0.9781,0.8342,0.2188,True,74,26
1384,0.4,0.05,treatment,5,model,0.616,0.054,0.0356596014,-0.0010072719,0.1953,0.1914,0.3626,0.0765,0.0475,0.0029,0.9927,0.9382,0.2794,True,64,21
1384,0.4,0.05,treatment,6,model,0.6252,0.0764,0.0294596596,-0.001219507,0.1476,0.2337,0.3329,0.0488,0.0385,0.0063,0.959,0.8573,0.1731,True,101,27
1384,0.4,0.05,treatment,7,model,0.627,0.0873,0.0250983428,-0.0026759077,0.1199,0.2713,0.3197,0.043,0.038,0.0095,0.972,0.8935,0.1956,True,108,37
1384,0.4,0.05,treatment,8,model,0.6212,0.06,0.0331477225,-0.000733497,0.1277,0.2201,0.3465,0.0453,0.0431,0.0064,0.9757,0.9027,0.2069,True,85,19
1384,0.4,0.05,treatment,9,model,0.6192,0.0606,0.0343120469,-0.0018008908,0.175,0.2548,0.3408,0.0666,0.0401,0.0025,0.9878,0.8814,0.3169,True,77,26
1384,0.4,0.05,treatment,10,model,0.621,0.0688,0.0309476684,-0.0008180544,0.1106,0.2172,0.3265,0.0407,0.0414,0.0113,0.9551,0.8543,0.155,True,84,21
1384,0.4,0.05,treatment,11,model,0.6215,0.0636,0.034337173,-0.0023452869,0.1288,0.3972,0.3428,0.0519,0.0456,0.0104,0.9764,0.8077,0.1988,True,86,35
1384,0.4,0.05,frozen,0,prior,0.6,0.085,0.0241256775,0.0,0.1075,0.2162,0.2975,0.0335,0.0405,0.0162,0.8321,0.9065,0.0013,False,0,0
1384,0.4,0.05,frozen,1,model,0.6205,0.0516,0.0364641705,-0.0025650674,0.1081,0.3162,0.3729,0.055,0.05,0.0017,0.99,0.9,0.335,True,82,29
1384,0.4,0.05,frozen,2,model,0.621,0.058,0.0357214718,-0.0012567737,0.0811,0.3025,0.3489,0.0498,0.0443,0.003,0.9895,0.8946,0.2975,True,84,24
1384,0.4,0.05,frozen,3,model,0.619,0.059,0.0352025478,-0.0021082718,0.0969,0.3097,0.3563,0.0539,0.0436,0.0007,0.9898,0.8972,0.2775,True,76,29
1384,0.4,0.05,frozen,4,model,0.6168,0.06,0.0332051307,-0.0019495653,0.0837,0.3169,0.3529,0.0502,0.0463,0.0027,0.9899,0.8907,0.3006,True,67,29
1384,0.4,0.05,frozen,5,model,0.616,0.0524,0.0373971601,-0.0013493739,0.0746,0.3156,0.3652,0.0442,0.0513,0.0046,0.9902,0.8784,0.3319,True,64,22
1384,0.4,0.05,frozen,6,model,0.6248,0.062,0.0347736223,-0.0017121649,0.0794,0.3201,0.3564,0.0485,0.0447,0.0019,0.9908,0.8879,0.29,True,99,30
1384,0.4,0.05,frozen,7,model,0.6232,0.0578,0.0347974074,-0.0033477522,0.0802,0.3264,0.3663,0.0468,0.0491,0.0012,0.9912,0.885,0.3187,True,93,39
1384,0.4,0.05,frozen,8,model,0.6205,0.0488,0.0363605814,-0.0009494448,0.0947,0.3327,0.3643,0.0494,0.0457,0.0034,0.9906,0.909,0.3219,True,82,20
1384,0.4,0.05,frozen,9,model,0.6215,0.0487,0.0378635853,-0.0016979223,0.0806,0.3195,0.362,0.0445,0.048,0.0045,0.9915,0.8664,0.37,True,86,25
1384,0.4,0.05,frozen,10,model,0.6198,0.0512,0.0362890909,-0.0014995956,0.077,0.3158,0.3544,0.0421,0.0459,0.0042,0.9907,0.9002,0.2906,True,79,25
1384,0.4,0.05,frozen,11,model,0.621,0.0568,0.0360790214,-0.00222059,0.0731,0.3299,0.3536,0.0437,0.0449,0.005,0.9916,0.881,0.3162,True,84,33
1384,0.4,0.05,prior,0,prior,0.6185,0.0954,0.0214512173,-0.0026744602,0.0564,0.3297,0.291,0.0717,0.0374,0.0175,0.8321,0.9065,0.0013,False,74,32
1384,0.4,0.05,prior,1,model,0.62,0.0899,0.0238000108,-0.0019890764,0.1082,0.2373,0.3099,0.035,0.0422,0.0151,0.8223,0.9168,0.0037,False,80,24
1384,0.4,0.05,prior,2,model,0.621,0.0914,0.0257378426,-0.000629454,0.0845,0.2115,0.2942,0.0422,0.0411,0.0184,0.8234,0.9246,0.0025,False,84,22
1384,0.4,0.05,prior,3,model,0.621,0.0986,0.0222694329,-0.0013121604,0.0884,0.2345,0.2929,0.0265,0.0394,0.0183,0.822,0.917,0.0013,False,84,25
1384,0.4,0.05,prior,4,model,0.6168,0.0912,0.0231951545,-0.0020233556,0.0882,0.2566,0.3027,0.033,0.0424,0.015,0.8276,0.9125,0.0019,False,67,27
1384,0.4,0.05,prior,5,model,0.619,0.084,0.0263384324,-0.0010160397,0.053,0.2833,0.3163,0.0576,0.0458,0.0145,0.8332,0.9035,0.0044,False,76,23
1384,0.4,0.05,prior,6,model,0.6215,0.0885,0.0248386476,-0.0013958342,0.1276,0.196,0.3104,0.0412,0.0417,0.0165,0.8267,0.9143,0.0019,False,86,26
1384,0.4,0.05,prior,7,model,0.6232,0.0979,0.0227323898,-0.0014813346,0.0981,0.2936,0.2999,0.0659,0.0411,0.015,0.8237,0.9209,0.0,False,93,26
1384,0.4,0.05,prior,8,model,0.6188,0.0828,0.0267597723,-0.0008642171,0.1415,0.1702,0.3075,0.0592,0.0413,0.0152,0.8329,0.8957,0.0037,False,75,18
1384,0.4,0.05,prior,9,model,0.6208,0.0926,0.023764644,-0.0008461933,0.1173,0.2519,0.2894,0.0444,0.0391,0.0176,0.838,0.9101,0.005,False,83,19
1384,0.4,0.05,prior,10,model,0.6205,0.0842,0.0256575608,-0.0013297193,0.0582,0.2642,0.3011,0.0448,0.0428,0.02,0.8229,0.9189,0.0013,False,82,22
1384,0.4,0.05,prior,11,model,0.624,0.0982,0.0241725049,-0.0022072074,0.0581,0.2461,0.2872,0.0452,0.0419,0.0242,0.8319,0.9183,0.0031,False,96,34
1384,1.0,0.0,treatment,0,prior,0.6,0.015,0.0464360879,0.0,0.3671,0.0354,0.4025,0.1466,0.0511,0.0001,0.9723,0.7865,0.2406,True,0,0
1384,1.0,0.0,treatment,1,model,0.6,0.1187,0.0150631607,0.0,0.034,0.246,0.2556,0.0207,0.0363,0.0283,0.9085,0.9274,0.01,True,0,0
1384,1.0,0.0,treatment,2,model,0.6,0.0454,0.0383092879,0.0,0.1556,0.1969,0.3525,0.0593,0.0418,0.0039,0.9943,0.9463,0.3837,True,0,0
1384,1.0,0.0,treatment,3,model,0.6,0.0592,0.0336640037,0.0,0.1414,0.2005,0.3419,0.0556,0.0415,0.0033,0.9941,0.925,0.3706,True,0,0
1384,1.0,0.0,treatment,4,model,0.6,0.0508,0.0355972644,0.0,0.1842,0.228,0.3544,0.064,0.0447,0.0016,0.9923,0.9168,0.4006,True,0,0
1384,1.0,0.0,treatment,5,model,0.6,0.0542,0.0349473208,0.0,0.1984,0.1878,0.35,0.0722,0.0436,0.0043,0.989,0.897,0.2,True,0,0
1384,1.0,0.0,treatment,6,model,0.6,0.0625,0.0329727269,0.0,0.1266,0.2547,0.3375,0.0458,0.0413,0.0085,0.9859,0.6386,0.2294,True,0,0
1384,1.0,0.0,treatment,7,model,0.6,0.0529,0.0357500989,0.0,0.1726,0.1943,0.3556,0.0667,0.0469,0.009,0.9844,0.8593,0.2444,True,0,0
1384,1.0,0.0,treatment,8,model,0.6,0.0504,0.0354299393,0.0,0.2319,0.1137,0.3456,0.0923,0.0394,0.002,0.9886,0.9238,0.275,True,0,0
1384,1.0,0.0,treatment,9,model,0.6,0.0725,0.0295311098,0.0,0.0692,0.2447,0.3094,0.026,0.0395,0.0106,0.9707,0.872,0.1656,True,0,0
1384,1.0,0.0,treatment,10,model,0.6,0.0529,0.034440018,0.0,0.1635,0.3134,0.3369,0.0527,0.0406,0.0096,0.9685,0.8574,0.2206,True,0,0
1384,1.0,0.0,treatment,11,model,0.6,0.0488,0.0373443505,0.0,0.0834,0.3073,0.35,0.0254,0.048,0.0082,0.9817,0.8266,0.2225,True,0,0
1384,1.0,0.0,frozen,0,prior,0.6,0.015,0.0464360879,0.0,0.3671,0.0354,0.4025,0.1466,0.0511,0.0001,0.9723,0.7865,0.2406,True,0,0
1384,1.0,0.0,frozen,1,model,0.6,0.1187,0.0150631607,0.0,0.2106,0.045,0.2556,0.1515,0.0125,0.0029,0.9085,0.9274,0.01,True,0,0
1384,1.0,0.0,frozen,2,model,0.6,0.1192,0.0139925788,0.0,0.1957,0.0465,0.2419,0.1456,0.0093,0.0068,0.9057,0.9352,0.0206,True,0,0
1384,1.0,0.0,frozen,3,model,0.6,0.125,0.012933003,0.0,0.1946,0.0488,0.2431,0.1487,0.0101,0.0047,0.9177,0.9337,0.0275,True,0,0
1384,1.0,0.0,frozen,4,model,0.6,0.1175,0.0147880982,0.0,0.2043,0.05,0.2544,0.1481,0.0135,0.0111,0.9136,0.9265,0.0206,True,0,0
1384,1.0,0.0,frozen,5,model,0.6,0.1154,0.0156854325,0.0,0.2095,0.0486,0.2581,0.149,0.0134,0.007,0.9167,0.9269,0.0219,True,0,0
1384,1.0,0.0,frozen,6,model,0.6,0.1212,0.0153239592,0.0,0.2014,0.0479,0.2494,0.1493,0.0109,0.0059,0.9096,0.9233,0.0244,True,0,0
1384,1.0,0.0,frozen,7,model,0.6,0.1192,0.0144848677,0.0,0.2064,0.0501,0.2562,0.15,0.013,0.0081,0.9187,0.9255,0.0288,True,0,0
1384,1.0,0.0,frozen,8,model,0.6,0.1029,0.0174712451,0.0,0.2195,0.0474,0.2669,0.1455,0.0138,0.0027,0.9247,0.9231,0.025,True,0,0
1384,1.0,0.0,frozen,9,model,0.6,0.1096,0.0189503181,0.0,0.2053,0.0484,0.2537,0.1438,0.0119,0.0041,0.9114,0.9244,0.0256,True,0,0
1384,1.0,0.0,frozen,10,model,0.6,0.1196,0.0146916347,0.0,0.1885,0.0484,0.2369,0.1431,0.0079,0.0057,0.923,0.9319,0.0325,True,0,0
1384,1.0,0.0,frozen,11,model,0.6,0.11,0.0190529286,0.0,0.2082,0.0499,0.2581,0.1452,0.0127,0.0035,0.9189,0.9234,0.015,True,0,0
1384,1.0,0.0,prior,0,prior,0.6,0.015,0.0464360879,0.0,0.3671,0.0354,0.4025,0.1466,0.0511,0.0001,0.9723,0.7865,0.2406,True,0,0
1384,1.0,0.0,prior,1,model,0.6,0.0154,0.0461115416,0.0,0.3745,0.0361,0.4106,0.1496,0.0545,0.0001,0.9719,0.8411,0.2194,True,0,0
1384,1.0,0.0,prior,2,model,0.6,0.0146,0.0473179353,0.0,0.3729,0.0258,0.3987,0.1493,0.0515,0.0007,0.9709,0.7917,0.2013,True,0,0
1384,1.0,0.0,prior,3,model,0.6,0.0208,0.0453822114,0.0,0.3518,0.0475,0.3994,0.1406,0.0516,0.0001,0.973,0.8358,0.1944,True,0,0
1384,1.0,0.0,prior,4,model,0.6,0.0158,0.0463778819,0.0,0.3869,0.02,0.4069,0.1552,0.0525,0.0,0.972,0.8322,0.2169,True,0,0
1384,1.0,0.0,prior,5,model,0.6,0.0183,0.0461228028,0.0,0.3767,0.0271,0.4037,0.1508,0.0526,0.0,0.9749,0.8597,0.2494,True,0,0
1384,1.0,0.0,prior,6,model,0.6,0.0187,0.0456991428,0.0,0.3628,0.0403,0.4031,0.1455,0.0516,0.0002,0.9732,0.8415,0.2006,True,0,0
1384,1.0,0.0,prior,7,model,0.6,0.0163,0.0464616907,0.0,0.3838,0.0268,0.4106,0.1538,0.0538,0.0001,0.9749,0.8391,0.2263,True,0,0
1384,1.0,0.0,prior,8,model,0.6,0.0167,0.0460613395,0.0,0.3724,0.0238,0.3962,0.1491,0.0485,0.0,0.9715,0.8307,0.2031,True,0,0
1384,1.0,0.0,prior,9,model,0.6,0.0138,0.0470057538,0.0,0.3683,0.0292,0.3975,0.1476,0.0496,0.0002,0.9702,0.8552,0.2469,True,0,0
1384,1.0,0.0,prior,10,model,0.6,0.0125,0.0477110951,0.0,0.38,0.0175,0.3975,0.152,0.0493,0.0,0.9744,0.8431,0.225,True,0,0
1384,1.0,0.0,prior,11,model,0.6,0.0133,0.0480296602,0.0,0.3793,0.0238,0.4031,0.1515,0.0514,0.0003,0.9732,0.8503,0.2325,True,0,0
1384,1.0,0.05,treatment,0,prior,0.6212,0.0294,0.0434044634,-0.0030316245,0.1645,0.3217,0.4007,0.0329,0.0529,0.0006,0.9723,0.7865,0.2406,True,85,37
1384,1.0,0.05,treatment,1,model,0.6178,0.0635,0.0326236202,-0.0021024189,0.1368,0.2224,0.3512,0.0645,0.0463,0.0118,0.9913,0.9231,0.3038,True,71,24
1384,1.0,0.05,treatment,2,model,0.6192,0.0614,0.0341156957,-0.00143259,0.0973,0.3042,0.3421,0.0552,0.0406,0.0063,0.9683,0.9402,0.2831,True,77,24
1384,1.0,0.05,treatment,3,model,0.617,0.0851,0.0257433767,-0.0021065854,0.0309,0.3113,0.3127,0.0327,0.0361,0.0123,0.9605,0.8453,0.1412,True,68,27
1384,1.0,0.05,treatment,4,model,0.6175,0.0656,0.0320759385,-0.0016978003,0.1222,0.3666,0.3444,0.0447,0.0417,0.0062,0.9689,0.8323,0.2362,True,70,26
1384,1.0,0.05,treatment,5,model,0.6202,0.0685,0.0317522201,-0.0011341152,0.1206,0.3088,0.3423,0.0399,0.0433,0.0041,0.9819,0.8953,0.2219,True,81,24
1384,1.0,0.05,treatment,6,model,0.624,0.0825,0.0276659839,-0.0011819039,0.0811,0.2688,0.3218,0.0193,0.0357,0.01,0.9836,0.903,0.2231,True,96,25
1384,1.0,0.05,treatment,7,model,0.6248,0.0736,0.0303507807,-0.0031556815,0.0871,0.3423,0.3411,0.0296,0.0421,0.0074,0.9772,0.8141,0.2006,True,99,38
1384,1.0,0.05,treatment,8,model,0.6208,0.0576,0.0337786412,-0.0008430851,0.1168,0.2553,0.35,0.0352,0.0459,0.0038,0.979,0.8574,0.2062,True,83,19
1384,1.0,0.05,treatment,9,model,0.6198,0.0653,0.0321555526,-0.0015447885,0.1138,0.2282,0.3333,0.0405,0.0428,0.0066,0.9786,0.8932,0.1906,True,79,25
1384,1.0,0.05,treatment,10,model,0.619,0.0622,0.0335059422,-0.0009127071,0.1308,0.206,0.336,0.0526,0.039,0.0022,0.9925,0.9158,0.3212,True,76,21
1384,1.0,0.05,treatment,11,model,0.6212,0.0765,0.0310184078,-0.0022412458,0.0875,0.3105,0.3215,0.0404,0.0458,0.015,0.9427,0.8238,0.0681,True,85,32
1384,1.0,0.05,frozen,0,prior,0.6,0.015,0.0464360879,0.0,0.3671,0.0354,0.4025,0.1466,0.0511,0.0001,0.9723,0.7865,0.2406,True,0,0
1384,1.0,0.05,frozen,1,model,0.6185,0.1229,0.0137231591,-0.0013400016,0.2101,0.0454,0.2556,0.1515,0.0123,0.003,0.9085,0.9274,0.01,True,74,19
1384,1.0,0.05,frozen,2,model,0.62,0.123,0.0134292742,-0.0005633046,0.1953,0.0471,0.2421,0.1456,0.0093,0.0065,0.9057,0.9352,0.0206,True,80,19
1384,1.0,0.05,frozen,3,model,0.6188,0.1305,0.011636159,-0.001296844,0.1913,0.049,0.24,0.1487,0.0095,0.0066,0.9177,0.9337,0.0275,True,75,23
1384,1.0,0.05,frozen,4,model,0.6178,0.1234,0.0137731267,-0.0010149715,0.2014,0.0497,0.2511,0.1481,0.0124,0.0104,0.9136,0.9265,0.0206,True,71,23
1384,1.0,0.05,frozen,5,model,0.621,0.118,0.015522227,-0.0001632054,0.2134,0.0485,0.2619,0.149,0.0142,0.0064,0.9167,0.9269,0.0219,True,84,16
1384,1.0,0.05,frozen,6,model,0.625,0.1268,0.0142202684,-0.0011036907,0.2007,0.048,0.2487,0.1493,0.0108,0.0057,0.9096,0.9233,0.0244,True,100,26
1384,1.0,0.05,frozen,7,model,0.6262,0.1269,0.0123462587,-0.002138609,0.204,0.0492,0.2528,0.15,0.0119,0.0075,0.9187,0.9255,0.0288,True,105,32
1384,1.0,0.05,frozen,8,model,0.6195,0.1053,0.0172527935,-0.0002184516,0.2242,0.0471,0.2714,0.1455,0.0149,0.0031,0.9247,0.9231,0.025,True,78,14
1384,1.0,0.05,frozen,9,model,0.6232,0.1139,0.0179083315,-0.0010419866,0.2068,0.0487,0.2555,0.1438,0.0123,0.0045,0.9114,0.9244,0.0256,True,93,21
1384,1.0,0.05,frozen,10,model,0.6205,0.1217,0.0148366025,0.0001449678,0.1915,0.0483,0.2398,0.1431,0.0089,0.0058,0.923,0.9319,0.0325,True,82,15
1384,1.0,0.05,frozen,11,model,0.6245,0.1153,0.0181207226,-0.000932206,0.2085,0.0505,0.259,0.1452,0.013,0.0041,0.9189,0.9234,0.015,True,98,24
1384,1.0,0.05,prior,0,prior,0.6212,0.0294,0.0434044634,-0.0030316245,0.1645,0.3217,0.4007,0.0329,0.0529,0.0006,0.9723,0.7865,0.2406,True,85,37
1384,1.0,0.05,prior,1,model,0.6192,0.0254,0.0438209558,-0.0022905858,0.2308,0.1925,0.4143,0.0733,0.0564,0.0002,0.9719,0.8411,0.2194,True,77,26
1384,1.0,0.05,prior,2,model,0.6192,0.025,0.0454828455,-0.0018350898,0.1907,0.2396,0.4012,0.0356,0.0542,0.0008,0.9709,0.7917,0.2013,True,77,27
1384,1.0,0.05,prior,3,model,0.6198,0.0323,0.0433676629,-0.0020145485,0.1812,0.2384,0.4004,0.025,0.0547,0.0019,0.973,0.8358,0.1944,True,79,30
1384,1.0,0.05,prior,4,model,0.6165,0.0288,0.0437089998,-0.0026688821,0.1341,0.2724,0.4029,0.0469,0.0548,0.0002,0.972,0.8322,0.2169,True,66,33
1384,1.0,0.05,prior,5,model,0.6175,0.0287,0.0444311706,-0.0016916321,0.233,0.2995,0.4046,0.034,0.054,0.0,0.9749,0.8597,0.2494,True,70,27
1384,1.0,0.05,prior,6,model,0.6228,0.0317,0.0431684736,-0.0025306692,0.164,0.255,0.4049,0.0215,0.0527,0.0003,0.9732,0.8415,0.2006,True,91,34
1384,1.0,0.05,prior,7,model,0.6232,0.0317,0.0431241023,-0.0033375884,0.1565,0.3313,0.4094,0.0523,0.0557,0.0003,0.9749,0.8391,0.2263,True,93,40
1384,1.0,0.05,prior,8,model,0.6205,0.0254,0.0448492363,-0.0012121031,0.2302,0.2086,0.4025,0.083,0.0521,0.0,0.9715,0.8307,0.2031,True,82,23
1384,1.0,0.05,prior,9,model,0.62,0.0262,0.0443068692,-0.0026988846,0.238,0.2273,0.3974,0.0806,0.0519,0.0003,0.9702,0.8552,0.2469,True,80,32
1384,1.0,0.05,prior,10,model,0.6185,0.0247,0.0450300012,-0.0026810939,0.1452,0.276,0.3965,0.0206,0.0513,0.0002,0.9744,0.8431,0.225,True,74,31
1384,1.0,0.05,prior,11,model,0.6228,0.0293,0.0448895976,-0.0031400625,0.1024,0.3433,0.4003,0.0336,0.0554,0.0005,0.9732,0.8503,0.2325,True,91,41
