unobserved_strength,seed,generator,iteration,selection_severity,frontier_severity,passed,naive_declined_ece,reweight_declined_ece,retrain_declined_ece,naive_declined_empc,naive_declined_emp_h,reweight_declined_empc,reweight_declined_emp_h,exploration_cost,propensity_auc,ess_ratio,unfunded_below_floor,diag_flagged
0.0,5000,flat,0,0.0,0.4,True,0.020833358442163698,0.01891888571850411,0.016136415637790523,0.011596495474769748,,0.009378840801736378,,0.0,0.7423079427083333,0.9870027698328141,0.0,False
0.0,5000,flat,1,0.2,0.4,True,0.03687094513431333,0.031160765839948736,0.04324266953621471,0.017953192708501195,,0.017681799074898488,,0.0,0.76525078125,0.9739498074661632,0.0,False
0.0,5000,flat,2,0.4,0.4,True,0.0854613781026986,0.08429539833353243,0.09998855672987617,0.02124978018676265,,0.020595288988663328,,0.0,0.8277904947916666,0.8721818038812075,0.003125,True
0.0,5000,flat,3,0.6,0.4,False,0.1290281476786125,0.10922363488058714,0.12320145876692874,0.020524704343598626,,0.02048871222978319,,0.0,0.9342835937499999,0.822418871976587,0.1025,True
0.0,5016,flat,0,0.0,0.4,True,0.02086017969313383,0.017328226663617878,0.016334900861653616,0.013002765497673515,,0.011431283928546275,,0.0,0.754958984375,0.9882031059347673,0.0,False
0.0,5016,flat,1,0.2,0.4,True,0.04341825472802547,0.04156204289892449,0.030548048631718047,0.019358280854684315,,0.018272317039436207,,0.0,0.7522122395833334,0.9743936865800636,0.0,False
0.0,5016,flat,2,0.4,0.4,True,0.08163075628144145,0.07371330912689956,0.09125522033634591,0.024819665767436404,,0.02458411431272444,,0.0,0.8273520833333332,0.8898756811015158,0.0075,False
0.0,5016,flat,3,0.6,0.4,False,0.11554858823892192,0.12657802026657333,0.1889888218200798,0.029566610013282847,,0.02723541247901864,,0.0,0.9251768229166666,0.8246144777777451,0.105,True
0.0,5032,flat,0,0.0,0.4,True,0.012601302995002048,0.02506252926959773,0.028504943661232494,0.010696721724957229,,0.011316731112054924,,0.0,0.7618884114583333,0.9877038144577999,0.0,False
0.0,5032,flat,1,0.2,0.4,True,0.020217417727952217,0.022684951761298193,0.03247725610424084,0.017681043071533044,,0.014771531326049817,,0.0,0.7490718749999998,0.9683216646175621,0.0,False
0.0,5032,flat,2,0.4,0.4,True,0.1000015620058816,0.05969621937542135,0.11387017103887756,0.022444990426957488,,0.021886105520530226,,0.0,0.8281828124999999,0.8606331811966709,0.008125,True
0.0,5032,flat,3,0.6,0.4,False,0.1815499764372339,0.12739721899818007,0.15652410440966574,0.01962906954823835,,0.01866959905460875,,0.0,0.9331540364583334,0.8083444218407589,0.09,True
0.0,5048,flat,0,0.0,0.4,True,0.0299085380430621,0.029308415125245894,0.06688109524681307,0.0083630661615,,0.010410421008815032,,0.0,0.7657756510416667,0.9884671397964013,0.0,False
0.0,5048,flat,1,0.2,0.4,True,0.030868721993648263,0.028854872424097296,0.040281437752847454,0.012407537218610142,,0.012764334591116592,,0.0,0.7636742187500001,0.9662792042054603,0.0,False
0.0,5048,flat,2,0.4,0.4,True,0.08307502095268171,0.08468181099364397,0.07588628932816167,0.01619930827749224,,0.015338770380297316,,0.0,0.8227998697916667,0.9041988818267557,0.003125,False
0.0,5048,flat,3,0.6,0.4,False,0.1692899201838407,0.14994862301998696,0.13389714184232082,0.022455249443660997,,0.021642160146640558,,0.0,0.9329494791666667,0.8282773828427809,0.1125,True
0.0,5064,flat,0,0.0,0.4,True,0.018295036716934956,0.0168488139370493,0.029654558519158575,0.010476120121729764,,0.011286512024312578,,0.0,0.7676238281250001,0.9889426601946809,0.0,False
0.0,5064,flat,1,0.2,0.4,True,0.03593630470993826,0.037053705878316155,0.03539041312413393,0.016806059973608845,,0.018453845151777476,,0.0,0.75591171875,0.9729938683909065,0.0,False
0.0,5064,flat,2,0.4,0.4,True,0.0698753986619356,0.05646269295865289,0.05697663448213983,0.02145147141081072,,0.021425494328177627,,0.0,0.8265128906249999,0.89614010210374,0.0025,False
0.0,5064,flat,3,0.6,0.4,False,0.16418463459321359,0.12202023811712522,0.17466440077234868,0.022310215004105904,,0.02209097717289798,,0.0,0.9267380208333333,0.8317816009442225,0.098125,True
0.0,5080,flat,0,0.0,0.4,True,0.020986863560226433,0.019708877628340005,0.02647351344378888,0.010447350534670774,,0.009465260009224177,,0.0,0.767413671875,0.9876494571466918,0.0,False
0.0,5080,flat,1,0.2,0.4,True,0.045074767028966005,0.03731901546950632,0.031819820833228055,0.017169997484438974,,0.017086840721645728,,0.0,0.763753125,0.9699712929348601,0.0,False
0.0,5080,flat,2,0.4,0.4,True,0.040431632224257635,0.05018991359695035,0.06635410569903172,0.01944874928244055,,0.0191281756724202,,0.0,0.81247890625,0.9037146053259528,0.005,False
0.0,5080,flat,3,0.6,0.4,False,0.1252561058792902,0.11614702583696176,0.17298020398502997,0.02282958172782428,,0.022007493641535834,,0.0,0.9357244791666667,0.7971525820497977,0.1125,True
0.0,5096,flat,0,0.0,0.4,True,0.04487446910479703,0.03784198435648502,0.028777815501647118,0.008699005284802594,,0.009456992625930557,,0.0,0.7610404947916667,0.9870276328587776,0.0,False
0.0,5096,flat,1,0.2,0.4,True,0.03102813550638439,0.039337244546900615,0.03250916604476025,0.014683091666998637,,0.014555168555208331,,0.0,0.7544395833333334,0.979110453537711,0.0,False
0.0,5096,flat,2,0.4,0.4,True,0.09002145823682697,0.08317256527233377,0.057178909341789465,0.017957260156169212,,0.017744605255701297,,0.0,0.8201850260416665,0.9048754376875285,0.004375,False
0.0,5096,flat,3,0.6,0.4,False,0.12440522184135888,0.15269483553398228,0.144135310859525,0.021806492099936542,,0.020660970925231704,,0.0,0.9237700520833332,0.825613275893507,0.0825,True
0.0,5112,flat,0,0.0,0.4,True,0.019547316444899238,0.020597199480929078,0.030236576808675548,0.007225253540300486,,0.007276642184365675,,0.0,0.7719303385416667,0.9874756912825123,0.0,False
0.0,5112,flat,1,0.2,0.4,True,0.03752479012545332,0.04020094800147896,0.022021319953946142,0.01739686332992322,,0.018561406375636122,,0.0,0.7569817708333333,0.9703343214847852,0.0,False
0.0,5112,flat,2,0.4,0.4,True,0.06302078177705692,0.05650495658522528,0.0752333877308905,0.02417174175861969,,0.02639966114820873,,0.0,0.812248046875,0.9056008482145899,0.001875,False
0.0,5112,flat,3,0.6,0.4,False,0.13651069824463427,0.16300711073707014,0.1892068297368511,0.02772299065109434,,0.028355991816347605,,0.0,0.9316372395833333,0.7186412640525698,0.096875,True
0.0,5128,flat,0,0.0,0.4,True,0.022891286378310453,0.024871182943906084,0.029712582097986738,0.008786842535084799,,0.008530052077449071,,0.0,0.7748485677083333,0.9884600698069795,0.0,False
0.0,5128,flat,1,0.2,0.4,True,0.03630736900723607,0.028932553750785777,0.02681377978166056,0.015187452100747807,,0.013806769501535998,,0.0,0.7499126302083334,0.974871954509892,0.0,False
0.0,5128,flat,2,0.4,0.4,True,0.03837860908906025,0.044584367061415664,0.06573192250116794,0.021580872005508036,,0.02022136662748701,,0.0,0.8304514322916666,0.8746258873500108,0.0025,True
0.0,5128,flat,3,0.6,0.4,False,0.1629989051981966,0.1269172175250673,0.11922086895857888,0.028267277862057204,,0.027062907049069843,,0.0,0.9314733072916667,0.8028246352236452,0.113125,True
0.0,5144,flat,0,0.0,0.4,True,0.018723482266308343,0.037366320247574004,0.03489458816585777,0.008995575685392542,,0.009268138204311955,,0.0,0.7754393229166666,0.987104214320966,0.0,False
0.0,5144,flat,1,0.2,0.4,True,0.010900915274113632,0.017064955876476735,0.013495829259560712,0.012347646484271349,,0.014894842617351588,,0.0,0.7492567708333332,0.9787821074733807,0.0,False
0.0,5144,flat,2,0.4,0.4,True,0.08575990515680255,0.08270976421569506,0.053077127218460154,0.020704586410956023,,0.020482033316199154,,0.0,0.8238707031250001,0.888849709127712,0.004375,False
0.0,5144,flat,3,0.6,0.4,False,0.16039641511621505,0.16139683643462702,0.1759791529343776,0.028058811568546754,,0.02711071553238187,,0.0,0.9304816406249999,0.8057235410364596,0.08,True
0.0,5160,flat,0,0.0,0.4,True,0.029127186705052925,0.025445387899487217,0.015819676123036377,0.012607267375710291,,0.012261314605475991,,0.0,0.777906640625,0.9879677403501639,0.0,False
0.0,5160,flat,1,0.2,0.4,True,0.043025834345482045,0.04554621650376145,0.047311489747233246,0.022360466140900294,,0.02246655023324541,,0.0,0.760297265625,0.9732762908634197,0.0,False
0.0,5160,flat,2,0.4,0.4,True,0.031180057076084226,0.0234592930916311,0.04808730493250088,0.023985166442519013,,0.021572621293730644,,0.0,0.81545390625,0.9061046431677205,0.0025,False
0.0,5160,flat,3,0.6,0.4,False,0.1371887511784598,0.14491477802335437,0.16617247122994871,0.02316252894939569,,0.021276973561686507,,0.0,0.92817109375,0.8249595018366137,0.08,True
0.0,5176,flat,0,0.0,0.4,True,0.032923368332683105,0.034968260341311466,0.015170293341139028,0.012677597778328494,,0.012699583909586084,,0.0,0.7531509114583333,0.9875393270481019,0.0,False
0.0,5176,flat,1,0.2,0.4,True,0.049928295096265896,0.0393195104826182,0.025668484975885524,0.014821419204003827,,0.01626582356906162,,0.0,0.7620041666666667,0.9678649781067272,0.0,False
0.0,5176,flat,2,0.4,0.4,True,0.07201403169247558,0.05684403530334904,0.1033370732666013,0.024237104660451505,,0.024487732068792335,,0.0,0.8160875000000001,0.8998313539160542,0.00875,False
0.0,5176,flat,3,0.6,0.4,False,0.13280897931185415,0.10590554650643456,0.17280216922943256,0.02335326488335513,,0.02193192736456003,,0.0,0.9263751302083334,0.7890140929215631,0.066875,True
0.0,5192,flat,0,0.0,0.4,True,0.02037992081944663,0.017072014684771385,0.023548161325001093,0.009184545319578177,,0.007943517266268402,,0.0,0.7523058593749998,0.9882980175805659,0.0,False
0.0,5192,flat,1,0.2,0.4,True,0.027491082954079107,0.014217128161831946,0.019368445945328997,0.015266477828039048,,0.016572547868606468,,0.0,0.76086328125,0.9664661796849314,0.0,False
0.0,5192,flat,2,0.4,0.4,True,0.08168393047754996,0.05969566077715295,0.06595371213230193,0.017128698096254898,,0.01856999084138259,,0.0,0.8226736979166668,0.8762387993385626,0.00125,False
0.0,5192,flat,3,0.6,0.4,False,0.15951582520377805,0.16430180045438386,0.12423556162795164,0.015766823249978024,,0.015301903345154216,,0.0,0.9291459635416666,0.8148304152814987,0.09,True
0.0,5208,flat,0,0.0,0.4,True,0.04075730245697918,0.021030683558503765,0.030884799327955667,0.007835278595363634,,0.007352749376647672,,0.0,0.7547497395833334,0.9888410598134065,0.0,False
0.0,5208,flat,1,0.2,0.4,True,0.04153322905303108,0.037065130297928975,0.061795844026519414,0.018655147694265413,,0.02008759548984003,,0.0,0.7558893229166668,0.9708975215991662,0.0,False
0.0,5208,flat,2,0.4,0.4,True,0.07695184956771114,0.06886811524985764,0.08306726545436317,0.021846098394925906,,0.02149859422723347,,0.0,0.8263641927083334,0.8734407570827909,0.005,True
0.0,5208,flat,3,0.6,0.4,False,0.17459670139700562,0.16651414418354715,0.11932778902594017,0.02059048255826294,,0.018860384473275538,,0.0,0.9241563802083332,0.7871830401619603,0.09625,True
0.0,5224,flat,0,0.0,0.4,True,0.02421430383452602,0.02206556445542119,0.039729733241842674,0.00817615873328472,,0.009223470505323066,,0.0,0.7675875000000001,0.9880082763933941,0.0,False
0.0,5224,flat,1,0.2,0.4,True,0.026464996690996983,0.02445150801016863,0.030841887825346203,0.01835927895276737,,0.01610147737384084,,0.0,0.743923046875,0.9719699908068825,0.0,False
0.0,5224,flat,2,0.4,0.4,True,0.08516829976876897,0.07474336177467988,0.07071513168342514,0.020899936042550298,,0.022104806051682652,,0.0,0.8156934895833334,0.8996501451044399,0.00125,False
0.0,5224,flat,3,0.6,0.4,False,0.16177989567078926,0.18328082150820035,0.15612393917530715,0.03241736214864953,,0.030727009761113082,,0.0,0.93043984375,0.7871245963134613,0.106875,True
0.0,5240,flat,0,0.0,0.4,True,0.023500231755988813,0.019558747375781213,0.020335899702187844,0.013774342528862175,,0.013259000267974748,,0.0,0.7657626302083332,0.9882877462400963,0.0,False
0.0,5240,flat,1,0.2,0.4,True,0.03587029492465845,0.022157664066052647,0.040463012838001626,0.015332938515288323,,0.012228864549873073,,0.0,0.7489208333333333,0.9709107250227453,0.0,False
0.0,5240,flat,2,0.4,0.4,True,0.035625886920718705,0.04387703884943844,0.06864270917981327,0.018190224781706052,,0.018615102724229428,,0.0,0.81969453125,0.8981831913989111,0.01,False
0.0,5240,flat,3,0.6,0.4,False,0.12260073864923726,0.11211153720767847,0.1841003523195697,0.025623716585517778,,0.022953284769664524,,0.0,0.9227805989583334,0.801243074898285,0.093125,True
0.0,5256,flat,0,0.0,0.2,True,0.015339926997042551,0.021270356585805925,0.02889554233221471,0.007582464696591437,,0.00900073620888939,,0.0,0.7518299479166667,0.9903197328423242,0.0,False
0.0,5256,flat,1,0.2,0.2,True,0.029855750542787614,0.03310947074255519,0.023599819949223572,0.011676556166144667,,0.012806218428847087,,0.0,0.75871015625,0.9728231942044863,0.0,False
0.0,5256,flat,2,0.4,0.2,False,0.11504330724601412,0.11095885328180188,0.11089303268821211,0.022791731398613346,,0.022462004058142884,,0.0,0.8258752604166667,0.8824391099776612,0.004375,False
0.0,5272,flat,0,0.0,0.4,True,0.021703340401583837,0.021788597628796792,0.02187443182394784,0.010810650376970026,,0.010329466387645203,,0.0,0.7563700520833333,0.9884542474576976,0.0,False
0.0,5272,flat,1,0.2,0.4,True,0.021055962109480734,0.02837659427368947,0.027912086809865275,0.017768618771667233,,0.01672985609933295,,0.0,0.7560268229166667,0.9749435586314578,0.0,False
0.0,5272,flat,2,0.4,0.4,True,0.0658825607589748,0.04028071362669431,0.06664329501641834,0.021493437064241887,,0.02156808546860938,,0.0,0.8300446614583334,0.857531920935531,0.008125,True
0.0,5272,flat,3,0.6,0.4,False,0.16068913754471822,0.1257019893638353,0.13504074217224266,0.024694300455444802,,0.023215003018041615,,0.0,0.9338869791666666,0.7721430812326682,0.1025,True
0.0,5288,flat,0,0.0,0.6,True,0.024435329059213633,0.028309264279343594,0.028676999802114578,0.00855818637385052,,0.008597552489469787,,0.0,0.774759765625,0.9877396571266329,0.0,False
0.0,5288,flat,1,0.2,0.6,True,0.0219398251362524,0.034605177552786213,0.04226753764990872,0.01737776506455676,,0.01757499484873737,,0.0,0.7560479166666667,0.9703354660151114,0.0,False
0.0,5288,flat,2,0.4,0.6,True,0.0865609747247863,0.09701384696443613,0.09294870611874864,0.02772397218787686,,0.025362561575076603,,0.0,0.8256884114583334,0.900908467015905,0.0075,False
0.0,5288,flat,3,0.6,0.6,True,0.0886618696679959,0.08896794039118887,0.1673675551171704,0.02232640323803106,,0.022657190419232566,,0.0,0.9268548177083333,0.8057428185282693,0.095625,True
0.0,5288,flat,4,0.8,0.6,False,0.15804392881257173,0.20648504278971636,0.2220281637258716,0.029120748465839005,,0.02824946312462448,,0.0,0.9884078125000001,0.8989632009854626,0.235625,True
0.0,5304,flat,0,0.0,0.4,True,0.018404092347966944,0.040384225920024434,0.0238110668245653,0.010545799072467218,,0.00970588861654924,,0.0,0.7590033854166668,0.9885874590573335,0.0,False
0.0,5304,flat,1,0.2,0.4,True,0.030210886090422065,0.03697388784414008,0.03970986652689719,0.015942720136859722,,0.016346621152346454,,0.0,0.7644486979166667,0.9690350779632826,0.0,False
0.0,5304,flat,2,0.4,0.4,True,0.09902774048932192,0.08169841190871246,0.07651645367521973,0.02503722941612481,,0.02368785099983001,,0.0,0.82478046875,0.8773802101154894,0.006875,False
0.0,5304,flat,3,0.6,0.4,False,0.14228531472411252,0.12797338543261672,0.16059158464753515,0.026097906376906066,,0.026317546363776118,,0.0,0.9328994791666667,0.8264563715591963,0.105,True
0.0,5320,flat,0,0.0,0.4,True,0.03240305120672943,0.037825489143300466,0.03697014017551407,0.008097948461304339,,0.006785827405767697,,0.0,0.7627075520833333,0.988763247261551,0.0,False
0.0,5320,flat,1,0.2,0.4,True,0.040449371220718185,0.03468568936830722,0.025627567216914032,0.013906748919491646,,0.014317554751807321,,0.0,0.7376007812500001,0.9736623447625992,0.0,False
0.0,5320,flat,2,0.4,0.4,True,0.07454128275370477,0.06220495456603976,0.07525891237154883,0.02816210664479033,,0.027261207228812295,,0.0,0.8167126302083334,0.9022177761558081,0.003125,False
0.0,5320,flat,3,0.6,0.4,False,0.10009677074011822,0.11426542518808086,0.16944975952325833,0.023693030774513818,,0.021984653816437476,,0.0,0.9281565104166666,0.8121014236559564,0.094375,True
0.0,5336,flat,0,0.0,0.4,True,0.011666331178486911,0.023903217993924968,0.04522156016593955,0.008521407413351716,,0.008700619872682926,,0.0,0.7492375,0.9882321401622198,0.0,False
0.0,5336,flat,1,0.2,0.4,True,0.04223945337520528,0.0448149838450153,0.038678447257853125,0.02010342320190698,,0.019088885779935602,,0.0,0.753445703125,0.9696025518614277,0.0,False
0.0,5336,flat,2,0.4,0.4,True,0.10542264977644653,0.08069510076634627,0.07300110998262355,0.01822119129755126,,0.0181987650938103,,0.0,0.8235638020833334,0.8744857481373228,0.0025,True
0.0,5336,flat,3,0.6,0.4,False,0.16917124509851145,0.13788981591673982,0.16247932799663933,0.022861273250487153,,0.022725073347030788,,0.0,0.9276471354166667,0.8076811614995151,0.105625,True
0.0,5352,flat,0,0.0,0.4,True,0.03513961355479487,0.021204275325457187,0.03454486742720387,0.010724129640999603,,0.01182557541058006,,0.0,0.7715662760416667,0.9878426051458085,0.0,False
0.0,5352,flat,1,0.2,0.4,True,0.018574491541109753,0.02743793106609881,0.019445497673880638,0.01626673015486397,,0.01602585648413178,,0.0,0.7574677083333333,0.9681941675596033,0.0,False
0.0,5352,flat,2,0.4,0.4,True,0.053259343725347574,0.07369265717056911,0.06745947749991044,0.016776772206956142,,0.01652751781862137,,0.0,0.8048670572916667,0.9131437113854338,0.005,False
0.0,5352,flat,3,0.6,0.4,False,0.17452318474926093,0.15088277630702931,0.14043353305215397,0.021283195002626022,,0.024302420116778224,,0.0,0.921309375,0.8214036013483058,0.07875,True
0.0,5368,flat,0,0.0,0.4,True,0.037369715017142216,0.034153470315658484,0.019836966428109674,0.009962335995799421,,0.011429959254296983,,0.0,0.7748666666666667,0.9870676779846325,0.0,False
0.0,5368,flat,1,0.2,0.4,True,0.0231374072512573,0.008847389410745692,0.037618181695079835,0.01820418202825534,,0.015177936552311075,,0.0,0.7502322916666666,0.9712902958020283,0.0,False
0.0,5368,flat,2,0.4,0.4,True,0.07455633534435606,0.04525134969132852,0.07429345239998691,0.02093579413118904,,0.022044801527065075,,0.0,0.8132680989583333,0.9036551897431085,0.001875,False
0.0,5368,flat,3,0.6,0.4,False,0.16683343366724826,0.14559783252735853,0.18019918218686226,0.027179653973595265,,0.027629323378406498,,0.0,0.9334787760416666,0.8259991365232179,0.10625,True
0.0,5384,flat,0,0.0,0.4,True,0.00984883460611663,0.020560335473327574,0.030153529344424418,0.008869829655664165,,0.011882703066722474,,0.0,0.770611328125,0.9879747105366771,0.0,False
0.0,5384,flat,1,0.2,0.4,True,0.03016741684455085,0.042382013941972496,0.027773019169314673,0.01489143061783691,,0.014143289020752393,,0.0,0.7621242187500001,0.9707340789960773,0.0,False
0.0,5384,flat,2,0.4,0.4,True,0.09429581402570746,0.08523398855642676,0.05591376265101893,0.01817601094787003,,0.01839612289572168,,0.0,0.8201527343750001,0.8839690895844321,0.01,False
0.0,5384,flat,3,0.6,0.4,False,0.19734643866317858,0.16282363547051495,0.13077626542577647,0.02272480337045467,,0.021436996995220226,,0.0,0.930741796875,0.8067662113994294,0.105625,True
0.2,5000,flat,0,0.0,0.4,True,0.02104470439551861,0.027572266591372227,0.01866200634559352,0.010036657495481018,,0.010089954058368057,,0.0,0.7423079427083333,0.9870027698328141,0.0,False
0.2,5000,flat,1,0.2,0.4,True,0.039249834255755525,0.03892738218071656,0.021543537436294665,0.015572560573725188,,0.015234786590483324,,0.0,0.749840234375,0.9726319685814442,0.0,False
0.2,5000,flat,2,0.4,0.4,True,0.07830231163461529,0.0609711674707111,0.07308732515830466,0.018382944798895608,,0.01931978286864395,,0.0,0.8243523437500001,0.8853469279079703,0.000625,False
0.2,5000,flat,3,0.6,0.4,False,0.1179879726310955,0.10054532442074443,0.12429731201826787,0.022764474313468827,,0.0226763927598254,,0.0,0.9316184895833333,0.8296894214091622,0.10625,True
0.2,5016,flat,0,0.0,0.4,True,0.02542064048830048,0.04131813710297324,0.026311904002010594,0.011320301575672553,,0.012603407901760413,,0.0,0.754958984375,0.9882031059347673,0.0,False
0.2,5016,flat,1,0.2,0.4,True,0.045002323680993495,0.05660281754760275,0.037990481069977614,0.017118472744410883,,0.01785085714301879,,0.0,0.760608984375,0.9775443438919332,0.0,False
0.2,5016,flat,2,0.4,0.4,True,0.08981094320416151,0.0907096708753525,0.09724578288576476,0.021671672214112626,,0.021000890177904515,,0.0,0.8243830729166666,0.8917826346817498,0.0025,False
0.2,5016,flat,3,0.6,0.4,False,0.16533099789717182,0.12875328721208062,0.16940428194131235,0.027630309438551694,,0.02672072515599799,,0.0,0.9197361979166667,0.8284597654064411,0.098125,True
0.2,5032,flat,0,0.0,0.4,True,0.03743424587140013,0.03361345617912683,0.02883762541001092,0.009498402412489289,,0.010940550029531882,,0.0,0.7618884114583333,0.9877038144577999,0.0,False
0.2,5032,flat,1,0.2,0.4,True,0.02513337757147007,0.01833085788431786,0.03329171036271568,0.017757194913721894,,0.017455642181381823,,0.0,0.7433497395833334,0.9700970867701919,0.0,False
0.2,5032,flat,2,0.4,0.4,True,0.09362388051703716,0.09103036004926272,0.09449902980817067,0.02631448288666495,,0.02097723698337434,,0.0,0.8228614583333334,0.8617756057326447,0.005,True
0.2,5032,flat,3,0.6,0.4,False,0.16981890096723432,0.17536990013843284,0.14268197231426033,0.02067273406411419,,0.019740315033674648,,0.0,0.9305134114583334,0.8235205707755208,0.079375,True
0.2,5048,flat,0,0.0,0.4,True,0.012886639471120901,0.017921232108158158,0.01967426770479996,0.009240652313990353,,0.009764243957897725,,0.0,0.7657756510416667,0.9884671397964013,0.0,False
0.2,5048,flat,1,0.2,0.4,True,0.057170672402665434,0.045255162837769945,0.052135651936901194,0.012151454517908078,,0.0145879239166792,,0.0,0.7592875,0.9698311366874804,0.0,False
0.2,5048,flat,2,0.4,0.4,True,0.08960962501169698,0.08125073659606304,0.09090783732426351,0.013464525987586181,,0.01300934779112519,,0.0,0.8210411458333334,0.9060883884256524,0.001875,False
0.2,5048,flat,3,0.6,0.4,False,0.14733702639894652,0.14858224264999162,0.15503767603102475,0.023929698458498072,,0.021155835699402378,,0.0,0.9244109375,0.8259431299197796,0.0975,True
0.2,5064,flat,0,0.0,0.4,True,0.032894818922724486,0.03009497472035192,0.02830943322610706,0.011039968575515171,,0.011010664249263636,,0.0,0.7676238281250001,0.9889426601946809,0.0,False
0.2,5064,flat,1,0.2,0.4,True,0.04895850826025952,0.044759413182505134,0.04482806357188548,0.01724778564879858,,0.01844080825620981,,0.0,0.7538497395833333,0.9721896875539529,0.0,False
0.2,5064,flat,2,0.4,0.4,True,0.08573309245284595,0.07029906840019742,0.08879491771362262,0.02132331477636896,,0.022639354368133198,,0.0,0.8189950520833333,0.8993405870342988,0.0025,False
0.2,5064,flat,3,0.6,0.4,False,0.15470630199993723,0.13126361919590127,0.1789990040523113,0.02002778800963881,,0.01999200508572601,,0.0,0.92441796875,0.8189702520177469,0.09625,True
0.2,5080,flat,0,0.0,0.4,True,0.035140389598779284,0.024150986537153248,0.027224309472621396,0.009643748577697809,,0.00867659881490239,,0.0,0.767413671875,0.9876494571466918,0.0,False
0.2,5080,flat,1,0.2,0.4,True,0.04741421675518715,0.04184276018305681,0.04121133775564217,0.019126493092783664,,0.018777665674880047,,0.0,0.7663204427083332,0.969723811976736,0.0,False
0.2,5080,flat,2,0.4,0.4,True,0.06380089010489824,0.06864922704348848,0.09778013436798118,0.01664637608844135,,0.016209614529836817,,0.0,0.8108684895833334,0.8991865026435759,0.00375,False
0.2,5080,flat,3,0.6,0.4,False,0.15419652725718266,0.12915163044073397,0.1485518572927371,0.024193075364861608,,0.022766950434886638,,0.0,0.9287358072916666,0.8116368333734358,0.103125,True
0.2,5096,flat,0,0.0,0.6,True,0.029917109890005483,0.026980880557942316,0.03928423221735102,0.009003798929304356,,0.006908247476533843,,0.0,0.7610404947916667,0.9870276328587776,0.0,False
0.2,5096,flat,1,0.2,0.6,True,0.04036203574107574,0.041371223996891214,0.036967215073693764,0.014789244142567597,,0.014601239203270146,,0.0,0.7487494791666667,0.9777870737191225,0.0,False
0.2,5096,flat,2,0.4,0.6,True,0.09212086107737033,0.08471608175325912,0.08837596710228439,0.019841020360417842,,0.020207010619740798,,0.0,0.8172795572916667,0.9061719019501101,0.0025,False
0.2,5096,flat,3,0.6,0.6,True,0.12115145838268396,0.0829342741744512,0.17195683542434642,0.022783538707104707,,0.02226125578506943,,0.0,0.9187947916666668,0.8228822450885892,0.076875,True
0.2,5096,flat,4,0.8,0.6,False,0.22408065729666862,0.23361588392150062,0.23488153156153993,0.027735551725083005,,0.027038725828930202,,0.0,0.9853432291666666,0.893072665204058,0.231875,True
0.2,5112,flat,0,0.0,0.4,True,0.028141759967769055,0.028312386278535214,0.025197932356952706,0.004047699093513404,,0.00642973975180566,,0.0,0.7719303385416667,0.9874756912825123,0.0,False
0.2,5112,flat,1,0.2,0.4,True,0.040744867906852375,0.033646270993732325,0.02938083225987022,0.015167607709551494,,0.016017883111243626,,0.0,0.7566971354166667,0.9691737000241532,0.0,False
0.2,5112,flat,2,0.4,0.4,True,0.06094767301764224,0.0436676747770807,0.05804342946411141,0.023982753240843875,,0.02410499087428575,,0.0,0.8098180989583333,0.901347307045933,0.001875,False
0.2,5112,flat,3,0.6,0.4,False,0.17229901384454044,0.1514671513747523,0.15692141440933138,0.02883473166107088,,0.030391023018703986,,0.0,0.9264414062499999,0.7062309944167874,0.08125,True
0.2,5128,flat,0,0.0,0.4,True,0.023943200064368862,0.022251217720732082,0.028972243605462137,0.008487457492459133,,0.008001356430611294,,0.0,0.7748485677083333,0.9884600698069795,0.0,False
0.2,5128,flat,1,0.2,0.4,True,0.022741183608348533,0.014344238447691192,0.02659504777751133,0.014092062554710068,,0.015497482216269825,,0.0,0.74851640625,0.976284672427782,0.0,False
0.2,5128,flat,2,0.4,0.4,True,0.05233871879929079,0.03724173238025667,0.05361334587698348,0.01979948903566092,,0.02008836583432177,,0.0,0.8276627604166669,0.8828058066431576,0.001875,False
0.2,5128,flat,3,0.6,0.4,False,0.10562778744661712,0.14226473606339485,0.13725636932617474,0.03204642559905321,,0.03138051849923048,,0.0,0.9253338541666666,0.7782919893279022,0.1025,True
0.2,5144,flat,0,0.0,0.4,True,0.025757017437392345,0.042846551389825314,0.0386826302318347,0.008891615701119814,,0.010554749285085617,,0.0,0.7754393229166666,0.987104214320966,0.0,False
0.2,5144,flat,1,0.2,0.4,True,0.024523254431618714,0.012039779108202437,0.020470724372886374,0.012248991299059389,,0.01111058213681359,,0.0,0.7540457031250001,0.9790325299262946,0.0,False
0.2,5144,flat,2,0.4,0.4,True,0.09173346667387271,0.08891061769323315,0.06319619338957137,0.01951997448467408,,0.01990755196405611,,0.0,0.8182546875,0.8920785304362009,0.006875,False
0.2,5144,flat,3,0.6,0.4,False,0.14458132684429686,0.12821403011300356,0.19334100050210992,0.029371961565780348,,0.02681830204385552,,0.0,0.9282574218750002,0.7926345009076363,0.078125,True
0.2,5160,flat,0,0.0,0.4,True,0.03540326638041896,0.017490011674533755,0.034258914216665534,0.011154043756658513,,0.010591460758311362,,0.0,0.777906640625,0.9879677403501639,0.0,False
0.2,5160,flat,1,0.2,0.4,True,0.03278470365289707,0.030022371846409136,0.04579467876783311,0.020286817332675948,,0.017453867072261646,,0.0,0.7549993489583333,0.9737308894649787,0.0,False
0.2,5160,flat,2,0.4,0.4,True,0.06490816216189961,0.052667389173223056,0.06579184416043989,0.020826775810629472,,0.01963150508327173,,0.0,0.8149605468750001,0.9087252418792807,0.001875,False
0.2,5160,flat,3,0.6,0.4,False,0.1597902449800222,0.13180379808348186,0.15133382669451,0.022068838717982424,,0.019230469640122,,0.0,0.92526640625,0.8166957434698633,0.073125,True
0.2,5176,flat,0,0.0,0.4,True,0.02874148855151449,0.03742788956718312,0.0304506634355496,0.011440519382352288,,0.010772146557334349,,0.0,0.7531509114583333,0.9875393270481019,0.0,False
0.2,5176,flat,1,0.2,0.4,True,0.04351906574812714,0.03136647902776381,0.05051815211334952,0.014020515855624274,,0.013678823087524446,,0.0,0.761214453125,0.9679557803656718,0.0,False
0.2,5176,flat,2,0.4,0.4,True,0.0918512429420248,0.07530391695154375,0.07754654891732674,0.02370294702157973,,0.023816334998083256,,0.0,0.8129333333333334,0.8933746710472847,0.00875,False
0.2,5176,flat,3,0.6,0.4,False,0.09801859163409671,0.12411363140893608,0.15316107852292396,0.021726929836370874,,0.021128357178983717,,0.0,0.9188579427083333,0.8073082892163124,0.065625,True
0.2,5192,flat,0,0.0,0.4,True,0.01972417261398162,0.02015536723788664,0.03129225087439352,0.008099648272407473,,0.009164353494672841,,0.0,0.7523058593749998,0.9882980175805659,0.0,False
0.2,5192,flat,1,0.2,0.4,True,0.041010716418404036,0.02750835905316488,0.02317577455358552,0.014633260942327194,,0.012825895914131493,,0.0,0.753984375,0.9697649003832953,0.0,False
0.2,5192,flat,2,0.4,0.4,True,0.08531617033764033,0.07511109394109475,0.06372095974787642,0.02046351868564916,,0.01971222936833828,,0.0,0.8212822916666667,0.884716450009729,0.0025,False
0.2,5192,flat,3,0.6,0.4,False,0.14850824207437732,0.1307450318536325,0.12449151901575309,0.02034450810514829,,0.01863201882949428,,0.0,0.9267628906249998,0.8237937408223229,0.099375,True
0.2,5208,flat,0,0.0,0.4,True,0.021093574964188684,0.026233636914546735,0.030877798120164085,0.009091125617393774,,0.008434704869020688,,0.0,0.7547497395833334,0.9888410598134065,0.0,False
0.2,5208,flat,1,0.2,0.4,True,0.04870256644421263,0.04380492515570862,0.05463615548011148,0.016370195131197036,,0.016856788509715146,,0.0,0.7506095052083332,0.9735410256175957,0.0,False
0.2,5208,flat,2,0.4,0.4,True,0.08895896672177254,0.0705828200125312,0.07785516468880947,0.021583161368144282,,0.020560359017784073,,0.0,0.824350390625,0.8767823117636956,0.005625,False
0.2,5208,flat,3,0.6,0.4,False,0.16906476417383365,0.1370740002874874,0.1332693392219481,0.021303309856014092,,0.021300138299365598,,0.0,0.9199335937500001,0.812220444397908,0.086875,True
0.2,5224,flat,0,0.0,0.4,True,0.03089996608205252,0.02597873392599486,0.0389494169216823,0.007998360321289215,,0.008860645426287046,,0.0,0.7675875000000001,0.9880082763933941,0.0,False
0.2,5224,flat,1,0.2,0.4,True,0.03867570399843124,0.02312520878801916,0.042621184013312975,0.0190791927841819,,0.02049310426432472,,0.0,0.7445263020833334,0.9721014662148764,0.0,False
0.2,5224,flat,2,0.4,0.4,True,0.09255382605451644,0.08648088632602521,0.05254918476395692,0.02107332474184145,,0.01946753189129527,,0.0,0.8150942708333333,0.8959904605972949,0.003125,False
0.2,5224,flat,3,0.6,0.4,False,0.19326038046788974,0.15925474207324145,0.1760558056044664,0.030658857635164384,,0.027001449035221538,,0.0,0.9233235677083335,0.7685277175331503,0.079375,True
0.2,5240,flat,0,0.0,0.4,True,0.03607063384978176,0.04317951349104295,0.019582695582009823,0.012480613777933528,,0.013327643818827775,,0.0,0.7657626302083332,0.9882877462400963,0.0,False
0.2,5240,flat,1,0.2,0.4,True,0.022712050343402075,0.015624753591081283,0.02678609138618825,0.015269450798620403,,0.01613460458149282,,0.0,0.7527330729166667,0.9711318453882039,0.0,False
0.2,5240,flat,2,0.4,0.4,True,0.05863443193706251,0.05979471538152047,0.050976746815758554,0.017923717558590194,,0.01556482998697554,,0.0,0.8189811197916668,0.8955402021418458,0.0075,False
0.2,5240,flat,3,0.6,0.4,False,0.13524353799731798,0.13389230825149834,0.15906311253351582,0.024318941947332594,,0.023548601208353843,,0.0,0.9176623697916667,0.811835172823702,0.1,True
0.2,5256,flat,0,0.0,0.4,True,0.022892969295702014,0.02615713886829945,0.01618664343142881,0.008238240350517421,,0.007869520575408556,,0.0,0.7518299479166667,0.9903197328423242,0.0,False
0.2,5256,flat,1,0.2,0.4,True,0.021840463896834895,0.0255875912340475,0.033230241785148405,0.013690184882649758,,0.01283193226769862,,0.0,0.7617002604166667,0.9725478572788525,0.0,False
0.2,5256,flat,2,0.4,0.4,True,0.0899378136776364,0.09972741964290109,0.10804335102668039,0.020905599457358245,,0.02083666973216838,,0.0,0.826410546875,0.8935297067854566,0.00375,False
0.2,5256,flat,3,0.6,0.4,False,0.18660953021735863,0.1826750453451481,0.16859946284405417,0.026865324617470904,,0.027197851233709512,,0.0,0.926303125,0.8118209623037405,0.10375,True
0.2,5272,flat,0,0.0,0.4,True,0.022843723853534743,0.019729770167084805,0.014305587469985274,0.012299075399850453,,0.01334659228946241,,0.0,0.7563700520833333,0.9884542474576976,0.0,False
0.2,5272,flat,1,0.2,0.4,True,0.04074368712965796,0.03307903346618427,0.038053678427262934,0.016390334266238017,,0.013003302057555477,,0.0,0.7584488281250001,0.9751696865705467,0.0,False
0.2,5272,flat,2,0.4,0.4,True,0.06915053545935992,0.04000636005278954,0.03458213316088618,0.02060093892123293,,0.01981962340257673,,0.0,0.8299768229166666,0.8591016604319782,0.005625,True
0.2,5272,flat,3,0.6,0.4,False,0.12905625767848433,0.14156500146656764,0.16631579913801603,0.027163054061765106,,0.023903214307387163,,0.0,0.9294807291666666,0.7509202790339718,0.09875,True
0.2,5288,flat,0,0.0,0.4,True,0.03240721755441347,0.028112651036512615,0.03449075666097147,0.007093518611255684,,0.009516279905433331,,0.0,0.774759765625,0.9877396571266329,0.0,False
0.2,5288,flat,1,0.2,0.4,True,0.028902709643325756,0.032356874432832264,0.028977203691590035,0.01052211324723878,,0.015953871049887255,,0.0,0.7548313802083333,0.9697576681449122,0.0,False
0.2,5288,flat,2,0.4,0.4,True,0.08018488095520243,0.09222286496285168,0.09192501471046322,0.024630190098236287,,0.023759051224163295,,0.0,0.8220923177083332,0.9043539015250082,0.009375,False
0.2,5288,flat,3,0.6,0.4,False,0.14097758750506773,0.10304524429083708,0.14646503838964017,0.020965383147016303,,0.019320608987898474,,0.0,0.9183569010416666,0.8243531916149802,0.075,True
0.2,5304,flat,0,0.0,0.4,True,0.014385304616926515,0.01798361285976081,0.02980347831306426,0.012005728143902328,,0.009591679003673335,,0.0,0.7590033854166668,0.9885874590573335,0.0,False
0.2,5304,flat,1,0.2,0.4,True,0.03532830633205831,0.026003226643565077,0.03445531698099086,0.012718940676257163,,0.014815851932130945,,0.0,0.7588930989583335,0.9705478538689221,0.0,False
0.2,5304,flat,2,0.4,0.4,True,0.07020469548005993,0.05635498257656873,0.11026629244780928,0.027801859523970844,,0.025777857526174744,,0.0,0.8215882812500002,0.8789336966202528,0.004375,False
0.2,5304,flat,3,0.6,0.4,False,0.161347152317586,0.1559068279970271,0.14904260200782485,0.024940836604845452,,0.024114463194423577,,0.0,0.9277963541666667,0.8285016622188807,0.094375,True
0.2,5320,flat,0,0.0,0.4,True,0.023921442968073654,0.03518573947928597,0.032810451169745895,0.0063870134905654775,,0.00481876436423563,,0.0,0.7627075520833333,0.988763247261551,0.0,False
0.2,5320,flat,1,0.2,0.4,True,0.0335372075979439,0.03259123785271035,0.0392874504387436,0.015966314856408325,,0.01601944076204545,,0.0,0.7453157552083334,0.9728292273519225,0.0,False
0.2,5320,flat,2,0.4,0.4,True,0.09742041210489022,0.08869340011508353,0.08562156783048354,0.027187649211155525,,0.02779734068007221,,0.0,0.8102739583333334,0.9092269620307922,0.0025,False
0.2,5320,flat,3,0.6,0.4,False,0.1266423787486405,0.12688692927182288,0.1357388911431918,0.021215624811858173,,0.020523653028386078,,0.0,0.9236424479166667,0.8219329358306344,0.09,True
0.2,5336,flat,0,0.0,0.4,True,0.025892113830834288,0.026748921849170437,0.022289583070378094,0.007713953947468702,,0.009227209414103446,,0.0,0.7492375,0.9882321401622198,0.0,False
0.2,5336,flat,1,0.2,0.4,True,0.05832524661286845,0.04993249004696981,0.057378443692193935,0.021332556452087793,,0.020009485203601268,,0.0,0.7492520833333333,0.971617450503271,0.000625,False
0.2,5336,flat,2,0.4,0.4,True,0.0971208296413041,0.08847169512834115,0.07894178230964094,0.024660987324818202,,0.0243125218805367,,0.0,0.8232347656249999,0.8791872020912045,0.001875,False
0.2,5336,flat,3,0.6,0.4,False,0.1662997283180243,0.13924703909185893,0.17884005072484513,0.023626020116855002,,0.023319717681512163,,0.0,0.9229476562500001,0.7891270011749986,0.0975,True
0.2,5352,flat,0,0.0,0.4,True,0.023914503767803248,0.03289738981814646,0.043613542467884306,0.009269610054837923,,0.0081893010117818,,0.0,0.7715662760416667,0.9878426051458085,0.0,False
0.2,5352,flat,1,0.2,0.4,True,0.026988189057811765,0.03879046583079381,0.023459653515246724,0.019252178668926496,,0.0190787841477931,,0.0,0.760128515625,0.9680154284645691,0.0,False
0.2,5352,flat,2,0.4,0.4,True,0.061083437481386504,0.05171561684053913,0.05189069816858678,0.014939617442472117,,0.016462321846349357,,0.0,0.8022170572916668,0.9124512135135833,0.005,False
0.2,5352,flat,3,0.6,0.4,False,0.13733296371751974,0.12168797828945532,0.15645651258771015,0.022558429664615874,,0.021206693503525244,,0.0,0.9203825520833333,0.8190453302354547,0.080625,True
0.2,5368,flat,0,0.0,0.4,True,0.026982905054079583,0.022952711352496137,0.025402512130868818,0.011024249835334312,,0.011107139153652447,,0.0,0.7748666666666667,0.9870676779846325,0.0,False
0.2,5368,flat,1,0.2,0.4,True,0.03767686872645411,0.02987208664755574,0.03184579845090246,0.01723799062215926,,0.017726502116299912,,0.0,0.7502513020833332,0.9703273476689215,0.0,False
0.2,5368,flat,2,0.4,0.4,True,0.04847054212561076,0.04946379296877009,0.05001835555219654,0.018329421056695987,,0.01817249641886119,,0.0,0.8127398437499999,0.9060088064317372,0.00375,False
0.2,5368,flat,3,0.6,0.4,False,0.1568950903522353,0.10635807588156439,0.15327616413406875,0.02697620195853878,,0.025341598416693045,,0.0,0.93055390625,0.8239614648841634,0.1,True
0.2,5384,flat,0,0.0,0.4,True,0.019016268360306246,0.02279705774816339,0.017178051445391182,0.012601924595516279,,0.013138970888870862,,0.0,0.770611328125,0.9879747105366771,0.0,False
0.2,5384,flat,1,0.2,0.4,True,0.025245933819925414,0.024894084244976456,0.030067978725436612,0.017931676766910293,,0.017557051863082825,,0.0,0.76753984375,0.9739264548591506,0.0,False
0.2,5384,flat,2,0.4,0.4,True,0.07262621620600718,0.06706841089101219,0.05365101532184704,0.02027878627747725,,0.019686260969543137,,0.0,0.8214505208333334,0.8919296232272222,0.010625,True
0.2,5384,flat,3,0.6,0.4,False,0.17454297381563033,0.14323251995144082,0.1520581264280103,0.02366446949783712,,0.022536712314637157,,0.0,0.9266390624999998,0.8130548525039764,0.093125,True
0.4,5000,flat,0,0.0,0.4,True,0.042891259268438106,0.034847112329331284,0.014761872507539924,0.007108078244486084,,0.0107959569450864,,0.0,0.7423079427083333,0.9870027698328141,0.0,False
0.4,5000,flat,1,0.2,0.4,True,0.043882175745389856,0.04809027105577127,0.03050028140157292,0.017065736685547422,,0.01771322698776079,,0.0,0.7556829427083334,0.9736603276845943,0.0,False
0.4,5000,flat,2,0.4,0.4,True,0.06599269461842397,0.04088935533520773,0.08852752168087677,0.017690445561019806,,0.01608495247891302,,0.0,0.8204459635416667,0.8888985316854032,0.00125,False
0.4,5000,flat,3,0.6,0.4,False,0.15270813461887084,0.1530519571456788,0.16123367211299205,0.022538053729885918,,0.022241243175157646,,0.0,0.9199545572916668,0.8067537135129121,0.080625,True
0.4,5016,flat,0,0.0,0.4,True,0.02269885236601894,0.02187480404230607,0.014085756365028367,0.012462510469345656,,0.012412431788519883,,0.0,0.754958984375,0.9882031059347673,0.0,False
0.4,5016,flat,1,0.2,0.4,True,0.0380318979937978,0.03366327807262877,0.05096680955303692,0.018883605083113156,,0.019648130906392898,,0.0,0.7569011718750001,0.977253296561885,0.0,False
0.4,5016,flat,2,0.4,0.4,True,0.07711126338291686,0.0789209278725982,0.08349593051871229,0.020327205550393863,,0.021637789811674354,,0.0,0.8174174479166667,0.8986965280256463,0.0025,False
0.4,5016,flat,3,0.6,0.4,False,0.1769387342685972,0.15479910778189115,0.18879736667846284,0.02927889304903887,,0.028315175407831347,,0.0,0.9080514322916667,0.8358106467433167,0.071875,True
0.4,5032,flat,0,0.0,0.4,True,0.023540095884708553,0.022614142803031697,0.02256035077297495,0.01107078498725107,,0.010932331406451947,,0.0,0.7618884114583333,0.9877038144577999,0.0,False
0.4,5032,flat,1,0.2,0.4,True,0.029599930591092363,0.0363152951446208,0.03859928228727307,0.016030576786117252,,0.015973658538986732,,0.0,0.7480648437499999,0.9714875169868977,0.0,False
0.4,5032,flat,2,0.4,0.4,True,0.10589655307036241,0.092064206320172,0.11340930386204817,0.023244642531408115,,0.023589830352887683,,0.0,0.8197153645833333,0.8791629499356671,0.00375,False
0.4,5032,flat,3,0.6,0.4,False,0.18322404243031706,0.1593915375537422,0.1846083032048693,0.02132443007555658,,0.02193762034024263,,0.0,0.9155239583333333,0.7734985570619252,0.06125,True
0.4,5048,flat,0,0.0,0.4,True,0.031017678709003318,0.023448920882740722,0.02156991670014371,0.007808289018824382,,0.00841453656362063,,0.0,0.7657756510416667,0.9884671397964013,0.0,False
0.4,5048,flat,1,0.2,0.4,True,0.0359393894502435,0.02585241578829474,0.035929754390113915,0.014507519992940709,,0.015001961390851554,,0.0,0.7587643229166665,0.9690856749040431,0.0,False
0.4,5048,flat,2,0.4,0.4,True,0.07795692078875256,0.08529123969395681,0.08251004164597356,0.014233598365316465,,0.013962322618617568,,0.0,0.8129838541666667,0.9141678472499397,0.000625,False
0.4,5048,flat,3,0.6,0.4,False,0.1290907043312147,0.13876585416309156,0.1521538195461488,0.022068711449460605,,0.01975723824843792,,0.0,0.9133639322916667,0.7836197142833676,0.06875,True
0.4,5064,flat,0,0.0,0.4,True,0.031587319827993704,0.03171067769605324,0.027552236575942583,0.00942461031480557,,0.010930052706433407,,0.0,0.7676238281250001,0.9889426601946809,0.0,False
0.4,5064,flat,1,0.2,0.4,True,0.04442624326580317,0.03731743364931369,0.025444340009847098,0.018027660321421193,,0.017665527282606647,,0.0,0.7587424479166667,0.9769429347829036,0.0,False
0.4,5064,flat,2,0.4,0.4,True,0.10856257212149648,0.09161380925316763,0.11092125875888788,0.020758314536075427,,0.017871744088145673,,0.0,0.8155825520833333,0.9039362698855538,0.00125,False
0.4,5064,flat,3,0.6,0.4,False,0.17899609291049592,0.16203208179309636,0.19928494905386404,0.020348158342534534,,0.018417633147767714,,0.0,0.914791796875,0.8228999261386839,0.08,True
0.4,5080,flat,0,0.0,0.4,True,0.04314377388575449,0.059357145790004326,0.03416628394324439,0.007867360079888832,,0.008463832317149885,,0.0,0.767413671875,0.9876494571466918,0.0,False
0.4,5080,flat,1,0.2,0.4,True,0.037809872334401494,0.04735460378982506,0.045925146948957135,0.019019320222142047,,0.01960537257368216,,0.0,0.7628665364583334,0.9738859162942268,0.0,False
0.4,5080,flat,2,0.4,0.4,True,0.05873022909909343,0.06581666312050041,0.09375419269974417,0.018284093816679864,,0.01703269665697964,,0.0,0.8085153645833334,0.9072852429895891,0.001875,False
0.4,5080,flat,3,0.6,0.4,False,0.15727598477037857,0.15021300306065802,0.14580672724139598,0.02476175479512472,,0.023122038946018345,,0.0,0.9138623697916666,0.8363762756104401,0.084375,True
0.4,5096,flat,0,0.0,0.4,True,0.03224353675536471,0.03594748183563346,0.035764289913904936,0.0082185030750364,,0.008076643346267447,,0.0,0.7610404947916667,0.9870276328587776,0.0,False
0.4,5096,flat,1,0.2,0.4,True,0.04370671472753104,0.04290741916314041,0.03445464785765033,0.016256250861385733,,0.012801660952560141,,0.0,0.7425407552083333,0.9781761761401768,0.0,False
0.4,5096,flat,2,0.4,0.4,True,0.08040037598201469,0.07923789745551633,0.07278308441367012,0.020035285317236716,,0.020722634111583857,,0.0,0.8071075520833333,0.9121072399965506,0.00125,False
0.4,5096,flat,3,0.6,0.4,False,0.1678350921579566,0.16137693747051426,0.1826255089132814,0.02546586885642462,,0.023009644112139335,,0.0,0.9052209635416666,0.8294612302355343,0.055,True
0.4,5112,flat,0,0.0,0.4,True,0.022952385547237095,0.028181483330664937,0.02144643259534971,0.0061130722276067605,,0.006244041198962608,,0.0,0.7719303385416667,0.9874756912825123,0.0,False
0.4,5112,flat,1,0.2,0.4,True,0.033224454127657954,0.04148845790793196,0.02030618795353069,0.013313961731092889,,0.015082373051494874,,0.0,0.7587595052083334,0.9721786537871875,0.0,False
0.4,5112,flat,2,0.4,0.4,True,0.09094534363876507,0.0792679919461205,0.07475226500227546,0.023929553471673748,,0.023417054449976,,0.0,0.8096549479166666,0.9065583375734834,0.001875,False
0.4,5112,flat,3,0.6,0.4,False,0.18734641856244458,0.17479164502134095,0.1789734919471387,0.0316633192775283,,0.029045398327777378,,0.0,0.9122716145833333,0.7629798223669482,0.0625,True
0.4,5128,flat,0,0.0,0.4,True,0.030026855240162017,0.02938742924804727,0.03703301848206453,0.007061543881171873,,0.007663012534103811,,0.0,0.7748485677083333,0.9884600698069795,0.0,False
0.4,5128,flat,1,0.2,0.4,True,0.01786230797396387,0.035371339436920904,0.034331664370919376,0.013032156787017359,,0.013422025260192838,,0.0,0.7542334635416668,0.977083359226098,0.0,False
0.4,5128,flat,2,0.4,0.4,True,0.060601968038594314,0.05990135667546805,0.054998755812353875,0.020314299228249774,,0.01924028684472822,,0.0,0.823353515625,0.8820507765817791,0.00125,False
0.4,5128,flat,3,0.6,0.4,False,0.16070239958932964,0.14503945367804286,0.14208686249531002,0.026452129100850312,,0.028002562611399884,,0.0,0.914622265625,0.7812407403314383,0.08375,True
0.4,5144,flat,0,0.0,0.4,True,0.02480531496820533,0.02552056710524265,0.0246943517615069,0.00901773424138198,,0.010321926866749143,,0.0,0.7754393229166666,0.987104214320966,0.0,False
0.4,5144,flat,1,0.2,0.4,True,0.019178392677492898,0.016582262043783484,0.025674880891520414,0.00962242390546372,,0.013315213841644802,,0.0,0.7564576822916665,0.9785884279543621,0.0,False
0.4,5144,flat,2,0.4,0.4,True,0.09838323722026746,0.0926242051305444,0.07999055213467068,0.020403392233210485,,0.021086644796095656,,0.0,0.8086615885416667,0.899062176192376,0.0075,False
0.4,5144,flat,3,0.6,0.4,False,0.18176434090452928,0.16418947298971398,0.19944493374190522,0.029282570977203097,,0.02855085048596473,,0.0,0.9174480468749999,0.8022246299992353,0.063125,True
0.4,5160,flat,0,0.0,0.4,True,0.015417577288210797,0.030237337511421915,0.025430522017642208,0.010628691749295219,,0.01131365909585621,,0.0,0.777906640625,0.9879677403501639,0.0,False
0.4,5160,flat,1,0.2,0.4,True,0.018622496547367206,0.01869378517065097,0.050762027283022204,0.014977727369047199,,0.019194577663456933,,0.0,0.7570743489583334,0.9740780622607177,0.0,False
0.4,5160,flat,2,0.4,0.4,True,0.06014312920011923,0.044877785315005025,0.05523659117586147,0.021734680758285198,,0.020653138668048607,,0.0,0.8086876302083335,0.9040190760726271,0.001875,False
0.4,5160,flat,3,0.6,0.4,False,0.15390494298451624,0.13774907341382855,0.1473593834466571,0.02154990023640436,,0.02201691262461769,,0.0,0.9155813802083332,0.8164862782334531,0.06125,True
0.4,5176,flat,0,0.0,0.4,True,0.017777183881031902,0.02501002139910886,0.018932894937267096,0.010883900743200895,,0.010925239773694067,,0.0,0.7531509114583333,0.9875393270481019,0.0,False
0.4,5176,flat,1,0.2,0.4,True,0.026006978563913073,0.017503190479983825,0.06858742146360958,0.013741586264319632,,0.013593953049277699,,0.0,0.758371484375,0.9686356076073084,0.0,False
0.4,5176,flat,2,0.4,0.4,True,0.08597466146599052,0.07264883782562777,0.09687298787637252,0.02221825998928395,,0.022359756220928152,,0.0,0.8034091145833333,0.905547752897912,0.00375,False
0.4,5176,flat,3,0.6,0.4,False,0.13555248097680062,0.13907657338107438,0.13936746703147818,0.020599919448158074,,0.0198588962975016,,0.0,0.9067680989583332,0.8128897346521363,0.0525,True
0.4,5192,flat,0,0.0,0.4,True,0.027679235852732232,0.022378381251368148,0.024522732402745308,0.010195727703999694,,0.010139623950517554,,0.0,0.7523058593749998,0.9882980175805659,0.0,False
0.4,5192,flat,1,0.2,0.4,True,0.028053393516406983,0.03569790467494696,0.03495963990144012,0.016395548362188556,,0.013669110570149755,,0.0,0.7578864583333333,0.9716115456030733,0.0,False
0.4,5192,flat,2,0.4,0.4,True,0.09596539179017796,0.07360580584385536,0.07521540372831256,0.017216450853625262,,0.017028829702032667,,0.0,0.8122829427083333,0.8915130405686055,0.000625,False
0.4,5192,flat,3,0.6,0.4,False,0.16693450625624107,0.1285087166369918,0.11099460397391586,0.02049071166893985,,0.01973898052684997,,0.0,0.914064453125,0.8384295216807968,0.07375,True
0.4,5208,flat,0,0.0,0.4,True,0.04467152028910095,0.04143827350627679,0.036372117752712235,0.006641602254074287,,0.006553209385411442,,0.0,0.7547497395833334,0.9888410598134065,0.0,False
0.4,5208,flat,1,0.2,0.4,True,0.03186535017058596,0.02993385151479559,0.05486525397873355,0.01720073355596782,,0.017287245665143988,,0.0,0.7554888020833334,0.972450901529665,0.0,False
0.4,5208,flat,2,0.4,0.4,True,0.07219757793798359,0.05720550063015121,0.1074555206218519,0.022168157115967403,,0.02214314955352356,,0.0,0.8228911458333332,0.8881031538482866,0.0025,False
0.4,5208,flat,3,0.6,0.4,False,0.15043048660595976,0.1305821566342754,0.1447412891738136,0.022119975201441402,,0.02160516847923863,,0.0,0.9092571614583334,0.8022750920181442,0.064375,True
0.4,5224,flat,0,0.0,0.4,True,0.029852128219806998,0.03440449327075478,0.03351393941758902,0.007325626932824254,,0.005309438294187421,,0.0,0.7675875000000001,0.9880082763933941,0.0,False
0.4,5224,flat,1,0.2,0.4,True,0.051116059149903956,0.04722670216059527,0.049377042953028166,0.018149937995196805,,0.015831554015222318,,0.0,0.7496953125,0.9708291443869986,0.0,False
0.4,5224,flat,2,0.4,0.4,True,0.08764425746801999,0.08931474281678226,0.09278577881603409,0.023221991429400173,,0.024095909821824864,,0.0,0.8111843750000001,0.9023648892734127,0.00125,False
0.4,5224,flat,3,0.6,0.4,False,0.16700963762672127,0.18045873257364,0.1842611877142673,0.03060202896190609,,0.030142177441368823,,0.0,0.9113118489583333,0.7744181447394449,0.06125,True
0.4,5240,flat,0,0.0,0.4,True,0.034369856009584296,0.034880117200483646,0.019370806255009625,0.012402243764025564,,0.013411829837415843,,0.0,0.7657626302083332,0.9882877462400963,0.0,False
0.4,5240,flat,1,0.2,0.4,True,0.037794206232095055,0.03645401716416969,0.03395689620886264,0.016617360281248696,,0.01861232251052539,,0.0,0.7512313802083334,0.9726174276707354,0.0,False
0.4,5240,flat,2,0.4,0.4,True,0.08562397272319411,0.08037319827761953,0.05404851666643206,0.02150260521544986,,0.021250275026123353,,0.0,0.8160048177083332,0.9040450505675761,0.005625,False
0.4,5240,flat,3,0.6,0.4,False,0.1891298972946818,0.15254908509716433,0.14239552574299608,0.01959778954808842,,0.01907158665429386,,0.0,0.905472265625,0.7815369096857172,0.069375,True
0.4,5256,flat,0,0.0,0.2,True,0.023531673340945587,0.029073761169682133,0.02483673414131842,0.007264624610385118,,0.00743795077340002,,0.0,0.7518299479166667,0.9903197328423242,0.0,False
0.4,5256,flat,1,0.2,0.2,True,0.01713096593073268,0.02106091387518859,0.04429761484681342,0.014001796606922742,,0.014578263006545935,,0.0,0.7604709635416667,0.9728926130163367,0.0,False
0.4,5256,flat,2,0.4,0.2,False,0.13161131574546991,0.12407396052057483,0.12090599374713054,0.024603967711384025,,0.02096582279957851,,0.0,0.8189153645833334,0.8989338791926893,0.001875,False
0.4,5272,flat,0,0.0,0.4,True,0.018846805536346562,0.02834618828935647,0.02471332925579053,0.013291669634253513,,0.013457008821010141,,0.0,0.7563700520833333,0.9884542474576976,0.0,False
0.4,5272,flat,1,0.2,0.4,True,0.036092449227646276,0.03600979785796038,0.035483331573382085,0.015391061770405709,,0.015340566339810988,,0.0,0.7550162760416667,0.9753013686714816,0.0,False
0.4,5272,flat,2,0.4,0.4,True,0.0825269817480514,0.07773205275890849,0.0963072661473384,0.02283067040371864,,0.021421584777076008,,0.0,0.823867578125,0.8651726905083365,0.008125,True
0.4,5272,flat,3,0.6,0.4,False,0.1962672926893208,0.15858124172731977,0.19098499128103547,0.023023428596693395,,0.02206233108061756,,0.0,0.9152291666666666,0.8123659035058158,0.0775,True
0.4,5288,flat,0,0.0,0.4,True,0.0305540733570358,0.027686256483054533,0.029805081400247332,0.009511610422395102,,0.009532720752246577,,0.0,0.774759765625,0.9877396571266329,0.0,False
0.4,5288,flat,1,0.2,0.4,True,0.031895029193997136,0.03152138487842454,0.02252765439520367,0.012281659655045615,,0.013817377689088388,,0.0,0.75339140625,0.9736183393066298,0.0,False
0.4,5288,flat,2,0.4,0.4,True,0.09266319129018782,0.09711073475203219,0.09390329599237912,0.023032530594586997,,0.02254978615309848,,0.0,0.8118298177083334,0.9188686697482139,0.008125,False
0.4,5288,flat,3,0.6,0.4,False,0.140455479861647,0.12336106011457146,0.1698609088166997,0.023147978623254982,,0.020620506750269624,,0.0,0.9069324218749999,0.8218432225231871,0.06875,True
0.4,5304,flat,0,0.0,0.4,True,0.025037956457897293,0.03127443369600656,0.02838562675610164,0.008788055440765346,,0.008950157054482998,,0.0,0.7590033854166668,0.9885874590573335,0.0,False
0.4,5304,flat,1,0.2,0.4,True,0.030676812175766253,0.025996438929604224,0.05106276759580916,0.012385266648501828,,0.01386752307376256,,0.0,0.75736328125,0.9730337276853995,0.0,False
0.4,5304,flat,2,0.4,0.4,True,0.0914429016138808,0.07572497414575859,0.14331602591365383,0.02592016142321503,,0.02417810668776039,,0.0,0.8154458333333334,0.8979093813904664,0.004375,False
0.4,5304,flat,3,0.6,0.4,False,0.18282330819361384,0.19369157237573703,0.18270626059503664,0.028520985849808472,,0.02763890622229722,,0.0,0.9165578125,0.8252576033911802,0.071875,True
0.4,5320,flat,0,0.0,0.4,True,0.032688229676793364,0.04156183758076187,0.03958509210832992,0.00724176235532967,,0.007020239710936453,,0.0,0.7627075520833333,0.988763247261551,0.0,False
0.4,5320,flat,1,0.2,0.4,True,0.049363633232168316,0.04471580894697725,0.03997405673873884,0.012956479771381072,,0.015759591714017203,,0.0,0.7422562500000001,0.9742602817428531,0.0,False
0.4,5320,flat,2,0.4,0.4,True,0.10863498845147962,0.09530342750047703,0.0915259829308718,0.02690600034317319,,0.027098730395927972,,0.0,0.8050268229166666,0.9202127842229249,0.003125,False
0.4,5320,flat,3,0.6,0.4,False,0.14897298419283755,0.13709608459954198,0.15424079442973407,0.0248806283836652,,0.022307294899493076,,0.0,0.9114690104166668,0.8219263196906713,0.069375,True
0.4,5336,flat,0,0.0,0.4,True,0.022001731180297128,0.021270799828288823,0.03231636859320726,0.006779025851547439,,0.007451597279760429,,0.0,0.7492375,0.9882321401622198,0.0,False
0.4,5336,flat,1,0.2,0.4,True,0.05256732056001041,0.05778834987288854,0.050114834575090285,0.020766259868250328,,0.019095483418097726,,0.0,0.7527756510416667,0.9725860040397866,0.0,False
0.4,5336,flat,2,0.4,0.4,True,0.1046067867905678,0.08968889612463564,0.08801154327588478,0.022762489373597126,,0.023528760287000003,,0.0,0.81639296875,0.8927211150221946,0.000625,False
0.4,5336,flat,3,0.6,0.4,False,0.204472828889091,0.1995197600821254,0.16168551900889647,0.02602962474352346,,0.025550893983325357,,0.0,0.9135091145833334,0.8045756403021784,0.07125,True
0.4,5352,flat,0,0.0,0.4,True,0.027339656434901917,0.02247891999646283,0.052864851218667186,0.009879945555642693,,0.011682369794222866,,0.0,0.7715662760416667,0.9878426051458085,0.0,False
0.4,5352,flat,1,0.2,0.4,True,0.026322743543290148,0.028946866152722302,0.04182614627077949,0.016707914866584735,,0.01714924561733304,,0.0,0.760633984375,0.968873748858804,0.0,False
0.4,5352,flat,2,0.4,0.4,True,0.08292224185803557,0.07354561099287482,0.06223056100524367,0.01640338359817481,,0.016452369869002486,,0.0,0.8018315104166667,0.9154169557731227,0.003125,False
0.4,5352,flat,3,0.6,0.4,False,0.1624378606040199,0.12924967611743282,0.1496870160186869,0.02137626392114714,,0.019904157386766545,,0.0,0.9100309895833332,0.831660372358843,0.06375,True
0.4,5368,flat,0,0.0,0.4,True,0.037190864884518594,0.03692483964533385,0.02805393758965299,0.010830125524910358,,0.011356195377396919,,0.0,0.7748666666666667,0.9870676779846325,0.0,False
0.4,5368,flat,1,0.2,0.4,True,0.04296484771664886,0.04021092151694499,0.03566460590129485,0.018370434818820308,,0.012151097101500741,,0.0,0.7498813802083334,0.9708297723940956,0.0,False
0.4,5368,flat,2,0.4,0.4,True,0.07192086172333932,0.050358082180920916,0.0784468058383886,0.021623483304638355,,0.022464692058467725,,0.0,0.8078526041666667,0.9092440117509667,0.000625,False
0.4,5368,flat,3,0.6,0.4,False,0.1584079431536546,0.1604554573868335,0.18621381022568792,0.026042435550157665,,0.026438344113037755,,0.0,0.9163674479166667,0.8152283181165564,0.07625,True
0.4,5384,flat,0,0.0,0.4,True,0.02150118034711704,0.019183927498339005,0.016192179229306002,0.012665734659342105,,0.013040903066076488,,0.0,0.770611328125,0.9879747105366771,0.0,False
0.4,5384,flat,1,0.2,0.4,True,0.031059832757734995,0.02366318983967808,0.028322376917099313,0.015897066659566222,,0.015821719818922157,,0.0,0.76497734375,0.9748559496835683,0.0,False
0.4,5384,flat,2,0.4,0.4,True,0.08335699344876561,0.08196383949329643,0.09500725605852531,0.020454718062664207,,0.01814076483229883,,0.0,0.8155278645833335,0.8996834449871852,0.0075,False
0.4,5384,flat,3,0.6,0.4,False,0.18681607559243044,0.14926855805893108,0.14634296088666218,0.02472123829659868,,0.023922588519138144,,0.0,0.9156888020833334,0.796867229470783,0.0825,True
0.55,5000,flat,0,0.0,0.2,True,0.03390072789153556,0.02094871321827088,0.019714636930561358,0.010339212549740316,,0.009767370521807907,,0.0,0.7423079427083333,0.9870027698328141,0.0,False
0.55,5000,flat,1,0.2,0.2,True,0.041145069508513515,0.03871968114294306,0.02886963902189081,0.016633863012164254,,0.01513006750811523,,0.0,0.7561136718749999,0.9753084151413925,0.0,False
0.55,5000,flat,2,0.4,0.2,False,0.07476569233317873,0.11157710820613158,0.09831445321328537,0.017527165907807046,,0.018728446607592333,,0.0,0.8076703125,0.8774688081825542,0.000625,False
0.55,5016,flat,0,0.0,0.4,True,0.026440852464102802,0.025332358311453532,0.02078077575371143,0.01146160463446584,,0.011774808009176508,,0.0,0.754958984375,0.9882031059347673,0.0,False
0.55,5016,flat,1,0.2,0.4,True,0.04589218791014117,0.044252966987494494,0.04739180201600707,0.01429361721105592,,0.014758786180925864,,0.0,0.7552182291666667,0.9778707296848684,0.0,False
0.55,5016,flat,2,0.4,0.4,True,0.09051033372970411,0.07590329215094127,0.10916281478859192,0.02340719614112883,,0.02230566012451242,,0.0,0.8138904947916668,0.9103033944311646,0.000625,False
0.55,5016,flat,3,0.6,0.4,False,0.17449936825493487,0.13060896092502589,0.20536240979317882,0.027798415280623975,,0.02700084462293849,,0.0,0.8943829427083332,0.8283454302041174,0.048125,True
0.55,5032,flat,0,0.0,0.2,True,0.018101752279334304,0.024026267863468006,0.015622469020524742,0.01083483131369007,,0.00934957153153784,,0.0,0.7618884114583333,0.9877038144577999,0.0,False
0.55,5032,flat,1,0.2,0.2,True,0.04777506879985519,0.047976039201414925,0.03466437173675969,0.01443519856430594,,0.012437921334738075,,0.0,0.7477067708333334,0.9730413514357792,0.0,False
0.55,5032,flat,2,0.4,0.2,False,0.11409040798949749,0.11330821096141995,0.10577680272395336,0.022341762345837617,,0.022584487699545682,,0.0,0.8114674479166667,0.8867473273851953,0.003125,False
0.55,5048,flat,0,0.0,0.4,True,0.03253415901118543,0.03375118877717485,0.027540628233953098,0.00825802944250895,,0.007955890673493855,,0.0,0.7657756510416667,0.9884671397964013,0.0,False
0.55,5048,flat,1,0.2,0.4,True,0.0356931862798299,0.029686988820355694,0.02205205277107586,0.013100133630254387,,0.013474112589415374,,0.0,0.7614544270833333,0.9707903350212863,0.0,False
0.55,5048,flat,2,0.4,0.4,True,0.0853403094384844,0.07801637239558867,0.08877320992515843,0.011746083887892842,,0.012071191721077287,,0.0,0.8096311197916666,0.9145188590204051,0.0,False
0.55,5048,flat,3,0.6,0.4,False,0.19143565311459196,0.19501396717790637,0.1746503005338585,0.02277402111240951,,0.02108643817785813,,0.0,0.8985213541666667,0.8134034316550179,0.058125,True
0.55,5064,flat,0,0.0,0.4,True,0.030698907989917774,0.03285961076960502,0.015715748060845247,0.009195085663730767,,0.009376481595034706,,0.0,0.7676238281250001,0.9889426601946809,0.0,False
0.55,5064,flat,1,0.2,0.4,True,0.03703197184074617,0.039039381323442875,0.03969612208683138,0.017709039704546195,,0.01776863279455336,,0.0,0.7613286458333333,0.9780895237615459,0.0,False
0.55,5064,flat,2,0.4,0.4,True,0.12706684693385434,0.09644812814916878,0.10802094279647985,0.019593807605983296,,0.020307178295431133,,0.0,0.8146634114583333,0.8995184473279433,0.001875,False
0.55,5064,flat,3,0.6,0.4,False,0.18128747181413438,0.17483106865700163,0.21469324113811578,0.022599482430204543,,0.022057648413879125,,0.0,0.9011326822916668,0.816147979303135,0.049375,True
0.55,5080,flat,0,0.0,0.4,True,0.021810488970552346,0.030594375845191788,0.023771708111565867,0.008895208465335635,,0.008549020472377785,,0.0,0.767413671875,0.9876494571466918,0.0,False
0.55,5080,flat,1,0.2,0.4,True,0.05630494562242257,0.04904725942394271,0.05755570591081542,0.01893750606392332,,0.017052710047524254,,0.0,0.7614602864583333,0.9764423894227346,0.0,False
0.55,5080,flat,2,0.4,0.4,True,0.07700212445351284,0.07645395069076838,0.06626859222526721,0.017801190498291205,,0.01817519721501459,,0.0,0.8011255208333332,0.921766077200855,0.000625,False
0.55,5080,flat,3,0.6,0.4,False,0.19399850712355318,0.16985124575899888,0.21748320730617057,0.02733865918049469,,0.028701880851838543,,0.0,0.9027036458333334,0.8445216167482001,0.0675,True
0.55,5096,flat,0,0.0,0.2,True,0.02670488358231014,0.01979778107364632,0.019967310470315233,0.006467764378170527,,0.005792082173248766,,0.0,0.7610404947916667,0.9870276328587776,0.0,False
0.55,5096,flat,1,0.2,0.2,True,0.03878250110910913,0.040488990863548346,0.03615565584931456,0.013204479290838088,,0.014346794540057679,,0.0,0.7404682291666667,0.9783806636990945,0.0,False
0.55,5096,flat,2,0.4,0.2,False,0.11606781642811721,0.10891474609016101,0.083439673399204,0.024226328837279404,,0.0225660470982818,,0.0,0.8061492187500001,0.9198076577617218,0.00125,False
0.55,5112,flat,0,0.0,0.4,True,0.028246273524803966,0.03036558569358542,0.009802647033144162,0.005898800837009258,,0.0049799198313413475,,0.0,0.7719303385416667,0.9874756912825123,0.0,False
0.55,5112,flat,1,0.2,0.4,True,0.04249787521329163,0.03304455177403253,0.030963994110972847,0.014001789822878462,,0.01510247966617281,,0.0,0.7584622395833333,0.9705595420393083,0.0,False
0.55,5112,flat,2,0.4,0.4,True,0.09676541443398351,0.08852949577543637,0.09299799637593445,0.026000193950894007,,0.023009688835208434,,0.0,0.8030188802083333,0.9086011050119005,0.000625,False
0.55,5112,flat,3,0.6,0.4,False,0.20011302570697515,0.18927091104392813,0.2044228499922863,0.03189036250973198,,0.0291223182081798,,0.0,0.9015627604166666,0.7741406659070471,0.039375,True
0.55,5128,flat,0,0.0,0.4,True,0.033868546007219884,0.029584292040856518,0.04847405767929826,0.008035280100386361,,0.007647576430630135,,0.0,0.7748485677083333,0.9884600698069795,0.0,False
0.55,5128,flat,1,0.2,0.4,True,0.015835642341454896,0.035913795671572823,0.04218885960224662,0.012773713525782323,,0.014656765024528378,,0.0,0.7534006510416666,0.9793147039571316,0.0,False
0.55,5128,flat,2,0.4,0.4,True,0.08193887702293892,0.06593544146735553,0.07553801816388199,0.0203070009879915,,0.020452409546621215,,0.0,0.8146385416666667,0.8908527897565934,0.00125,False
0.55,5128,flat,3,0.6,0.4,False,0.17020144460882308,0.14631522114614415,0.15368667607816774,0.025281690171974482,,0.025635452930121656,,0.0,0.9023805989583332,0.7928195337044152,0.0675,True
0.55,5144,flat,0,0.0,0.2,True,0.021986105791401315,0.02406710463220726,0.02658686520526549,0.009047255709052779,,0.010243267320027779,,0.0,0.7754393229166666,0.987104214320966,0.0,False
0.55,5144,flat,1,0.2,0.2,True,0.01865848145719441,0.021927614834752324,0.029674197153770447,0.012363601171314898,,0.01408614353553364,,0.0,0.7564111979166667,0.978595679256072,0.0,False
0.55,5144,flat,2,0.4,0.2,False,0.11140803609278271,0.10073698630108452,0.0841485922923675,0.018118572258859725,,0.019968375286295244,,0.0,0.8032307291666667,0.9064653946411374,0.004375,False
0.55,5160,flat,0,0.0,0.4,True,0.0321923850748985,0.027127393869887294,0.020142325691400065,0.010002528406417337,,0.00888137204365278,,0.0,0.777906640625,0.9879677403501639,0.0,False
0.55,5160,flat,1,0.2,0.4,True,0.02596346512515264,0.031510475084177605,0.04621645327888667,0.018626973085580055,,0.01864667927688815,,0.0,0.7618190104166667,0.9741832739338597,0.0,False
0.55,5160,flat,2,0.4,0.4,True,0.08150226742622282,0.07475684117987673,0.06799331574714906,0.020634337226717408,,0.019391851124018967,,0.0,0.7975292968750001,0.9114141704776053,0.000625,False
0.55,5160,flat,3,0.6,0.4,False,0.16294137249393412,0.15051070096103625,0.1602858114705856,0.02415719660002743,,0.022290296967296785,,0.0,0.9040311197916667,0.8304489950374242,0.045625,True
0.55,5176,flat,0,0.0,0.4,True,0.046028141642568784,0.0509574839059319,0.039220707480941586,0.00983543119818149,,0.010213177825769228,,0.0,0.7531509114583333,0.9875393270481019,0.0,False
0.55,5176,flat,1,0.2,0.4,True,0.039890510483794654,0.04109297682903815,0.03504616223514419,0.013385555277666033,,0.013716452230224191,,0.0,0.7582859375000001,0.9697046194919223,0.0,False
0.55,5176,flat,2,0.4,0.4,True,0.11873720346692032,0.09304350079249468,0.08955439513006068,0.020505303332347354,,0.020350457618253624,,0.0,0.7966794270833333,0.9148075031168766,0.0025,False
0.55,5176,flat,3,0.6,0.4,False,0.1492174554247707,0.1347196073989885,0.12542630063949228,0.020443018996840576,,0.021582831341939286,,0.0,0.8969889322916667,0.836338226050297,0.044375,True
0.55,5192,flat,0,0.0,0.4,True,0.01795803934819409,0.025478397040721697,0.0381871180645434,0.009159815079612905,,0.009067083361094961,,0.0,0.7523058593749998,0.9882980175805659,0.0,False
0.55,5192,flat,1,0.2,0.4,True,0.022436988431838202,0.032166801001121605,0.03402521310578667,0.016884947719035974,,0.012666596437995111,,0.0,0.7585983072916667,0.9726138671997726,0.0,False
0.55,5192,flat,2,0.4,0.4,True,0.0883779259876318,0.09207675285746382,0.07322540266950146,0.020203664438757003,,0.01966763611792774,,0.0,0.8057389322916667,0.9111062434683053,0.000625,False
0.55,5192,flat,3,0.6,0.4,False,0.1821737538567663,0.175193514711165,0.15354034407725614,0.020927495514012528,,0.020352226837074133,,0.0,0.9038350260416667,0.8565661191766861,0.068125,True
0.55,5208,flat,0,0.0,0.4,True,0.018295402347111765,0.018340352778727784,0.02936500886299354,0.008173764352601852,,0.008236006113358897,,0.0,0.7547497395833334,0.9888410598134065,0.0,False
0.55,5208,flat,1,0.2,0.4,True,0.04652409778485475,0.03966026508819445,0.0512191909287744,0.01671084270499835,,0.016171699622023163,,0.0,0.7502574218750001,0.9746106480915713,0.0,False
0.55,5208,flat,2,0.4,0.4,True,0.12728345272109895,0.09018230837561923,0.10918127391184984,0.020760938764518184,,0.021615921870860345,,0.0,0.81579296875,0.8986527063383577,0.0025,False
0.55,5208,flat,3,0.6,0.4,False,0.19344000123568042,0.17413369548163166,0.16302790727538996,0.020784217684478426,,0.01974558489751066,,0.0,0.8980798177083333,0.8173263078829335,0.051875,True
0.55,5224,flat,0,0.0,0.2,True,0.024958418400710426,0.01948020436422723,0.029210835523570712,0.010346364394513887,,0.010188386187148353,,0.0,0.7675875000000001,0.9880082763933941,0.0,False
0.55,5224,flat,1,0.2,0.2,True,0.05017450390083997,0.04523434659575086,0.04760827252527946,0.016525913925901813,,0.015843297716677036,,0.0,0.7453169270833334,0.9739730333806591,0.0,False
0.55,5224,flat,2,0.4,0.2,False,0.09430090968415532,0.10507377604911365,0.09354794929596646,0.02172971369442831,,0.019302634166066958,,0.0,0.8078067708333334,0.9036848468385057,0.000625,False
0.55,5240,flat,0,0.0,0.4,True,0.03429615235127752,0.02188945009467335,0.023592811210417758,0.013687460154888819,,0.013440104160760274,,0.0,0.7657626302083332,0.9882877462400963,0.0,False
0.55,5240,flat,1,0.2,0.4,True,0.04853870772314647,0.037316469788852474,0.04662450901037009,0.015598394698424873,,0.01881796852142527,,0.0,0.7537165364583334,0.9741380733330205,0.0,False
0.55,5240,flat,2,0.4,0.4,True,0.11231966352255583,0.08953100873001538,0.08344089939553635,0.019297876870903688,,0.01851125486964245,,0.0,0.8104865885416667,0.9103781133701087,0.005625,False
0.55,5240,flat,3,0.6,0.4,False,0.1698413223294057,0.13820904420266908,0.13183648588606076,0.021551970344640896,,0.020270565198954527,,0.0,0.8959940104166667,0.8100707459376817,0.05875,True
0.55,5256,flat,0,0.0,0.2,True,0.04310220042459365,0.032297289656625275,0.020375470964207394,0.007474995717611379,,0.007582996844493685,,0.0,0.7518299479166667,0.9903197328423242,0.0,False
0.55,5256,flat,1,0.2,0.2,True,0.034426188529521055,0.04482962387285361,0.018378804619515084,0.010215626320537767,,0.01324634415424309,,0.0,0.7586106770833334,0.9743035626225827,0.0,False
0.55,5256,flat,2,0.4,0.2,False,0.10280113785949446,0.1035772748279738,0.1219473285755649,0.021868877105529632,,0.02414723201658705,,0.0,0.811790625,0.9023534314770338,0.001875,False
0.55,5272,flat,0,0.0,0.4,True,0.026349458221360998,0.040011089209195196,0.03432356718171637,0.011735535831005284,,0.01178577725006447,,0.0,0.7563700520833333,0.9884542474576976,0.0,False
0.55,5272,flat,1,0.2,0.4,True,0.029130679584174892,0.03360968527899592,0.047589218380820184,0.01719204262912835,,0.013807159956103866,,0.0,0.7602255208333333,0.9775496581940579,0.0,False
0.55,5272,flat,2,0.4,0.4,True,0.10574823690798699,0.08839033808014965,0.08114331625807895,0.02098228436837029,,0.02089343739446366,,0.0,0.8150850260416667,0.8803015052170413,0.006875,False
0.55,5272,flat,3,0.6,0.4,False,0.20919741530902333,0.21394944804612526,0.18080587466725584,0.024845330943324213,,0.025247019867702485,,0.0,0.9010432291666667,0.8313553519624135,0.06125,True
0.55,5288,flat,0,0.0,0.2,True,0.026413023736779537,0.022724992475075777,0.03349077325372219,0.009319350639916821,,0.009262058477295863,,0.0,0.774759765625,0.9877396571266329,0.0,False
0.55,5288,flat,1,0.2,0.2,True,0.052000359744504475,0.039483736603954996,0.03928630612929667,0.012268260816779149,,0.013842662827146274,,0.0,0.7517513020833333,0.9755223126742297,0.0,False
0.55,5288,flat,2,0.4,0.2,False,0.09978031733625667,0.10481718016783724,0.0817966488979967,0.022468427895429077,,0.022379700388595106,,0.0,0.8045010416666667,0.917168020537142,0.005625,False
0.55,5304,flat,0,0.0,0.4,True,0.02359313158499477,0.033056180623136096,0.03276083766354498,0.008111170664993568,,0.007874088196756668,,0.0,0.7590033854166668,0.9885874590573335,0.0,False
0.55,5304,flat,1,0.2,0.4,True,0.04016424660567516,0.033132355723069336,0.04509372078551218,0.015221689100984644,,0.01448176014213632,,0.0,0.7620049479166666,0.9741788793432399,0.0,False
0.55,5304,flat,2,0.4,0.4,True,0.11538914137119398,0.09900604334824484,0.11723754311525113,0.022158643488132665,,0.021570812018776857,,0.0,0.807942578125,0.9005706941448179,0.003125,False
0.55,5304,flat,3,0.6,0.4,False,0.1613031444308817,0.1781751320491007,0.18434971862338,0.02772014187811491,,0.026619054169877733,,0.0,0.8994572916666667,0.8282774967886775,0.0425,True
0.55,5320,flat,0,0.0,0.4,True,0.024749780919697616,0.02446447040006334,0.02827753024341997,0.00819421465402109,,0.007636124396318087,,0.0,0.7627075520833333,0.988763247261551,0.0,False
0.55,5320,flat,1,0.2,0.4,True,0.04712313018221508,0.04824856793009245,0.026797353427272144,0.015527753910429277,,0.015727478843119883,,0.0,0.7397248697916667,0.9759740665900764,0.0,False
0.55,5320,flat,2,0.4,0.4,True,0.09319184610209731,0.09365495702504789,0.08001549204981384,0.025318109614674775,,0.024317347254711554,,0.0,0.8014399739583333,0.9225882956395204,0.001875,False
0.55,5320,flat,3,0.6,0.4,False,0.2000937793698399,0.1727649113455637,0.15813462485509666,0.02283286814750792,,0.02128747675545935,,0.0,0.8973726562500001,0.8163795257891093,0.045625,True
0.55,5336,flat,0,0.0,0.2,True,0.029204692194086463,0.02092885252874936,0.01844462815608734,0.007410666170358236,,0.0066352528105515125,,0.0,0.7492375,0.9882321401622198,0.0,False
0.55,5336,flat,1,0.2,0.2,True,0.04567203050266029,0.03767825484214981,0.057113324752524154,0.015532080076234194,,0.016059482966881627,,0.0,0.7487605468749999,0.9731454295994136,0.0,False
0.55,5336,flat,2,0.4,0.2,False,0.1233945052694221,0.11079639549918964,0.09647247678981934,0.020356245991554132,,0.021578457114435363,,0.0,0.809196875,0.9022427869281173,0.0,False
0.55,5352,flat,0,0.0,0.4,True,0.031645137055026695,0.01962836158315717,0.03671776664765712,0.01175813154785943,,0.011860388889708619,,0.0,0.7715662760416667,0.9878426051458085,0.0,False
0.55,5352,flat,1,0.2,0.4,True,0.04401759426216381,0.05206474504601773,0.04330374281614416,0.014580643130389885,,0.012002362940590181,,0.0,0.7570776041666667,0.9699904147029463,0.0,False
0.55,5352,flat,2,0.4,0.4,True,0.07843830034113397,0.07319580918855999,0.0832057259104975,0.01793045478529572,,0.0167528802556461,,0.0,0.7954498697916668,0.9195608608903041,0.0025,False
0.55,5352,flat,3,0.6,0.4,False,0.16336394738840432,0.15302331205537503,0.17356881999282703,0.02031958148358468,,0.020482168963492954,,0.0,0.8961565104166667,0.8463924905829361,0.05375,True
0.55,5368,flat,0,0.0,0.4,True,0.038123181660344486,0.036276819021247235,0.03007824437136019,0.010055106931824553,,0.010021732651503471,,0.0,0.7748666666666667,0.9870676779846325,0.0,False
0.55,5368,flat,1,0.2,0.4,True,0.03522659179824607,0.03421759724762244,0.043113220412068214,0.019124085297148208,,0.01775277285423266,,0.0,0.7543876302083334,0.9733004559295589,0.0,False
0.55,5368,flat,2,0.4,0.4,True,0.07565290963293582,0.07651505249974269,0.07620833442429549,0.02199013224237064,,0.021662203014128148,,0.0,0.8027436197916666,0.9178108682281381,0.001875,False
0.55,5368,flat,3,0.6,0.4,False,0.186157329557535,0.17858781854040462,0.19590343875805116,0.023505995939197444,,0.022689448156865306,,0.0,0.9037611979166666,0.8222542781813539,0.05625,True
0.55,5384,flat,0,0.0,0.4,True,0.025135692370642407,0.02166771023953763,0.012495329503394692,0.01245408295836381,,0.01223681551417418,,0.0,0.770611328125,0.9879747105366771,0.0,False
0.55,5384,flat,1,0.2,0.4,True,0.03446977256637824,0.029259232537309016,0.017993433284633775,0.01446459640268993,,0.015240127034801178,,0.0,0.7724684895833334,0.9760172650731107,0.0,False
0.55,5384,flat,2,0.4,0.4,True,0.0971715480602084,0.09569029439372848,0.09780504319216887,0.019425539838557375,,0.020555550477969586,,0.0,0.8105302083333333,0.9024595588189019,0.005,False
0.55,5384,flat,3,0.6,0.4,False,0.1918408424834894,0.16789237839882717,0.1685885319638376,0.024763174977026695,,0.022792610539772034,,0.0,0.9033472656249999,0.8227002915060643,0.06625,True
0.7,5000,flat,0,0.0,0.4,True,0.028240762666300663,0.03973057936728989,0.03619598002983117,0.00934714184041606,,0.007804694668035317,,0.0,0.7423079427083333,0.9870027698328141,0.0,False
0.7,5000,flat,1,0.2,0.4,True,0.03267741430413915,0.025922967073148975,0.043500303183778004,0.017182328049510663,,0.01660707467647316,,0.0,0.756403125,0.9762063460547397,0.0,False
0.7,5000,flat,2,0.4,0.4,True,0.09880540500762333,0.09517845021787662,0.09953138341919535,0.015389275211719306,,0.016757767394865185,,0.0,0.7965139322916668,0.9066072628344326,0.00125,False
0.7,5000,flat,3,0.6,0.4,False,0.1891069858365343,0.17196770209264298,0.18807941384766919,0.024187010820249592,,0.023228331732860853,,0.0,0.886448046875,0.8115709917496235,0.025,True
0.7,5016,flat,0,0.0,0.4,True,0.028449801184241237,0.029823196765973302,0.015953081637537142,0.009359033325782157,,0.011794988911018519,,0.0,0.754958984375,0.9882031059347673,0.0,False
0.7,5016,flat,1,0.2,0.4,True,0.03630763846193119,0.03814196936849612,0.042522379076959896,0.01382792614715517,,0.015121518835221375,,0.0,0.7562190104166666,0.9792176510774951,0.0,False
0.7,5016,flat,2,0.4,0.4,True,0.09180141958752017,0.09273587462085836,0.09993706519261275,0.020054965584571142,,0.019112021386816745,,0.0,0.80510859375,0.9158659246930121,0.0,False
0.7,5016,flat,3,0.6,0.4,False,0.18298085384146492,0.17855744240896024,0.23897548897550352,0.02820412246490503,,0.027448271791551147,,0.0,0.8811518229166666,0.8499701829571125,0.031875,True
0.7,5032,flat,0,0.0,0.2,True,0.029090494784974934,0.027169386398527624,0.03213316211902277,0.007629849514198661,,0.007635517067847011,,0.0,0.7618884114583333,0.9877038144577999,0.0,False
0.7,5032,flat,1,0.2,0.2,True,0.043743903158788865,0.034210213981154064,0.029464803089109155,0.014349900631685869,,0.014002343007674807,,0.0,0.7518665364583333,0.9727897166818684,0.0,False
0.7,5032,flat,2,0.4,0.2,False,0.12678949497384506,0.11777407007322632,0.09561646267732003,0.021185831602215023,,0.022528517291254498,,0.0,0.8051062500000001,0.8911587090109612,0.0025,False
0.7,5048,flat,0,0.0,0.4,True,0.02614052048399386,0.018812369545260128,0.020255259651284444,0.007311004900121526,,0.00806786033394362,,0.0,0.7657756510416667,0.9884671397964013,0.0,False
0.7,5048,flat,1,0.2,0.4,True,0.046870945188099894,0.03728571095347755,0.02648412437325917,0.01116564102594041,,0.012131943814876008,,0.0,0.7473578125,0.9710863420883135,0.0,False
0.7,5048,flat,2,0.4,0.4,True,0.09824931769583231,0.08347102239006354,0.1118514323454514,0.012982536048234952,,0.012911248156445065,,0.0,0.8065385416666666,0.9185689337359167,0.0,False
0.7,5048,flat,3,0.6,0.4,False,0.20190344524738046,0.1867379708880008,0.17958313525153088,0.02233915496343577,,0.02140289172665212,,0.0,0.887652734375,0.8360206510899405,0.04875,True
0.7,5064,flat,0,0.0,0.4,True,0.021845695140941514,0.018325173371023018,0.021830519214784405,0.008902072345750002,,0.00827594343895958,,0.0,0.7676238281250001,0.9889426601946809,0.0,False
0.7,5064,flat,1,0.2,0.4,True,0.03897387413549108,0.038583677679114206,0.03730909592866415,0.01593065881025795,,0.014765513962566479,,0.0,0.7627529947916667,0.9787030210961554,0.0,False
0.7,5064,flat,2,0.4,0.4,True,0.08277613162813517,0.08051899037874595,0.12066648116754419,0.021355624505875567,,0.02270918356112337,,0.0,0.8052160156250001,0.906508926373764,0.000625,False
0.7,5064,flat,3,0.6,0.4,False,0.205198157991873,0.1799445510064283,0.21817776031068883,0.022661882514332078,,0.020804252757474967,,0.0,0.88804140625,0.824341937478989,0.03875,True
0.7,5080,flat,0,0.0,0.4,True,0.024998266756866717,0.01636905100871227,0.03007604064322284,0.00842293596609375,,0.008276555229288376,,0.0,0.767413671875,0.9876494571466918,0.0,False
0.7,5080,flat,1,0.2,0.4,True,0.054387207792412476,0.05067974681223582,0.07445574324312466,0.01584707374897831,,0.015179516359850542,,0.0,0.7630944010416667,0.9768899312434828,0.0,False
0.7,5080,flat,2,0.4,0.4,True,0.09600251187320874,0.09016742654090108,0.10230516729414295,0.01813314132425846,,0.01811913188883288,,0.0,0.7928161458333333,0.9291657837182062,0.0,False
0.7,5080,flat,3,0.6,0.4,False,0.21749337358097115,0.204817446040923,0.21213329942544834,0.026972064977507537,,0.025634370295445193,,0.0,0.891449609375,0.8458032386874669,0.043125,True
0.7,5096,flat,0,0.0,0.2,True,0.04129180964372525,0.035430086740897364,0.02458735588227803,0.007608144756308983,,0.007365281811132577,,0.0,0.7610404947916667,0.9870276328587776,0.0,False
0.7,5096,flat,1,0.2,0.2,True,0.07976867827169316,0.054549493923177476,0.043133454030163915,0.012765857212182308,,0.012323557025499678,,0.0,0.7430874999999999,0.9781171837228233,0.0,False
0.7,5096,flat,2,0.4,0.2,False,0.11284365003033964,0.10947751623199292,0.11911638207396825,0.02256319575918627,,0.021516707584085346,,0.0,0.8012723958333333,0.9226442589680266,0.0,False
0.7,5112,flat,0,0.0,0.4,True,0.029522303348463626,0.02416382999821452,0.01653509050562325,0.006055020935603972,,0.005234820900703085,,0.0,0.7719303385416667,0.9874756912825123,0.0,False
0.7,5112,flat,1,0.2,0.4,True,0.0411682210841599,0.04429428934737978,0.024971142627475882,0.0162715617590512,,0.015781649868672365,,0.0,0.7621734375,0.9724288677156175,0.0,False
0.7,5112,flat,2,0.4,0.4,True,0.11560106141449969,0.0906063899491251,0.09560577916592276,0.024368326711416748,,0.02405740095396372,,0.0,0.79734453125,0.9138130969246796,0.000625,False
0.7,5112,flat,3,0.6,0.4,False,0.19966675025039923,0.19478206079199342,0.20147619739659972,0.030046623315708433,,0.028790583898801757,,0.0,0.8878635416666667,0.782045041330425,0.029375,True
0.7,5128,flat,0,0.0,0.4,True,0.02341494686542387,0.029143140260861688,0.026431127728937555,0.00804037454217188,,0.006023868375575815,,0.0,0.7748485677083333,0.9884600698069795,0.0,False
0.7,5128,flat,1,0.2,0.4,True,0.025898496210838014,0.02557478975472046,0.03714752281794595,0.012311685003916665,,0.012462302815517393,,0.0,0.7523091145833334,0.9782174515770208,0.0,False
0.7,5128,flat,2,0.4,0.4,True,0.09428176087398213,0.07111893036635573,0.09495161911563807,0.017855239100858636,,0.01967404239578422,,0.0,0.8088726562500002,0.8987223716547256,0.000625,False
0.7,5128,flat,3,0.6,0.4,False,0.18873504498152704,0.17536803108696952,0.1906080223099318,0.026347662175335976,,0.025719103495876316,,0.0,0.8871890625,0.803976803490876,0.04625,True
0.7,5144,flat,0,0.0,0.4,True,0.028688937781360124,0.032625351149171346,0.03534317877776073,0.009640019836781952,,0.008523424781310514,,0.0,0.7754393229166666,0.987104214320966,0.0,False
0.7,5144,flat,1,0.2,0.4,True,0.033131892487505865,0.026745700825820864,0.03690809994387751,0.012472202168643452,,0.013568978558449027,,0.0,0.7553540364583333,0.9794526722522066,0.0,False
0.7,5144,flat,2,0.4,0.4,True,0.11572907232327911,0.09278498338139643,0.11336072728308656,0.021723266466234688,,0.019342389271940236,,0.0,0.7978921875,0.9058642904255559,0.00125,False
0.7,5144,flat,3,0.6,0.4,False,0.1785923216907951,0.13910707537569295,0.20830949835545448,0.032050647487878385,,0.031031437431373907,,0.0,0.8855683593750001,0.8138474301446946,0.0375,True
0.7,5160,flat,0,0.0,0.4,True,0.025288312196473435,0.013746274756468956,0.03150707015776354,0.009582292793120539,,0.009766255815821207,,0.0,0.777906640625,0.9879677403501639,0.0,False
0.7,5160,flat,1,0.2,0.4,True,0.03739515002290756,0.02850704695295182,0.06906509947790929,0.018537247057448213,,0.019196784513444046,,0.0,0.7622904947916667,0.9762089215985831,0.0,False
0.7,5160,flat,2,0.4,0.4,True,0.08308955751004239,0.083275466410197,0.08980013871504725,0.017298281195591167,,0.017921372670169012,,0.0,0.7870397135416667,0.9201933218133621,0.000625,False
0.7,5160,flat,3,0.6,0.4,False,0.17658856482304447,0.17321679919619537,0.1859535808283231,0.02409949152087837,,0.023340997215968877,,0.0,0.8896756510416666,0.8515516885230962,0.033125,True
0.7,5176,flat,0,0.0,0.4,True,0.04225621406487751,0.036766826074687675,0.024165133076239208,0.010808945551572169,,0.010204141191358658,,0.0,0.7531509114583333,0.9875393270481019,0.0,False
0.7,5176,flat,1,0.2,0.4,True,0.02516413458722043,0.02731084346293902,0.025374555419078033,0.013273139420017316,,0.012418346113890004,,0.0,0.7572820312500002,0.9698700460474936,0.0,False
0.7,5176,flat,2,0.4,0.4,True,0.09469154035328206,0.07800880588312338,0.1132735175643679,0.023547411618645778,,0.023187153789187676,,0.0,0.7888481770833333,0.9221808872657828,0.0025,False
0.7,5176,flat,3,0.6,0.4,False,0.184343181188061,0.17768295519454191,0.15344581973094254,0.022261448994926176,,0.020258688284845866,,0.0,0.880973046875,0.8216423219311229,0.021875,True
0.7,5192,flat,0,0.0,0.4,True,0.020937903910068844,0.01586027650476131,0.02894070092109877,0.008843922085575424,,0.008916344930239361,,0.0,0.7523058593749998,0.9882980175805659,0.0,False
0.7,5192,flat,1,0.2,0.4,True,0.04900821446094013,0.04856983399554128,0.017963228363065062,0.013702884129124343,,0.01396379007144847,,0.0,0.756623046875,0.9745975619907118,0.0,False
0.7,5192,flat,2,0.4,0.4,True,0.10056190707974397,0.07879360159819658,0.09100845097981206,0.017174689695662874,,0.01331155029630185,,0.0,0.7982119791666668,0.9193198175023848,0.0,False
0.7,5192,flat,3,0.6,0.4,False,0.20978235815675134,0.20296828799084632,0.1510925004440319,0.020800315586961902,,0.019632580178571668,,0.0,0.8872886718749998,0.8519158388162426,0.04125,True
0.7,5208,flat,0,0.0,0.4,True,0.02386200048165173,0.022093690629384106,0.03032351682178561,0.009473395059257244,,0.008958208248499995,,0.0,0.7547497395833334,0.9888410598134065,0.0,False
0.7,5208,flat,1,0.2,0.4,True,0.03645628900360418,0.03772311635021932,0.057778400035115446,0.01388744951897053,,0.01547505300873701,,0.0,0.7478812499999999,0.9761478553085013,0.0,False
0.7,5208,flat,2,0.4,0.4,True,0.11043942397530117,0.0790909392632033,0.1275086157109108,0.022535153967987276,,0.022322749794014083,,0.0,0.8092904947916667,0.9101465225939274,0.0025,False
0.7,5208,flat,3,0.6,0.4,False,0.17985761481317836,0.15554770908098392,0.18186936350931435,0.023495655392120646,,0.022662429341997442,,0.0,0.8819006510416666,0.8241430552527175,0.03,True
0.7,5224,flat,0,0.0,0.2,True,0.030472375032387686,0.022263509965133627,0.0240127425741966,0.00813711669355445,,0.007788115032308895,,0.0,0.7675875000000001,0.9880082763933941,0.0,False
0.7,5224,flat,1,0.2,0.2,True,0.047849334383454,0.0421674033604237,0.047591545791180294,0.014420167498233358,,0.015168229932281709,,0.0,0.7401772135416667,0.9755925364086977,0.0,False
0.7,5224,flat,2,0.4,0.2,False,0.1295798980808764,0.12692718813374493,0.12376255420617382,0.01824744629193485,,0.017770945709117775,,0.0,0.7962545572916666,0.9171182422539848,0.000625,False
0.7,5240,flat,0,0.0,0.4,True,0.018421265180550424,0.016897190933891613,0.02666392924771252,0.009040427878712606,,0.009813387523642901,,0.0,0.7657626302083332,0.9882877462400963,0.0,False
0.7,5240,flat,1,0.2,0.4,True,0.04151450680815421,0.039870921661582306,0.04582464607468008,0.018314895044700442,,0.017796113998383038,,0.0,0.7565473958333334,0.9750069500849847,0.0,False
0.7,5240,flat,2,0.4,0.4,True,0.0855413268954836,0.08124441340443098,0.09179975338213846,0.020664396209731102,,0.019122731400123716,,0.0,0.8042673177083334,0.918504052127008,0.005,False
0.7,5240,flat,3,0.6,0.4,False,0.1697220148447952,0.14930408555897975,0.20858754046142614,0.023934110152012914,,0.022014177240644608,,0.0,0.8806427083333334,0.8361572628652442,0.03375,True
0.7,5256,flat,0,0.0,0.2,True,0.015456463844065836,0.017712409518599502,0.014137252135114187,0.007817922030812602,,0.007639722472498076,,0.0,0.7518299479166667,0.9903197328423242,0.0,False
0.7,5256,flat,1,0.2,0.2,True,0.030731380642367922,0.03606444251723798,0.044567238793675454,0.011713334991793788,,0.009883908914329803,,0.0,0.7552763020833333,0.9756064540829584,0.0,False
0.7,5256,flat,2,0.4,0.2,False,0.12696818860277742,0.12015037280979723,0.1343149166348089,0.022376299462505817,,0.020253967492844138,,0.0,0.8047893229166667,0.9122097682696625,0.000625,False
0.7,5272,flat,0,0.0,0.2,True,0.018698667461825396,0.022971918204886588,0.03251809251502946,0.012735209470696729,,0.012448321753627912,,0.0,0.7563700520833333,0.9884542474576976,0.0,False
0.7,5272,flat,1,0.2,0.2,True,0.03981275358577096,0.03867550593133699,0.04241162881855028,0.01492848256900725,,0.015103933538907093,,0.0,0.7533377604166667,0.9784089549329242,0.0,False
0.7,5272,flat,2,0.4,0.2,False,0.11687601230070946,0.11076646661387031,0.11230559107601772,0.020906148752055268,,0.02062704741657785,,0.0,0.8098252604166667,0.8973819222693887,0.003125,False
0.7,5288,flat,0,0.0,0.2,True,0.022961882044809347,0.015734989399954283,0.032759526803200795,0.0069313201487604115,,0.008017195765459702,,0.0,0.774759765625,0.9877396571266329,0.0,False
0.7,5288,flat,1,0.2,0.2,True,0.03790665401400693,0.03322733237069433,0.03402104817960225,0.011082291098775336,,0.01097167729782622,,0.0,0.7586684895833333,0.978041013413684,0.0,False
0.7,5288,flat,2,0.4,0.2,False,0.13239131116375094,0.11952653065154549,0.10420903776809966,0.018790567792464533,,0.016935252539514077,,0.0,0.7966411458333333,0.9269288147406191,0.006875,False
0.7,5304,flat,0,0.0,0.4,True,0.017869633810920667,0.020041645108591646,0.02641634398713852,0.007637558469087673,,0.008624478841910511,,0.0,0.7590033854166668,0.9885874590573335,0.0,False
0.7,5304,flat,1,0.2,0.4,True,0.051892315899492454,0.04379918655640252,0.0483448433446105,0.01256214188417817,,0.0137185475338533,,0.0,0.762080078125,0.9751280216336682,0.0,False
0.7,5304,flat,2,0.4,0.4,True,0.11431630121028222,0.09565384331861512,0.11911557142980553,0.025622312448877263,,0.024072104412624615,,0.0,0.801534765625,0.9135118269514767,0.0025,False
0.7,5304,flat,3,0.6,0.4,False,0.20004317275120603,0.19371285821838993,0.1981786598002234,0.02720546993462266,,0.02607783174537861,,0.0,0.8837291666666667,0.8375323549196331,0.030625,True
0.7,5320,flat,0,0.0,0.2,True,0.02248539780230644,0.014913263892689387,0.01084582081314481,0.008689818173422346,,0.0047385051071443885,,0.0,0.7627075520833333,0.988763247261551,0.0,False
0.7,5320,flat,1,0.2,0.2,True,0.056967641487231185,0.04626418710880955,0.02886533191339652,0.013956368864918883,,0.012976695241253784,,0.0,0.7382111979166666,0.9759535877092766,0.0,False
0.7,5320,flat,2,0.4,0.2,False,0.1145233173315647,0.1030314282180829,0.10532152112197557,0.02848430878199895,,0.027031949780595588,,0.0,0.793928515625,0.9226634320734346,0.00125,False
0.7,5336,flat,0,0.0,0.2,True,0.032831505836047936,0.02624145289193339,0.03583714473054628,0.0070676017658888885,,0.00676679410419347,,0.0,0.7492375,0.9882321401622198,0.0,False
0.7,5336,flat,1,0.2,0.2,True,0.05300769490450851,0.0459521090989682,0.07074258815831512,0.014945420150829489,,0.014311628697856557,,0.0,0.7390501302083333,0.9739493101377796,0.0,False
0.7,5336,flat,2,0.4,0.2,False,0.1252285793898888,0.12839449938391345,0.11857563661340068,0.01856179212885853,,0.01782241653420595,,0.0,0.8019138020833334,0.9099860917062851,0.0,False
0.7,5352,flat,0,0.0,0.2,True,0.03363983944778757,0.019278720093381798,0.026215270208822646,0.011417246059337497,,0.01083708214614999,,0.0,0.7715662760416667,0.9878426051458085,0.0,False
0.7,5352,flat,1,0.2,0.2,True,0.03561426040304678,0.045019232073049725,0.046210350516806574,0.014772165950684566,,0.014137593349116406,,0.0,0.7595769531249998,0.9724189555359664,0.0,False
0.7,5352,flat,2,0.4,0.2,False,0.08706830039024935,0.1087713348650581,0.09748582423739749,0.017078139474383094,,0.016268429988610902,,0.0,0.7919266927083333,0.9282811306015032,0.00125,False
0.7,5368,flat,0,0.0,0.4,True,0.03153797890630172,0.03383165176273148,0.01002151775054545,0.009048216450167755,,0.010662883175741177,,0.0,0.7748666666666667,0.9870676779846325,0.0,False
0.7,5368,flat,1,0.2,0.4,True,0.04838558022975814,0.0360942122152048,0.04862080810880705,0.017320852604938552,,0.019342712766491715,,0.0,0.7457981770833333,0.9739570608235406,0.0,False
0.7,5368,flat,2,0.4,0.4,True,0.10603870532434274,0.09893910474947952,0.0892093983145334,0.022933988154538582,,0.021942896531644992,,0.0,0.7892427083333333,0.9193289903788072,0.001875,False
0.7,5368,flat,3,0.6,0.4,False,0.18184785128310346,0.20344865843106344,0.19276806174178981,0.024377510013348397,,0.023725223609671733,,0.0,0.8861203125,0.8455142526632276,0.04,True
0.7,5384,flat,0,0.0,0.2,True,0.02758104240687452,0.02254139133043567,0.015850443418132843,0.01040906404647831,,0.011256287792547347,,0.0,0.770611328125,0.9879747105366771,0.0,False
0.7,5384,flat,1,0.2,0.2,True,0.04046812670703344,0.04458051847046867,0.022585584078566492,0.016186519089571583,,0.016819793211970163,,0.0,0.7700723958333333,0.9790696971407726,0.0,False
0.7,5384,flat,2,0.4,0.2,False,0.11671338607326859,0.11388845385908597,0.08418091297034783,0.019298079733635787,,0.017451182698393828,,0.0,0.805619140625,0.9103543461098373,0.00375,False
1.0,5000,flat,0,0.0,0.2,True,0.02271915423132673,0.02974575423990815,0.014105272421258471,0.0075763293067039866,,0.007188520059790074,,0.0,0.7423079427083333,0.9870027698328141,0.0,False
1.0,5000,flat,1,0.2,0.2,True,0.055163806086716866,0.051882747250657835,0.04850946523019628,0.013575429022886172,,0.0137761792402764,,0.0,0.7565277343750001,0.9786316755039343,0.0,False
1.0,5000,flat,2,0.4,0.2,False,0.12084083777149099,0.11282612127245814,0.12452386242387392,0.014919989065287964,,0.014908296600422767,,0.0,0.7821260416666667,0.9318466653681882,0.0,False
1.0,5016,flat,0,0.0,0.2,True,0.016693040904315563,0.020485304505640844,0.007920910809408255,0.009719838982370428,,0.009866952832531703,,0.0,0.754958984375,0.9882031059347673,0.0,False
1.0,5016,flat,1,0.2,0.2,True,0.048960430518013597,0.040897158315973646,0.06064126586558015,0.010939531400885258,,0.012903477415515828,,0.0,0.7537367187499999,0.9814734071155169,0.0,False
1.0,5016,flat,2,0.4,0.2,False,0.1332132223932583,0.12697997653852272,0.14418307753095722,0.0221629278720405,,0.02186742965510399,,0.0,0.7935576822916667,0.9299498738273418,0.0,False
1.0,5032,flat,0,0.0,0.2,True,0.038857942405204814,0.04209766916609836,0.021144534438955385,0.009354127948515131,,0.009328771655810537,,0.0,0.7618884114583333,0.9877038144577999,0.0,False
1.0,5032,flat,1,0.2,0.2,True,0.035679633740959074,0.03945933389048137,0.03832745875269707,0.013816836742114851,,0.014533130350080501,,0.0,0.75393359375,0.9753931657071913,0.0,False
1.0,5032,flat,2,0.4,0.2,False,0.13590928735221025,0.11712909922907044,0.14030775983270305,0.02094666393912934,,0.02115834292086849,,0.0,0.7969938802083334,0.9145774098606071,0.00125,False
1.0,5048,flat,0,0.0,0.2,True,0.031234220513451712,0.025226940365168368,0.016517163086357367,0.005175008614526522,,0.007737999681615466,,0.0,0.7657756510416667,0.9884671397964013,0.0,False
1.0,5048,flat,1,0.2,0.2,True,0.05262997625788364,0.048413996757639695,0.0392509282711347,0.008116835076202318,,0.011689659572752134,,0.0,0.7579611979166667,0.9747347862649111,0.0,False
1.0,5048,flat,2,0.4,0.2,False,0.12561973049364042,0.1387973496607806,0.12906434177303044,0.013888428480245359,,0.013768745227118935,,0.0,0.7924451822916667,0.9361119381682873,0.000625,False
1.0,5064,flat,0,0.0,0.2,True,0.02800996599196237,0.02118853066496213,0.04205042844522821,0.008160347535204539,,0.008261617286187496,,0.0,0.7676238281250001,0.9889426601946809,0.0,False
1.0,5064,flat,1,0.2,0.2,True,0.04712097148924591,0.039850566814995075,0.04202917095324759,0.013263116944307356,,0.011344635881233344,,0.0,0.7580143229166667,0.9803633594299096,0.0,False
1.0,5064,flat,2,0.4,0.2,False,0.11604357655015973,0.11207173802370796,0.1429348549632954,0.022051850058330255,,0.02336527916806958,,0.0,0.7919395833333333,0.9213795700991365,0.0,False
1.0,5080,flat,0,0.0,0.4,True,0.023661219313168086,0.0351845110201182,0.04577313939568706,0.004545660264696345,,0.006361304774505462,,0.0,0.767413671875,0.9876494571466918,0.0,False
1.0,5080,flat,1,0.2,0.4,True,0.07266018229570699,0.060307556849423426,0.07674883191921622,0.01348703804050171,,0.014857648004056995,,0.0,0.7613837239583333,0.9785053874173297,0.0,False
1.0,5080,flat,2,0.4,0.4,True,0.08636294850965533,0.0776997480948971,0.13039920238200253,0.017221359377498018,,0.01725728418650741,,0.0,0.7861526041666667,0.939335687842231,0.0,False
1.0,5080,flat,3,0.6,0.4,False,0.24633762491933142,0.23967085565398372,0.22774729291899126,0.03095399717804835,,0.02888195103035698,,0.0,0.8628829427083333,0.8751742594513505,0.01875,True
1.0,5096,flat,0,0.0,0.2,True,0.01810358096557839,0.031240887980236564,0.020975260650360983,0.0064187448556484224,,0.007438717813573535,,0.0,0.7610404947916667,0.9870276328587776,0.0,False
1.0,5096,flat,1,0.2,0.2,True,0.05860702588125641,0.05664038711279068,0.035776105401306185,0.012803321834172801,,0.012770470884180313,,0.0,0.742267578125,0.9813888803104277,0.0,False
1.0,5096,flat,2,0.4,0.2,False,0.14191338953590726,0.12822971416126053,0.136347676030856,0.0193748773160693,,0.01906637483217856,,0.0,0.7877085937499999,0.9288675512057898,0.0,False
1.0,5112,flat,0,0.0,0.4,True,0.01865199880016919,0.017709537576821578,0.019186918345768994,0.005417794848839769,,0.005010857570925269,,0.0,0.7719303385416667,0.9874756912825123,0.0,False
1.0,5112,flat,1,0.2,0.4,True,0.03877669811714909,0.041813487750618224,0.03551243385807432,0.012524103976894428,,0.013283892577720821,,0.0,0.7565805989583334,0.9756490148262225,0.0,False
1.0,5112,flat,2,0.4,0.4,True,0.10606054655638922,0.09660234766870401,0.12164918191357722,0.02303003880530441,,0.022324735240811217,,0.0,0.7829854166666667,0.9338286896514452,0.0,False
1.0,5112,flat,3,0.6,0.4,False,0.22519812426713898,0.20832934314391588,0.24238209357257495,0.03189561859157802,,0.0312174374750698,,0.0,0.8589638020833332,0.8332597315503041,0.011875,True
1.0,5128,flat,0,0.0,0.4,True,0.02452218470803995,0.027975456008592768,0.04055390631884611,0.008369889296741227,,0.0057601011774022475,,0.0,0.7748485677083333,0.9884600698069795,0.0,False
1.0,5128,flat,1,0.2,0.4,True,0.04203213376777065,0.03587885319535485,0.03838806831801684,0.013159930835146154,,0.013090558820308766,,0.0,0.75096484375,0.9807576195859419,0.0,False
1.0,5128,flat,2,0.4,0.4,True,0.09063115777092481,0.08507018645194175,0.11793368889669589,0.018875794212781398,,0.01763085906247751,,0.0,0.7887384114583333,0.9275867554401032,0.0,False
1.0,5128,flat,3,0.6,0.4,False,0.23674013501977517,0.2242836455066518,0.2327463418560353,0.02673404021821421,,0.026553673728430302,,0.0,0.8585048177083333,0.8667910374609363,0.031875,True
1.0,5144,flat,0,0.0,0.2,True,0.03812559202690632,0.02707793189999594,0.03766886592771957,0.008763789950305193,,0.008377117484518073,,0.0,0.7754393229166666,0.987104214320966,0.0,False
1.0,5144,flat,1,0.2,0.2,True,0.034545908779864444,0.03007076454934701,0.048401770921796004,0.012077219446258843,,0.011469924207472709,,0.0,0.7628507812499999,0.9821974980171628,0.0,False
1.0,5144,flat,2,0.4,0.2,False,0.138203208776582,0.12006211065165553,0.1325217282183552,0.02046893725496322,,0.020623031845007307,,0.0,0.7883339843749999,0.9200689716957411,0.000625,False
1.0,5160,flat,0,0.0,0.2,True,0.028594532713793613,0.021720926118488536,0.028896650414426583,0.008022654090933813,,0.007481534233698214,,0.0,0.777906640625,0.9879677403501639,0.0,False
1.0,5160,flat,1,0.2,0.2,True,0.04427411700044807,0.04913063650060839,0.08484094108427007,0.017465067504896677,,0.017700742368185456,,0.0,0.76999296875,0.9799571313058111,0.0,False
1.0,5160,flat,2,0.4,0.2,False,0.11813246841223583,0.1096417052106322,0.10689620048045954,0.019119837069482087,,0.020189617175158957,,0.0,0.7757960937499999,0.938799687721912,0.000625,False
1.0,5176,flat,0,0.0,0.2,True,0.030527578447881537,0.024277938758432132,0.022562656906416217,0.009064053734957937,,0.00897260701657564,,0.0,0.7531509114583333,0.9875393270481019,0.0,False
1.0,5176,flat,1,0.2,0.2,True,0.04023360489404169,0.033971001331266175,0.06563940053933255,0.01374298456010622,,0.01367569809713806,,0.0,0.7588197916666667,0.9714817807614616,0.0,False
1.0,5176,flat,2,0.4,0.2,False,0.1392250726298629,0.13916226825565642,0.13141757227625198,0.02163071674453443,,0.0182155549102187,,0.0,0.7758238281250001,0.9413119649462033,0.000625,False
1.0,5192,flat,0,0.0,0.2,True,0.030262085904351338,0.03352492029600571,0.04031696446740885,0.009191639286370835,,0.009291919240566618,,0.0,0.7523058593749998,0.9882980175805659,0.0,False
1.0,5192,flat,1,0.2,0.2,True,0.04304988762760738,0.03915884911486371,0.034487171361154194,0.0147361699780971,,0.014575353487668495,,0.0,0.74939140625,0.9784411187506433,0.0,False
1.0,5192,flat,2,0.4,0.2,False,0.12237479428602699,0.10643453225956237,0.10275932593994738,0.020163462193786515,,0.01883289290068591,,0.0,0.7832997395833334,0.9370417934818531,0.0,False
1.0,5208,flat,0,0.0,0.2,True,0.019632353934081723,0.019007670186282414,0.03224345061467696,0.007005367750062295,,0.007939944133572647,,0.0,0.7547497395833334,0.9888410598134065,0.0,False
1.0,5208,flat,1,0.2,0.2,True,0.0447610344948638,0.0487752895668896,0.07035956042416035,0.012764702161513892,,0.011434452256182046,,0.0,0.7495161458333335,0.978614456192051,0.0,False
1.0,5208,flat,2,0.4,0.2,False,0.13440668265666797,0.1300386390772137,0.13991631568210897,0.02229919365804086,,0.023481854032989774,,0.0,0.796434375,0.925846115921414,0.0,False
1.0,5224,flat,0,0.0,0.2,True,0.026053628382519952,0.021103968027347847,0.023997526861481273,0.006889453725410928,,0.005955601214417991,,0.0,0.7675875000000001,0.9880082763933941,0.0,False
1.0,5224,flat,1,0.2,0.2,True,0.05754589751294528,0.05585361284558219,0.05350412533967906,0.01420522166966629,,0.013567145411604448,,0.0,0.7455460937499999,0.9779433572055516,0.0,False
1.0,5224,flat,2,0.4,0.2,False,0.12720132810876364,0.12625141091282793,0.14417681691719975,0.018264401469752688,,0.01989721293478222,,0.0,0.7860192708333333,0.9292300527776048,0.0,False
1.0,5240,flat,0,0.0,0.2,True,0.010882599370914008,0.01272545434068997,0.026541209440293208,0.00883028194219556,,0.007064394251221062,,0.0,0.7657626302083332,0.9882877462400963,0.0,False
1.0,5240,flat,1,0.2,0.2,True,0.05672851770835055,0.04261944449992619,0.0461137682996977,0.014450094752201116,,0.01407205612942974,,0.0,0.7531841145833333,0.9767391373381944,0.0,False
1.0,5240,flat,2,0.4,0.2,False,0.1271722786947534,0.11359210152495089,0.12075746421615886,0.019738235552155363,,0.015946078111697973,,0.0,0.78824609375,0.9294815315976291,0.00375,False
1.0,5256,flat,0,0.0,0.2,True,0.038777588665577345,0.04031833063953091,0.023157036533858682,0.006055501471298201,,0.007205792053422553,,0.0,0.7518299479166667,0.9903197328423242,0.0,False
1.0,5256,flat,1,0.2,0.2,True,0.0427736486360774,0.04516346963547031,0.027824897298857423,0.009328528530486314,,0.009201925075925694,,0.0,0.7590859375,0.9780031456443313,0.0,False
1.0,5256,flat,2,0.4,0.2,False,0.13702439975929104,0.12867806209486896,0.14783234692840785,0.02557764738816437,,0.026063677947342115,,0.0,0.7953257812500001,0.926875699252493,0.0,False
1.0,5272,flat,0,0.0,0.2,True,0.01671930058442468,0.01687227311580153,0.026952803097618126,0.013353830217095203,,0.013791998471573835,,0.0,0.7563700520833333,0.9884542474576976,0.0,False
1.0,5272,flat,1,0.2,0.2,True,0.02847467323195426,0.03297328127853128,0.05073724592658481,0.013685281783855762,,0.01442796068126527,,0.0,0.7570282552083334,0.9817155733535449,0.0,False
1.0,5272,flat,2,0.4,0.2,False,0.1218706420043224,0.11539671289835327,0.140500658191391,0.02094861336760031,,0.019464517261906317,,0.0,0.796591015625,0.9147500688279483,0.00125,False
1.0,5288,flat,0,0.0,0.2,True,0.034547428744368926,0.046016055329784845,0.04248150227214476,0.007584264137132491,,0.007496096805606615,,0.0,0.774759765625,0.9877396571266329,0.0,False
1.0,5288,flat,1,0.2,0.2,True,0.05285145862816426,0.050375851316938426,0.045250788628003254,0.0086118532010166,,0.011333886811784499,,0.0,0.75795703125,0.9804326794771105,0.0,False
1.0,5288,flat,2,0.4,0.2,False,0.14946528913236598,0.13708387882642534,0.130571327448641,0.02410391545735397,,0.021405662239577142,,0.0,0.7855283854166666,0.9428458103354186,0.001875,False
1.0,5304,flat,0,0.0,0.2,True,0.02754812962913314,0.020702804648957157,0.030735267495925332,0.007718258591691252,,0.007116873921284723,,0.0,0.7590033854166668,0.9885874590573335,0.0,False
1.0,5304,flat,1,0.2,0.2,True,0.04501984230554506,0.042874847115574294,0.05587533797440603,0.013562861824666948,,0.01168690764000602,,0.0,0.7660997395833333,0.9760564805230303,0.0,False
1.0,5304,flat,2,0.4,0.2,False,0.11481129601189893,0.10898980025746104,0.13771598805962218,0.025675666178074597,,0.02636284979865372,,0.0,0.7839295572916667,0.9279049488222072,0.000625,False
1.0,5320,flat,0,0.0,0.2,True,0.03009836265093187,0.029930954250940982,0.033745071013761556,0.0073167767938859055,,0.0053394335478911415,,0.0,0.7627075520833333,0.988763247261551,0.0,False
1.0,5320,flat,1,0.2,0.2,True,0.04110737869904693,0.05241797092016543,0.043544111144951575,0.01381453172203892,,0.01407266333369196,,0.0,0.7392151041666666,0.9783392657629905,0.0,False
1.0,5320,flat,2,0.4,0.2,False,0.13960794174684776,0.12408624371153043,0.11351559919827799,0.024823092629972444,,0.026564808533177546,,0.0,0.7822498697916668,0.9384007188108855,0.00125,False
1.0,5336,flat,0,0.0,0.2,True,0.02306697208908727,0.03649244391592633,0.03028005575144911,0.0068760017317969465,,0.006421590324905229,,0.0,0.7492375,0.9882321401622198,0.0,False
1.0,5336,flat,1,0.2,0.2,True,0.053122929631208994,0.05190628545042657,0.07151311179182836,0.01697541767839825,,0.014543533222800532,,0.0,0.7359815104166666,0.9788208920276313,0.0,False
1.0,5336,flat,2,0.4,0.2,False,0.14733163137886215,0.13220938406046936,0.13676063203358396,0.018564376599999228,,0.019661820888646736,,0.0,0.7885053385416667,0.933224104433205,0.0,False
1.0,5352,flat,0,0.0,0.4,True,0.022110082106368646,0.030725985731101465,0.03390985823125707,0.009528727645376555,,0.009646839729599547,,0.0,0.7715662760416667,0.9878426051458085,0.0,False
1.0,5352,flat,1,0.2,0.4,True,0.053755038557008264,0.056311043965563544,0.048296521547494295,0.015789266448331937,,0.015310531183681975,,0.0,0.7557375,0.9733724622130066,0.0,False
1.0,5352,flat,2,0.4,0.4,True,0.10444845170408869,0.09515581802736776,0.11921973236630369,0.015377181133163017,,0.018305218045844306,,0.0,0.776008984375,0.9364450171020041,0.000625,False
1.0,5352,flat,3,0.6,0.4,False,0.23575825427267885,0.231053298705684,0.2268936170534408,0.02811907369414734,,0.02773285075989968,,0.0,0.8603518229166668,0.8570647743505861,0.020625,True
1.0,5368,flat,0,0.0,0.4,True,0.022394270754118054,0.02352125632115235,0.021968463455472775,0.010217189054927031,,0.009779438416893167,,0.0,0.7748666666666667,0.9870676779846325,0.0,False
1.0,5368,flat,1,0.2,0.4,True,0.05257684002990756,0.056092428940307984,0.06444986022688737,0.017880760425526797,,0.017989478305149475,,0.0,0.74667734375,0.9774967948833141,0.0,False
1.0,5368,flat,2,0.4,0.4,True,0.10288972872871852,0.0985835780844815,0.09982021577706324,0.02075695674983242,,0.01953784011030061,,0.0,0.777407421875,0.937047893787279,0.00125,False
1.0,5368,flat,3,0.6,0.4,False,0.22816118371027688,0.22640730313546809,0.23896426480827143,0.025375583354020733,,0.02403216755618557,,0.0,0.8558888020833334,0.8600604905321345,0.021875,True
1.0,5384,flat,0,0.0,0.2,True,0.018736489741448332,0.017836591969511595,0.014039386186928402,0.009050164445547697,,0.009073431450170102,,0.0,0.770611328125,0.9879747105366771,0.0,False
1.0,5384,flat,1,0.2,0.2,True,0.05047402528758322,0.037351822864175446,0.03723486089482941,0.012780803821825544,,0.012750721010924912,,0.0,0.7693802083333332,0.9821028310078528,0.0,False
1.0,5384,flat,2,0.4,0.2,False,0.12532579792985094,0.12920565230588688,0.12057058611355947,0.02051809812184701,,0.018856622954439482,,0.0,0.789333984375,0.9318801364021554,0.000625,False
0.0,5000,scm,0,0.0,0.4,True,0.02184518829690374,0.02012832214470663,0.019422780404750317,0.019002363893556876,0.04434113873040807,0.02004925118451597,0.04193294164519641,0.0,0.8099278645833334,0.9867959444078137,0.0,False
0.0,5000,scm,1,0.2,0.4,True,0.028804064285306675,0.034155217087531456,0.05433851491149971,0.03059463625090713,0.036075147811412314,0.03194247541383405,0.03560379027649544,0.0,0.7856170572916668,0.9777076130450549,0.0,False
0.0,5000,scm,2,0.4,0.4,True,0.0983877005990124,0.09508481944698866,0.08336975146939576,0.04168824862619039,0.01819194094505295,0.04053752639374138,0.018997179473380293,0.0,0.8483791666666667,0.8995170402035891,0.0025,False
0.0,5000,scm,3,0.6,0.4,False,0.2692926315038718,0.2530790759703309,0.2939171909486963,0.049763665650103955,0.003175950555095794,0.05023424177872672,0.0035575223000705774,0.0,0.9204854166666667,0.7990505244572522,0.061875,True
0.0,5016,scm,0,0.0,0.4,True,0.022680409215450538,0.024641902424007326,0.014686475588461492,0.01776508175335695,0.04023549548998006,0.016847274078036,0.03975943594275113,0.0,0.8182761718749999,0.9903217787059071,0.0,False
0.0,5016,scm,1,0.2,0.4,True,0.03392135009903487,0.03572432814346147,0.05078713335623716,0.030889881004946607,0.0361413121416839,0.030386428433784134,0.035050309123318385,0.0,0.7954763020833333,0.9780656835282876,0.0,False
0.0,5016,scm,2,0.4,0.4,True,0.06304690103351666,0.05174728405762352,0.07936358130075044,0.03680535328490772,0.02001276194799343,0.036334203858073705,0.018998445557230487,0.0,0.83910546875,0.8798954231677643,0.0,False
0.0,5016,scm,3,0.6,0.4,False,0.21503916652130176,0.1996103725339854,0.23593067746940016,0.04978720909116348,0.0019838788129199177,0.05015863644694241,0.0034879163116517025,0.0,0.9230135416666666,0.849113029108613,0.0925,True
0.0,5032,scm,0,0.0,0.2,True,0.02582998827020714,0.020880112307899566,0.029725475886169934,0.019658502818637864,0.040689709736301274,0.01874234872604337,0.04099459086878595,0.0,0.8050645833333333,0.9882801273537325,0.0,False
0.0,5032,scm,1,0.2,0.2,True,0.04146687238404574,0.03514980957839299,0.021666537727560338,0.028992965027420124,0.03840563249185667,0.027388884194738353,0.03642660190715694,0.0,0.7865244791666668,0.9838937354399657,0.0,False
0.0,5032,scm,2,0.4,0.2,False,0.11461010084192916,0.10892312668857948,0.09157057951956062,0.04682159333382599,0.015011996858358915,0.04824562421263834,0.016653699676065975,0.0,0.8389960937499998,0.8988400310720933,0.00625,False
0.0,5048,scm,0,0.0,0.4,True,0.023143350421933023,0.02890571475953741,0.01964287631170373,0.021731842387335006,0.03937663263674659,0.022052633584231693,0.04011810001857606,0.0,0.8003833333333332,0.988158102106611,0.0,False
0.0,5048,scm,1,0.2,0.4,True,0.048213018329879787,0.04447757096973296,0.040843480686885536,0.02832157378965328,0.03377678607364261,0.028126780274289467,0.03487667654534176,0.0,0.783980859375,0.9782156891234861,0.0,False
0.0,5048,scm,2,0.4,0.4,True,0.10108959278493805,0.0869170168996566,0.10731306023927942,0.04284120654496702,0.01775723756619361,0.04116727419141386,0.01774409578022855,0.0,0.8339255208333334,0.8990976784231147,0.003125,False
0.0,5048,scm,3,0.6,0.4,False,0.24897705923577032,0.2081132554922257,0.20006004932124793,0.038478587145815354,0.0014415194102490574,0.03884245399265612,0.0023321358135852464,0.0,0.9252151041666667,0.8028924902825854,0.058125,True
0.0,5064,scm,0,0.0,0.4,True,0.02144437347580421,0.013020139456565355,0.03520314047132478,0.019265109357319447,0.043558451982343566,0.018765472427145005,0.0432534595998515,0.0,0.8168729166666666,0.9883947889272139,0.0,False
0.0,5064,scm,1,0.2,0.4,True,0.03845905645506027,0.037398496423667264,0.03545938282713336,0.03119144341428104,0.03149232096954968,0.03051269463696558,0.03174409367352794,0.0,0.7939945312499999,0.9752882116063881,0.0,False
0.0,5064,scm,2,0.4,0.4,True,0.10051055674937799,0.08720682535226566,0.1077564655151642,0.04101151350644823,0.018644858467002604,0.04099774973658446,0.018314351691240013,0.0,0.8193950520833333,0.9171983897780818,0.001875,False
0.0,5064,scm,3,0.6,0.4,False,0.2979409963928489,0.30616525511716075,0.24836451358474287,0.050322396306800854,0.002923736190713574,0.04760266551553335,0.0021432550891758045,0.0,0.9135125000000002,0.8391944747156878,0.0675,True
0.0,5080,scm,0,0.0,0.4,True,0.029696721728241553,0.02407640174616784,0.02716299042585932,0.019425414789818768,0.043807551271213836,0.018821916979813155,0.04332852473763355,0.0,0.7997388020833334,0.9877754426453303,0.0,False
0.0,5080,scm,1,0.2,0.4,True,0.04023205030262713,0.0340033847224112,0.03371122765534284,0.03119330071248298,0.03028296362687996,0.0298689512088822,0.030382685619916024,0.0,0.7850786458333333,0.9716841555640993,0.0,False
0.0,5080,scm,2,0.4,0.4,True,0.09146350129728216,0.08698500764529422,0.09728333415357798,0.042430648157035254,0.01811660572698413,0.04015430371325675,0.016689618374534476,0.0,0.83212421875,0.911357855532835,0.003125,False
0.0,5080,scm,3,0.6,0.4,False,0.27245004447517507,0.23244737886855157,0.25538713796337853,0.0443801559500852,0.003989105544806709,0.041752685738728305,0.0015780479277226812,0.0,0.9233447916666667,0.8281061397946544,0.08625,True
0.0,5096,scm,0,0.0,0.4,True,0.019099044634823214,0.024732340880365685,0.013537500744710444,0.015791920991145902,0.03667196212901052,0.018000540868400923,0.037086703496502116,0.0,0.8062888020833333,0.9870622186283381,0.0,False
0.0,5096,scm,1,0.2,0.4,True,0.03910534301911445,0.04614286659765364,0.038980644154108963,0.029497973222959124,0.03179839145724269,0.030351817597815148,0.0339775816148261,0.0,0.7868489583333333,0.9739791420955318,0.0,False
0.0,5096,scm,2,0.4,0.4,True,0.07719448202939365,0.07151227884311555,0.11451273231644145,0.03903548014527078,0.020857540754498194,0.038543070524944906,0.021875097514700906,0.0,0.8336369791666667,0.9062257512480373,0.0025,False
0.0,5096,scm,3,0.6,0.4,False,0.25001923296496886,0.23986283920439438,0.24711159866671115,0.04812847550417393,0.007272272263171278,0.044520873164490826,0.005955588992071676,0.0,0.9149632812500001,0.8258416705200543,0.06125,True
0.0,5112,scm,0,0.0,0.4,True,0.03593802314835075,0.03785947020174648,0.030175996701279253,0.021190082742932964,0.03668234265431867,0.021455979477388643,0.03820955353197974,0.0,0.8078815104166666,0.9895109325435162,0.0,False
0.0,5112,scm,1,0.2,0.4,True,0.04085460920777665,0.027504451492080025,0.035073471308213366,0.024205642232279098,0.03281163362159209,0.025475711986316485,0.033776718013096,0.0,0.788634375,0.9686056633196894,0.0,False
0.0,5112,scm,2,0.4,0.4,True,0.07949363355706973,0.07340333817044054,0.10971772209031258,0.04049706518855725,0.023920472913882454,0.03972455090830733,0.022119898438845428,0.0,0.8263231770833332,0.908859305550445,0.001875,False
0.0,5112,scm,3,0.6,0.4,False,0.22701186900112952,0.2163140535820649,0.23938514476318012,0.05468501187108317,0.00562295720852228,0.05440098040224045,0.006735727897156856,0.0,0.9197680989583333,0.7859625713276844,0.08,True
0.0,5128,scm,0,0.0,0.2,True,0.0182962918751892,0.026074460981324703,0.016060036456005573,0.020626844193075186,0.040579961048567606,0.02194754990203394,0.039724121300135584,0.0,0.8311270833333334,0.9900946727081574,0.0,False
0.0,5128,scm,1,0.2,0.2,True,0.03737159756739781,0.03784781514731747,0.030046252110994355,0.028260815128235015,0.030827262074501087,0.026990465881337824,0.03130203290352569,0.0,0.7764226562500001,0.9775347135962428,0.0,False
0.0,5128,scm,2,0.4,0.2,False,0.11253986492687637,0.10400149386587854,0.12998905415582346,0.04472783829715608,0.01865643894709488,0.04460088805974938,0.019994779858852625,0.0,0.8328638020833334,0.9011058893303082,0.0075,False
0.0,5144,scm,0,0.0,0.2,True,0.042330993438676065,0.03796184148551369,0.04039132746568909,0.02333349182731892,0.038568062535499825,0.022722857722222222,0.03788970403556558,0.0,0.8165703125,0.9878107422832655,0.0,False
0.0,5144,scm,1,0.2,0.2,True,0.046227536381373,0.04422968166267378,0.04325456753002116,0.02535828302744871,0.02676229574396251,0.028764243611841933,0.027230112343971647,0.0,0.79873828125,0.9789719674826733,0.0,False
0.0,5144,scm,2,0.4,0.2,False,0.11061951480544219,0.10990062654929368,0.13038116318324552,0.04304542762632731,0.017842627019757466,0.041085507820255815,0.015558457127947272,0.0,0.8359252604166667,0.8977191057668478,0.001875,False
0.0,5160,scm,0,0.0,0.2,True,0.02824423104801001,0.03075941769993897,0.032563967528820945,0.021685505875310762,0.03851094851053405,0.022390431753923107,0.0379762691557034,0.0,0.8090638020833334,0.9860238015506145,0.0,False
0.0,5160,scm,1,0.2,0.2,True,0.052041514565078294,0.0526322855058931,0.03333168822862696,0.0283552668826995,0.026649946128882787,0.02728088808066024,0.027620800834896344,0.0,0.7825731770833333,0.976069218578851,0.0,False
0.0,5160,scm,2,0.4,0.2,False,0.13544973963819995,0.1293009543071207,0.12532379155653192,0.042539100378118144,0.013646952537515555,0.04360672093399787,0.01782864849068211,0.0,0.8376403645833335,0.9064031613023861,0.0025,False
0.0,5176,scm,0,0.0,0.4,True,0.024053770267686275,0.023548066323853235,0.02466495741069386,0.013320761676076145,0.04363315312250301,0.013304253011605562,0.046067259566467685,0.0,0.8070255208333332,0.9877715151259445,0.0,False
0.0,5176,scm,1,0.2,0.4,True,0.03039628854487687,0.03302159407001941,0.057072065808938886,0.0328360343301896,0.02889084360425907,0.03299950481333625,0.029540677400350206,0.0,0.7825971354166668,0.9715415135594057,0.0,False
0.0,5176,scm,2,0.4,0.4,True,0.10037259816974671,0.09115624479115214,0.11648159760507636,0.0432933601924502,0.01578692010399439,0.042254977136505015,0.014883461105584458,0.0,0.8302234375,0.9028808243783804,0.0025,False
0.0,5176,scm,3,0.6,0.4,False,0.2523124494546544,0.24581965245589585,0.24726141554172784,0.04757953128580715,0.0033499202047505726,0.04717960654360076,0.0035145737197198787,0.0,0.9285747395833334,0.8344691956541408,0.10125,True
0.0,5192,scm,0,0.0,0.4,True,0.02961781807418642,0.02598562517366694,0.029685770087744923,0.020848173459370935,0.04334992657051713,0.020484664247665305,0.04355548899722384,0.0,0.8027242187500001,0.9884550801079673,0.0,False
0.0,5192,scm,1,0.2,0.4,True,0.048577813855506934,0.04093733835488401,0.02352785161363076,0.02950758779691065,0.034961800474378274,0.031227881431158996,0.033863111906202184,0.0,0.7764028645833334,0.9736764886183634,0.0,False
0.0,5192,scm,2,0.4,0.4,True,0.07342555675730791,0.08450102644047719,0.07962397687740397,0.04124637681125655,0.022515196637578463,0.042351897065648444,0.021197188802224317,0.0,0.8264138020833334,0.9065375726438327,0.0,False
0.0,5192,scm,3,0.6,0.4,False,0.22414867241301414,0.22323156091930552,0.2483360170176447,0.051724172640794396,0.005910100850340626,0.0492030623540453,0.004720431523299119,0.0,0.92386328125,0.8343330601032299,0.10875,True
0.0,5208,scm,0,0.0,0.4,True,0.02865853953684052,0.026848140218167223,0.0175516414338356,0.02283649330073975,0.0412181715587593,0.02287954368020971,0.04065225830801372,0.0,0.8020537760416667,0.9871089991319852,0.0,False
0.0,5208,scm,1,0.2,0.4,True,0.027770236682899994,0.02003100159315227,0.02455665986281277,0.026677601242489635,0.032575815239486584,0.026646600971235543,0.0327548476871306,0.0,0.7813606770833335,0.9741174977577424,0.0,False
0.0,5208,scm,2,0.4,0.4,True,0.08910019649308619,0.08352740311075704,0.06741929140149751,0.03895462050112253,0.016998344762186104,0.04135052024542564,0.016660199463278354,0.0,0.8402289062499999,0.9055582100789487,0.003125,False
0.0,5208,scm,3,0.6,0.4,False,0.24068556549132278,0.22800407868152445,0.23747356206400438,0.04469058606201774,0.006834815702683742,0.043928826786177044,0.005705321726580007,0.0,0.9258877604166665,0.8369543144810786,0.08875,True
0.0,5224,scm,0,0.0,0.2,True,0.036504097949961935,0.026149706594022604,0.04203441678245062,0.02348955849244304,0.039647026667043436,0.02337699305585712,0.041628659039633614,0.0,0.8121596354166667,0.9905365013565789,0.0,False
0.0,5224,scm,1,0.2,0.2,True,0.03192614240981013,0.0284273091286261,0.04368444836990017,0.028402370598262356,0.03172592090550889,0.027451592304498597,0.031195474591473957,0.0,0.7941367187499999,0.9677736442377153,0.0,False
0.0,5224,scm,2,0.4,0.2,False,0.12284531545138944,0.11426910023909799,0.10437524961645304,0.04257369903549399,0.01942927607344373,0.0424658187522447,0.02019564835874741,0.0,0.8355411458333334,0.9034918426054882,0.00625,False
0.0,5240,scm,0,0.0,0.2,True,0.021959061196211542,0.03398903666308552,0.02432530283068178,0.018273906426869532,0.04228920704693402,0.01822263318139881,0.042557597400935,0.0,0.8020161458333332,0.987831251921924,0.0,False
0.0,5240,scm,1,0.2,0.2,True,0.03559422627184218,0.028881419591342862,0.042880842031419154,0.03359646227659715,0.0325036938354331,0.03237202230919073,0.03305923941839146,0.0,0.7917653645833334,0.9740783718948393,0.0,False
0.0,5240,scm,2,0.4,0.2,False,0.11412232930313639,0.1089444817484251,0.12050244771740809,0.043443503468538355,0.02043372465591602,0.04348256996190952,0.01878671041437495,0.0,0.8247674479166667,0.9127538355231214,0.001875,False
0.0,5256,scm,0,0.0,0.4,True,0.0381096788429605,0.03260698935014231,0.02839270879926381,0.020765677500146577,0.03920098100306455,0.021476914954255327,0.039518313683355503,0.0,0.808898828125,0.9884436296489266,0.0,False
0.0,5256,scm,1,0.2,0.4,True,0.06177256718164695,0.05843838925671604,0.044233112903000964,0.030226669312758803,0.029228447927486443,0.03139972094670069,0.03008905900478783,0.0,0.76679609375,0.9753158851988843,0.0,False
0.0,5256,scm,2,0.4,0.4,True,0.08683804664742373,0.080541901562383,0.08378533550776153,0.040237606636309806,0.02399583275996992,0.04102059854842191,0.023387683758954045,0.0,0.8312934895833334,0.9196934347310183,0.0025,False
0.0,5256,scm,3,0.6,0.4,False,0.25614582583698825,0.23843709902476667,0.27527271115164986,0.04644630289624756,0.0025767280329130854,0.044726009567096395,0.0028293172576550345,0.0,0.9168856770833334,0.8368431705723511,0.0525,True
0.0,5272,scm,0,0.0,0.4,True,0.0216906951725819,0.027280235284967234,0.03157054433202676,0.02051490066633344,0.043804382348506365,0.02044885218052171,0.04467550980457183,0.0,0.8245380208333333,0.9884807428383957,0.0,False
0.0,5272,scm,1,0.2,0.4,True,0.04805867125103922,0.05400385016057149,0.041062507352446855,0.030453292544937848,0.031995145686932416,0.0309690022461308,0.032280944248102975,0.0,0.7786986979166666,0.9784009997329001,0.0,False
0.0,5272,scm,2,0.4,0.4,True,0.11231475478756356,0.09332525330673053,0.10946755079950968,0.046422823510834196,0.021491974230120562,0.04535439540788168,0.021873852456087847,0.0,0.8463888020833332,0.896167552595327,0.004375,False
0.0,5272,scm,3,0.6,0.4,False,0.2668380343010578,0.2526632742572868,0.2745199260002952,0.052727715723646595,0.005731833174604226,0.052672444400457916,0.005848828846647201,0.0,0.9224174479166667,0.827317874931034,0.071875,True
0.0,5288,scm,0,0.0,0.4,True,0.028503899667943155,0.029389494908374496,0.021748381334005924,0.019660128318556465,0.03870302229365097,0.02037943523636023,0.039908552266889774,0.0,0.8140092447916667,0.9889782885832845,0.0,False
0.0,5288,scm,1,0.2,0.4,True,0.029442815913734703,0.02744917281859834,0.03006898982921044,0.029023664501865443,0.03261727973731151,0.02768432020328088,0.0334106510991977,0.0,0.7908989583333335,0.9766996711846222,0.0,False
0.0,5288,scm,2,0.4,0.4,True,0.07907795045161325,0.08068738322490522,0.07418315915955416,0.03873489355732643,0.02027546988671634,0.03839425521279815,0.020906462137102535,0.0,0.8388776041666667,0.9007755807023007,0.005,False
0.0,5288,scm,3,0.6,0.4,False,0.23593097595072876,0.22689343800804893,0.240699718159129,0.045233098314167726,0.0057011629078827985,0.042147264241792784,0.0020222601464105487,0.0,0.9197020833333331,0.7730052508085575,0.06,True
0.0,5304,scm,0,0.0,0.2,True,0.020319455866522944,0.006480108167102258,0.02987117460899342,0.019191043345932492,0.043343817459354506,0.019733117060368056,0.043286482431109594,0.0,0.8138778645833333,0.9889635863741846,0.0,False
0.0,5304,scm,1,0.2,0.2,True,0.058021966439247195,0.0637604139755399,0.04900971746732239,0.03318722047296836,0.032345326353148275,0.03250199907921812,0.031153596096380732,0.0,0.7926640625000001,0.9686701894393588,0.0,False
0.0,5304,scm,2,0.4,0.2,False,0.13561978407859926,0.11381940228464875,0.08867553474856858,0.040260881846245045,0.016603212814428694,0.041338407919201674,0.01722059321880577,0.0,0.8319804687500001,0.9021024286264854,0.005625,False
0.0,5320,scm,0,0.0,0.4,True,0.025412671582640146,0.02922872096019335,0.01740354531412289,0.020947282953348495,0.04233670302024945,0.02100395382600349,0.04210467129171917,0.0,0.8072127604166667,0.9885812371974282,0.0,False
0.0,5320,scm,1,0.2,0.4,True,0.05076658808339395,0.05708260010995259,0.022885675550997218,0.02895274779746529,0.029270667839221796,0.028487621081660468,0.028782172383241104,0.0,0.7949940104166667,0.9740039099505888,0.0,False
0.0,5320,scm,2,0.4,0.4,True,0.10288546118536208,0.08200494082905431,0.1140245188382477,0.04284147294768539,0.016158800876432716,0.046533065645920864,0.018413408480723845,0.0,0.83883359375,0.9026144696300181,0.006875,False
0.0,5320,scm,3,0.6,0.4,False,0.25732134516684974,0.218078305840093,0.26504913180529666,0.04944759244987508,0.0022012178756139205,0.04837980352607918,0.002844972910197249,0.0,0.9229888020833332,0.8219281553421023,0.0875,True
0.0,5336,scm,0,0.0,0.2,True,0.028499749701202184,0.025118021874038582,0.021993950870732047,0.01820749803910577,0.044065823547063246,0.018176169411453703,0.04517350314688423,0.0,0.8121885416666668,0.990941111041461,0.0,False
0.0,5336,scm,1,0.2,0.2,True,0.05091875455087186,0.04994312673964345,0.05420261089255045,0.03352566957836975,0.03369358284565422,0.033576488447292524,0.034779576045519726,0.0,0.7831140625000002,0.9768795272316377,0.0,False
0.0,5336,scm,2,0.4,0.2,False,0.11934221533933734,0.12474360954930128,0.11011181718890807,0.041054689877894575,0.019769147400676337,0.04120166872029479,0.01964511404543862,0.0,0.8206377604166667,0.906701457852648,0.004375,False
0.0,5352,scm,0,0.0,0.4,True,0.024023551587825487,0.020247023379785622,0.03161272284496905,0.019558517034158063,0.039489324601731934,0.019863978728567995,0.038570536037874546,0.0,0.8112364583333335,0.987964199861508,0.0,False
0.0,5352,scm,1,0.2,0.4,True,0.047185125769750404,0.056446476810401026,0.047408259377343595,0.03453813221596698,0.035466038763166965,0.03442459180526932,0.03536071043237832,0.0,0.7855020833333333,0.9767260538317102,0.0,False
0.0,5352,scm,2,0.4,0.4,True,0.07017315522366162,0.04969055678126581,0.0990081797118379,0.041522948403784676,0.02003547513187768,0.042417126600180946,0.017543412469760898,0.0,0.8336885416666666,0.9080052779938317,0.00375,False
0.0,5352,scm,3,0.6,0.4,False,0.2560190272803302,0.2629086279125118,0.29197984832369733,0.05048242321806662,0.006088485379316553,0.04886816038304975,0.00662280331326244,0.0,0.9198859374999999,0.8047042238802388,0.070625,True
0.0,5368,scm,0,0.0,0.4,True,0.02842749043552709,0.022454575841407594,0.020324424028334984,0.018434925620996793,0.04173080488507484,0.01834617057532295,0.04207399375081187,0.0,0.8060856770833333,0.9871110459341107,0.0,False
0.0,5368,scm,1,0.2,0.4,True,0.030203128237029482,0.026642993189483336,0.032683920623649707,0.028918548119615656,0.03173919588277993,0.029135136096485454,0.030666750994489466,0.0,0.7894205729166667,0.9724507618535936,0.0,False
0.0,5368,scm,2,0.4,0.4,True,0.090184954528131,0.08299972079001842,0.10479935773243436,0.04450268242416727,0.02156209136796194,0.04239093656208791,0.01684522373391706,0.0,0.8397028645833333,0.9084587440172278,0.00125,False
0.0,5368,scm,3,0.6,0.4,False,0.23159520981082504,0.23044356746722025,0.24326456804769914,0.04497111805689413,0.005968762184933918,0.04451792159293692,0.007299351646326598,0.0,0.9189830729166666,0.804202117800142,0.078125,True
0.0,5384,scm,0,0.0,0.4,True,0.02369227112218626,0.016074278708777888,0.0252984545358652,0.016225592030849004,0.0369449225354931,0.01631002284360354,0.03803224330442106,0.0,0.8127239583333332,0.9903023096952808,0.0,False
0.0,5384,scm,1,0.2,0.4,True,0.036910455112998314,0.05363017455317954,0.034106578965333395,0.03059421458149733,0.032162226994343714,0.03112704030374287,0.030482122810993693,0.0,0.79954921875,0.9735990533760011,0.0,False
0.0,5384,scm,2,0.4,0.4,True,0.08831220409546957,0.0734171003303637,0.11072001065784869,0.04270689622241207,0.02049595182187631,0.042002569254148345,0.01939490598600551,0.0,0.8284760416666668,0.922859598876186,0.00375,False
0.0,5384,scm,3,0.6,0.4,False,0.2450657880011128,0.21372051905158054,0.25398776902092135,0.049748302197129494,0.0026480289312011914,0.046987505486064195,0.0023250728342404108,0.0,0.9157802083333335,0.8443649203788612,0.08,True
0.2,5000,scm,0,0.0,0.4,True,0.016300099999268056,0.01716084652458531,0.013093738182950362,0.019080321399807282,0.04214832609514631,0.019265298935721403,0.041858957055740276,0.0,0.8099278645833334,0.9867959444078137,0.0,False
0.2,5000,scm,1,0.2,0.4,True,0.038965907430779066,0.033929231680356886,0.05474932981080848,0.029662719363025353,0.03393967198400322,0.030433350466658994,0.03555898748666663,0.0,0.7889486979166667,0.9783224241464437,0.0,False
0.2,5000,scm,2,0.4,0.4,True,0.06803377087186854,0.06742655311723027,0.09281126926545191,0.03998162042349077,0.01705609720902159,0.04079252147685376,0.01674797413353736,0.0,0.8485442708333333,0.8956201321194631,0.00125,False
0.2,5000,scm,3,0.6,0.4,False,0.24842926164579632,0.23870785788043056,0.2730044953754021,0.050561055771547805,0.0030909953775692767,0.05015318770509368,0.004610042528740233,0.0,0.9207434895833334,0.8027253564673756,0.071875,True
0.2,5016,scm,0,0.0,0.4,True,0.0217430749621076,0.019502791190593276,0.01279608266464572,0.01920586841298874,0.042351916644058546,0.01887851761892123,0.04148071197112554,0.0,0.8182761718749999,0.9903217787059071,0.0,False
0.2,5016,scm,1,0.2,0.4,True,0.03209658491367956,0.027379021688224654,0.052283266946675455,0.027483103693454376,0.035598513414343745,0.026941931827958975,0.0341367140386402,0.0,0.7910843750000001,0.9774224450826394,0.0,False
0.2,5016,scm,2,0.4,0.4,True,0.06940257902496307,0.0772415794220911,0.0677754020383184,0.03883405405788522,0.021165794439032052,0.0377583184513408,0.02323095234022,0.0,0.8398473958333332,0.8838907036810859,0.000625,False
0.2,5016,scm,3,0.6,0.4,False,0.1841543759938042,0.2106912611955508,0.2332853702204471,0.05187153115843906,0.003963800448926047,0.05061362835080435,0.003430980546882617,0.0,0.9214782552083334,0.8387498055015198,0.090625,True
0.2,5032,scm,0,0.0,0.2,True,0.029507541965263957,0.02932307565183751,0.031579362159338126,0.01925446531438582,0.04070819015072194,0.019070249023522265,0.040742190782067665,0.0,0.8050645833333333,0.9882801273537325,0.0,False
0.2,5032,scm,1,0.2,0.2,True,0.03598183597108849,0.027339918116329864,0.021388666341514366,0.030250922810503473,0.03901038241496888,0.030721462669970535,0.03846129020540472,0.0,0.7944442708333334,0.9839328724059846,0.0,False
0.2,5032,scm,2,0.4,0.2,False,0.11624300584775782,0.10437322139034849,0.10423734876671656,0.046882968458648325,0.018666314048488727,0.04754979082598995,0.017869486207326153,0.0,0.8388986979166666,0.8940742346837366,0.00625,False
0.2,5048,scm,0,0.0,0.2,True,0.029833699974157368,0.03473921254057646,0.03447146526143895,0.023795307771714014,0.03805928944286119,0.023521663917422917,0.03839610401037815,0.0,0.8003833333333332,0.988158102106611,0.0,False
0.2,5048,scm,1,0.2,0.2,True,0.031242955797446438,0.032858131244408145,0.0415322932241324,0.027169982681343855,0.03139302840276593,0.026317056595999484,0.030993794812943846,0.0,0.783109375,0.9780073113118145,0.0,False
0.2,5048,scm,2,0.4,0.2,False,0.1232263174115453,0.11425301805042849,0.10692049426530169,0.04081460093081087,0.01709181348229367,0.04162372292900102,0.016448068421733176,0.0,0.8327877604166667,0.8963840671063019,0.001875,False
0.2,5064,scm,0,0.0,0.4,True,0.029359666857427313,0.03253462332276994,0.034131506536211276,0.019711632292838253,0.04363076434451054,0.019566785867483984,0.04337708735817204,0.0,0.8168729166666666,0.9883947889272139,0.0,False
0.2,5064,scm,1,0.2,0.4,True,0.036431404500006224,0.03927652976271998,0.04174744920816158,0.03011851449813148,0.03208388461593665,0.03179247347435449,0.03351976053268683,0.0,0.79684765625,0.974880899753925,0.0,False
0.2,5064,scm,2,0.4,0.4,True,0.0983474573915006,0.09615212928582884,0.14061875029829607,0.040609787996362376,0.01524765915804095,0.03718808921195239,0.01501686460481495,0.0,0.8170494791666667,0.9211148247904016,0.00125,False
0.2,5064,scm,3,0.6,0.4,False,0.2646145116793592,0.2727783881481648,0.21917548260878328,0.0508735119082946,0.001831907716699605,0.050908117626080246,0.0028450204936927145,0.0,0.9123088541666666,0.8302878420500066,0.06875,True
0.2,5080,scm,0,0.0,0.4,True,0.021072638127879573,0.02396810649398888,0.030929126380168884,0.01931884912819876,0.04426895034308229,0.019307905583834918,0.04439323876023005,0.0,0.7997388020833334,0.9877754426453303,0.0,False
0.2,5080,scm,1,0.2,0.4,True,0.03643413532125253,0.027598176316969317,0.03745095696735065,0.031793101516497044,0.0321137922752844,0.031621153816951936,0.03214628780755253,0.0,0.7814100260416666,0.9711575702561445,0.0,False
0.2,5080,scm,2,0.4,0.4,True,0.07441084216601059,0.07862484893965305,0.10388119517692275,0.04331159381153006,0.01802807896939641,0.042977509785104756,0.018015668177959722,0.0,0.8331000000000001,0.9113562683482197,0.003125,False
0.2,5080,scm,3,0.6,0.4,False,0.25761206758339,0.2358268074893835,0.24649776713325514,0.04424241536781315,0.006557456795799458,0.042799912358725496,0.006289327204477398,0.0,0.9219052083333334,0.8262418426538255,0.08625,True
0.2,5096,scm,0,0.0,0.4,True,0.01532071959976673,0.023412818465218217,0.00813150487915767,0.015795283650253646,0.03850763502224649,0.015521361581216506,0.03909708378461602,0.0,0.8062888020833333,0.9870622186283381,0.0,False
0.2,5096,scm,1,0.2,0.4,True,0.0491825582486474,0.05165413022558784,0.052729316695691,0.029007360544180134,0.029113631060686672,0.028752700035282602,0.031671326850968615,0.0,0.7854794270833334,0.9755874890572075,0.0,False
0.2,5096,scm,2,0.4,0.4,True,0.1027041054886459,0.08281163828310971,0.13811332814443522,0.03991659898463622,0.01989583194059431,0.04029711285627914,0.020105336809098245,0.0,0.8310460937499999,0.9033626568166105,0.00125,False
0.2,5096,scm,3,0.6,0.4,False,0.2651062707065984,0.2536385123405794,0.23040796368507208,0.04817740343475017,0.005757658761317457,0.045121705491815,0.0019708547234543335,0.0,0.9130533854166667,0.8194558988734788,0.0575,True
0.2,5112,scm,0,0.0,0.4,True,0.03432847403149826,0.033815494059043445,0.043766348470582535,0.019412213207090905,0.03895440384187759,0.020619099585196827,0.03869379232844968,0.0,0.8078815104166666,0.9895109325435162,0.0,False
0.2,5112,scm,1,0.2,0.4,True,0.034111295590502244,0.031915035808382654,0.027484676479673918,0.02585221488195592,0.03364691064937392,0.02575510888132481,0.03420986529067856,0.0,0.7873999999999999,0.9674101457217984,0.0,False
0.2,5112,scm,2,0.4,0.4,True,0.09176299134256109,0.06671407843288293,0.05959167035004845,0.03986076016550387,0.01918737344338401,0.040894861314329754,0.022283346078887715,0.0,0.8254333333333332,0.9000716510051999,0.005625,False
0.2,5112,scm,3,0.6,0.4,False,0.27041225348089887,0.25472741768801704,0.24810126338712665,0.05514033070261212,0.0022642357694341708,0.05195856572691787,0.0017359525369420445,0.0,0.9176859374999999,0.7885217676347156,0.071875,True
0.2,5128,scm,0,0.0,0.4,True,0.022232935314421245,0.016007397765631357,0.028912250872487263,0.020470211228882623,0.042974726634351985,0.020090994287630826,0.04291002372702564,0.0,0.8311270833333334,0.9900946727081574,0.0,False
0.2,5128,scm,1,0.2,0.4,True,0.05333725403275676,0.04871738494300727,0.039551269719120076,0.027526696670685212,0.031248689780283133,0.02782595370230686,0.03013042200939503,0.0,0.7769070312499999,0.9779318872873911,0.0,False
0.2,5128,scm,2,0.4,0.4,True,0.10388088626562866,0.08103812397271215,0.11565773402352289,0.04332638242507944,0.022402135235060034,0.04225633559381653,0.020316137953976316,0.0,0.83361875,0.900562720643883,0.005625,False
0.2,5128,scm,3,0.6,0.4,False,0.23788085144958623,0.22577801767834949,0.26369659479961793,0.05014914628532946,0.0039930870085418384,0.04925399330994695,0.00321385768625907,0.0,0.9253067708333332,0.8228774278346669,0.081875,True
0.2,5144,scm,0,0.0,0.2,True,0.031182581046660184,0.029362311718411114,0.0354638752374771,0.02302831419563192,0.040158934654409784,0.02380578279352123,0.04027567188100188,0.0,0.8165703125,0.9878107422832655,0.0,False
0.2,5144,scm,1,0.2,0.2,True,0.044512391010863094,0.04036052292771154,0.05910317016596364,0.029527676107831833,0.025994636975754982,0.02832438701270678,0.025540007650521317,0.0,0.8040528645833334,0.9803089743072676,0.0,False
0.2,5144,scm,2,0.4,0.2,False,0.10321288258261144,0.11414909800688053,0.145311474914117,0.041248379721259026,0.018163326155831213,0.04005344311225597,0.01651133014635286,0.0,0.83504765625,0.8991983127171314,0.001875,False
0.2,5160,scm,0,0.0,0.2,True,0.041526809272371554,0.04632004588772144,0.03185672046688379,0.020518483228346863,0.03810906491180257,0.022080719840554056,0.039260997294404326,0.0,0.8090638020833334,0.9860238015506145,0.0,False
0.2,5160,scm,1,0.2,0.2,True,0.048982742403882264,0.04757317066943347,0.055277272021055306,0.028427125363111705,0.02873355134335272,0.029596845861909492,0.027420721976828686,0.0,0.7857591145833333,0.9774439910347678,0.0,False
0.2,5160,scm,2,0.4,0.2,False,0.12731609949357767,0.1038018641353537,0.13570355349449184,0.044116689246432986,0.01702331333668147,0.04165209231795121,0.015483079178683587,0.0,0.8374770833333335,0.9067619652375166,0.00375,False
0.2,5176,scm,0,0.0,0.4,True,0.01899222235474308,0.03018456564846265,0.028679243076289346,0.013057431475897637,0.04310085770207907,0.008637185621080025,0.04196544657251317,0.0,0.8070255208333332,0.9877715151259445,0.0,False
0.2,5176,scm,1,0.2,0.4,True,0.04932913696581477,0.04830219186941911,0.05780981215290407,0.03171677434498627,0.02935098571040519,0.032048698190398406,0.027903109063083985,0.0,0.7825690104166667,0.9727442422437491,0.0,False
0.2,5176,scm,2,0.4,0.4,True,0.09950834882595054,0.08621941250145518,0.09180733918114206,0.04378297173642011,0.01678849169787787,0.04382032108133663,0.015448128254417428,0.0,0.8299841145833333,0.9056721739773529,0.000625,False
0.2,5176,scm,3,0.6,0.4,False,0.27008195335594926,0.2438535581589495,0.25530849799036764,0.047025232478205385,0.00481575227078489,0.04722798867431505,0.005177506163521945,0.0,0.9273109374999999,0.8354984925995443,0.09125,True
0.2,5192,scm,0,0.0,0.4,True,0.01746048894048446,0.021760217152127524,0.02168987684560588,0.02008534917144089,0.04184626561140863,0.019853117176225545,0.04210240882805991,0.0,0.8027242187500001,0.9884550801079673,0.0,False
0.2,5192,scm,1,0.2,0.4,True,0.04636218427438785,0.04649555574789471,0.03764606058359715,0.031472777495789986,0.03290627597753746,0.02940629413106965,0.03293498742012028,0.0,0.7776536458333332,0.97441550851755,0.0,False
0.2,5192,scm,2,0.4,0.4,True,0.08869705824407806,0.0845323802474156,0.11327527080125234,0.043492353300661785,0.01986203906612059,0.044178214094355475,0.020338662580673638,0.0,0.8267442708333332,0.9034800467462502,0.0,False
0.2,5192,scm,3,0.6,0.4,False,0.23672354655547825,0.20676951066951826,0.23516682240286496,0.05048079425847466,0.0058492698073508015,0.04835775007418527,0.005003974830405627,0.0,0.922329296875,0.8201781046766979,0.085,True
0.2,5208,scm,0,0.0,0.4,True,0.035238344968526784,0.03516992442980153,0.0208112915020601,0.02433269792261151,0.04088509384722905,0.02337056179854504,0.04099463157053061,0.0,0.8020537760416667,0.9871089991319852,0.0,False
0.2,5208,scm,1,0.2,0.4,True,0.033427863982624303,0.024411852822044295,0.022937447045728112,0.028246596933337056,0.03202425512463718,0.028299455023296893,0.032628300407842425,0.0,0.7829049479166665,0.9744292016016478,0.0,False
0.2,5208,scm,2,0.4,0.4,True,0.07648688425841974,0.06665000886507513,0.0920851153375494,0.041727853764727346,0.01653450482815615,0.04030255008179241,0.0169769777148486,0.0,0.8414677083333333,0.9037140545457018,0.004375,False
0.2,5208,scm,3,0.6,0.4,False,0.24853308771479954,0.24843617990509378,0.2579511533847366,0.044546841734202106,0.005170788826121578,0.04265333338295048,0.004656188271642087,0.0,0.9293369791666666,0.84058801859704,0.09,True
0.2,5224,scm,0,0.0,0.4,True,0.025537324743802697,0.03014512622457427,0.01971998991714621,0.024816892247720806,0.03988805320986794,0.025239625551599844,0.04007937407563181,0.0,0.8121596354166667,0.9905365013565789,0.0,False
0.2,5224,scm,1,0.2,0.4,True,0.037303780829871895,0.039304469517742135,0.034591786830754555,0.028624827386979815,0.03237222480639761,0.031065140934711355,0.030673829662411674,0.0,0.7948822916666667,0.9676312885282476,0.0,False
0.2,5224,scm,2,0.4,0.4,True,0.09152411768955362,0.08924061609523475,0.10102763046343756,0.04347720999417107,0.021176526433060498,0.04381733515925393,0.02205123631588576,0.0,0.834746875,0.9016605256295274,0.003125,False
0.2,5224,scm,3,0.6,0.4,False,0.22925220295379783,0.22617816707564853,0.2641873422169382,0.04775073850318761,0.0044888133352903046,0.0464477193696455,0.0009900955130458331,0.0,0.91928125,0.8173137393878842,0.051875,True
0.2,5240,scm,0,0.0,0.4,True,0.03325554878384799,0.02999213664598934,0.028299430676770484,0.017817297111029303,0.04304160292649982,0.015239219948935552,0.042261146772515315,0.0,0.8020161458333332,0.987831251921924,0.0,False
0.2,5240,scm,1,0.2,0.4,True,0.03941214645299204,0.03489754372449968,0.03863563748249655,0.03253069942711332,0.03347001279322187,0.030980434142795717,0.032674321445145156,0.0,0.7907091145833334,0.9744132973318546,0.0,False
0.2,5240,scm,2,0.4,0.4,True,0.11596363781853462,0.09642706937592298,0.11068597901567587,0.045147603980486735,0.01743961693175684,0.04429269807443778,0.019717698643201796,0.0,0.82944921875,0.9117226080446382,0.00375,False
0.2,5240,scm,3,0.6,0.4,False,0.23274416128125736,0.20796680905300916,0.1910650437115394,0.04359588361471488,0.0017002736640896886,0.043141672194719094,0.0015763886977163313,0.0,0.9177195312500002,0.8117751447133323,0.0625,True
0.2,5256,scm,0,0.0,0.4,True,0.035194256912481556,0.034915348638933634,0.023229246789241872,0.021948381663213862,0.038758882830441294,0.021494713783228,0.0383954405508791,0.0,0.808898828125,0.9884436296489266,0.0,False
0.2,5256,scm,1,0.2,0.4,True,0.05932129431459328,0.05006893076074767,0.061613541161550454,0.02802181940603312,0.031171999429362118,0.024175509448578984,0.03045430672291949,0.0,0.7693317708333334,0.9757642161582631,0.0,False
0.2,5256,scm,2,0.4,0.4,True,0.09316386340164995,0.09738866738806998,0.0826751808884705,0.039776428603737625,0.022357170078128263,0.03838096101823327,0.021967339766879805,0.0,0.83229296875,0.9192969155666032,0.0025,False
0.2,5256,scm,3,0.6,0.4,False,0.24581848081561264,0.24976699201582195,0.2278035033382088,0.0444566250206016,0.0020680578047333927,0.04245332973585085,0.0016118625851270795,0.0,0.9163497395833333,0.8310425307448362,0.050625,True
0.2,5272,scm,0,0.0,0.4,True,0.025604198212935348,0.026006320707399055,0.027462361425689336,0.0220583381378755,0.0415384639733508,0.021576326536038214,0.04113948786137909,0.0,0.8245380208333333,0.9884807428383957,0.0,False
0.2,5272,scm,1,0.2,0.4,True,0.05191449862358405,0.05091484623963166,0.019999069986715346,0.02884161497371296,0.03040384296557167,0.028957450670459413,0.030632421667407626,0.0,0.7853350260416667,0.9784081096248466,0.0,False
0.2,5272,scm,2,0.4,0.4,True,0.11002860144794147,0.08113796868220276,0.10273320332299564,0.04188895620980517,0.02090343701811996,0.045250484465450325,0.02173077354084023,0.0,0.8488549479166667,0.900575140422785,0.00375,False
0.2,5272,scm,3,0.6,0.4,False,0.25384705649962,0.21864783678437524,0.2795138771633613,0.046585370570818,0.005756582241941951,0.04470894717025967,0.0032062109844742397,0.0,0.9167020833333334,0.8233813252011667,0.054375,True
0.2,5288,scm,0,0.0,0.4,True,0.035355876733767264,0.032861754136374204,0.013289771593229156,0.019310417467893987,0.04028519993122169,0.016118747057828217,0.03903030876511472,0.0,0.8140092447916667,0.9889782885832845,0.0,False
0.2,5288,scm,1,0.2,0.4,True,0.030491116744997836,0.04280051557746261,0.02620889753396719,0.028656543728701998,0.03148040087114186,0.029347387167252412,0.03166081259513841,0.0,0.7904276041666668,0.9770802562363986,0.0,False
0.2,5288,scm,2,0.4,0.4,True,0.07100483216407592,0.05023737705741212,0.06424485071685605,0.04010566035797669,0.022552434696156098,0.04209707641363634,0.021289930964062793,0.0,0.83443828125,0.9084242957019927,0.003125,False
0.2,5288,scm,3,0.6,0.4,False,0.22039469718063665,0.2094062102734516,0.24427969086639464,0.04646702610396093,0.004295585410084892,0.04449652520087051,0.003924090426405342,0.0,0.9207127604166667,0.7736381640568579,0.06125,True
0.2,5304,scm,0,0.0,0.4,True,0.018823750735239404,0.022607433365921352,0.02248656073992078,0.02085493777647375,0.04287392492944326,0.021465893245163813,0.043436394185719936,0.0,0.8138778645833333,0.9889635863741846,0.0,False
0.2,5304,scm,1,0.2,0.4,True,0.039665570158281205,0.044637605121550954,0.029067712870903043,0.03096540125253551,0.031094376666125564,0.03096904815261137,0.02949789701448169,0.0,0.79063359375,0.9684083281436161,0.0,False
0.2,5304,scm,2,0.4,0.4,True,0.09778391061288327,0.08305784693075019,0.10344033278447871,0.04356568989128019,0.02005873004889795,0.04291384985553025,0.019765925669117453,0.0,0.8315393229166667,0.8995208900662816,0.003125,False
0.2,5304,scm,3,0.6,0.4,False,0.21544163760145177,0.19973622884786746,0.26082675276535416,0.047891387430075066,0.002722332812467678,0.046305369717613926,0.0011149650856476815,0.0,0.9239950520833333,0.8238530501335158,0.06,True
0.2,5320,scm,0,0.0,0.4,True,0.03753464389337531,0.02383317228211191,0.025081264026489147,0.019207325993178773,0.04064601566559667,0.02077698076628964,0.04119454195779609,0.0,0.8072127604166667,0.9885812371974282,0.0,False
0.2,5320,scm,1,0.2,0.4,True,0.05440387922571853,0.05151747863852767,0.03431059544597893,0.030980667533537957,0.030429227413458507,0.03071331154378542,0.0304825369062228,0.0,0.7994682291666667,0.9744554600972697,0.0,False
0.2,5320,scm,2,0.4,0.4,True,0.09550513746316747,0.08191215848494023,0.10804732009213071,0.04627749871065434,0.018344224160631313,0.047441831659157635,0.02110499224136313,0.0,0.8333072916666666,0.9059205110341065,0.0025,False
0.2,5320,scm,3,0.6,0.4,False,0.22333672636892746,0.1902039261856866,0.22636055865389082,0.049858368818299734,0.0030802759496043755,0.048338809784328855,0.0016775009465654865,0.0,0.9225739583333333,0.8066486468469363,0.0825,True
0.2,5336,scm,0,0.0,0.4,True,0.025728686961107954,0.015821876052113965,0.028047468108995853,0.02074261023325514,0.04543144065723554,0.019586169108005057,0.04401923203935613,0.0,0.8121885416666668,0.990941111041461,0.0,False
0.2,5336,scm,1,0.2,0.4,True,0.0494716852721934,0.039784425424413405,0.058306100141008885,0.03186081917238423,0.03412400391497134,0.03100386518641756,0.032850206828268426,0.0,0.78724375,0.9777014710051233,0.0,False
0.2,5336,scm,2,0.4,0.4,True,0.11021216296047628,0.0952279772483427,0.10806505762576102,0.04079616649032984,0.01944181192470661,0.03918949743881188,0.016787370542083183,0.0,0.8187229166666666,0.904998766007073,0.003125,False
0.2,5336,scm,3,0.6,0.4,False,0.20158580245850444,0.18336062422579,0.24515768022149936,0.04671484066499543,0.005162894947891264,0.04672438512079774,0.00381724807489548,0.0,0.9174794270833334,0.8305327811760131,0.065,True
0.2,5352,scm,0,0.0,0.4,True,0.027148129208573197,0.018944760164759274,0.032490572961827946,0.019923192741594327,0.03924104905360856,0.01940092838446512,0.03766111664205885,0.0,0.8112364583333335,0.987964199861508,0.0,False
0.2,5352,scm,1,0.2,0.4,True,0.04985907654404348,0.054585109480993904,0.036169216565104606,0.033716012173708086,0.03522390668606534,0.033137038150535585,0.037036643742111484,0.0,0.7952364583333333,0.975922038739119,0.0,False
0.2,5352,scm,2,0.4,0.4,True,0.09608969298066719,0.0692785210909432,0.09240470433840492,0.04141429133122526,0.02061189133559478,0.040480035569753395,0.02022398193020162,0.0,0.8314104166666667,0.8946957868463903,0.00375,False
0.2,5352,scm,3,0.6,0.4,False,0.3009977158194071,0.29128780370122465,0.2779074746913629,0.04687887644876568,0.0007363732848369672,0.0438774206939203,0.0003213252647206447,0.0,0.9209393229166667,0.8000378059095976,0.075625,True
0.2,5368,scm,0,0.0,0.4,True,0.020241228427638456,0.013216784028305523,0.024315806181774903,0.018139546039631752,0.042313637459366525,0.018095557877422206,0.04185170578388253,0.0,0.8060856770833333,0.9871110459341107,0.0,False
0.2,5368,scm,1,0.2,0.4,True,0.05168367095058092,0.04593303652471406,0.030331968474658348,0.029911465214517062,0.033099245724085825,0.030881659252403913,0.03396614153953618,0.0,0.7846240885416667,0.9727694744461911,0.0,False
0.2,5368,scm,2,0.4,0.4,True,0.10189487575593265,0.09309335866075957,0.10445998192753157,0.044598419749261216,0.021740210058940616,0.0448230476989282,0.0205254638006356,0.0,0.8398312499999999,0.9116312619662671,0.000625,False
0.2,5368,scm,3,0.6,0.4,False,0.2137192158959823,0.21094373320486767,0.24587402521416438,0.04769182493811622,0.006857840595243632,0.04785253822124946,0.005055723635053155,0.0,0.9171174479166667,0.8176489649541587,0.06625,True
0.2,5384,scm,0,0.0,0.4,True,0.03514432184008748,0.026812874374361948,0.01983850942776177,0.01597280413566144,0.03851841630464194,0.01700644722484066,0.03842540293190934,0.0,0.8127239583333332,0.9903023096952808,0.0,False
0.2,5384,scm,1,0.2,0.4,True,0.02776882504871832,0.03556443990525571,0.03248858210772643,0.03467224887500052,0.034204673675653684,0.034210180124891736,0.03495236778723559,0.0,0.8019621093750001,0.9746015230672992,0.0,False
0.2,5384,scm,2,0.4,0.4,True,0.07972851947305042,0.07429812677022621,0.09229655220768643,0.03686854254767867,0.019990935242540208,0.038155541955630985,0.01890864087271694,0.0,0.8296707031249999,0.9223789045051575,0.005,False
0.2,5384,scm,3,0.6,0.4,False,0.257473035963712,0.24301844435128953,0.21856666634821487,0.04952665231762639,0.006681403774179193,0.04808011010838416,0.0037798278663497675,0.0,0.9171841145833333,0.850437558967893,0.080625,True
0.4,5000,scm,0,0.0,0.4,True,0.01887600938188811,0.02878528997432889,0.009789053056842141,0.02040978875280224,0.042716086722632975,0.02011898697566814,0.040588276904960016,0.0,0.8099278645833334,0.9867959444078137,0.0,False
0.4,5000,scm,1,0.2,0.4,True,0.03481305823721382,0.028673900333249427,0.04348892556708843,0.029708264348310805,0.03619445225157457,0.02877469185489026,0.03583729857923284,0.0,0.7911463541666667,0.9792961209633914,0.0,False
0.4,5000,scm,2,0.4,0.4,True,0.08279945861626323,0.0830672925081562,0.08560008582112687,0.03721684380088044,0.017146124404344223,0.03847600641267314,0.01642503473096778,0.0,0.8449658854166666,0.8979021393081348,0.00125,False
0.4,5000,scm,3,0.6,0.4,False,0.24238795381463846,0.21441562192264574,0.2856107706668875,0.05154848408279726,0.003666733917200528,0.04874897604069894,0.0011188839524265955,0.0,0.91772890625,0.8123180218064318,0.069375,True
0.4,5016,scm,0,0.0,0.4,True,0.024009689079143925,0.022418172186466245,0.01855528837124334,0.018417558430164876,0.04286596808928202,0.020655782104989653,0.04205843741102499,0.0,0.8182761718749999,0.9903217787059071,0.0,False
0.4,5016,scm,1,0.2,0.4,True,0.027110016723564553,0.03732695069335153,0.04492363694092247,0.028511702602526376,0.036266380300772234,0.028681690080925422,0.0360604415555195,0.0,0.7868796875,0.9768860429974694,0.0,False
0.4,5016,scm,2,0.4,0.4,True,0.05361655616464364,0.050478419919487955,0.08291612791251288,0.03954625865654009,0.022922319855835396,0.038549882718933,0.022966342680398526,0.0,0.8398338541666668,0.8960114416197833,0.0,False
0.4,5016,scm,3,0.6,0.4,False,0.2887363392026581,0.2575956350575314,0.2907216170467908,0.050795629935903794,0.0036753013998290602,0.04967778772871326,0.003612624077040943,0.0,0.916225390625,0.85672818709001,0.075,True
0.4,5032,scm,0,0.0,0.4,True,0.014173801640303204,0.018462120238866973,0.03622801384526283,0.01691591545028547,0.04071316044096672,0.019439020496890558,0.041475321659175064,0.0,0.8050645833333333,0.9882801273537325,0.0,False
0.4,5032,scm,1,0.2,0.4,True,0.025743927699174735,0.034520934005078045,0.030604117802551234,0.02947855134072628,0.03631148377365302,0.029083578188950722,0.038106891520813424,0.0,0.7912942708333335,0.9843623625788697,0.0,False
0.4,5032,scm,2,0.4,0.4,True,0.09314134108404891,0.09280723489048173,0.10766657189062848,0.04773675423053782,0.022229095342884073,0.04657288089397463,0.017473067483043243,0.0,0.8315971354166667,0.9037024584838899,0.005,False
0.4,5032,scm,3,0.6,0.4,False,0.2121520531973907,0.1836075319004055,0.24545438713259327,0.04537126414642115,0.0055926728209573975,0.04324434107033136,0.004758944895099179,0.0,0.9090157552083333,0.8131241574951088,0.06,True
0.4,5048,scm,0,0.0,0.2,True,0.035604855068521804,0.02121072148092589,0.018515438048539966,0.022147053733019513,0.03775408662685107,0.02088116283789132,0.037466635161415573,0.0,0.8003833333333332,0.988158102106611,0.0,False
0.4,5048,scm,1,0.2,0.2,True,0.03793306259462468,0.04319481680138872,0.045170074736195755,0.028914771952400532,0.03460550169696609,0.02786766312249654,0.034502080793214464,0.0,0.7854450520833334,0.9785011164174477,0.0,False
0.4,5048,scm,2,0.4,0.2,False,0.15167661147932843,0.13307872317281044,0.13880181529159305,0.04075371447069748,0.017559589381991734,0.040991984225010276,0.016385975871417834,0.0,0.8271690104166667,0.8911620709976124,0.003125,False
0.4,5064,scm,0,0.0,0.4,True,0.03378981667418388,0.03669449156121352,0.017533028119360135,0.01820418738647544,0.044004360286066295,0.019539315508597145,0.044557352119231876,0.0,0.8168729166666666,0.9883947889272139,0.0,False
0.4,5064,scm,1,0.2,0.4,True,0.030939761988135726,0.02799459881987888,0.05565485720454989,0.031849768282792554,0.033488595688119384,0.030357017170608572,0.03314950974765237,0.0,0.7956513020833333,0.9741796889264691,0.0,False
0.4,5064,scm,2,0.4,0.4,True,0.10475481528802655,0.0949805348978856,0.12977637489833624,0.041985945274197314,0.017557615059882885,0.04054827445052632,0.016850007547168665,0.0,0.8210463541666668,0.9203013099401525,0.001875,False
0.4,5064,scm,3,0.6,0.4,False,0.24285570643432575,0.25163207107686464,0.2524692018077836,0.051209638823304156,0.0025558233542724803,0.05039241857292255,0.002484885334553837,0.0,0.9121677083333334,0.8433159090877086,0.0575,True
0.4,5080,scm,0,0.0,0.4,True,0.03134749627313647,0.017488068679033776,0.03539584939362718,0.017848202589788146,0.04279344501149184,0.019202351908320075,0.04334794492129001,0.0,0.7997388020833334,0.9877754426453303,0.0,False
0.4,5080,scm,1,0.2,0.4,True,0.029667339538811455,0.02101359548023674,0.03059968356883174,0.03130705890725814,0.030847917320204067,0.03151015468712509,0.03205361249310499,0.0,0.7840276041666667,0.9688161301196438,0.0,False
0.4,5080,scm,2,0.4,0.4,True,0.09838130356168945,0.09949895098480518,0.08950743392254698,0.04016542037188836,0.017615978008728068,0.03920396554453408,0.016730503380639864,0.0,0.8316059895833334,0.9134250945029708,0.005,False
0.4,5080,scm,3,0.6,0.4,False,0.27736281859662126,0.2582960767495698,0.2542413489895516,0.04593584219400816,0.0066365984952815845,0.04594408487746107,0.006650712985381506,0.0,0.9188391927083335,0.8188635622981162,0.079375,True
0.4,5096,scm,0,0.0,0.4,True,0.030648734669470004,0.03387472269973037,0.015647184350262876,0.019728932794504342,0.038568582766488564,0.019638194680488136,0.03791780040906809,0.0,0.8062888020833333,0.9870622186283381,0.0,False
0.4,5096,scm,1,0.2,0.4,True,0.0424613575388617,0.04358468599735536,0.04211587442983824,0.03132963406913754,0.034200473732893,0.03022537208548521,0.030119790564889688,0.0,0.7872171875,0.9753809743860548,0.0,False
0.4,5096,scm,2,0.4,0.4,True,0.09438001665829364,0.0771246567950023,0.14089625893241275,0.03621428398199515,0.01887209187022058,0.03641671019065483,0.01866077205637057,0.0,0.83132265625,0.9035223796265174,0.001875,False
0.4,5096,scm,3,0.6,0.4,False,0.24056288227016437,0.22102289120798663,0.22850987559041916,0.04751320027517984,0.003414277083611179,0.048588928955815985,0.0021136710650475274,0.0,0.9134015625,0.826739635063888,0.060625,True
0.4,5112,scm,0,0.0,0.4,True,0.016508693318962486,0.019087496320918357,0.03014290785004477,0.019560684614182998,0.03746472174426216,0.01925618190704701,0.036752870234112,0.0,0.8078815104166666,0.9895109325435162,0.0,False
0.4,5112,scm,1,0.2,0.4,True,0.05479538557198978,0.05095832033190564,0.03731490406298428,0.022938968934742343,0.03424301173657382,0.022911007485377152,0.03321418835056244,0.0,0.7900361979166666,0.9683819095050796,0.0,False
0.4,5112,scm,2,0.4,0.4,True,0.09537662711077403,0.08950555706903612,0.06190099974874775,0.03685531202696135,0.02015695349375768,0.03737386171116909,0.019681319328555737,0.0,0.8264291666666668,0.9122027502308551,0.003125,False
0.4,5112,scm,3,0.6,0.4,False,0.23624125832394827,0.21258777245260826,0.2676531914708609,0.05479989953994138,0.006832608416868293,0.05169776312445805,0.004339143530936035,0.0,0.915240625,0.8046314878397293,0.06625,True
0.4,5128,scm,0,0.0,0.2,True,0.03869351310037813,0.029902296036072796,0.02460154943954666,0.02108644506597175,0.044304371001326635,0.019766474949526946,0.04537795540532266,0.0,0.8311270833333334,0.9900946727081574,0.0,False
0.4,5128,scm,1,0.2,0.2,True,0.032878229903589046,0.03153863859825838,0.02932987068859359,0.023469030685856887,0.029671398225662372,0.023363165877317807,0.031834360084217965,0.0,0.7725903645833334,0.9777511080645492,0.0,False
0.4,5128,scm,2,0.4,0.2,False,0.14127942177546174,0.13346897504745397,0.10667571740385866,0.04017326682107093,0.019216972845763697,0.03830521394605946,0.019477175930439013,0.0,0.8317151041666666,0.8947172637209841,0.00625,False
0.4,5144,scm,0,0.0,0.4,True,0.034988051883772964,0.03240071815876109,0.012981397978670418,0.023158504336118595,0.038439768367736556,0.02479149485128765,0.0378354613761414,0.0,0.8165703125,0.9878107422832655,0.0,False
0.4,5144,scm,1,0.2,0.4,True,0.043887556480602656,0.04123315913554344,0.046170103874045576,0.029547030941796823,0.02676083799882399,0.029028977684456843,0.025275719569828423,0.0,0.7995627604166666,0.9803524715578231,0.0,False
0.4,5144,scm,2,0.4,0.4,True,0.096862785217616,0.07878432127530072,0.10729490023875339,0.042192464397369525,0.02020898931597623,0.041271444707278004,0.01942399640682362,0.0,0.83500625,0.9061119206168682,0.001875,False
0.4,5144,scm,3,0.6,0.4,False,0.19617044890622554,0.17733638566066934,0.19507667282863222,0.042234064639509336,0.004663870282992198,0.0388400869938995,0.00503583725106525,0.0,0.9108122395833333,0.8227228048816638,0.076875,True
0.4,5160,scm,0,0.0,0.2,True,0.025276753308085594,0.03309045956900176,0.02513634234272751,0.0215641270071096,0.040315686882497884,0.019751541485267313,0.04220845519074996,0.0,0.8090638020833334,0.9860238015506145,0.0,False
0.4,5160,scm,1,0.2,0.2,True,0.05365463137777592,0.05685688087708588,0.05419221107244933,0.028740177865201597,0.030776604656489435,0.028914991195398025,0.03129329349434763,0.0,0.786191015625,0.9774421579225121,0.0,False
0.4,5160,scm,2,0.4,0.2,False,0.1309338076738324,0.10754581167906009,0.11845211554053535,0.040243898484916676,0.014539680413822474,0.040833032717510424,0.014591238964160322,0.0,0.835584375,0.9086922435704029,0.00125,False
0.4,5176,scm,0,0.0,0.4,True,0.02909580172715484,0.031093663127005067,0.03998429778454218,0.013383342543696969,0.04285013827689822,0.013015002570898415,0.043101893007304576,0.0,0.8070255208333332,0.9877715151259445,0.0,False
0.4,5176,scm,1,0.2,0.4,True,0.04672402842185547,0.044933259764415596,0.05954686777761872,0.03155059782515329,0.02785107562887505,0.03290434111064777,0.030118100020120737,0.0,0.7806166666666666,0.9726560314458584,0.0,False
0.4,5176,scm,2,0.4,0.4,True,0.09920172464514368,0.09053904987375816,0.08247537042154245,0.04323055256821405,0.015952259631516464,0.04163047557563207,0.014730252272078345,0.0,0.827525,0.9120185022207234,0.0,False
0.4,5176,scm,3,0.6,0.4,False,0.22494832426263126,0.23560550649756834,0.20462980078671306,0.049992164738292585,0.003239055071151081,0.04948789168303356,0.00213055102434304,0.0,0.9237283854166667,0.8388358780927271,0.088125,True
0.4,5192,scm,0,0.0,0.4,True,0.023225918555171168,0.024596133832751464,0.024443335260183205,0.02101809555047006,0.041521876542263324,0.019729331035379556,0.040522860697518384,0.0,0.8027242187500001,0.9884550801079673,0.0,False
0.4,5192,scm,1,0.2,0.4,True,0.0412365251830237,0.044931528111585434,0.03325065307631627,0.031139351085051493,0.03334923680016669,0.030838779531965264,0.03248023838870292,0.0,0.7736479166666667,0.972794113227449,0.0,False
0.4,5192,scm,2,0.4,0.4,True,0.10671440452072518,0.09837612431290647,0.09014367109554504,0.04300180066467961,0.018111909526463153,0.043242697109409825,0.02065736237803694,0.0,0.83071875,0.8979615152567387,0.0,False
0.4,5192,scm,3,0.6,0.4,False,0.28011729474644254,0.2678294524475812,0.2661643505589239,0.04994297631761706,0.0027495931925111744,0.049279183538551846,0.0033967442922556985,0.0,0.9197427083333334,0.8301128734941046,0.075625,True
0.4,5208,scm,0,0.0,0.4,True,0.031086678395588624,0.02307647059938199,0.014830539481716884,0.022721006264959716,0.03988891312018818,0.02315342096557447,0.04181980521389498,0.0,0.8020537760416667,0.9871089991319852,0.0,False
0.4,5208,scm,1,0.2,0.4,True,0.03737568841673763,0.037129414745993225,0.039269601650239704,0.029215685353272264,0.03376040068013099,0.02840920521644035,0.03283101053350059,0.0,0.7822955729166667,0.9743642336329155,0.0,False
0.4,5208,scm,2,0.4,0.4,True,0.07827873344892936,0.08071316928352404,0.09522681612398096,0.042958905042844164,0.0171401384137804,0.04079101882702809,0.014517365093132058,0.0,0.8416921875000001,0.8990178819917626,0.005,False
0.4,5208,scm,3,0.6,0.4,False,0.27752518661325487,0.24068556538784336,0.23193291124688986,0.046135976472258165,0.0062808270294619235,0.04673773428525072,0.006452101519684038,0.0,0.9278679687500002,0.8350191481052169,0.09125,True
0.4,5224,scm,0,0.0,0.2,True,0.028130801941397623,0.018636578242125588,0.022557530820606318,0.02431449215320891,0.04127329889051865,0.024062648558013208,0.039401462934080804,0.0,0.8121596354166667,0.9905365013565789,0.0,False
0.4,5224,scm,1,0.2,0.2,True,0.031191914913391825,0.02677613304010055,0.030020859626607665,0.02976019449118483,0.030762776209924753,0.0313260179079361,0.03164034746219824,0.0,0.7910192708333333,0.9684207113888941,0.0,False
0.4,5224,scm,2,0.4,0.2,False,0.0901724942900504,0.11787337793945385,0.11591946581952067,0.04475443005705626,0.019666026394849198,0.04441258381740537,0.019649514036093704,0.0,0.8354908854166667,0.9015765001950778,0.004375,False
0.4,5240,scm,0,0.0,0.2,True,0.023704063616124836,0.02588332426870712,0.0394884624890851,0.016145449589740096,0.04183286052782051,0.015115243546485526,0.041114222498178206,0.0,0.8020161458333332,0.987831251921924,0.0,False
0.4,5240,scm,1,0.2,0.2,True,0.04704476501277018,0.0432314843299617,0.03143573011785381,0.03329862845627768,0.02982113117325751,0.03205944886482015,0.02869269984036393,0.0,0.7879700520833333,0.9738495675089807,0.0,False
0.4,5240,scm,2,0.4,0.2,False,0.12438261730598611,0.11581690821916535,0.10843917701650334,0.043604023041733886,0.0190375276989209,0.04305695372412781,0.019363736899495575,0.0,0.8264177083333333,0.9094368951285119,0.00375,False
0.4,5256,scm,0,0.0,0.4,True,0.0418541032378396,0.035653467065859076,0.030856120000798685,0.02022360182399924,0.03751787492346981,0.020783351861214744,0.03760517649567806,0.0,0.808898828125,0.9884436296489266,0.0,False
0.4,5256,scm,1,0.2,0.4,True,0.07168777902824122,0.0638011002145808,0.04852047502052696,0.028710936028667554,0.02792369450335147,0.028140445386041373,0.028871619855859183,0.0,0.7659997395833333,0.9746974875171059,0.0,False
0.4,5256,scm,2,0.4,0.4,True,0.1034714726907707,0.09929236856208015,0.08435065343225796,0.03926570078118573,0.02179634141898501,0.03711714375570063,0.018530056902487022,0.0,0.8305765625,0.9183828510803026,0.00125,False
0.4,5256,scm,3,0.6,0.4,False,0.2589065510640293,0.22350549105830486,0.25991909401896707,0.046597005921138926,0.0061572447189213045,0.04406545286425637,0.0028420220665478706,0.0,0.9134880208333332,0.8334338255276165,0.050625,True
0.4,5272,scm,0,0.0,0.4,True,0.020123335578963453,0.029480564734733025,0.0295796207229822,0.020355793137026706,0.03904731452862594,0.020004740123540418,0.03929987917792264,0.0,0.8245380208333333,0.9884807428383957,0.0,False
0.4,5272,scm,1,0.2,0.4,True,0.046816380773861486,0.05148088096710225,0.0344323478115648,0.030115988764550804,0.031209799050987523,0.03093560261820129,0.03201213458027718,0.0,0.78066015625,0.9781767039318228,0.0,False
0.4,5272,scm,2,0.4,0.4,True,0.094602725239576,0.07643902682742523,0.09702038698719753,0.04560330594312533,0.021899742368748153,0.04457101071489436,0.020128818576579652,0.0,0.84450546875,0.9022215199152696,0.00375,False
0.4,5272,scm,3,0.6,0.4,False,0.22176671216109206,0.22408946835729918,0.24500323037610344,0.049823147662872935,0.0076272410109282035,0.04767545307576336,0.005304325679007176,0.0,0.9168718749999999,0.8218382206001658,0.05375,True
0.4,5288,scm,0,0.0,0.4,True,0.027674478099175684,0.028162500715174527,0.04765163580512996,0.015892238196322687,0.03752891861729719,0.016419719503147415,0.036851746772846285,0.0,0.8140092447916667,0.9889782885832845,0.0,False
0.4,5288,scm,1,0.2,0.4,True,0.03395464624501467,0.025724788023764957,0.0252163086033607,0.026658091348334363,0.034077100924024877,0.028618640375015457,0.03249408650711011,0.0,0.7930807291666666,0.9766911856946983,0.0,False
0.4,5288,scm,2,0.4,0.4,True,0.08169548343194032,0.0684275537698804,0.07353884375783135,0.03829750786725006,0.02079902520795759,0.0362099495185325,0.0190492852463891,0.0,0.8338453125,0.9114751605590735,0.005625,False
0.4,5288,scm,3,0.6,0.4,False,0.23937001706905942,0.23539914342158821,0.2069730019377856,0.04484726546912289,0.0044810344650812965,0.04311497374648186,0.0032017710325514064,0.0,0.91688203125,0.780649265584993,0.055,True
0.4,5304,scm,0,0.0,0.2,True,0.015011020533018515,0.021476015189469132,0.028419565702975463,0.020611599728245573,0.044168728222935744,0.017536781880659363,0.04419357352487217,0.0,0.8138778645833333,0.9889635863741846,0.0,False
0.4,5304,scm,1,0.2,0.2,True,0.04325344184228072,0.04256553951296138,0.03339657675768365,0.030964949758837183,0.03142123316254728,0.03189490711751405,0.0320800983504827,0.0,0.7947124999999999,0.9694469776154686,0.0,False
0.4,5304,scm,2,0.4,0.2,False,0.10438424755571604,0.10392541387237345,0.11757320669551205,0.04362121345976298,0.019126765831922226,0.0439343791543291,0.019493012912472994,0.0,0.8305783854166667,0.9000318427823347,0.00375,False
0.4,5320,scm,0,0.0,0.4,True,0.01616879800884857,0.021937464765746675,0.020827790150635503,0.020271112240956624,0.04146036272462327,0.0204137091229651,0.040168699584185334,0.0,0.8072127604166667,0.9885812371974282,0.0,False
0.4,5320,scm,1,0.2,0.4,True,0.045080563694805266,0.032073732430291005,0.03940902038576729,0.030674559241397864,0.028826010460076858,0.03095188291864611,0.029044974648262563,0.0,0.7974091145833333,0.9741427899674039,0.0,False
0.4,5320,scm,2,0.4,0.4,True,0.11516051414971808,0.09071156454601315,0.11413079092307919,0.045004917891919016,0.018662988502570338,0.04337992753604926,0.018306878059282786,0.0,0.8318708333333333,0.9055203681383471,0.001875,False
0.4,5320,scm,3,0.6,0.4,False,0.2618829936689651,0.19936028237080042,0.23441212704420653,0.05014734150981658,0.0034161792214373867,0.04887873800363127,0.002967155978307999,0.0,0.9211463541666666,0.8220533788654966,0.08125,True
0.4,5336,scm,0,0.0,0.2,True,0.019266630506565706,0.024466963475091162,0.028365235077255104,0.02091500951044208,0.044811163656261255,0.016296121076364734,0.044615622365197734,0.0,0.8121885416666668,0.990941111041461,0.0,False
0.4,5336,scm,1,0.2,0.2,True,0.029012372268308027,0.03529243245612338,0.05290373968591257,0.030549112052523746,0.03343666135688742,0.030770089542466534,0.03355136120793953,0.0,0.7914473958333333,0.9776087698692413,0.0,False
0.4,5336,scm,2,0.4,0.2,False,0.11635555336103208,0.10777092126715433,0.08738766182226969,0.03646526094816938,0.020956884389515495,0.036442340636399013,0.020816876697542445,0.0,0.8195721354166665,0.911716225342319,0.00375,False
0.4,5352,scm,0,0.0,0.4,True,0.0339975030925906,0.0331691946400828,0.02449134082664082,0.018956865525888395,0.038268825893423085,0.018537577870086877,0.03797135156520081,0.0,0.8112364583333335,0.987964199861508,0.0,False
0.4,5352,scm,1,0.2,0.4,True,0.03289073925487709,0.03935273369702499,0.04309850982027142,0.03487363581247853,0.038406676228421525,0.03208842415053331,0.03527286778926527,0.0,0.7938173177083334,0.976542730778548,0.0,False
0.4,5352,scm,2,0.4,0.4,True,0.08247224907620605,0.07903537664581181,0.08731135882701771,0.03900069904242005,0.018706515648910627,0.04088833114774576,0.019056537440022468,0.0,0.8318994791666666,0.9030378913454045,0.001875,False
0.4,5352,scm,3,0.6,0.4,False,0.2666375290581102,0.24195543484223797,0.2708184681644574,0.04898064123473915,0.005415261343344713,0.04726856604944031,0.0029127983612276813,0.0,0.9187554687499999,0.7999175036936929,0.070625,True
0.4,5368,scm,0,0.0,0.4,True,0.014711485603325233,0.02980099421385491,0.021440074745343287,0.018409525675952117,0.04188595695306802,0.018117363581366938,0.04284496964776576,0.0,0.8060856770833333,0.9871110459341107,0.0,False
0.4,5368,scm,1,0.2,0.4,True,0.019258022915591793,0.03335544621004066,0.041722110619300236,0.02975157578405932,0.030595952780797273,0.028909843483993065,0.0295059239925493,0.0,0.7915658854166667,0.9731615567769573,0.0,False
0.4,5368,scm,2,0.4,0.4,True,0.07845343729506939,0.06736013652959562,0.10853029364147368,0.04416101080761314,0.020173402519968017,0.044368108723268476,0.020206330611847637,0.0,0.8374695312499999,0.9120294390525978,0.00125,False
0.4,5368,scm,3,0.6,0.4,False,0.2212247547274662,0.1653493784993352,0.2466195738329454,0.04612383491945971,0.0055659424002219345,0.044772566023689606,0.004278852639946742,0.0,0.9152653645833333,0.8082755360357755,0.056875,True
0.4,5384,scm,0,0.0,0.4,True,0.031073439461052954,0.02694694117916599,0.02297929629715518,0.017172444963062163,0.03920671414035905,0.017570839770144606,0.03746657725474263,0.0,0.8127239583333332,0.9903023096952808,0.0,False
0.4,5384,scm,1,0.2,0.4,True,0.03927426396912989,0.0453930612046663,0.048773922659636405,0.03206621209060317,0.03179444342352568,0.031173987558630146,0.03201633918911093,0.0,0.8047544270833333,0.9742891908594875,0.0,False
0.4,5384,scm,2,0.4,0.4,True,0.08444614267770355,0.07275751550032547,0.0952501598249223,0.04075198571604649,0.020359452926804866,0.040467418492681886,0.02019125187498194,0.0,0.8264005208333334,0.9220797696564271,0.004375,False
0.4,5384,scm,3,0.6,0.4,False,0.25179139997269107,0.2181295296814643,0.2688477186703816,0.04945535778693895,0.0034081725516910025,0.05048377515207698,0.0025907073115030922,0.0,0.9151263020833335,0.8504599267247753,0.083125,True
0.55,5000,scm,0,0.0,0.4,True,0.0215282273082336,0.021075255060581565,0.02941097242108455,0.02087100375482166,0.04335527968580579,0.02010011155792589,0.04378501427443778,0.0,0.8099278645833334,0.9867959444078137,0.0,False
0.55,5000,scm,1,0.2,0.4,True,0.04370099912975308,0.05440068320038004,0.04639936777521703,0.029191878712615478,0.03299188888675539,0.028939159838742196,0.03377599897742359,0.0,0.781809375,0.9795759835316366,0.0,False
0.55,5000,scm,2,0.4,0.4,True,0.0912445612371989,0.09910929997462543,0.08690223991566849,0.03961624520154517,0.01763344447918496,0.038841490506627815,0.017715971201767627,0.0,0.8420768229166666,0.8983448304733529,0.000625,False
0.55,5000,scm,3,0.6,0.4,False,0.20996837134215768,0.216625167507502,0.2784895992009078,0.049229386136777895,0.003956473510082935,0.04873623329194575,0.004099223832649861,0.0,0.9166502604166666,0.8067439872107471,0.064375,True
0.55,5016,scm,0,0.0,0.4,True,0.02315619752852374,0.025220720388332105,0.03092071415222306,0.017602649413957505,0.04091973070879383,0.018554591530532585,0.043324493325310444,0.0,0.8182761718749999,0.9903217787059071,0.0,False
0.55,5016,scm,1,0.2,0.4,True,0.04225988588498535,0.03692440090829632,0.04457051949354462,0.0264226396534268,0.030699329359695236,0.02727180991778693,0.03104207371608801,0.0,0.7898875000000001,0.9763791831210826,0.0,False
0.55,5016,scm,2,0.4,0.4,True,0.07062611242055856,0.07179642957134665,0.08905562407514182,0.040279831071068334,0.02117477228291522,0.03822567355438976,0.020170205631412568,0.0,0.83711328125,0.8959671604324675,0.000625,False
0.55,5016,scm,3,0.6,0.4,False,0.26038577390027934,0.25313118095625986,0.2801801054378122,0.04836874807546545,0.003696555249439096,0.048139827720241904,0.002288837985393087,0.0,0.9147393229166667,0.8461622252245301,0.06375,True
0.55,5032,scm,0,0.0,0.4,True,0.01626520505331974,0.02764589527211683,0.012459884424022044,0.018703963608647393,0.04256313401405315,0.019157161202519563,0.042911430121596005,0.0,0.8050645833333333,0.9882801273537325,0.0,False
0.55,5032,scm,1,0.2,0.4,True,0.030492572242389368,0.0318569506854499,0.03706419951057966,0.02774660714555552,0.03524801937824747,0.028518743313795874,0.03646384248499604,0.0,0.7858411458333333,0.9844666132934178,0.0,False
0.55,5032,scm,2,0.4,0.4,True,0.10482308161879289,0.0875794467196404,0.11739575599397913,0.0457914230290417,0.01592323960170424,0.045665190206487453,0.016573466354130335,0.0,0.832715625,0.9086853287096571,0.006875,False
0.55,5032,scm,3,0.6,0.4,False,0.16826666781924754,0.1468254339788543,0.22273506404498158,0.04252630451943913,0.006052450202691052,0.044861798506921347,0.005241725503482749,0.0,0.9072794270833333,0.8205888064920207,0.063125,True
0.55,5048,scm,0,0.0,0.2,True,0.021470192328545967,0.023051964226937387,0.016873430962420045,0.021318384847668806,0.03722179106814113,0.021435398684696835,0.03810476829294121,0.0,0.8003833333333332,0.988158102106611,0.0,False
0.55,5048,scm,1,0.2,0.2,True,0.045137110258644336,0.04537091833066861,0.04870267418526971,0.024881982184869783,0.03167584961006447,0.025111131382232553,0.029451810621413874,0.0,0.7872593750000001,0.9781313770424562,0.0,False
0.55,5048,scm,2,0.4,0.2,False,0.129415552629922,0.1095523487105221,0.14328893090382278,0.037073825540162836,0.012331631353556503,0.0373075317746638,0.012841620561475859,0.0,0.824946875,0.8914768091018282,0.00125,False
0.55,5064,scm,0,0.0,0.4,True,0.028008681103118358,0.01365346497697366,0.029037295528314185,0.019325710893557946,0.04297731665858222,0.020329287883709177,0.042766479135995523,0.0,0.8168729166666666,0.9883947889272139,0.0,False
0.55,5064,scm,1,0.2,0.4,True,0.05175277123590196,0.04605232935171427,0.03749976118049861,0.032301698470580655,0.033000045175301355,0.029638296565667417,0.033158573881208915,0.0,0.8031648437500001,0.9749551228949161,0.0,False
0.55,5064,scm,2,0.4,0.4,True,0.11622718838162863,0.08937066378539438,0.11230738856241806,0.042433898027343986,0.01950042916958694,0.042316193123893314,0.01977303280796928,0.0,0.8186911458333335,0.9213572331350921,0.000625,False
0.55,5064,scm,3,0.6,0.4,False,0.26318931965334835,0.26319581871488507,0.2787429461393749,0.04744329768535198,0.0014046924949470986,0.04849790536936565,0.0015499267746543017,0.0,0.9064848958333334,0.8475400537675954,0.05125,True
0.55,5080,scm,0,0.0,0.4,True,0.018088140479311298,0.028690627490114883,0.03862834322444241,0.01941507545017784,0.04380753774473697,0.019639168295781884,0.04259790391678232,0.0,0.7997388020833334,0.9877754426453303,0.0,False
0.55,5080,scm,1,0.2,0.4,True,0.03740854241796952,0.030909983282449677,0.03649061291096351,0.030852136397440395,0.031815962772555245,0.02961316401735536,0.030872307596254082,0.0,0.78484609375,0.9710183620430627,0.0,False
0.55,5080,scm,2,0.4,0.4,True,0.10593026886270847,0.09796645946582934,0.11117828531073395,0.03888448398707815,0.01877215172856429,0.04062485340752599,0.01944801601993434,0.0,0.8312494791666669,0.9130163297705406,0.00375,False
0.55,5080,scm,3,0.6,0.4,False,0.25177197190540657,0.24426233984115955,0.2719953478399745,0.04527571801629698,0.0020333524504715567,0.044464513949490664,0.001375221594033353,0.0,0.91587421875,0.8270950749586558,0.07,True
0.55,5096,scm,0,0.0,0.4,True,0.028123620141361015,0.023757322278443696,0.017627703454890196,0.01785331003103909,0.03923772170720947,0.017829156684693023,0.03988073068710451,0.0,0.8062888020833333,0.9870622186283381,0.0,False
0.55,5096,scm,1,0.2,0.4,True,0.03997469525411291,0.04002201327674179,0.03552277448278073,0.028108822039215192,0.030481082367777378,0.029183830948157748,0.030472538059823147,0.0,0.7828567708333334,0.976102506522243,0.0,False
0.55,5096,scm,2,0.4,0.4,True,0.0905217032651208,0.0817068761818367,0.13100182346645217,0.03797913281493858,0.02133697680868208,0.03902867120117949,0.019973994060416417,0.0,0.8304268229166666,0.9078920164632582,0.0025,False
0.55,5096,scm,3,0.6,0.4,False,0.25680517520149254,0.24747129811060278,0.24305777198309736,0.04675957510229514,0.00421067537989706,0.04457830583280481,0.0010456368181342864,0.0,0.9095838541666668,0.8243412506496585,0.05125,True
0.55,5112,scm,0,0.0,0.4,True,0.03770628232207104,0.034528333361642724,0.028649567707696142,0.019399434814725544,0.03654550132478626,0.018951683137473287,0.03722521094392446,0.0,0.8078815104166666,0.9895109325435162,0.0,False
0.55,5112,scm,1,0.2,0.4,True,0.05494449386114572,0.044703602593041604,0.03359951402922345,0.02336442059616956,0.0326777597200265,0.022824084154646776,0.03277199358803471,0.0,0.7915247395833334,0.9692670913948981,0.0,False
0.55,5112,scm,2,0.4,0.4,True,0.09014323782366965,0.09196102003514679,0.07570509057086136,0.03752870915658521,0.020096715069363693,0.03857895052679228,0.018725763658331604,0.0,0.8262367187499999,0.9141428598780446,0.003125,False
0.55,5112,scm,3,0.6,0.4,False,0.26123681647882424,0.23532546902231374,0.2482357577742441,0.05166985894675619,0.005399158211644694,0.04870731683249924,0.002470226609786025,0.0,0.9146158854166667,0.7926065697829633,0.055,True
0.55,5128,scm,0,0.0,0.2,True,0.04095558706358116,0.030129506415173767,0.030768526828292855,0.020339255592995674,0.044032330805675896,0.02184238675220338,0.04424257468816801,0.0,0.8311270833333334,0.9900946727081574,0.0,False
0.55,5128,scm,1,0.2,0.2,True,0.04251920346803333,0.027679737012639708,0.017608058670516763,0.02567399266336608,0.03175529997894047,0.0270127972676369,0.031587392077904106,0.0,0.7767596354166668,0.9792731005441071,0.0,False
0.55,5128,scm,2,0.4,0.2,False,0.1252833961454057,0.11530731628099833,0.1008573934539228,0.03965416007068018,0.019959556907379446,0.03751283645043256,0.018274966866669524,0.0,0.8306895833333333,0.8979585172079334,0.006875,False
0.55,5144,scm,0,0.0,0.2,True,0.024838192505369627,0.030303581329337814,0.03487791181238189,0.02162399398890253,0.03690900841106787,0.022339245664844826,0.03642273467926579,0.0,0.8165703125,0.9878107422832655,0.0,False
0.55,5144,scm,1,0.2,0.2,True,0.03701373894553867,0.037755254808641905,0.04916111498362313,0.027999986420264356,0.027870870749686735,0.025419794174088794,0.027032074929099866,0.0,0.80057265625,0.9795822655374745,0.0,False
0.55,5144,scm,2,0.4,0.2,False,0.1190823021605754,0.11030128082586177,0.11014360134890447,0.03912422827767792,0.019688249276829307,0.039989698061871054,0.019149139267121106,0.0,0.8341098958333335,0.9114636899554843,0.00125,False
0.55,5160,scm,0,0.0,0.2,True,0.04272902492092202,0.05219031915333499,0.03035892977016845,0.021583589928927723,0.04135991774250403,0.021603652084026224,0.04082888596004922,0.0,0.8090638020833334,0.9860238015506145,0.0,False
0.55,5160,scm,1,0.2,0.2,True,0.03314717653207992,0.034400500051841566,0.0443452854808575,0.029982089059654084,0.03071445553547932,0.029151599303091292,0.03128953627245969,0.0,0.7901479166666666,0.9774374119876887,0.0,False
0.55,5160,scm,2,0.4,0.2,False,0.1507113686104967,0.1410508454004436,0.12082244266783207,0.043251212174037865,0.0154793744262744,0.04210455420626556,0.01520455876136973,0.0,0.8364559895833333,0.9134440170677242,0.001875,False
0.55,5176,scm,0,0.0,0.4,True,0.04519808623137973,0.03917857468994042,0.03899032715616495,0.01346616585382513,0.041678693263083745,0.01333371622732292,0.04220471529075584,0.0,0.8070255208333332,0.9877715151259445,0.0,False
0.55,5176,scm,1,0.2,0.4,True,0.039859665236354355,0.03305641199421717,0.05266953617414322,0.030071413743073178,0.029680298608127355,0.030840733684958717,0.02876372073957811,0.0,0.7785854166666667,0.9723805650371938,0.0,False
0.55,5176,scm,2,0.4,0.4,True,0.09197322358279658,0.0859174258102277,0.11120467313934768,0.042535013973487475,0.015702767143206932,0.04117397856947322,0.01572464367101835,0.0,0.8244684895833333,0.9114792074033259,0.000625,False
0.55,5176,scm,3,0.6,0.4,False,0.26630091466706746,0.2780946951558554,0.26001599607909465,0.04741043961233349,0.0020502419014892,0.044513215696304384,0.0023235753674900003,0.0,0.9235963541666667,0.852315766912928,0.085,True
0.55,5192,scm,0,0.0,0.2,True,0.015504831930288192,0.023431042542916673,0.02740145055446775,0.018640359661609117,0.04100581124084629,0.018120714406070364,0.0403814977877429,0.0,0.8027242187500001,0.9884550801079673,0.0,False
0.55,5192,scm,1,0.2,0.2,True,0.0502203706365589,0.051377492660002855,0.042263601511265125,0.031221887821769705,0.028296509659775503,0.03216348997879419,0.030634138614952056,0.0,0.7770869791666667,0.9732806836144452,0.0,False
0.55,5192,scm,2,0.4,0.2,False,0.11397872951890126,0.10488125505587499,0.11592769772517585,0.044827125359700085,0.019216484981842464,0.04583569816653907,0.020709352707232235,0.0,0.8276700520833333,0.90644189993015,0.000625,False
0.55,5208,scm,0,0.0,0.4,True,0.034803135292966615,0.03347142088460936,0.025828160423654663,0.021773545275812954,0.0380473763477634,0.020963643662732,0.03755172312049993,0.0,0.8020537760416667,0.9871089991319852,0.0,False
0.55,5208,scm,1,0.2,0.4,True,0.04681663926556774,0.04218241625990896,0.03011701514337295,0.026594853077045455,0.032447378392133575,0.028094032862078018,0.0328401615971289,0.0,0.78361796875,0.9721360875118644,0.0,False
0.55,5208,scm,2,0.4,0.4,True,0.10121514394827769,0.07974751038147349,0.0848759582771422,0.042127348928063274,0.014786689456699009,0.04076736782805322,0.014853622277258406,0.0,0.8371356770833334,0.9040832564551018,0.001875,False
0.55,5208,scm,3,0.6,0.4,False,0.24179058999755684,0.24076552319455324,0.24637038495403402,0.04764724419136231,0.00766602204870581,0.0476716533402823,0.007217459923057891,0.0,0.9233184895833334,0.803004493235671,0.064375,True
0.55,5224,scm,0,0.0,0.2,True,0.019317150286724153,0.01944083848625262,0.02561804402046799,0.02250996559600566,0.038951712399583956,0.023340327888725938,0.03929684815962543,0.0,0.8121596354166667,0.9905365013565789,0.0,False
0.55,5224,scm,1,0.2,0.2,True,0.03231624966432618,0.03017971193482429,0.031009385976566082,0.026526213707718904,0.027642504971462707,0.027854545389736134,0.02782121963105129,0.0,0.7952276041666666,0.968481685150259,0.0,False
0.55,5224,scm,2,0.4,0.2,False,0.09772712268427167,0.10485470716758633,0.11329645853836567,0.04259898563739738,0.018423076237386635,0.042982333344167636,0.01678653895175545,0.0,0.8333242187500001,0.8956063235470151,0.001875,False
0.55,5240,scm,0,0.0,0.2,True,0.024924085211647386,0.02330785099014318,0.041595694103667806,0.011544059355520747,0.0413582683902154,0.016611000461116805,0.04091593154546665,0.0,0.8020161458333332,0.987831251921924,0.0,False
0.55,5240,scm,1,0.2,0.2,True,0.04769531099386196,0.04096720787552941,0.059060581862706504,0.032014053923969804,0.030828046053525203,0.03182574472402121,0.030732487874277743,0.0,0.7883080729166667,0.9754689037362666,0.0,False
0.55,5240,scm,2,0.4,0.2,False,0.11982472192757417,0.11659650666191597,0.10636483564317403,0.04307996129017515,0.017419030370003672,0.042422779204215263,0.01738305757793652,0.0,0.8236153645833334,0.9128903967658121,0.001875,False
0.55,5256,scm,0,0.0,0.4,True,0.037838049989669637,0.0466850354861523,0.03552642465294039,0.019668594477399343,0.03961719563898228,0.021700478625922004,0.03827336345887005,0.0,0.808898828125,0.9884436296489266,0.0,False
0.55,5256,scm,1,0.2,0.4,True,0.04954263295780032,0.05692722997441995,0.04734881605883804,0.027470449922250506,0.02927617150393259,0.02748824942585782,0.029904657012510372,0.0,0.7607781250000001,0.9745387905849672,0.0,False
0.55,5256,scm,2,0.4,0.4,True,0.10202950177075829,0.09532459780478916,0.08987308337996101,0.03572968846859862,0.017513049009332954,0.035814604488264346,0.01789319803508005,0.0,0.8285153645833333,0.9223846162178645,0.000625,False
0.55,5256,scm,3,0.6,0.4,False,0.21564372818065458,0.2570252641839907,0.22879766968483092,0.04589340053252025,0.0041880004195709855,0.0468706587284097,0.005574681714336959,0.0,0.9095447916666666,0.8191555846602872,0.035625,True
0.55,5272,scm,0,0.0,0.4,True,0.013970545380636091,0.011705769589817904,0.029387018192800006,0.022379957971860626,0.04050037765584016,0.022286530460872825,0.04141422518698749,0.0,0.8245380208333333,0.9884807428383957,0.0,False
0.55,5272,scm,1,0.2,0.4,True,0.0398019517767909,0.03973851674210511,0.029981480664928974,0.02901442977430948,0.0307407989717536,0.02901207664645461,0.03225449468024869,0.0,0.7855475260416668,0.9785080577976697,0.0,False
0.55,5272,scm,2,0.4,0.4,True,0.11481423144572536,0.0870854673141177,0.11026106374412094,0.045918287068912184,0.01972480518945968,0.045757290801679465,0.02068917428907133,0.0,0.8400432291666667,0.8978469049979277,0.004375,False
0.55,5272,scm,3,0.6,0.4,False,0.270533375259373,0.2770608057320471,0.2548901815577665,0.04945422534860726,0.007242990332027744,0.04657624894173061,0.004606298669037045,0.0,0.9157885416666667,0.8121002858728124,0.050625,True
0.55,5288,scm,0,0.0,0.4,True,0.04441424346029646,0.03613495678312098,0.039641683726054436,0.017717416260018666,0.03873607328227197,0.01720583080216419,0.038086988151489407,0.0,0.8140092447916667,0.9889782885832845,0.0,False
0.55,5288,scm,1,0.2,0.4,True,0.03634090301318505,0.029852852115232392,0.04138763303516717,0.02748633786623038,0.03168625105397077,0.02607773820679844,0.032397037817616485,0.0,0.7917841145833333,0.9768762019062323,0.0,False
0.55,5288,scm,2,0.4,0.4,True,0.08010546708434384,0.06764420871166486,0.05857461432566883,0.03742928787686706,0.021874552893802655,0.036012646692251175,0.019681441577181876,0.0,0.8364997395833333,0.9067781703102925,0.003125,False
0.55,5288,scm,3,0.6,0.4,False,0.28728902137604434,0.2683479324464561,0.2426531618290967,0.04653335060289861,0.006525521588185639,0.04642981950293967,0.0038010106989731537,0.0,0.9149601562499999,0.778240953536111,0.049375,True
0.55,5304,scm,0,0.0,0.2,True,0.022980667437763152,0.020123218180064913,0.03786138519393811,0.01641724912347461,0.04244859407280325,0.017626318925385256,0.04171124611753079,0.0,0.8138778645833333,0.9889635863741846,0.0,False
0.55,5304,scm,1,0.2,0.2,True,0.039629130939060904,0.03930349849446367,0.054504015618653145,0.030495745007978324,0.030975142531295262,0.030866632678395102,0.03055505723178333,0.0,0.7922569010416666,0.9701041459798273,0.0,False
0.55,5304,scm,2,0.4,0.2,False,0.12226817544437635,0.11526871394822918,0.10292717400948537,0.04107628953247079,0.01979946643315673,0.04114364778268609,0.01743474661735805,0.0,0.8269716145833332,0.9063845304425858,0.004375,False
0.55,5320,scm,0,0.0,0.4,True,0.023431520097229614,0.01951626174719387,0.02575608462226159,0.019924419044365,0.03911709933945776,0.01865553774410705,0.03882047646052102,0.0,0.8072127604166667,0.9885812371974282,0.0,False
0.55,5320,scm,1,0.2,0.4,True,0.04092646534331186,0.03779744835562063,0.02776083320789687,0.03025121598417313,0.03143089544572312,0.03090667184130675,0.03182906436469569,0.0,0.7973369791666667,0.9745287507562483,0.0,False
0.55,5320,scm,2,0.4,0.4,True,0.11999532115044875,0.09952639940938054,0.1060314157756281,0.044016435364826995,0.019316732911134928,0.043612329825995194,0.01965933121189282,0.0,0.8282333333333333,0.9121327027193636,0.003125,False
0.55,5320,scm,3,0.6,0.4,False,0.2816896968380031,0.26995020154491145,0.2449608866467117,0.047909427409479344,0.0013270448915376392,0.0460741077837744,0.0010668641134655699,0.0,0.9196213541666668,0.8078607705823231,0.076875,True
0.55,5336,scm,0,0.0,0.2,True,0.019671239517022758,0.023580939029022526,0.030980033849018367,0.019802645169462472,0.04405024624161814,0.01781887474125651,0.04325856574629457,0.0,0.8121885416666668,0.990941111041461,0.0,False
0.55,5336,scm,1,0.2,0.2,True,0.05520692162275395,0.05087914448298808,0.048101977701956185,0.027774234182470787,0.030687764891958548,0.027811633899094156,0.031291026375780386,0.0,0.7896049479166667,0.9766234673334243,0.0,False
0.55,5336,scm,2,0.4,0.2,False,0.12511330843431434,0.11104196322793089,0.09820197125132074,0.03792956779320594,0.02131328359875444,0.04103051728165717,0.02237631885664078,0.0,0.8232375000000001,0.9122718755387318,0.005,False
0.55,5352,scm,0,0.0,0.4,True,0.021671859221916365,0.025940553224969996,0.037979912203198074,0.017203364755310632,0.03588829243782545,0.017688781732247572,0.03735140124452079,0.0,0.8112364583333335,0.987964199861508,0.0,False
0.55,5352,scm,1,0.2,0.4,True,0.04529329780566552,0.05169146603471596,0.04980589179403511,0.033743594419254445,0.0380662525674585,0.03283535909016841,0.03630725746522831,0.0,0.7952813802083333,0.9764511025305584,0.0,False
0.55,5352,scm,2,0.4,0.4,True,0.07711097397364268,0.08973534264126426,0.08557644467915866,0.0402974278614253,0.017695410101961184,0.03915329234360594,0.017804206224474144,0.0,0.8276423177083334,0.903591259234665,0.001875,False
0.55,5352,scm,3,0.6,0.4,False,0.2776975764370976,0.2803913540741646,0.2450966919336356,0.04568894160799192,0.00430555982179571,0.04564608251775054,0.004416241403572806,0.0,0.91453046875,0.8064845091596573,0.065,True
0.55,5368,scm,0,0.0,0.4,True,0.01934166281551603,0.01818317438938323,0.028153439865950293,0.02035540537727252,0.04389418772541912,0.017304382742306217,0.044753541017054865,0.0,0.8060856770833333,0.9871110459341107,0.0,False
0.55,5368,scm,1,0.2,0.4,True,0.04112708880947398,0.03218180331637606,0.04704218605296975,0.02990545355245279,0.03176175293061764,0.03043543784555984,0.033137662614686425,0.0,0.7912390625,0.9741784353440933,0.0,False
0.55,5368,scm,2,0.4,0.4,True,0.08968405130422884,0.06974586373084483,0.10731501042154934,0.04214602469375296,0.0218755568672073,0.044037084529773424,0.02181089215887232,0.0,0.8327606770833335,0.9125159133616898,0.000625,False
0.55,5368,scm,3,0.6,0.4,False,0.25669027716789145,0.23970641702683687,0.2623280282486417,0.0486829031074284,0.007964042461075821,0.05011929663453753,0.00860006786121918,0.0,0.9119901041666668,0.8201956450535135,0.056875,True
0.55,5384,scm,0,0.0,0.4,True,0.030668588560667343,0.033016481539642484,0.013614676597455109,0.018315286801870737,0.03776345501013655,0.018371263810797456,0.036887679868767925,0.0,0.8127239583333332,0.9903023096952808,0.0,False
0.55,5384,scm,1,0.2,0.4,True,0.039259093469140575,0.044952912198263494,0.04230193845569611,0.02939698075248573,0.02766500925605208,0.030665383475705896,0.027275910165334236,0.0,0.8014135416666668,0.9727682079975697,0.0,False
0.55,5384,scm,2,0.4,0.4,True,0.082307330836377,0.07512326104183184,0.10257671488563637,0.03741432063986318,0.020493766669435438,0.03813633426195035,0.022211209942126334,0.0,0.8251787760416668,0.9220031574875059,0.004375,False
0.55,5384,scm,3,0.6,0.4,False,0.269801176364522,0.27970517945324924,0.24820692886460308,0.049043842326915485,0.003973680223717582,0.04925865968994321,0.0035609334469873903,0.0,0.9121880208333333,0.8459478285768834,0.071875,True
0.7,5000,scm,0,0.0,0.4,True,0.01953431981719687,0.021975108789701277,0.01876848166896557,0.020111911879682903,0.0424947935807897,0.02029206580632118,0.04367339321130953,0.0,0.8099278645833334,0.9867959444078137,0.0,False
0.7,5000,scm,1,0.2,0.4,True,0.05984526574971609,0.05660793533422473,0.04466066286090175,0.029792070130529057,0.035241801535888774,0.03087868833605558,0.03597560643731314,0.0,0.7878476562500001,0.9793386828826846,0.0,False
0.7,5000,scm,2,0.4,0.4,True,0.11273228645992947,0.09264720476589428,0.08364150267006827,0.03939023990495227,0.017289702355154212,0.03725582203053622,0.017891150862540162,0.0,0.8380208333333334,0.901488512787861,0.000625,False
0.7,5000,scm,3,0.6,0.4,False,0.26447744496727116,0.23860939651908314,0.295810940441337,0.04886173838845116,0.0029869780752698623,0.04676019857289321,0.0023449285005171733,0.0,0.9152630208333333,0.8176937275935545,0.06,True
0.7,5016,scm,0,0.0,0.4,True,0.02747743814514338,0.029549356077061283,0.017439518013772054,0.018484461074855876,0.03678345247330421,0.017896325627150003,0.03804304722346899,0.0,0.8182761718749999,0.9903217787059071,0.0,False
0.7,5016,scm,1,0.2,0.4,True,0.046214952651351254,0.03862183586330366,0.05113441233007251,0.027538405025229855,0.03234763535385573,0.028472169540175448,0.031875449835238774,0.0,0.7947885416666667,0.9764624640309343,0.0,False
0.7,5016,scm,2,0.4,0.4,True,0.07040230982312219,0.07725584347832005,0.08203005944226416,0.03901401413591708,0.0200425187991819,0.037084192863454296,0.0199220854661886,0.0,0.8363877604166666,0.8926574240969591,0.0,False
0.7,5016,scm,3,0.6,0.4,False,0.29059150063219386,0.2852580974295401,0.2943309985446986,0.051541191680414114,0.002857616801277099,0.04883883959850835,0.0013483102646164443,0.0,0.9122247395833334,0.8435178812053096,0.06875,True
0.7,5032,scm,0,0.0,0.2,True,0.020048663357645838,0.013441727470416512,0.027745028986244695,0.018971681718819446,0.04192375299093826,0.018128341418125894,0.040859371812661444,0.0,0.8050645833333333,0.9882801273537325,0.0,False
0.7,5032,scm,1,0.2,0.2,True,0.028608022205358675,0.027758698633446047,0.028816144405942906,0.027873589686193627,0.03511472637169,0.029901104116061242,0.03692891838296378,0.0,0.7806597656250001,0.9837980014919894,0.0,False
0.7,5032,scm,2,0.4,0.2,False,0.1149189501184735,0.1142345443214156,0.11176970111513851,0.045374791577141624,0.017900997592350355,0.04449044496190863,0.016738335995291915,0.0,0.8309890625,0.9024189306199623,0.005,False
0.7,5048,scm,0,0.0,0.2,True,0.0311164402734685,0.03443619606817221,0.02935351509461722,0.020838167505425373,0.03891116185538759,0.02069527837730452,0.03844663852139612,0.0,0.8003833333333332,0.988158102106611,0.0,False
0.7,5048,scm,1,0.2,0.2,True,0.050448779323475614,0.04857667062607834,0.05070392936187405,0.025379714811895222,0.03135328453143006,0.02550788450817154,0.029059059340628957,0.0,0.7848817708333332,0.9783065566105273,0.0,False
0.7,5048,scm,2,0.4,0.2,False,0.14010902648208642,0.11541733671842277,0.13607412342877906,0.038537402317252986,0.018192282835795846,0.038069684339396614,0.01750889534175156,0.0,0.8223281250000001,0.8864282080952491,0.000625,False
0.7,5064,scm,0,0.0,0.2,True,0.026259444187137458,0.02583027286944053,0.025571794759944085,0.02016614693200252,0.04358652979662404,0.0188475887260604,0.04443539855175072,0.0,0.8168729166666666,0.9883947889272139,0.0,False
0.7,5064,scm,1,0.2,0.2,True,0.036884907520547024,0.0387260454887419,0.05275662144616816,0.03174680945490248,0.03217047762879895,0.03191614680962629,0.03299412691774285,0.0,0.8018731770833333,0.9741274669823051,0.0,False
0.7,5064,scm,2,0.4,0.2,False,0.11651645828650901,0.10716905823599081,0.1086732814440164,0.03763638861985429,0.016391200183957712,0.03992786779348631,0.016068240919292015,0.0,0.8174364583333333,0.926588544589514,0.00125,False
0.7,5080,scm,0,0.0,0.4,True,0.023202952910920536,0.031691526814686684,0.04347644708162325,0.017037657873918092,0.04126209112984601,0.01986057793259523,0.041791363703257575,0.0,0.7997388020833334,0.9877754426453303,0.0,False
0.7,5080,scm,1,0.2,0.4,True,0.03068029499142233,0.029817937517723925,0.03082281741925657,0.02998222939692479,0.02808399858058535,0.02880004820575603,0.02785306944649534,0.0,0.7855799479166667,0.9710904086753768,0.0,False
0.7,5080,scm,2,0.4,0.4,True,0.09805268863401635,0.07408177422593336,0.11043612202442211,0.04168827587866886,0.01994651097178192,0.041453627649700855,0.019704736118038173,0.0,0.8278213541666668,0.9196305889750852,0.00375,False
0.7,5080,scm,3,0.6,0.4,False,0.28205581826171794,0.27647089446428075,0.27217629225740025,0.04289729203711774,0.0010178539393894753,0.040755478837584624,0.001113647567003067,0.0,0.9124351562499999,0.8344883974356786,0.06375,True
0.7,5096,scm,0,0.0,0.2,True,0.021615830942383146,0.014211415609908096,0.02161343918648975,0.01844391207582917,0.04093858553454162,0.016965528193040785,0.04072901437093551,0.0,0.8062888020833333,0.9870622186283381,0.0,False
0.7,5096,scm,1,0.2,0.2,True,0.04942829067005268,0.05574018680734617,0.02840714489320115,0.0297475054774053,0.029910424519343393,0.0289032615598264,0.029890016739006,0.0,0.7899872395833334,0.9748943994986293,0.0,False
0.7,5096,scm,2,0.4,0.2,False,0.12069870555262677,0.10642898972238013,0.1470895715994133,0.04116395203681565,0.016847697616277725,0.04080138082222016,0.016534965618157618,0.0,0.8298911458333335,0.9053063628661068,0.001875,False
0.7,5112,scm,0,0.0,0.4,True,0.03026141253163534,0.031230235984298086,0.018265247573256316,0.019817957170827412,0.037972198612974496,0.019271740692736107,0.0378255380375341,0.0,0.8078815104166666,0.9895109325435162,0.0,False
0.7,5112,scm,1,0.2,0.4,True,0.03544237249150069,0.04431618600512215,0.02769600912469171,0.023429578209341828,0.03284028258133424,0.021828674004082067,0.03137039299606415,0.0,0.7934109374999999,0.970449566569309,0.0,False
0.7,5112,scm,2,0.4,0.4,True,0.1031393974850056,0.09708717516032969,0.08846023836140932,0.038502121163491485,0.01935372960329273,0.03791490854311756,0.020090351882533077,0.0,0.8220738281250001,0.9150095868807241,0.0025,False
0.7,5112,scm,3,0.6,0.4,False,0.24177264433919624,0.22154151824213195,0.25779434573759663,0.049428392429499576,0.004219497404181403,0.04576271302438986,0.001868335787322153,0.0,0.9097924479166667,0.7897429254721556,0.054375,True
0.7,5128,scm,0,0.0,0.2,True,0.02940789982220207,0.030986990927087996,0.03047297926107908,0.020371919622128802,0.04331565919569551,0.020796125839647257,0.0445398878421738,0.0,0.8311270833333334,0.9900946727081574,0.0,False
0.7,5128,scm,1,0.2,0.2,True,0.03870376281062264,0.031134580883840503,0.03574882788969896,0.02568730992577088,0.03041492297949822,0.025012821824524537,0.028552989697764906,0.0,0.7768651041666668,0.9787933121563289,0.0,False
0.7,5128,scm,2,0.4,0.2,False,0.13585254055668727,0.13165426444773887,0.10603646354347043,0.03983138058732319,0.019846433017288802,0.040350153581470635,0.02215432066143974,0.0,0.8296757812499999,0.8970831897276893,0.00625,False
0.7,5144,scm,0,0.0,0.2,True,0.025491590042428305,0.029428345162427857,0.03525521465320293,0.02241309115541272,0.037529845726614774,0.021259377882433962,0.037033482642254555,0.0,0.8165703125,0.9878107422832655,0.0,False
0.7,5144,scm,1,0.2,0.2,True,0.03999026486850501,0.04085881708994793,0.0462175722838379,0.026079831869236736,0.02460614297895437,0.02666409148750136,0.02416655943879621,0.0,0.7970216145833333,0.9803011456189997,0.0,False
0.7,5144,scm,2,0.4,0.2,False,0.11187480837993102,0.10114572087418675,0.11343542098729974,0.04013479665109934,0.01855918629553688,0.03968674274473366,0.019488301590764978,0.0,0.8334096354166666,0.9099011619913324,0.0025,False
0.7,5160,scm,0,0.0,0.2,True,0.030503107150074413,0.02798351387870717,0.04510057103303354,0.02029424750688288,0.03867884780821686,0.02001851435676245,0.03859368006389132,0.0,0.8090638020833334,0.9860238015506145,0.0,False
0.7,5160,scm,1,0.2,0.2,True,0.046369235506675155,0.03954444273692041,0.044010554946451515,0.02657217764054394,0.02864988075839331,0.025264883722339516,0.028838090014897483,0.0,0.791005078125,0.9788039601928376,0.0,False
0.7,5160,scm,2,0.4,0.2,False,0.14845897611592118,0.13134365337645448,0.1489615111273003,0.04010747065377422,0.010814609377297986,0.04231130744035738,0.011359327276865373,0.0,0.8357257812499999,0.9130954038505839,0.00125,False
0.7,5176,scm,0,0.0,0.2,True,0.04658202794029614,0.041768582405035025,0.028472214443687062,0.01121218853768137,0.037688516280374576,0.01171745060767988,0.03876558610148921,0.0,0.8070255208333332,0.9877715151259445,0.0,False
0.7,5176,scm,1,0.2,0.2,True,0.04031925479368973,0.0386410922818839,0.07176020029445768,0.031673798520619315,0.027548850114262946,0.030635896157723573,0.029261425654560545,0.0,0.7781677083333334,0.9730555969233096,0.0,False
0.7,5176,scm,2,0.4,0.2,False,0.10406193177720284,0.10304173356349841,0.09136100423042147,0.041362070372667495,0.01933681441174644,0.04049541969430721,0.01867090138497855,0.0,0.8213669270833334,0.9193156591399253,0.000625,False
0.7,5192,scm,0,0.0,0.2,True,0.028982856073451482,0.011912723365712044,0.03430304175228141,0.018753212327940916,0.042572809221987216,0.015627201676242115,0.04145911546921244,0.0,0.8027242187500001,0.9884550801079673,0.0,False
0.7,5192,scm,1,0.2,0.2,True,0.05404055444624813,0.046759668574263585,0.03819409897244955,0.031595773467208356,0.029710221675440705,0.030667321154178022,0.029250539982866516,0.0,0.7737438802083334,0.9724473493454702,0.0,False
0.7,5192,scm,2,0.4,0.2,False,0.10775662638390758,0.10425140502963895,0.11694574021694129,0.04089810352301142,0.01580881468551006,0.0408176071576699,0.016778504936996383,0.0,0.8266283854166667,0.9089094764368084,0.0,False
0.7,5208,scm,0,0.0,0.2,True,0.024126293617210845,0.03045413197794207,0.017539059428409335,0.022436109302037877,0.038506851982723106,0.02021795738151169,0.03889359603553547,0.0,0.8020537760416667,0.9871089991319852,0.0,False
0.7,5208,scm,1,0.2,0.2,True,0.051393300507217174,0.046646126086971745,0.038530786386381057,0.02982436378195615,0.03176812901492741,0.02850165367185456,0.03180090709512572,0.0,0.7810273437499999,0.9752141767396815,0.0,False
0.7,5208,scm,2,0.4,0.2,False,0.1075509713944661,0.10514833433783642,0.08774588532919847,0.04345993079424054,0.01770931814674424,0.04178863599883073,0.016303925660539495,0.0,0.8327515624999999,0.9038644536928689,0.003125,False
0.7,5224,scm,0,0.0,0.2,True,0.021128332038284153,0.02410122608096671,0.023345786306043,0.022995104622863784,0.03849915025568729,0.022458530286190617,0.03847108176540042,0.0,0.8121596354166667,0.9905365013565789,0.0,False
0.7,5224,scm,1,0.2,0.2,True,0.04239117504943451,0.04415629038409704,0.052685124957254414,0.027846828274704305,0.02958764882645335,0.02833707239484373,0.02798806740585581,0.0,0.7951486979166668,0.9680464173534623,0.0,False
0.7,5224,scm,2,0.4,0.2,False,0.11411356267456177,0.10558055391552745,0.11189317003187632,0.04309119478097713,0.019408005006618614,0.04277844236313305,0.018353353371021838,0.0,0.8328776041666667,0.8994061092179747,0.001875,False
0.7,5240,scm,0,0.0,0.2,True,0.0293730717737444,0.020677033105409182,0.03686807761433346,0.01675759686722958,0.04235391246223306,0.016356457686191855,0.040804863875757484,0.0,0.8020161458333332,0.987831251921924,0.0,False
0.7,5240,scm,1,0.2,0.2,True,0.03973753200532745,0.03584380353863687,0.03689197334850683,0.029402033357410887,0.030127447811318667,0.029600448656120073,0.029193341069370115,0.0,0.7908872395833333,0.9759277617688186,0.0,False
0.7,5240,scm,2,0.4,0.2,False,0.1453518203113067,0.13190584345712775,0.11806383788347281,0.04337166490391607,0.01832250076125279,0.04220710951141696,0.017074815306086736,0.0,0.8249169270833334,0.9128523590463078,0.0025,False
0.7,5256,scm,0,0.0,0.4,True,0.029950199319285664,0.032089271938998166,0.017911472116747224,0.022679148422059047,0.037742079392689545,0.02117110313210358,0.0355403099436459,0.0,0.808898828125,0.9884436296489266,0.0,False
0.7,5256,scm,1,0.2,0.4,True,0.04508305797698219,0.045469122173285595,0.03986788645187317,0.025937941237601753,0.028589726929605097,0.029718077721783615,0.028773117344987817,0.0,0.7616296875,0.9741719848406011,0.0,False
0.7,5256,scm,2,0.4,0.4,True,0.10782768355019658,0.09506777510928553,0.10133838910223945,0.034430401664918224,0.017477553798246052,0.03502294750263874,0.01829484058204216,0.0,0.8286309895833334,0.9232948487633004,0.0,False
0.7,5256,scm,3,0.6,0.4,False,0.24367123920560343,0.2678933700937588,0.24044630490392355,0.04550466170619287,0.004123681006733277,0.04519102258654611,0.005527391364787435,0.0,0.907215625,0.8147360262568869,0.0375,True
0.7,5272,scm,0,0.0,0.2,True,0.023067953373580575,0.02021095204022161,0.02361936916641407,0.02008214720051524,0.039983600482828834,0.021131807488465694,0.03852812089724364,0.0,0.8245380208333333,0.9884807428383957,0.0,False
0.7,5272,scm,1,0.2,0.2,True,0.04225391473132578,0.04262994340789616,0.04591591146162444,0.02969113158983471,0.03147083084363893,0.029992628377251165,0.03197292952826465,0.0,0.7890061197916667,0.9791609308922314,0.0,False
0.7,5272,scm,2,0.4,0.2,False,0.10583791223875705,0.10083405743096414,0.12871868053530527,0.045652305718101,0.01823110044692739,0.04449118022529859,0.017531766822664423,0.0,0.8414872395833333,0.9019875756150872,0.00375,False
0.7,5288,scm,0,0.0,0.4,True,0.0504084392506198,0.05423895431136394,0.04656294560209524,0.01545117491437037,0.035269733087833655,0.015899496208946075,0.034466773594663734,0.0,0.8140092447916667,0.9889782885832845,0.0,False
0.7,5288,scm,1,0.2,0.4,True,0.03723408151387848,0.039808483089270603,0.03296261208518916,0.02719231624234219,0.0317784111404664,0.026956862384595597,0.030723690351193392,0.0,0.7979635416666667,0.9772536147163866,0.0,False
0.7,5288,scm,2,0.4,0.4,True,0.07975525719169235,0.07141379236663607,0.08324050369212459,0.03862856108349774,0.019242498074145634,0.038744666077363696,0.019310495955873246,0.0,0.831375,0.9134770636416275,0.005625,False
0.7,5288,scm,3,0.6,0.4,False,0.2878270022751664,0.28700681855467425,0.28834978114000104,0.048330546790814874,0.006269276048214805,0.047291419941329946,0.0024355415035106913,0.0,0.9134458333333334,0.7770858604171373,0.051875,True
0.7,5304,scm,0,0.0,0.2,True,0.028334238514397796,0.02186710241144035,0.031885783297800355,0.022227025443131987,0.045145407534322175,0.021487232177318835,0.044755884678998804,0.0,0.8138778645833333,0.9889635863741846,0.0,False
0.7,5304,scm,1,0.2,0.2,True,0.04924776243307895,0.04020251762784213,0.044570466718114786,0.03073639322461405,0.032344293258226645,0.03028044588710333,0.031163064011981153,0.0,0.7941770833333334,0.9700161643896295,0.0,False
0.7,5304,scm,2,0.4,0.2,False,0.11368670115507783,0.10317544749090747,0.11276026539795105,0.041836485341390596,0.019259041369193444,0.04193852783486917,0.018969806929600697,0.0,0.8250747395833333,0.8978881948975919,0.004375,False
0.7,5320,scm,0,0.0,0.4,True,0.01480408063273304,0.017993580357049423,0.02079721373767175,0.01976312151292415,0.041242077520442594,0.019349825149124894,0.041209890520063075,0.0,0.8072127604166667,0.9885812371974282,0.0,False
0.7,5320,scm,1,0.2,0.4,True,0.04747994650863203,0.04914647678656832,0.02064813183194205,0.027179710968007795,0.029165651755179826,0.027581138993592845,0.030666288186248808,0.0,0.79322578125,0.9748078079177193,0.0,False
0.7,5320,scm,2,0.4,0.4,True,0.09086104256158788,0.0751019710925755,0.119435801312575,0.04327074828530369,0.017605040461234848,0.04521191633507586,0.017780396684267154,0.0,0.82898828125,0.905844688679911,0.0025,False
0.7,5320,scm,3,0.6,0.4,False,0.2582076460785345,0.22238160271261506,0.24690674293337095,0.048077291919840434,0.00027758419071779094,0.04540411242031893,0.00033154061369730013,0.0,0.9200080729166665,0.8059844995404947,0.08125,True
0.7,5336,scm,0,0.0,0.2,True,0.019073918825791604,0.013483540477249013,0.007562858562136919,0.019114625022535518,0.042787783190525334,0.01863494988036191,0.041968862481991366,0.0,0.8121885416666668,0.990941111041461,0.0,False
0.7,5336,scm,1,0.2,0.2,True,0.04166638881197005,0.03666356515382449,0.07025412502014644,0.028394189362511188,0.030827372835275833,0.028959274278102375,0.032735619371626945,0.0,0.7916075520833333,0.9775536186329782,0.0,False
0.7,5336,scm,2,0.4,0.2,False,0.12820934134997358,0.11384190015190576,0.10457909010031172,0.03825236341941789,0.020449330879366345,0.041237919316910905,0.01967058853297704,0.0,0.8233468749999999,0.9090300980707359,0.0025,False
0.7,5352,scm,0,0.0,0.4,True,0.03642159988640111,0.026932634648350592,0.028387267177569803,0.017456934714740753,0.036806663078345105,0.017349365184582518,0.03800715666519619,0.0,0.8112364583333335,0.987964199861508,0.0,False
0.7,5352,scm,1,0.2,0.4,True,0.03869314787965387,0.04519542342478232,0.06105191589962603,0.02985812474741089,0.03560928413098054,0.0321197792471085,0.03432896179063243,0.0,0.8004229166666667,0.976813599864819,0.0,False
0.7,5352,scm,2,0.4,0.4,True,0.07830515748502578,0.06550739535267878,0.07495856012715847,0.03933319335886639,0.016768840026287826,0.04099737968281834,0.017700483453780853,0.0,0.82825546875,0.9136062627104563,0.001875,False
0.7,5352,scm,3,0.6,0.4,False,0.25413042505214795,0.25711087187710924,0.22754783491626607,0.04845644872396711,0.0027336887459209125,0.04552712435060402,0.0006447754590442232,0.0,0.9094282552083335,0.8005898027379502,0.063125,True
0.7,5368,scm,0,0.0,0.2,True,0.006563421062801391,0.01897591390533606,0.041375130193996856,0.018423453811896813,0.04109605533353818,0.020263099857102413,0.04082736800154158,0.0,0.8060856770833333,0.9871110459341107,0.0,False
0.7,5368,scm,1,0.2,0.2,True,0.048823718786781295,0.048555970871202524,0.05949038095369724,0.027430253058929203,0.03189856614587211,0.0258194803289836,0.03270255582731883,0.0,0.7930786458333332,0.9754376029185299,0.0,False
0.7,5368,scm,2,0.4,0.2,False,0.09204287740131951,0.10274558974347998,0.10966994054610085,0.040108824949936554,0.013836107868230885,0.04347238895150545,0.019455221167522494,0.0,0.8308716145833333,0.9175915662572819,0.000625,False
0.7,5384,scm,0,0.0,0.4,True,0.012859732424387673,0.013262851369459214,0.018678897569218533,0.01825611465960998,0.038951154894002665,0.01908372698087786,0.038269803056616265,0.0,0.8127239583333332,0.9903023096952808,0.0,False
0.7,5384,scm,1,0.2,0.4,True,0.04115431499327896,0.03514769842738773,0.031550519672293956,0.027943703470972917,0.027736013003308514,0.029542829100873517,0.02934800101069989,0.0,0.803341015625,0.9741958633689738,0.0,False
0.7,5384,scm,2,0.4,0.4,True,0.0725668992020914,0.08263038460059,0.11391453227998077,0.03934274228871258,0.019768394734057827,0.03923240155173674,0.01918268176114425,0.0,0.8285226562499999,0.927718159070051,0.005,False
0.7,5384,scm,3,0.6,0.4,False,0.2823810649993708,0.27921677866412736,0.2637037577029877,0.0504241142676503,0.0030443437857431087,0.050288478673423696,0.0060184903849533926,0.0,0.9085361979166666,0.8422683919780448,0.068125,True
1.0,5000,scm,0,0.0,0.2,True,0.008058539653986757,0.02293230300836956,0.005677279737482182,0.01774069421741068,0.042216698656937925,0.01974689927724102,0.04160509733706495,0.0,0.8099278645833334,0.9867959444078137,0.0,False
1.0,5000,scm,1,0.2,0.2,True,0.047035912678558986,0.05370377883396332,0.04768103416940055,0.029123657079699678,0.035224386564657116,0.030175766011688608,0.0346824074171487,0.0,0.7904351562499999,0.979497975618562,0.0,False
1.0,5000,scm,2,0.4,0.2,False,0.10024650815485132,0.10650977406318496,0.10111596551044832,0.03648642655562818,0.017326820297766866,0.03881496871313252,0.017376211621909013,0.0,0.8313578125,0.9094629202423938,0.00125,False
1.0,5016,scm,0,0.0,0.4,True,0.025000030683915965,0.027029964822599173,0.01891211027397082,0.017373984429322656,0.034641400548729266,0.01783787435015534,0.03517010089771905,0.0,0.8182761718749999,0.9903217787059071,0.0,False
1.0,5016,scm,1,0.2,0.4,True,0.03516556538079853,0.027964505065524732,0.06282441728556915,0.02502191093874837,0.03457059808006242,0.024412752623844014,0.03109791991388847,0.0,0.7986739583333333,0.9781779774038705,0.0,False
1.0,5016,scm,2,0.4,0.4,True,0.10000711168766563,0.0926349351420847,0.08909416852835828,0.038272167402339935,0.018682542450329732,0.03791171587208432,0.018127396631927164,0.0,0.8283229166666668,0.901006009172824,0.0,False
1.0,5016,scm,3,0.6,0.4,False,0.3169994342183336,0.3071887891430268,0.28655480271711486,0.0494128377708596,0.0015064456295083375,0.04771062394571145,0.00022063092292198228,0.0,0.907246875,0.8434321512156803,0.06625,True
1.0,5032,scm,0,0.0,0.4,True,0.03151639230153508,0.028138868910936556,0.0319145617361275,0.01685620901883589,0.03996224667257799,0.016865453381086845,0.03980310776469842,0.0,0.8050645833333333,0.9882801273537325,0.0,False
1.0,5032,scm,1,0.2,0.4,True,0.0250369165688983,0.027276669506897052,0.05802375313018614,0.02846887721291893,0.034649255921075074,0.027602452378091776,0.03610596263114602,0.0,0.781303125,0.9835715801475999,0.0,False
1.0,5032,scm,2,0.4,0.4,True,0.10232431098242942,0.08963853136192541,0.11072325684643017,0.044212927478560246,0.01730215871211443,0.04108646646581706,0.017705857199304873,0.0,0.8262567708333335,0.9018007912192901,0.0025,False
1.0,5032,scm,3,0.6,0.4,False,0.21875262573815737,0.21550254053841583,0.2543731812937894,0.04496075638680577,0.004955416522337705,0.040961542737214335,0.002925447899416555,0.0,0.8917281250000001,0.8042423833174067,0.04125,True
1.0,5048,scm,0,0.0,0.2,True,0.021937995578429938,0.026733893917492046,0.03030204572035996,0.019652957537008502,0.03601947198634836,0.019966054790601213,0.03618919516717874,0.0,0.8003833333333332,0.988158102106611,0.0,False
1.0,5048,scm,1,0.2,0.2,True,0.05949197033126782,0.055270733517971335,0.055259646562337145,0.025239309780195174,0.02976389433351553,0.026031113477663223,0.030126113348218048,0.0,0.785153125,0.9795889728360879,0.0,False
1.0,5048,scm,2,0.4,0.2,False,0.15963141239498274,0.1514232006971918,0.13992411695909862,0.04236662867628982,0.014233329302869802,0.04136742729431394,0.013310738398922951,0.0,0.8150903645833334,0.9007535272401365,0.00125,False
1.0,5064,scm,0,0.0,0.2,True,0.030498508543869447,0.04193040911773237,0.016771634223146484,0.015966460401461078,0.03766685989219836,0.015971120349887367,0.03596157224677768,0.0,0.8168729166666666,0.9883947889272139,0.0,False
1.0,5064,scm,1,0.2,0.2,True,0.039961808231377544,0.04492813212719408,0.05810906400069555,0.029011285352479675,0.031133730813370057,0.02835609491064573,0.030161769574174113,0.0,0.80554453125,0.973703542528176,0.0,False
1.0,5064,scm,2,0.4,0.2,False,0.12137659840463283,0.10297288880778457,0.1214376127390025,0.03970860172858783,0.01702602662395344,0.0377150202860289,0.015657633965829042,0.0,0.8118494791666667,0.9291387497911082,0.00125,False
1.0,5080,scm,0,0.0,0.2,True,0.023561453653447716,0.015033620196014928,0.01855185989233765,0.01791996657493474,0.03939567192642748,0.01860593862109375,0.041337641107045006,0.0,0.7997388020833334,0.9877754426453303,0.0,False
1.0,5080,scm,1,0.2,0.2,True,0.034686225454756844,0.04258712649318224,0.04876786802991965,0.03048516241448152,0.026896740490227364,0.03027699780938229,0.028868145390714414,0.0,0.785646875,0.9709303674220693,0.0,False
1.0,5080,scm,2,0.4,0.2,False,0.11135695731061394,0.10795088275608518,0.12180880608368522,0.03916464630325007,0.022055499408515908,0.04076842068565247,0.022534508398194326,0.0,0.8228447916666668,0.9245069299735794,0.0025,False
1.0,5096,scm,0,0.0,0.2,True,0.010364929283363944,0.017110574816905918,0.01595529215907838,0.016490723818095628,0.04083245340421086,0.017565558243580536,0.040773824391482826,0.0,0.8062888020833333,0.9870622186283381,0.0,False
1.0,5096,scm,1,0.2,0.2,True,0.03501343066520745,0.030333926909130008,0.06098248026082075,0.02848754715322589,0.028298044621724232,0.027602180759362133,0.02886388141404256,0.0,0.7877033854166667,0.9768262829750919,0.0,False
1.0,5096,scm,2,0.4,0.2,False,0.1124274846395451,0.10470208288989567,0.17330701457148892,0.04311446416161564,0.01591767708413267,0.04067975677006343,0.01587551473496755,0.0,0.8242200520833334,0.9125085526121636,0.000625,False
1.0,5112,scm,0,0.0,0.4,True,0.028607264700965373,0.029181000872705466,0.03487058453055223,0.018640210543559133,0.03769383640345935,0.020476628071741353,0.039149357016010806,0.0,0.8078815104166666,0.9895109325435162,0.0,False
1.0,5112,scm,1,0.2,0.4,True,0.027405104617434263,0.032349321488485024,0.021185905594974967,0.020275247024156215,0.028072931576795253,0.020990086473029967,0.02893981292594001,0.0,0.7924684895833334,0.9710910520810917,0.0,False
1.0,5112,scm,2,0.4,0.4,True,0.10599334495568088,0.0954603786615203,0.09819667713443728,0.037843213801963864,0.02013410033752825,0.040266679469171104,0.024093291410003,0.0,0.8178302083333333,0.9153656429588299,0.001875,False
1.0,5112,scm,3,0.6,0.4,False,0.2678705846818984,0.2230710344097705,0.2712312386448163,0.04622958552834486,0.004225026513153523,0.045468219663042216,0.004202206730327192,0.0,0.90072890625,0.8273271288213958,0.040625,True
1.0,5128,scm,0,0.0,0.4,True,0.04226838499595312,0.04037044880381292,0.02104991268351772,0.0194208592652999,0.04251017979642405,0.01919135566251954,0.042227464464774364,0.0,0.8311270833333334,0.9900946727081574,0.0,False
1.0,5128,scm,1,0.2,0.4,True,0.04377585793766966,0.027493016013528014,0.034044367739537645,0.02385468572335204,0.03142042355055558,0.024951473345186877,0.0323607770789269,0.0,0.7767694010416668,0.978154104733773,0.0,False
1.0,5128,scm,2,0.4,0.4,True,0.10501091642892922,0.09635496862266796,0.1218650156958636,0.039756098989567445,0.019388104585660787,0.03868897710385388,0.018266745494256255,0.0,0.827959375,0.8988221116629043,0.004375,False
1.0,5128,scm,3,0.6,0.4,False,0.27473726464824033,0.26479101358258755,0.30317076802914567,0.04961557016429209,0.002718643543949191,0.04820010328783593,0.0022031083889199675,0.0,0.907975,0.8107796637563784,0.055625,True
1.0,5144,scm,0,0.0,0.2,True,0.020634832404021926,0.013755849689417343,0.030422798157158905,0.019718533276464268,0.03606189100620146,0.021211305103032183,0.03520158415107421,0.0,0.8165703125,0.9878107422832655,0.0,False
1.0,5144,scm,1,0.2,0.2,True,0.039386730389337384,0.03696891295269611,0.05346857214145798,0.02688475162671792,0.02566112753921677,0.02499140112523584,0.024700671879112304,0.0,0.8022289062500001,0.9817557314006596,0.0,False
1.0,5144,scm,2,0.4,0.2,False,0.1153378166835972,0.11558782165374698,0.13765351278885857,0.040188718393860554,0.01455499416091045,0.038805464471031226,0.01564158481751896,0.0,0.8306106770833334,0.912670342039463,0.000625,False
1.0,5160,scm,0,0.0,0.2,True,0.02880534222870381,0.03296462032629106,0.03368606373837264,0.019616700729630662,0.03786544728700797,0.01973308893736695,0.0382161542883972,0.0,0.8090638020833334,0.9860238015506145,0.0,False
1.0,5160,scm,1,0.2,0.2,True,0.031999430148123516,0.023945841564054285,0.04932890107371759,0.024858993185944103,0.03501144920927642,0.02621955222515962,0.031205683211192218,0.0,0.7909614583333333,0.9803198431550136,0.0,False
1.0,5160,scm,2,0.4,0.2,False,0.13110890434157088,0.1178986682461038,0.1417916790889367,0.040980878299339704,0.011806863902249673,0.041058578711347354,0.01141104060963279,0.0,0.8287455729166666,0.9192538745542607,0.000625,False
1.0,5176,scm,0,0.0,0.2,True,0.045477004878758526,0.0440927534058385,0.03159259096078959,0.010521513032634943,0.03865427567153207,0.010227623438768308,0.03696499641193578,0.0,0.8070255208333332,0.9877715151259445,0.0,False
1.0,5176,scm,1,0.2,0.2,True,0.05357901979973123,0.04914390484646851,0.04922926418332175,0.029422827502572153,0.027087006373090233,0.029982624668085822,0.02858568300885049,0.0,0.7785375,0.9737008038207116,0.0,False
1.0,5176,scm,2,0.4,0.2,False,0.11507054704674552,0.1158635790077438,0.11430440734922438,0.03975849672888526,0.013436481231574558,0.042838500259640616,0.013422440054115133,0.0,0.8164598958333332,0.9265437825574789,0.0025,False
1.0,5192,scm,0,0.0,0.2,True,0.020687677562872278,0.021721770934269687,0.025635940045591745,0.01889438536262019,0.04305772203601021,0.017590625488774485,0.04151358785903953,0.0,0.8027242187500001,0.9884550801079673,0.0,False
1.0,5192,scm,1,0.2,0.2,True,0.05721938533303049,0.052461300257830544,0.053972961482056034,0.0290430962898202,0.02836012231955706,0.027392827279834372,0.027768161126960934,0.0,0.7732671875,0.9742253238268821,0.0,False
1.0,5192,scm,2,0.4,0.2,False,0.12655270919700945,0.12842232606529588,0.1131607268099103,0.04178228643783337,0.015793101935592715,0.040123698099320655,0.015416233179713608,0.0,0.8237768229166668,0.913256907684255,0.0,False
1.0,5208,scm,0,0.0,0.2,True,0.03129970578963471,0.029883687171827333,0.021309940016591124,0.020000204767691484,0.034392673679044944,0.01995681070266063,0.03661341082794171,0.0,0.8020537760416667,0.9871089991319852,0.0,False
1.0,5208,scm,1,0.2,0.2,True,0.053201780439033244,0.05086131710090068,0.04640659494543453,0.028820201895956722,0.031702191445543114,0.028011667025542704,0.03040454777692515,0.0,0.7779927083333333,0.9763598319662308,0.0,False
1.0,5208,scm,2,0.4,0.2,False,0.12033947264383307,0.10255706159383762,0.11807268881416048,0.03822496438978304,0.015155574427151148,0.03964471200889212,0.015100204191060363,0.0,0.8340481770833332,0.9070929825916952,0.000625,False
1.0,5224,scm,0,0.0,0.2,True,0.025197694450678817,0.022777847084788826,0.024879484620413315,0.02284169824249838,0.03810327998021624,0.023233798741370312,0.03812215827732467,0.0,0.8121596354166667,0.9905365013565789,0.0,False
1.0,5224,scm,1,0.2,0.2,True,0.04055222842194505,0.036784310565329034,0.03202352115245136,0.026927208394241026,0.026140742985016927,0.02629779704968014,0.025428505027881566,0.0,0.790596875,0.971834185327167,0.0,False
1.0,5224,scm,2,0.4,0.2,False,0.15778588471670826,0.1354361425096552,0.10029390057191055,0.04297197317353711,0.01573446824988788,0.040937980190104944,0.016011173334077294,0.0,0.8288187499999999,0.9121297487941675,0.0025,False
1.0,5240,scm,0,0.0,0.2,True,0.024546255722227843,0.015076456318195456,0.05590172516611268,0.016321692860847746,0.03991564611786017,0.016084574021107516,0.03948688395790212,0.0,0.8020161458333332,0.987831251921924,0.0,False
1.0,5240,scm,1,0.2,0.2,True,0.0437545363883216,0.04637428504603452,0.053393081468667454,0.030056087784536584,0.026148191232485338,0.030495984803391028,0.029842103132006522,0.0,0.7867201822916667,0.975967595510656,0.0,False
1.0,5240,scm,2,0.4,0.2,False,0.11738500475704368,0.10992016527308793,0.11282457899444359,0.04026303626919214,0.014196969900433872,0.04041904583298013,0.01441318512100341,0.0,0.8236432291666667,0.9167602738803561,0.00375,False
1.0,5256,scm,0,0.0,0.2,True,0.030812100074835945,0.037752744428778316,0.021270332184307204,0.021251859450526423,0.03865460149136723,0.021709244175731446,0.0398018937555699,0.0,0.808898828125,0.9884436296489266,0.0,False
1.0,5256,scm,1,0.2,0.2,True,0.06210786497191825,0.06452567327407516,0.056947938627504864,0.027399572445111306,0.029902038233982263,0.02610435057547359,0.02840203166700577,0.0,0.7636475260416667,0.9761973737463264,0.0,False
1.0,5256,scm,2,0.4,0.2,False,0.1214055204437543,0.1123867073754632,0.11269527174180306,0.03727693953843676,0.018796282108861646,0.03742297582912753,0.018603612549477025,0.0,0.8250979166666668,0.9291717154867123,0.0,False
1.0,5272,scm,0,0.0,0.2,True,0.01840972133469524,0.021958045446424247,0.024942627269385207,0.01888232494662254,0.039604057374499714,0.018430640086398175,0.038191928763433934,0.0,0.8245380208333333,0.9884807428383957,0.0,False
1.0,5272,scm,1,0.2,0.2,True,0.036493336887573904,0.03382171206204193,0.026537691023527744,0.02649613558481356,0.03296719038315935,0.025229902020413288,0.03077625073651168,0.0,0.78588515625,0.9808125236196668,0.0,False
1.0,5272,scm,2,0.4,0.2,False,0.12150973154055358,0.11958954002241662,0.139836046213134,0.04162053685660272,0.0174966769984425,0.04173064913896531,0.018654019801101162,0.0,0.8333645833333334,0.8997413728522555,0.003125,False
1.0,5288,scm,0,0.0,0.4,True,0.045964262874320864,0.0508809138445248,0.03685183304581165,0.015258878923940912,0.039209050162154736,0.015013516715488267,0.038006579565202335,0.0,0.8140092447916667,0.9889782885832845,0.0,False
1.0,5288,scm,1,0.2,0.4,True,0.0348861805057601,0.03173324345900211,0.040410532030175285,0.02549066033833336,0.028851566992695064,0.02793226388471497,0.029794549303719175,0.0,0.7950049479166666,0.9781936044732636,0.0,False
1.0,5288,scm,2,0.4,0.4,True,0.10028231499309727,0.08929497692144044,0.07475212299484493,0.036936166022220454,0.015849447070371395,0.03445645449156553,0.014401808004228881,0.0,0.8255111979166667,0.916283930058787,0.005625,False
1.0,5288,scm,3,0.6,0.4,False,0.28663874937441025,0.29326335523164343,0.27325045965566486,0.04567932966805232,0.00020898858323561677,0.044034711714003374,0.0017887923152416691,0.0,0.9025088541666666,0.7976326524487727,0.040625,True
1.0,5304,scm,0,0.0,0.2,True,0.029933857657445453,0.024837710345220705,0.03552416258256902,0.019340297130511656,0.043710983278595524,0.019005894763070887,0.04222733872214296,0.0,0.8138778645833333,0.9889635863741846,0.0,False
1.0,5304,scm,1,0.2,0.2,True,0.04735328291737583,0.05181745840010015,0.043714778097204345,0.02943308606643453,0.030600056223502682,0.027824727308590987,0.029475876780804915,0.0,0.7911746093750001,0.9703965446243297,0.0,False
1.0,5304,scm,2,0.4,0.2,False,0.1331822527530676,0.10193277816475801,0.13062170775857196,0.03872664615209179,0.015675783649361313,0.03967185499138755,0.015431391424501166,0.0,0.82097421875,0.9064350984438594,0.003125,False
1.0,5320,scm,0,0.0,0.2,True,0.017750099469573174,0.017605047556184972,0.02652140265121814,0.014905164540456482,0.03928510757904715,0.017286709799827653,0.03905140514618194,0.0,0.8072127604166667,0.9885812371974282,0.0,False
1.0,5320,scm,1,0.2,0.2,True,0.06411757829964194,0.06301891113869336,0.03537226129144849,0.025645297532141245,0.02884156188791206,0.026482969633550242,0.02843726812814589,0.0,0.7970859374999999,0.9752193754969045,0.0,False
1.0,5320,scm,2,0.4,0.2,False,0.12253272630940094,0.11194806356660034,0.10269246841413389,0.04216300580620361,0.01624757541306269,0.040111153231289214,0.015354679955610687,0.0,0.825075,0.9161477549304008,0.000625,False
1.0,5336,scm,0,0.0,0.2,True,0.02194631110610963,0.031026881890764395,0.02530086882145288,0.015837981152194147,0.037181430380189506,0.016248238204400453,0.03745780807417549,0.0,0.8121885416666668,0.990941111041461,0.0,False
1.0,5336,scm,1,0.2,0.2,True,0.05767886969588156,0.058023680638959144,0.05412283146802688,0.029609388029800704,0.031831557864907774,0.02974645878624879,0.031355977979033965,0.0,0.7938403645833334,0.9782577567157711,0.0,False
1.0,5336,scm,2,0.4,0.2,False,0.1317044700304202,0.10603724526982744,0.11648652333864108,0.04038001999398881,0.016950265692545173,0.03642172013988495,0.016773473639515542,0.0,0.8179122395833333,0.9139552363212029,0.004375,False
1.0,5352,scm,0,0.0,0.2,True,0.02775135855500047,0.03288872149233743,0.026048346271179926,0.0166737824750467,0.034699315196873526,0.017265213536201845,0.035781577438183436,0.0,0.8112364583333335,0.987964199861508,0.0,False
1.0,5352,scm,1,0.2,0.2,True,0.05499110331965814,0.054921105190237234,0.04730262314649119,0.03144891606518401,0.03267554575017871,0.031277196999695236,0.03147146881323365,0.0,0.7926194010416667,0.9772948483568501,0.0,False
1.0,5352,scm,2,0.4,0.2,False,0.09334254786220618,0.10743083511990834,0.10140171768181279,0.03996467490472628,0.016649142879955395,0.039100695321188136,0.01643878184327244,0.0,0.82474765625,0.9174536177250608,0.001875,False
1.0,5368,scm,0,0.0,0.2,True,0.0183719725860613,0.02370398638214604,0.047792997960525024,0.01832182455589909,0.04123268960644868,0.017863936526832914,0.040263240373667845,0.0,0.8060856770833333,0.9871110459341107,0.0,False
1.0,5368,scm,1,0.2,0.2,True,0.059573008701008796,0.0553307175938789,0.05338122704710792,0.026750430296508716,0.028091030072852304,0.026396731685222614,0.028172198156810838,0.0,0.7889692708333333,0.9766906422255704,0.0,False
1.0,5368,scm,2,0.4,0.2,False,0.10147080994554947,0.10305890554813048,0.11062270208179995,0.041545827459091605,0.01823157516425088,0.04160104029559375,0.017996178343548323,0.0,0.82808671875,0.9252876158950314,0.0,False
1.0,5384,scm,0,0.0,0.4,True,0.019056474506586943,0.015010649086971785,0.018275615764421292,0.017723571646081404,0.037357022226985996,0.017665526055068628,0.03706285970386075,0.0,0.8127239583333332,0.9903023096952808,0.0,False
1.0,5384,scm,1,0.2,0.4,True,0.03689992851514577,0.03654424506589886,0.04361756244448852,0.02973809244371664,0.029682576242450305,0.027340787973886813,0.027641069143726906,0.0,0.8003630208333333,0.9754811760273586,0.0,False
1.0,5384,scm,2,0.4,0.4,True,0.09695830482859512,0.07556311068431497,0.11061378530688194,0.03687877268852321,0.01804436402292811,0.03404931943687782,0.01647781820838438,0.0,0.8253001302083334,0.9298269239590711,0.00125,False
1.0,5384,scm,3,0.6,0.4,False,0.25760874980808296,0.24125985367225788,0.28367476670249725,0.04642784417440771,0.001585337541746424,0.04602380278725721,0.004406341276144098,0.0,0.8984697916666667,0.8442469892403954,0.0475,True
