unobserved_strength,seed,generator,iteration,selection_severity,frontier_severity,passed,naive_declined_ece,reweight_declined_ece,retrain_declined_ece,naive_declined_empc,naive_declined_emp_h,reweight_declined_empc,reweight_declined_emp_h,exploration_cost
0.0,1000,flat,0,0.0,0.4,True,0.02191484439441284,0.025589870678120748,0.01197972128992369,0.013830563548341501,,0.012715963243841902,,0.0
0.0,1000,flat,1,0.2,0.4,True,0.02675003304854674,0.03907079277133879,0.038542843546783806,0.01772744954925082,,0.014782305046734718,,0.0
0.0,1000,flat,2,0.4,0.4,True,0.102155058288205,0.09142656952239706,0.07351241653556811,0.023001617815953532,,0.0233315776104113,,0.0
0.0,1000,flat,3,0.6,0.4,False,0.17311760250556657,0.1400464537715971,0.18277148220440947,0.027459837310401258,,0.027808319783359507,,0.0
0.0,1016,flat,0,0.0,0.4,True,0.024047397031297536,0.028289787727609574,0.031316958542470734,0.010229805836618039,,0.009609372375098381,,0.0
0.0,1016,flat,1,0.2,0.4,True,0.06483026171232698,0.05819605771622183,0.0397206115639951,0.020634856722457642,,0.019938689933548394,,0.0
0.0,1016,flat,2,0.4,0.4,True,0.021341814142781884,0.03700278061588085,0.0559512748631962,0.02470228595418092,,0.023328373517311075,,0.0
0.0,1016,flat,3,0.6,0.4,False,0.12091350167479072,0.1020143628204336,0.13718438522622986,0.02582178264009133,,0.027169241286432687,,0.0
0.0,1032,flat,0,0.0,0.4,True,0.025680315564333804,0.028921843817811852,0.043988644749350596,0.010288173168601363,,0.00923539171332253,,0.0
0.0,1032,flat,1,0.2,0.4,True,0.03478385587588587,0.02214918071790905,0.025321644449302634,0.015840271147370306,,0.01584571979154312,,0.0
0.0,1032,flat,2,0.4,0.4,True,0.05116284466038834,0.06512137672672107,0.05600376671210773,0.021047990197709622,,0.020371647514075535,,0.0
0.0,1032,flat,3,0.6,0.4,False,0.17036755064987008,0.15626326162079723,0.19201274887989928,0.02527809417185025,,0.024583426821377454,,0.0
0.0,1048,flat,0,0.0,0.4,True,0.018950952715521874,0.02378556463098418,0.02944882195307073,0.009062880899980998,,0.00848050445174637,,0.0
0.0,1048,flat,1,0.2,0.4,True,0.04650190660188954,0.042163964151723486,0.056512128103316725,0.017845455497868267,,0.018567059177156175,,0.0
0.0,1048,flat,2,0.4,0.4,True,0.08780502340378851,0.07087668624964133,0.09684754673141405,0.024615491501048345,,0.024196606184914884,,0.0
0.0,1048,flat,3,0.6,0.4,False,0.19054653488982856,0.19042412743446102,0.16030390230455935,0.02368233822786151,,0.0214398368633709,,0.0
0.0,1064,flat,0,0.0,0.4,True,0.034357123425217205,0.036054928896088724,0.02546794401768678,0.010046589587792094,,0.010335371198967679,,0.0
0.0,1064,flat,1,0.2,0.4,True,0.03907824884986952,0.04120822560626165,0.054513476847926665,0.016881103007571424,,0.0156647055435528,,0.0
0.0,1064,flat,2,0.4,0.4,True,0.0891070897344817,0.065142889936079,0.07660106621448654,0.022187052712346014,,0.021992750505277322,,0.0
0.0,1064,flat,3,0.6,0.4,False,0.14390876045351644,0.1590236178765066,0.2020500412408536,0.033288471052563495,,0.030127261168354954,,0.0
0.0,1080,flat,0,0.0,0.4,True,0.009979210867084014,0.01504468263415868,0.03258177027211799,0.009392226997663664,,0.008651300685225193,,0.0
0.0,1080,flat,1,0.2,0.4,True,0.024912332241475175,0.021173797217691276,0.040969159739896864,0.01707363477794814,,0.012509152990617986,,0.0
0.0,1080,flat,2,0.4,0.4,True,0.09291624317293694,0.07861581060380542,0.0741161815447257,0.022675160075617765,,0.022280826694842673,,0.0
0.0,1080,flat,3,0.6,0.4,False,0.11125186485691177,0.147657372088068,0.14730723379382693,0.027036830951558025,,0.026389410757147166,,0.0
0.0,1096,flat,0,0.0,0.4,True,0.03312422068583427,0.03745671861857972,0.027311117978091385,0.011965227440858196,,0.01234033508953017,,0.0
0.0,1096,flat,1,0.2,0.4,True,0.023118697852503405,0.02521539766617896,0.02843625262405361,0.019552332021720575,,0.019014115365030858,,0.0
0.0,1096,flat,2,0.4,0.4,True,0.039588801120545164,0.04583961584512859,0.07411568343683282,0.022903390193444076,,0.022794021199889047,,0.0
0.0,1096,flat,3,0.6,0.4,False,0.16704293058048886,0.15434793856881168,0.11670543341488451,0.02263802839353069,,0.021998187480257694,,0.0
0.0,1112,flat,0,0.0,0.4,True,0.029093274200526313,0.03128929856677856,0.020914521706692567,0.009805133284698526,,0.008388900869393444,,0.0
0.0,1112,flat,1,0.2,0.4,True,0.05030358644267939,0.04262141316611388,0.05733104768831699,0.018137466397653353,,0.02121608692125259,,0.0
0.0,1112,flat,2,0.4,0.4,True,0.08030353146145365,0.06471145516624928,0.09158925666188962,0.018185477196091024,,0.019697094127845517,,0.0
0.0,1112,flat,3,0.6,0.4,False,0.10673033850733309,0.12060779707128316,0.12659948756764786,0.021141839032642003,,0.018822411197886905,,0.0
0.0,1128,flat,0,0.0,0.4,True,0.040482149085218695,0.03131874281169861,0.016085614146130755,0.008779952641709741,,0.008630534952984164,,0.0
0.0,1128,flat,1,0.2,0.4,True,0.028896387847000982,0.04087804683068427,0.027545630516599574,0.013154833873490888,,0.016035968456667465,,0.0
0.0,1128,flat,2,0.4,0.4,True,0.09064113908864374,0.08631423003240728,0.05739660775369359,0.024346848221362835,,0.023136512829680614,,0.0
0.0,1128,flat,3,0.6,0.4,False,0.17114307560298148,0.17537970956693585,0.15183022052430786,0.023793306879596035,,0.020719316123817652,,0.0
0.0,1144,flat,0,0.0,0.4,True,0.018900577643078644,0.020650489062972593,0.01741735435202887,0.011120393449583658,,0.01074657205039756,,0.0
0.0,1144,flat,1,0.2,0.4,True,0.05531103445246547,0.0533528606982503,0.047562650737079305,0.01848715265033829,,0.018128202404530988,,0.0
0.0,1144,flat,2,0.4,0.4,True,0.07177139236358392,0.05758470498580005,0.06270320629730827,0.01878184932263981,,0.017884555169941606,,0.0
0.0,1144,flat,3,0.6,0.4,False,0.1618626762748517,0.12936547196072934,0.1695738480018194,0.027942624049633134,,0.026770331809352996,,0.0
0.0,1160,flat,0,0.0,0.4,True,0.026631100539665588,0.027745883122212406,0.018638898567235076,0.012272859666736174,,0.010676792108865869,,0.0
0.0,1160,flat,1,0.2,0.4,True,0.02555639771646516,0.019757699551939345,0.021461079438694672,0.01893355929473882,,0.018405367138523036,,0.0
0.0,1160,flat,2,0.4,0.4,True,0.09270212965599234,0.08664030526811345,0.09141065654158644,0.016920235782474008,,0.015850843679609008,,0.0
0.0,1160,flat,3,0.6,0.4,False,0.11643737594665693,0.13973460059005072,0.14218706401904885,0.026590028650071963,,0.02830011845299104,,0.0
0.0,1176,flat,0,0.0,0.4,True,0.043493545595277586,0.051675189324733736,0.022030769179069612,0.01418685907501169,,0.015030753983774075,,0.0
0.0,1176,flat,1,0.2,0.4,True,0.03104805709074881,0.02230061508702348,0.03424118993926378,0.013328142788862149,,0.012946131313619085,,0.0
0.0,1176,flat,2,0.4,0.4,True,0.09225674603814119,0.08339770866008411,0.11150578547015486,0.02537571231619961,,0.028345463915249204,,0.0
0.0,1176,flat,3,0.6,0.4,False,0.152103752373736,0.15219968986882065,0.1659319620761408,0.020808401939601297,,0.020391712029906695,,0.0
0.0,1192,flat,0,0.0,0.4,True,0.016542556880915712,0.0230848453029409,0.03639518851507805,0.01039982799283157,,0.012127378502240868,,0.0
0.0,1192,flat,1,0.2,0.4,True,0.03820273434788137,0.03114371652642002,0.03262920789612048,0.01723259255467875,,0.016178336066556293,,0.0
0.0,1192,flat,2,0.4,0.4,True,0.04845382193779571,0.05548609852040306,0.04901007687563262,0.018826887427501916,,0.01809368935251379,,0.0
0.0,1192,flat,3,0.6,0.4,False,0.1729827105273477,0.16574634505359565,0.11115100267961603,0.020037342994824337,,0.018722840221344097,,0.0
0.0,1208,flat,0,0.0,0.4,True,0.03048056497381905,0.02595509371140869,0.01404247710235997,0.009451976553569035,,0.008725044042635062,,0.0
0.0,1208,flat,1,0.2,0.4,True,0.038690408112739175,0.03453923108158465,0.04644590191467462,0.014807166076785928,,0.017612309580333864,,0.0
0.0,1208,flat,2,0.4,0.4,True,0.06414855956814901,0.06803388142757942,0.09341728932075918,0.0238921210408714,,0.023169457081819368,,0.0
0.0,1208,flat,3,0.6,0.4,False,0.17470562537707382,0.1703979917241859,0.1423244056901231,0.023331683849442002,,0.02279500046619448,,0.0
0.0,1224,flat,0,0.0,0.4,True,0.02574233160960771,0.007687302022804007,0.03578274275309104,0.010261996562759567,,0.009241072749705674,,0.0
0.0,1224,flat,1,0.2,0.4,True,0.03879236647771793,0.04324451822276335,0.0420902211093074,0.017528060650925294,,0.018803426707180146,,0.0
0.0,1224,flat,2,0.4,0.4,True,0.05532739436789018,0.040633061710213976,0.08004885269308873,0.022562031137230217,,0.02124522048852069,,0.0
0.0,1224,flat,3,0.6,0.4,False,0.18516970345602946,0.17366301681296797,0.14829133384526857,0.024935064523591705,,0.02297416922564814,,0.0
0.0,1240,flat,0,0.0,0.4,True,0.028188657692756736,0.017633173737651345,0.03218011852808379,0.008185333711789814,,0.007774444881603974,,0.0
0.0,1240,flat,1,0.2,0.4,True,0.04080136022161902,0.051266333530338014,0.0436441597689458,0.01991576526372324,,0.0199490155571589,,0.0
0.0,1240,flat,2,0.4,0.4,True,0.045016505494557095,0.04877567563604863,0.053978833332194366,0.01665018394704189,,0.01735877657552197,,0.0
0.0,1240,flat,3,0.6,0.4,False,0.18570519299691574,0.18354196262779507,0.1629635263435239,0.022875843113429675,,0.021554581092676835,,0.0
0.0,1256,flat,0,0.0,0.4,True,0.02875656696842881,0.023790707403911794,0.03675289879844972,0.009262315380560897,,0.00882998609411007,,0.0
0.0,1256,flat,1,0.2,0.4,True,0.03046412577686539,0.023786816418211867,0.037832372291653996,0.01592715548293982,,0.01818541659250795,,0.0
0.0,1256,flat,2,0.4,0.4,True,0.06197241316470239,0.026542932999985114,0.07473296167626862,0.024928329474714767,,0.022793403301949417,,0.0
0.0,1256,flat,3,0.6,0.4,False,0.13953819521348565,0.10644116413802243,0.17383475398909415,0.024225844041994106,,0.02259992395850451,,0.0
0.0,1272,flat,0,0.0,0.4,True,0.017109982530637606,0.019349724256321373,0.03000516967567519,0.01004841228631331,,0.011422742539978067,,0.0
0.0,1272,flat,1,0.2,0.4,True,0.017043202174091443,0.016648166214146203,0.023396921790714318,0.02087536756463826,,0.020661151636673383,,0.0
0.0,1272,flat,2,0.4,0.4,True,0.10809273725577132,0.08163109678934873,0.05495271479201704,0.02395015776020316,,0.022219132819985513,,0.0
0.0,1272,flat,3,0.6,0.4,False,0.17609664595801622,0.1514278947005154,0.1447127787917275,0.02350075498790862,,0.022849761938519585,,0.0
0.0,1288,flat,0,0.0,0.4,True,0.030654651045695973,0.02795356960425739,0.015725994601722946,0.011830520537651615,,0.012259609549399593,,0.0
0.0,1288,flat,1,0.2,0.4,True,0.026979841863479233,0.028329323463167626,0.038457153350501046,0.020143177642520604,,0.01897942429135608,,0.0
0.0,1288,flat,2,0.4,0.4,True,0.0819037716962971,0.06795719902892461,0.07738580430957717,0.021792960708455045,,0.022516704839497012,,0.0
0.0,1288,flat,3,0.6,0.4,False,0.10821933191909791,0.12720041092396817,0.14495557550505989,0.026794764939636173,,0.023954560490818975,,0.0
0.0,1304,flat,0,0.0,0.4,True,0.06834094670873282,0.060942536331389484,0.03115429756289964,0.006989608160168916,,0.006048665641959971,,0.0
0.0,1304,flat,1,0.2,0.4,True,0.0330750984890243,0.04263842763294824,0.03298813238677265,0.018749292026825397,,0.01797807011465125,,0.0
0.0,1304,flat,2,0.4,0.4,True,0.08798902873811353,0.08144320666039234,0.08817575284743169,0.024636373376844184,,0.024878649980408916,,0.0
0.0,1304,flat,3,0.6,0.4,False,0.1567909171818095,0.14666220186162374,0.14983629707718757,0.02385928815126647,,0.023111861052260332,,0.0
0.0,1320,flat,0,0.0,0.4,True,0.023041085886684836,0.035067788595989316,0.041041927543782206,0.010866461228685897,,0.0070511956206536445,,0.0
0.0,1320,flat,1,0.2,0.4,True,0.046656888434747676,0.05190642278220621,0.04295863104139395,0.018665116790571958,,0.018143734642955576,,0.0
0.0,1320,flat,2,0.4,0.4,True,0.0866777144353656,0.09515768502238509,0.06534487873852277,0.018001443014160325,,0.020038138508254616,,0.0
0.0,1320,flat,3,0.6,0.4,False,0.15594105009606324,0.10147015454271197,0.133041954840444,0.023228711562325574,,0.023222345128368085,,0.0
0.0,1336,flat,0,0.0,0.4,True,0.022981491063166822,0.032967525624141125,0.04192102932493126,0.012942249416011969,,0.011821042865024823,,0.0
0.0,1336,flat,1,0.2,0.4,True,0.04425968904323676,0.035611909003964076,0.04033203732730938,0.01685443513235536,,0.01682400966851784,,0.0
0.0,1336,flat,2,0.4,0.4,True,0.055444115211727346,0.0358490639828646,0.06480451070744793,0.015464957107112168,,0.014658031190418648,,0.0
0.0,1336,flat,3,0.6,0.4,False,0.12967715555167503,0.1478661874486013,0.16031648216945876,0.02478678254367188,,0.024013143699543413,,0.0
0.0,1352,flat,0,0.0,0.4,True,0.015865346927279745,0.02834262984998971,0.02345326476032087,0.010662632242857958,,0.01019287415364203,,0.0
0.0,1352,flat,1,0.2,0.4,True,0.022735009435265043,0.027467132456527966,0.0341356986774109,0.01581335005675383,,0.016850151159793814,,0.0
0.0,1352,flat,2,0.4,0.4,True,0.04642186357759908,0.06688375121631682,0.09305508997068829,0.02278809301552675,,0.022739616453324302,,0.0
0.0,1352,flat,3,0.6,0.4,False,0.15023232729690952,0.13229770538976585,0.13612266319728014,0.021505667734630154,,0.018952446783483255,,0.0
0.0,1368,flat,0,0.0,0.4,True,0.033797901590468075,0.02973531966255017,0.022345655598793028,0.01261225637619551,,0.013724669839827178,,0.0
0.0,1368,flat,1,0.2,0.4,True,0.0347203918886337,0.045341704200743814,0.045399141573103576,0.013978372655835004,,0.014484562094407192,,0.0
0.0,1368,flat,2,0.4,0.4,True,0.07945970790712907,0.06825861209260896,0.07478425427442532,0.018094930248387042,,0.017842655726755557,,0.0
0.0,1368,flat,3,0.6,0.4,False,0.15099965402558804,0.1581278273791234,0.1395507988529458,0.02370438421553475,,0.022458349169798233,,0.0
0.0,1384,flat,0,0.0,0.4,True,0.01538197554440485,0.01378005026754165,0.024780961447850674,0.011288235516452617,,0.01097029471317465,,0.0
0.0,1384,flat,1,0.2,0.4,True,0.014338906022111497,0.02389981259101817,0.03659873335202845,0.015788595862944454,,0.01679038729897581,,0.0
0.0,1384,flat,2,0.4,0.4,True,0.080573183298416,0.0646981075686529,0.06673429099112511,0.0218458921620011,,0.021761222266914036,,0.0
0.0,1384,flat,3,0.6,0.4,False,0.18851555463547995,0.18018325696245507,0.1584570555436106,0.02494149056802571,,0.025545467282816228,,0.0
0.0,1000,scm,0,0.0,0.4,True,0.0250110881642062,0.024460570835116366,0.022618978492601634,0.020878786344137736,0.04204901905089959,0.02053770563099866,0.04175826121193738,0.0
0.0,1000,scm,1,0.2,0.4,True,0.02884655275197278,0.02873536337877818,0.03170829246501881,0.030502150594243705,0.0307043289415007,0.03005397758312825,0.02907336801887597,0.0
0.0,1000,scm,2,0.4,0.4,True,0.07125733017454673,0.06250083834806774,0.06141285312175693,0.037553704081639286,0.01659401460127646,0.035001799924051474,0.01548143599413297,0.0
0.0,1000,scm,3,0.6,0.4,False,0.23293939047181378,0.20233190527391726,0.23408497007168905,0.0534683599165309,0.006481544290363694,0.05276342217100684,0.006137425044219109,0.0
0.0,1016,scm,0,0.0,0.4,True,0.020248308403411203,0.02773244736580288,0.017925719606575508,0.02252771690635815,0.04065581440206267,0.020746302756447593,0.04188200290474154,0.0
0.0,1016,scm,1,0.2,0.4,True,0.030265370632410974,0.02856112243618144,0.025187315079137875,0.02915381196694751,0.029908929149235,0.029617095030817144,0.03197720444783074,0.0
0.0,1016,scm,2,0.4,0.4,True,0.08066102099388658,0.06543547755796457,0.08141394763359475,0.04133744449619186,0.01590643147500545,0.04056003075720849,0.016259925820765565,0.0
0.0,1016,scm,3,0.6,0.4,False,0.22932606627654475,0.24120311654143547,0.231344432389766,0.044204244502861326,0.0065040991254098,0.04427562170758571,0.0068654789446421635,0.0
0.0,1032,scm,0,0.0,0.4,True,0.029432172706148257,0.022642134150798778,0.019643078579821463,0.01933321887317279,0.04071811037909574,0.01894110827160398,0.04034373147789897,0.0
0.0,1032,scm,1,0.2,0.4,True,0.03660946020712984,0.03052398908636747,0.026013777917083782,0.027355453097400652,0.03674474786819313,0.027146232852347907,0.03617957701190019,0.0
0.0,1032,scm,2,0.4,0.4,True,0.06756263141704703,0.06083045160679827,0.09470629198243943,0.04643715308627569,0.02334601002440851,0.04507805306526187,0.02120095234870387,0.0
0.0,1032,scm,3,0.6,0.4,False,0.23630692191386807,0.19641637529916017,0.27385917654052083,0.05781351583356868,0.00774953220352306,0.05628110995668325,0.005611032547071845,0.0
0.0,1048,scm,0,0.0,0.4,True,0.02536677974714431,0.025350081266373822,0.03692949090474371,0.020992159008291086,0.04019769973065283,0.019751801575167142,0.04133556523023316,0.0
0.0,1048,scm,1,0.2,0.4,True,0.039276453847173314,0.050318083890636287,0.03341177678314686,0.030460319458862087,0.03263148513481928,0.030712018020263066,0.03398806578177158,0.0
0.0,1048,scm,2,0.4,0.4,True,0.09266587439619253,0.0857391818328716,0.09146385741474242,0.04400816576394871,0.017647162402362807,0.042006382455610884,0.01815433070258269,0.0
0.0,1048,scm,3,0.6,0.4,False,0.26911883325886454,0.26466065758123786,0.19566733833128644,0.04955485734954773,0.0015545585162358947,0.04807946755107833,0.0020312768516360714,0.0
0.0,1064,scm,0,0.0,0.2,True,0.018687201036737617,0.018217311508348762,0.016966073386987097,0.017994393767510757,0.04202318200810399,0.020064239340376253,0.04174426434662767,0.0
0.0,1064,scm,1,0.2,0.2,True,0.05273984169849079,0.054384022907493106,0.051318502060178434,0.030159052548607377,0.0264334370969401,0.030064106667333272,0.025061824400476034,0.0
0.0,1064,scm,2,0.4,0.2,False,0.1225958041362174,0.1154099996781085,0.12397979173448226,0.044913120407332946,0.014893902413518085,0.042276430593766415,0.01767561155421723,0.0
0.0,1080,scm,0,0.0,0.4,True,0.024943588555409995,0.03223885057514014,0.030248972950056064,0.016638865847715602,0.04206461030375096,0.016880980840485553,0.04153944849747523,0.0
0.0,1080,scm,1,0.2,0.4,True,0.0737851732065807,0.07656583799985577,0.05774994780488196,0.029854215497344072,0.026317604692549065,0.0296437454706778,0.025047703830560125,0.0
0.0,1080,scm,2,0.4,0.4,True,0.09591561923885712,0.08761585113308407,0.1011402481577599,0.041844977928143706,0.019796357056905873,0.043780710014496425,0.020843118195295312,0.0
0.0,1080,scm,3,0.6,0.4,False,0.2607844912955183,0.25423959842426375,0.24190532230009446,0.05135968637333263,0.006173383780534823,0.05059524196292345,0.005504130470878731,0.0
0.0,1096,scm,0,0.0,0.4,True,0.023564913651841508,0.02019561297015347,0.019408038033231764,0.021609804653891083,0.04430487427529209,0.02016479647114467,0.04377248770674166,0.0
0.0,1096,scm,1,0.2,0.4,True,0.028153804513273296,0.025947287992989006,0.035869689903130185,0.027997824714140567,0.032469731155957485,0.02791893398865855,0.032878769742895525,0.0
0.0,1096,scm,2,0.4,0.4,True,0.10342785192421917,0.08707185939368935,0.1330956144319266,0.04465041213355152,0.020377558646050647,0.042453372052608754,0.01992327927028198,0.0
0.0,1096,scm,3,0.6,0.4,False,0.24718951593681035,0.24647688813784016,0.2314835197274342,0.051348786381215206,0.0029963910371142606,0.05106399105828603,0.0041141126879345544,0.0
0.0,1112,scm,0,0.0,0.2,True,0.020602314896975015,0.01339345005209632,0.027982191061444,0.018717539139370482,0.043335277195329244,0.01863955419613105,0.042678994017130316,0.0
0.0,1112,scm,1,0.2,0.2,True,0.02886645292436885,0.027408549248281063,0.04402055342826176,0.02569654356413028,0.02880891360759035,0.024981049173452376,0.02986223651903849,0.0
0.0,1112,scm,2,0.4,0.2,False,0.13372728950698354,0.12774332678289518,0.11367710879820009,0.043171032941166004,0.01646905160461617,0.04209537559722301,0.017296076897737114,0.0
0.0,1128,scm,0,0.0,0.4,True,0.03962235272440683,0.04480849642192227,0.023283357350940823,0.014498401669935537,0.04141476165471779,0.013310030519088712,0.04029502769601692,0.0
0.0,1128,scm,1,0.2,0.4,True,0.024869748891841036,0.04035094248754997,0.03714629576357781,0.028414350617689467,0.033573363603015036,0.028925201519228835,0.034310925278559966,0.0
0.0,1128,scm,2,0.4,0.4,True,0.0962400109539388,0.09040268259833063,0.12875488464618262,0.04284990443990777,0.017026577177034093,0.04368401065662743,0.01604478902034044,0.0
0.0,1128,scm,3,0.6,0.4,False,0.24478370387766918,0.20048189757514182,0.23091033408487785,0.046920444282447786,0.005258919278101793,0.04716795480220576,0.003816159096570262,0.0
0.0,1144,scm,0,0.0,0.4,True,0.027105878894394454,0.04445829903236669,0.014398135719359096,0.017490568168031836,0.043768315824562413,0.017230170330476777,0.04193825643301591,0.0
0.0,1144,scm,1,0.2,0.4,True,0.041855878734121416,0.045041027794758125,0.0456319899534448,0.02329024395271382,0.03626316073462995,0.028768188913971225,0.03606118253464049,0.0
0.0,1144,scm,2,0.4,0.4,True,0.0850952930033147,0.06886066176821723,0.12519649484201065,0.04706496741084713,0.021202972654436207,0.045632725786553446,0.02058886306540657,0.0
0.0,1144,scm,3,0.6,0.4,False,0.2554744129407209,0.2274306097191952,0.2153752257031713,0.05124445967848111,0.005538178678949746,0.049795059284332324,0.005129281556597206,0.0
0.0,1160,scm,0,0.0,0.2,True,0.027812458102742986,0.02750614155206701,0.03710848163390884,0.02079648426817368,0.03723814857299813,0.022328448180471222,0.038051415815978526,0.0
0.0,1160,scm,1,0.2,0.2,True,0.031633108343698105,0.02962581653951943,0.04452233820657186,0.03324549538521595,0.035392839358342296,0.032656825690559665,0.034594290279660524,0.0
0.0,1160,scm,2,0.4,0.2,False,0.13366119147160477,0.11284474063483542,0.10702364033359701,0.04325347427710841,0.015047429147151866,0.04292660344394184,0.013237472304990918,0.0
0.0,1176,scm,0,0.0,0.2,True,0.04368317870862235,0.061324768463967935,0.016800772949131022,0.020102986954484592,0.03802204132185092,0.020751518699439808,0.03674763950936808,0.0
0.0,1176,scm,1,0.2,0.2,True,0.04808597564706252,0.04210112378354335,0.03225369264202418,0.026880403947544942,0.035580505741740244,0.027031016904893092,0.03475027391235528,0.0
0.0,1176,scm,2,0.4,0.2,False,0.12882644219686973,0.11969175412186811,0.14537897844730424,0.04296917717473456,0.017916621025201484,0.04148272842615959,0.015214524953154934,0.0
0.0,1192,scm,0,0.0,0.4,True,0.020578841813727194,0.01973111780278883,0.03812530234883309,0.021270819696697082,0.041850799476792946,0.021912799369233807,0.04091430635004725,0.0
0.0,1192,scm,1,0.2,0.4,True,0.055272818552830096,0.05309747280072332,0.05613125196378906,0.03307524120920628,0.03198356298547821,0.03403853257778477,0.03153681038989911,0.0
0.0,1192,scm,2,0.4,0.4,True,0.09721216779739648,0.09567949108378576,0.09508856704745153,0.03740038721114814,0.012501745452300676,0.03508553615578263,0.01287793872047207,0.0
0.0,1192,scm,3,0.6,0.4,False,0.27338023884308266,0.2506941205307315,0.24173366124704318,0.04839222475817046,0.0030665665566100976,0.046784244188930124,0.003671965864295201,0.0
0.0,1208,scm,0,0.0,0.2,True,0.043230911975781404,0.04363027832187955,0.025482114530530824,0.01898487207678183,0.03932647602328957,0.018672423769712822,0.040113144838325204,0.0
0.0,1208,scm,1,0.2,0.2,True,0.03253972470708512,0.03736409624200933,0.04063046439739886,0.030269485781879144,0.0311160527469758,0.03063743593490338,0.03281398893359686,0.0
0.0,1208,scm,2,0.4,0.2,False,0.12592701920042962,0.10770414180904768,0.13019972834744456,0.04097858856508112,0.019262929269123034,0.03885492230346511,0.017973740596409434,0.0
0.0,1224,scm,0,0.0,0.4,True,0.02274364581906273,0.02564922992144584,0.020938163158834556,0.015972176093666662,0.038562736398892405,0.015014583547030409,0.04081342992453301,0.0
0.0,1224,scm,1,0.2,0.4,True,0.05126085871831478,0.060903444809499295,0.0496173964337172,0.028727551749344195,0.027353261196817556,0.029542620858769165,0.02717051241369093,0.0
0.0,1224,scm,2,0.4,0.4,True,0.07806096380381214,0.07256073314185027,0.08736922892291672,0.04156980991014938,0.015441504816570454,0.040553698268614755,0.015117953472362658,0.0
0.0,1224,scm,3,0.6,0.4,False,0.23922619179887492,0.2159784106838318,0.21398716997838693,0.050036692819468584,0.005083894152877573,0.048870183419645094,0.003415146289968289,0.0
0.0,1240,scm,0,0.0,0.4,True,0.012585171935967707,0.018112590836338566,0.02962186668917231,0.019509150969885244,0.04288957458699626,0.018389271365587833,0.043165620962059004,0.0
0.0,1240,scm,1,0.2,0.4,True,0.03650434937184356,0.02453479349340299,0.04775712712999001,0.02763078219249851,0.032949549733376084,0.028126086257240425,0.03206960907152716,0.0
0.0,1240,scm,2,0.4,0.4,True,0.08545893245529758,0.08808714997354178,0.10935818268790795,0.03918227602707276,0.023923135862469906,0.039169418906566736,0.022012940529828814,0.0
0.0,1240,scm,3,0.6,0.4,False,0.2385596942327896,0.19377109795782133,0.26747629498953035,0.047751507790839226,0.004826487369543272,0.04761131331530879,0.0041947234673352695,0.0
0.0,1256,scm,0,0.0,0.2,True,0.026995806836775264,0.027954565603563873,0.025328465007444134,0.016380137264625852,0.043015735088085795,0.01591768700832705,0.04384601062344263,0.0
0.0,1256,scm,1,0.2,0.2,True,0.04629455154576698,0.04433546371647834,0.04244678905619237,0.029118794898779048,0.03133539767626846,0.02873952526675157,0.03263892970296461,0.0
0.0,1256,scm,2,0.4,0.2,False,0.13003681875283157,0.10133709287762867,0.10691330687782613,0.04397961175426253,0.013892339139039351,0.04544328198533411,0.015110293742367402,0.0
0.0,1272,scm,0,0.0,0.4,True,0.017987577094285282,0.01533700998995812,0.027064864244374796,0.01908709668708246,0.039907505780710374,0.021040291626211162,0.04054025242284834,0.0
0.0,1272,scm,1,0.2,0.4,True,0.03556809843800843,0.03341257583987215,0.04465932958318883,0.02934208965106714,0.029338129590834608,0.030771917427138,0.030919502918670457,0.0
0.0,1272,scm,2,0.4,0.4,True,0.1043383469304566,0.08686742544416845,0.08204083849403354,0.04343693513548279,0.02072246874606962,0.040741117690801916,0.020371151290536595,0.0
0.0,1272,scm,3,0.6,0.4,False,0.24430477858815114,0.1986343086147919,0.21586941908886956,0.047539413379972785,0.0027181511096669134,0.04657289315394189,0.0013509704732428947,0.0
0.0,1288,scm,0,0.0,0.4,True,0.03233742358781752,0.0394282233679837,0.023913659859335492,0.018271428524194482,0.0447991253621368,0.01728961876235901,0.044518648051105864,0.0
0.0,1288,scm,1,0.2,0.4,True,0.014956719722622186,0.045847723079469486,0.025648805210618637,0.02781900985262468,0.03413704141429567,0.028502003939327045,0.03527536650845533,0.0
0.0,1288,scm,2,0.4,0.4,True,0.06591453856116165,0.06582544028167214,0.09913233532279897,0.03861579099659761,0.018529095212036197,0.03868547218350169,0.018011229048672264,0.0
0.0,1288,scm,3,0.6,0.4,False,0.24220992472615635,0.21852023959455943,0.18809588875619768,0.04714022139698612,0.00529097300828678,0.04446514419115159,0.0008605107646025364,0.0
0.0,1304,scm,0,0.0,0.4,True,0.01750771625899796,0.0169981005994164,0.022616600874432256,0.02173114808504921,0.042644858880825844,0.022511328110566907,0.04408357317538279,0.0
0.0,1304,scm,1,0.2,0.4,True,0.03711294727418325,0.03598806554271793,0.025619128790612074,0.027814953926158497,0.031504402928859684,0.028573778184795274,0.03189897793901676,0.0
0.0,1304,scm,2,0.4,0.4,True,0.12421939862677474,0.09549375116471791,0.08836505469497029,0.04294922939848378,0.018175295987395555,0.04303244590030824,0.018635255211111423,0.0
0.0,1304,scm,3,0.6,0.4,False,0.21701833771233192,0.18906113861022514,0.24593123390478575,0.049603156761267905,0.005712568744490173,0.04878956710006632,0.006082039543332828,0.0
0.0,1320,scm,0,0.0,0.2,True,0.015366757812589976,0.019582552965528237,0.025705109630984116,0.01675164801655087,0.04225060421237937,0.015749312123171696,0.039719791692309936,0.0
0.0,1320,scm,1,0.2,0.2,True,0.043437671039420006,0.04158591665586018,0.04361947896986718,0.02611014681599242,0.03348114135245241,0.02502430277173301,0.03362662548166435,0.0
0.0,1320,scm,2,0.4,0.2,False,0.1217699278480862,0.11086884169788787,0.08399536662494558,0.043539389959372114,0.019034144236606824,0.0455236436573246,0.020520220158727506,0.0
0.0,1336,scm,0,0.0,0.4,True,0.017744514129462877,0.017231322945326102,0.03428125877713863,0.02107458557751738,0.04066340211159022,0.021595689423297607,0.041363930041846284,0.0
0.0,1336,scm,1,0.2,0.4,True,0.05550876583927345,0.052405328465688884,0.051326709822068065,0.03327846316239176,0.03175145572559245,0.033947470533750176,0.02982381363929761,0.0
0.0,1336,scm,2,0.4,0.4,True,0.08603649600987236,0.06015539129085214,0.0940809586884946,0.04102245463016431,0.019649707397617264,0.041804918885123166,0.020420598327134304,0.0
0.0,1336,scm,3,0.6,0.4,False,0.26602058001592127,0.24606964686137878,0.27346352535074553,0.04680804237661719,0.002599904776429317,0.0459219132437182,0.000801593843953284,0.0
0.0,1352,scm,0,0.0,0.4,True,0.009330408846468278,0.014582424828306021,0.015228170796505836,0.01808026546926371,0.0437953667638039,0.018951022130857597,0.041986618988493055,0.0
0.0,1352,scm,1,0.2,0.4,True,0.036047144880787044,0.031365079501405414,0.048869183558783384,0.033628125170340556,0.02964009153131718,0.03299297328824262,0.029459940358639674,0.0
0.0,1352,scm,2,0.4,0.4,True,0.11107695273850285,0.08986153793300747,0.12446129988362964,0.0507495860827996,0.021465628942063653,0.04985392106078218,0.01991396537268899,0.0
0.0,1352,scm,3,0.6,0.4,False,0.20284450052664635,0.18061406660044724,0.22859068271658717,0.046155302167263185,0.005456843552660673,0.04534838532825479,0.005422179902231454,0.0
0.0,1368,scm,0,0.0,0.4,True,0.036815923668859295,0.04495019822347834,0.04030125184873541,0.020062222829044615,0.0443733585239725,0.02053799106711142,0.045025125847683915,0.0
0.0,1368,scm,1,0.2,0.4,True,0.015320482840996064,0.032502721317186394,0.024043692865832442,0.0271015207233292,0.033225725956603246,0.027128393843173438,0.03303887814457545,0.0
0.0,1368,scm,2,0.4,0.4,True,0.09337546565499637,0.09510423949062093,0.11817000614981149,0.03565156848419277,0.020313552196236907,0.04047660196075829,0.019440022495311588,0.0
0.0,1368,scm,3,0.6,0.4,False,0.2880966878716874,0.2748156711411155,0.2109707322837849,0.049362175487079704,0.001843667514364187,0.04644152166908919,0.0019049661969044365,0.0
0.0,1384,scm,0,0.0,0.4,True,0.025588284023399122,0.0287876977780311,0.0358583876336599,0.019204852250335684,0.038832802685194616,0.018802996481979962,0.039937639479215394,0.0
0.0,1384,scm,1,0.2,0.4,True,0.03994484032882957,0.03441776389865409,0.059391396043612946,0.031182206020506004,0.03315426401188777,0.03279734995963687,0.03236032616939987,0.0
0.0,1384,scm,2,0.4,0.4,True,0.09320552495834808,0.08482389193669154,0.141896752808739,0.0390383683614653,0.018552912742776755,0.04060229584278002,0.016806512476542038,0.0
0.0,1384,scm,3,0.6,0.4,False,0.19832171352370975,0.18222573230887398,0.2239642238135551,0.04859839032186475,0.00784872541329586,0.04686207910161687,0.0062687895475405896,0.0
0.2,1000,flat,0,0.0,0.4,True,0.021662068321773722,0.028877605230278908,0.018328043335407045,0.01329498887915494,,0.01269808959648204,,0.0
0.2,1000,flat,1,0.2,0.4,True,0.0435310142984293,0.04135551802242811,0.041321019173519276,0.019164777004935213,,0.01857472416395373,,0.0
0.2,1000,flat,2,0.4,0.4,True,0.06975263163508498,0.0584461216941915,0.0626965945304073,0.027338410742077143,,0.02668116631826889,,0.0
0.2,1000,flat,3,0.6,0.4,False,0.19597555346129247,0.13556878965311148,0.1903612736192093,0.029816511014733395,,0.02734264889707009,,0.0
0.2,1016,flat,0,0.0,0.4,True,0.015722441774658293,0.02389993071217072,0.029533020455793736,0.008079370941355381,,0.008625197750328252,,0.0
0.2,1016,flat,1,0.2,0.4,True,0.06382380663859498,0.06928421545822404,0.0552157392432533,0.016878449675316848,,0.016719018211928286,,0.0
0.2,1016,flat,2,0.4,0.4,True,0.06427658190212117,0.04224358746862038,0.058149126750592736,0.023680151574451136,,0.01911507125808312,,0.0
0.2,1016,flat,3,0.6,0.4,False,0.1976441555002849,0.15879487476165016,0.17269524333863268,0.026460484761364842,,0.02692620852674434,,0.0
0.2,1032,flat,0,0.0,0.4,True,0.033465088051499926,0.02953785633626975,0.03137033333394861,0.008944658131340166,,0.009350981904246575,,0.0
0.2,1032,flat,1,0.2,0.4,True,0.04492042815285077,0.038995399158301414,0.04260481528677613,0.014409319040207633,,0.015102011918451043,,0.0
0.2,1032,flat,2,0.4,0.4,True,0.049637078012136446,0.03726990142423827,0.07214351343310368,0.020960094292734315,,0.019147790193282905,,0.0
0.2,1032,flat,3,0.6,0.4,False,0.16906483661843766,0.1480888797717428,0.13575170061963168,0.024452345961735927,,0.02326531090466566,,0.0
0.2,1048,flat,0,0.0,0.4,True,0.02122979174149086,0.018792355682045483,0.0327220234500998,0.008376690802326486,,0.00882685858913811,,0.0
0.2,1048,flat,1,0.2,0.4,True,0.041264614902159415,0.04018752117270906,0.0500799289778917,0.017702774028154657,,0.018242482855145167,,0.0
0.2,1048,flat,2,0.4,0.4,True,0.09762044052977775,0.07216745760201704,0.08018130265680395,0.02376341291933825,,0.022415006508560945,,0.0
0.2,1048,flat,3,0.6,0.4,False,0.15489791117480048,0.16498547884211537,0.1278786950843779,0.022456252609833242,,0.020717829672454037,,0.0
0.2,1064,flat,0,0.0,0.4,True,0.01642321034038646,0.022054571204575237,0.027650937083584126,0.009819705198950642,,0.008154636726249997,,0.0
0.2,1064,flat,1,0.2,0.4,True,0.0492376740921596,0.050562204014789044,0.05637782298867483,0.015234527190952373,,0.01574179489255164,,0.0
0.2,1064,flat,2,0.4,0.4,True,0.08689850330484065,0.08192368499077503,0.07828084956337496,0.023004516178220143,,0.02257414378951131,,0.0
0.2,1064,flat,3,0.6,0.4,False,0.1931434320665013,0.14803166696070527,0.20716503240049441,0.02842367757212866,,0.028005399196118323,,0.0
0.2,1080,flat,0,0.0,0.6,True,0.027938411865455082,0.03660656192824721,0.030006527494474033,0.008351547741951045,,0.008777035819950981,,0.0
0.2,1080,flat,1,0.2,0.6,True,0.031135374652455236,0.01884895520611454,0.026685962974890808,0.01672828537816666,,0.0171991020805713,,0.0
0.2,1080,flat,2,0.4,0.6,True,0.08655245397173551,0.07612175784030217,0.08364500644189635,0.024008649676228826,,0.02359839680398993,,0.0
0.2,1080,flat,3,0.6,0.6,True,0.1575027818740765,0.09953768431432736,0.12528890075209959,0.02784305739773077,,0.02803199699014229,,0.0
0.2,1080,flat,4,0.8,0.6,False,0.24719430933773479,0.2423347747938438,0.18424398565980726,0.026818811214144846,,0.02704002178056547,,0.0
0.2,1096,flat,0,0.0,0.4,True,0.0367384985238253,0.03034816428432973,0.026667700025145964,0.01174222225822006,,0.013477836419461275,,0.0
0.2,1096,flat,1,0.2,0.4,True,0.04012635932899402,0.032074310397629514,0.04313970844073264,0.018028871883197174,,0.019074772970658387,,0.0
0.2,1096,flat,2,0.4,0.4,True,0.046714899079503096,0.05144629289184653,0.10028620395394858,0.022137419364683775,,0.02334272205076294,,0.0
0.2,1096,flat,3,0.6,0.4,False,0.1766084353947275,0.17347199473756786,0.16392354625485198,0.021862370954872243,,0.02030231579437477,,0.0
0.2,1112,flat,0,0.0,0.4,True,0.03926712545081082,0.03837887705164342,0.019955975240267796,0.01146169560070588,,0.0100655193415659,,0.0
0.2,1112,flat,1,0.2,0.4,True,0.04333865602569902,0.04158656300317686,0.05126534326041059,0.01819568636876396,,0.016442483588444606,,0.0
0.2,1112,flat,2,0.4,0.4,True,0.05614038614989736,0.05780238485587697,0.07108681530535205,0.019906560455166235,,0.019239258223532892,,0.0
0.2,1112,flat,3,0.6,0.4,False,0.11891131333736157,0.12112037397569989,0.1572724586804751,0.021096526399365205,,0.020327077672267477,,0.0
0.2,1128,flat,0,0.0,0.4,True,0.030183292074257913,0.024184145848487007,0.046281076610357394,0.010969195335566256,,0.011142484453459025,,0.0
0.2,1128,flat,1,0.2,0.4,True,0.03232879233615724,0.029492733572168604,0.010706819144339437,0.016825347616381953,,0.016642179981492138,,0.0
0.2,1128,flat,2,0.4,0.4,True,0.08162868162132432,0.0853234389416459,0.06246056181716021,0.023862155518103334,,0.026545783778288663,,0.0
0.2,1128,flat,3,0.6,0.4,False,0.19294246479508528,0.19476181410378765,0.1829537491995769,0.025946551168453128,,0.02434370149230465,,0.0
0.2,1144,flat,0,0.0,0.4,True,0.02416268193453398,0.026994428715549204,0.021911432096262593,0.01253599129366667,,0.012222007833630836,,0.0
0.2,1144,flat,1,0.2,0.4,True,0.04943513886522949,0.056720970350885844,0.042846185954482675,0.01704903303172317,,0.015230868218229412,,0.0
0.2,1144,flat,2,0.4,0.4,True,0.08568292006374156,0.06905303072705007,0.04170083011676988,0.01633922664239152,,0.015562723878716033,,0.0
0.2,1144,flat,3,0.6,0.4,False,0.17807202736184385,0.16047194403414616,0.1905042281816406,0.03199774069391463,,0.030153970210062404,,0.0
0.2,1160,flat,0,0.0,0.2,True,0.022917172502288415,0.029945098017229138,0.008485400239256492,0.013347115371831347,,0.013402355554093175,,0.0
0.2,1160,flat,1,0.2,0.2,True,0.028771165767286368,0.022470142111519115,0.038165766696592364,0.015430808118456834,,0.013919470332418476,,0.0
0.2,1160,flat,2,0.4,0.2,False,0.1276346756027519,0.11437339448912516,0.05040354438739953,0.014831590099468377,,0.012878492318130742,,0.0
0.2,1176,flat,0,0.0,0.2,True,0.044672697901323014,0.03938000085589837,0.04183644905294717,0.012470525289324269,,0.01487169583544513,,0.0
0.2,1176,flat,1,0.2,0.2,True,0.023727445787497775,0.023542378111480865,0.042330666195352806,0.013984064410580282,,0.011745825355260678,,0.0
0.2,1176,flat,2,0.4,0.2,False,0.10315189016713003,0.10110074849996127,0.12949504018039318,0.02571149334819999,,0.02727217729419721,,0.0
0.2,1192,flat,0,0.0,0.4,True,0.02193189840799808,0.02372772916021388,0.04354779609052803,0.012928482504364503,,0.009240908373184227,,0.0
0.2,1192,flat,1,0.2,0.4,True,0.022301719299080515,0.022641615864251948,0.06422410601123218,0.01872532655621633,,0.01722491023779259,,0.0
0.2,1192,flat,2,0.4,0.4,True,0.050407310928449287,0.04196135294782088,0.043742834197410145,0.01943395034590316,,0.021045207303593425,,0.0
0.2,1192,flat,3,0.6,0.4,False,0.17505743042262895,0.1361454446755338,0.15748895393365359,0.02066146993173404,,0.020586981804043503,,0.0
0.2,1208,flat,0,0.0,0.4,True,0.05101411469436556,0.0418665462654961,0.026779739982962323,0.01033087387037037,,0.010041561329672793,,0.0
0.2,1208,flat,1,0.2,0.4,True,0.052355368040690686,0.052117071643402124,0.02290585585221648,0.017985582822044568,,0.017821627737977658,,0.0
0.2,1208,flat,2,0.4,0.4,True,0.06783322965634211,0.08837965367048814,0.07889156340673704,0.02122844086713363,,0.019949559397562877,,0.0
0.2,1208,flat,3,0.6,0.4,False,0.16849232194039113,0.15327129036716297,0.1344867792305021,0.025800599180468863,,0.026112523787186558,,0.0
0.2,1224,flat,0,0.0,0.4,True,0.01768374754587236,0.026982215849595186,0.033270220870727875,0.008079630290148439,,0.006500020131771171,,0.0
0.2,1224,flat,1,0.2,0.4,True,0.023830567138348184,0.023062023999397316,0.01924954046023113,0.017231910811203524,,0.017001021579664585,,0.0
0.2,1224,flat,2,0.4,0.4,True,0.061025349798684764,0.05945623214336614,0.06861128803961557,0.019948699175365285,,0.02049400151806633,,0.0
0.2,1224,flat,3,0.6,0.4,False,0.15330794905852477,0.12397329942491604,0.16320790739262053,0.023068175264024618,,0.02205715144461258,,0.0
0.2,1240,flat,0,0.0,0.4,True,0.030883132808873705,0.02825073834018628,0.03428331334074898,0.006507296767594382,,0.0081654881238203,,0.0
0.2,1240,flat,1,0.2,0.4,True,0.04109787717572507,0.041790291697475286,0.042447236963654905,0.020571181228916068,,0.021003403013686993,,0.0
0.2,1240,flat,2,0.4,0.4,True,0.047849490320905644,0.07546474636246026,0.03563334720080611,0.01829058860631669,,0.016526213450757297,,0.0
0.2,1240,flat,3,0.6,0.4,False,0.18878214505478258,0.14342058238115774,0.16204221619759196,0.023993365735693405,,0.024634830454884217,,0.0
0.2,1256,flat,0,0.0,0.4,True,0.018048179318800442,0.012573684281850723,0.02866762880301306,0.008442612079046102,,0.008277048491277096,,0.0
0.2,1256,flat,1,0.2,0.4,True,0.035810167043315355,0.045296364577725116,0.030600528740047477,0.016216382894550317,,0.01694602227011159,,0.0
0.2,1256,flat,2,0.4,0.4,True,0.07310170033077881,0.06893816063932404,0.07203006905191037,0.026705490476462042,,0.026247612716009967,,0.0
0.2,1256,flat,3,0.6,0.4,False,0.13503641005631717,0.12377005577228391,0.17270639135705518,0.025572156709043475,,0.024075841828210362,,0.0
0.2,1272,flat,0,0.0,0.4,True,0.02389569037854445,0.022039844606770102,0.03174322564101656,0.009688720702390342,,0.009953455140633454,,0.0
0.2,1272,flat,1,0.2,0.4,True,0.020473680706584636,0.03521892769320247,0.053976007637002416,0.01619710424538022,,0.016745498484202544,,0.0
0.2,1272,flat,2,0.4,0.4,True,0.10160896353717881,0.06751903564307962,0.09353905944306704,0.02485610470108423,,0.023018482455138187,,0.0
0.2,1272,flat,3,0.6,0.4,False,0.17302377984299666,0.1691261996984263,0.17061788208481152,0.02217789059166564,,0.022580880544477253,,0.0
0.2,1288,flat,0,0.0,0.4,True,0.01800953647492388,0.01304011709380404,0.028045444139399505,0.011936477901711744,,0.011701194482827122,,0.0
0.2,1288,flat,1,0.2,0.4,True,0.032705229234880964,0.0289563984555043,0.04156376799737431,0.018956542941466342,,0.02020280821970543,,0.0
0.2,1288,flat,2,0.4,0.4,True,0.08016387873270767,0.09179200932850007,0.07729365855286305,0.024995595101611534,,0.024957790634456835,,0.0
0.2,1288,flat,3,0.6,0.4,False,0.1529479584822076,0.11486217460280382,0.17557465290210594,0.025878208056301626,,0.026161842602995797,,0.0
0.2,1304,flat,0,0.0,0.4,True,0.039546298237911226,0.04280273264101509,0.018491232382621504,0.009114966926109275,,0.008133872243641285,,0.0
0.2,1304,flat,1,0.2,0.4,True,0.025470001408230577,0.057983468451285596,0.020791070094451105,0.01658738041244588,,0.019215148557128928,,0.0
0.2,1304,flat,2,0.4,0.4,True,0.09623575124089316,0.07257446603895724,0.10542072572041565,0.024874112155868922,,0.023402966893740336,,0.0
0.2,1304,flat,3,0.6,0.4,False,0.1853033637167012,0.1771982179074857,0.1493245747828379,0.02792010890350525,,0.027434521844142214,,0.0
0.2,1320,flat,0,0.0,0.4,True,0.04538169156805426,0.0388063662925944,0.03149644351095127,0.010447945592593658,,0.006914379769252505,,0.0
0.2,1320,flat,1,0.2,0.4,True,0.03532472217287016,0.029106962690407114,0.02294244778642357,0.01793532944053921,,0.017733078966057657,,0.0
0.2,1320,flat,2,0.4,0.4,True,0.10302717520618758,0.09360870267142514,0.08109620932004079,0.021910087822101097,,0.02071042995736055,,0.0
0.2,1320,flat,3,0.6,0.4,False,0.13011134224545032,0.1418786443039003,0.1336059807646028,0.021891284204168162,,0.020254367025993914,,0.0
0.2,1336,flat,0,0.0,0.6,True,0.025242791846617107,0.012417730073645942,0.028703892872664744,0.013020279984069613,,0.01320288604546898,,0.0
0.2,1336,flat,1,0.2,0.6,True,0.048241634416791,0.04394011914354937,0.041939533734896076,0.0174621364432838,,0.018655990481014822,,0.0
0.2,1336,flat,2,0.4,0.6,True,0.0560569670795942,0.057076786946602655,0.08179900593118598,0.01637402896289831,,0.016634693097502578,,0.0
0.2,1336,flat,3,0.6,0.6,True,0.12275342361511818,0.09798080673054621,0.11561349619226342,0.026342097842879147,,0.025194712523523274,,0.0
0.2,1336,flat,4,0.8,0.6,False,0.20865756530369317,0.20564926714215304,0.21000033435907825,0.021215268278698466,,0.020428893976197564,,0.0
0.2,1352,flat,0,0.0,0.4,True,0.024223026693417027,0.029813798553248068,0.02998219012821121,0.012101986232822316,,0.010641678510005942,,0.0
0.2,1352,flat,1,0.2,0.4,True,0.02248453666141228,0.01332866221286087,0.052852008724474264,0.017098094592165096,,0.016399068783764355,,0.0
0.2,1352,flat,2,0.4,0.4,True,0.07808097589643241,0.06351476142349291,0.06824405883526433,0.024075863928895262,,0.019630111830954727,,0.0
0.2,1352,flat,3,0.6,0.4,False,0.16604520428090988,0.15207294338820443,0.1478912885178309,0.025676344112464063,,0.02469884937926084,,0.0
0.2,1368,flat,0,0.0,0.4,True,0.02356972996676628,0.01415132606970473,0.02141991481248334,0.012786199333604361,,0.012457515969062288,,0.0
0.2,1368,flat,1,0.2,0.4,True,0.026365736784975103,0.025362552976266314,0.03349624787554141,0.014893800088131445,,0.014599494314271428,,0.0
0.2,1368,flat,2,0.4,0.4,True,0.08517527535600367,0.060934816071376394,0.0580528608869284,0.020853240162482665,,0.01968355235555416,,0.0
0.2,1368,flat,3,0.6,0.4,False,0.1525676707598914,0.14299019764735682,0.16758064017213947,0.022227578217575608,,0.02044519976944885,,0.0
0.2,1384,flat,0,0.0,0.4,True,0.020470559429267135,0.025774281026079704,0.018188609454373224,0.013064545094742044,,0.01153876495134167,,0.0
0.2,1384,flat,1,0.2,0.4,True,0.029178791413356685,0.03528823095068468,0.02404592852905971,0.016393017892876456,,0.0161429600917332,,0.0
0.2,1384,flat,2,0.4,0.4,True,0.06677610087963456,0.046182976527375526,0.07141099476979955,0.01957564798029668,,0.020638013330472268,,0.0
0.2,1384,flat,3,0.6,0.4,False,0.15751909316948887,0.15855185800089042,0.1863774393058102,0.02542660768888364,,0.025573143033935087,,0.0
0.2,1000,scm,0,0.0,0.4,True,0.024193478192550834,0.015109068759232158,0.024800653492264357,0.018345705295095306,0.04272898909599032,0.018675221009278938,0.04323786541828094,0.0
0.2,1000,scm,1,0.2,0.4,True,0.032938266227729024,0.042122052006785635,0.031211990570625247,0.03106015046730513,0.029295830899092948,0.02978573619313045,0.02798335944152637,0.0
0.2,1000,scm,2,0.4,0.4,True,0.06249056403509406,0.06838589910252772,0.10263822107238024,0.03739858762033757,0.014638950084074816,0.03657680554470345,0.015576817434202904,0.0
0.2,1000,scm,3,0.6,0.4,False,0.2412558910027058,0.24482269590875566,0.24293168007982358,0.05195451099609452,0.005842333251474764,0.04888431727590667,0.004369591534382109,0.0
0.2,1016,scm,0,0.0,0.4,True,0.02629079452641865,0.021085879993778138,0.015680443753843802,0.02060561005097962,0.040106832416019186,0.02066046044257084,0.040667955005993385,0.0
0.2,1016,scm,1,0.2,0.4,True,0.03819812431461287,0.034606238663932413,0.0261317569026814,0.027839854619686195,0.032291964718030815,0.02915997197837597,0.03140393825949916,0.0
0.2,1016,scm,2,0.4,0.4,True,0.07444689220204824,0.07524129145657821,0.10155661393510944,0.041873380417012794,0.015315518110668917,0.0408047052981752,0.0160653950935466,0.0
0.2,1016,scm,3,0.6,0.4,False,0.25336022320388407,0.21779968652585124,0.25925918002233017,0.04824026619981721,0.006254079893312703,0.046412027698552,0.004638623180925625,0.0
0.2,1032,scm,0,0.0,0.4,True,0.03018496051321813,0.022219828882641693,0.02940531630756761,0.019041720886144316,0.042496005273067454,0.01986545744538656,0.04210093163867326,0.0
0.2,1032,scm,1,0.2,0.4,True,0.023392077979319383,0.0210824566233134,0.03213693983313067,0.025843166096328238,0.03176409293776438,0.027885898569346756,0.034296418497625346,0.0
0.2,1032,scm,2,0.4,0.4,True,0.0874636477738513,0.07314006354796411,0.09663758130878787,0.04316585975451737,0.021610356729054727,0.043248389659183414,0.018745992796041364,0.0
0.2,1032,scm,3,0.6,0.4,False,0.18201376225444,0.18271363208568778,0.2398469054187202,0.05381393163232275,0.002382777570108043,0.052138006596944196,0.002722467884377861,0.0
0.2,1048,scm,0,0.0,0.2,True,0.0316864999863248,0.0299420933205521,0.026246232987394574,0.01909266169053789,0.04066917259762854,0.019273341299919713,0.04041189489513161,0.0
0.2,1048,scm,1,0.2,0.2,True,0.03150516982571486,0.03139002191568685,0.038161589438764104,0.030136722413583627,0.03298658868366001,0.03057232433207229,0.03252167937767854,0.0
0.2,1048,scm,2,0.4,0.2,False,0.10907638260921672,0.10487932686287511,0.06740001303179885,0.04594742425373867,0.016751010938915685,0.044422529617835535,0.01739444174466774,0.0
0.2,1064,scm,0,0.0,0.2,True,0.026162487346438102,0.021889843074181403,0.02740727454199801,0.018906945662171215,0.04090094903754392,0.01886021702121558,0.039887654983918656,0.0
0.2,1064,scm,1,0.2,0.2,True,0.0523711325669463,0.0518016560110032,0.05094671777535116,0.030191985957711213,0.028333653965290483,0.02940748808135437,0.026802348477941034,0.0
0.2,1064,scm,2,0.4,0.2,False,0.13445857351033336,0.10324428335504546,0.13760986074125584,0.04074030636970092,0.013985946055350997,0.04116945052490495,0.012990266870636783,0.0
0.2,1080,scm,0,0.0,0.4,True,0.021326475372638175,0.01653521526481396,0.033198115100732985,0.016561788133035004,0.039871316105153265,0.016274357841132993,0.04027438166385678,0.0
0.2,1080,scm,1,0.2,0.4,True,0.06558920685414728,0.0661878995204582,0.04537886220347561,0.029605673481243426,0.030619159486495105,0.030532421935666434,0.029600234934685558,0.0
0.2,1080,scm,2,0.4,0.4,True,0.10119060360616008,0.08331933039676505,0.11547350252725873,0.04301875086528788,0.01809872547763395,0.04099016798054242,0.01994644654123466,0.0
0.2,1080,scm,3,0.6,0.4,False,0.2660115207618726,0.23099535718076433,0.2311504672939475,0.04679505007095918,0.0009566672584612197,0.04463913416191635,0.0010465094175566099,0.0
0.2,1096,scm,0,0.0,0.4,True,0.03513354032826454,0.03377960299099814,0.01930626169215483,0.021981275063131557,0.04612913190853351,0.019124584088017028,0.04533763298317811,0.0
0.2,1096,scm,1,0.2,0.4,True,0.03771727843182074,0.03963875126835086,0.03763620079459009,0.025388868969875827,0.03337676614764651,0.027457209563769867,0.03591825197547009,0.0
0.2,1096,scm,2,0.4,0.4,True,0.08332443254849164,0.08454634524477647,0.10863853096849926,0.04553259417087685,0.019899213603991304,0.045458304574573144,0.020099163990021658,0.0
0.2,1096,scm,3,0.6,0.4,False,0.226077945958672,0.1873655644388765,0.2451748931755119,0.05338806648417717,0.00443492978207835,0.052068381151918405,0.004449829734202118,0.0
0.2,1112,scm,0,0.0,0.2,True,0.026913138865262986,0.029578341530994114,0.02440654273484588,0.02079819320555902,0.04318308348098504,0.021859768229173866,0.04418385206514631,0.0
0.2,1112,scm,1,0.2,0.2,True,0.03324370174975664,0.02771913747878639,0.033699543298118015,0.02650753821659641,0.030270413429899282,0.026578987129636723,0.029907381885496204,0.0
0.2,1112,scm,2,0.4,0.2,False,0.10370402228837712,0.12068268835540127,0.10379450990288916,0.04328448631211938,0.015837476231574884,0.042356195925745604,0.014561981813366444,0.0
0.2,1128,scm,0,0.0,0.2,True,0.0611666655080205,0.05013334877261329,0.03595355434691756,0.012850698095344951,0.03639921210157213,0.010604449321741986,0.038647260956879634,0.0
0.2,1128,scm,1,0.2,0.2,True,0.047620019021386524,0.04363160895110062,0.022614640925350663,0.03036831034686528,0.03486101360114887,0.028352124047708177,0.03303473694413947,0.0
0.2,1128,scm,2,0.4,0.2,False,0.08768084311901105,0.12204119388945299,0.12483544449978738,0.042862915353984135,0.017464270049866566,0.042877606407626154,0.017260285273322806,0.0
0.2,1144,scm,0,0.0,0.4,True,0.03558807056577597,0.03302110289086808,0.021946632032641113,0.018365349550205932,0.04494757671244633,0.01879479266268951,0.04529250874662994,0.0
0.2,1144,scm,1,0.2,0.4,True,0.043496591168407185,0.04991625256605839,0.03818010685102114,0.02700315267211107,0.03498745845238914,0.027061214850866728,0.03386662273098314,0.0
0.2,1144,scm,2,0.4,0.4,True,0.11131397817944907,0.09347830816890819,0.10342853289819201,0.0444521954975059,0.016274130487999874,0.04392415964187103,0.016488097517871482,0.0
0.2,1144,scm,3,0.6,0.4,False,0.2819310300760098,0.2584767305338962,0.23600848700922045,0.04901033028803421,0.003782772803453983,0.047037179299937754,0.002638483549055546,0.0
0.2,1160,scm,0,0.0,0.2,True,0.02808118085990116,0.025833828298560492,0.04076405274615622,0.01890484596679613,0.037774898116402264,0.020470797433328223,0.037750892136303275,0.0
0.2,1160,scm,1,0.2,0.2,True,0.01712661542420804,0.019294281402469766,0.054188917343585274,0.03065910527097237,0.03459040012161264,0.031712279220502404,0.03546768233197034,0.0
0.2,1160,scm,2,0.4,0.2,False,0.09609099854018888,0.10303240493302036,0.09537978263224176,0.04153846308166732,0.017129570459477942,0.04112507611748551,0.01890809214858194,0.0
0.2,1176,scm,0,0.0,0.4,True,0.034090948048300214,0.03251142674810017,0.02407213712628485,0.02088934739360468,0.039138791896518664,0.021118935360530312,0.03907533108448045,0.0
0.2,1176,scm,1,0.2,0.4,True,0.04898578647030183,0.03543042865165144,0.04059231111907492,0.02643464815812717,0.03325309141483121,0.027313720297672435,0.034289265458795445,0.0
0.2,1176,scm,2,0.4,0.4,True,0.09590904005370599,0.09329064120355274,0.130747810561076,0.04221784285883348,0.018846496148173436,0.04134799327203128,0.01888432171838735,0.0
0.2,1176,scm,3,0.6,0.4,False,0.26393887776523645,0.26563291025076685,0.28256192629075794,0.05296019779324171,0.0023369281631916224,0.053338394609932734,0.004499222846127103,0.0
0.2,1192,scm,0,0.0,0.4,True,0.030024788572928278,0.030868754245615235,0.02548334830335313,0.02043474209142623,0.04400006812858707,0.023170164957153606,0.04424470946396849,0.0
0.2,1192,scm,1,0.2,0.4,True,0.05030535349146626,0.04817302386168954,0.049750833813290936,0.03389714036253033,0.03346306405436947,0.03213848520058738,0.033565689822594065,0.0
0.2,1192,scm,2,0.4,0.4,True,0.0886469232769611,0.07492308145381377,0.08225698304713473,0.03882772406721907,0.01754543410133396,0.03913660749848249,0.017672366063260357,0.0
0.2,1192,scm,3,0.6,0.4,False,0.21754011620901786,0.19598775464980117,0.26155013248068304,0.0472443792328443,0.003900730735847667,0.04645576225306783,0.005480473872154725,0.0
0.2,1208,scm,0,0.0,0.2,True,0.01825301665378338,0.0295996133189552,0.02542779097463792,0.018536126168832028,0.03935064299352742,0.01840797725937692,0.03980420530774828,0.0
0.2,1208,scm,1,0.2,0.2,True,0.04964994789670837,0.05015772067288194,0.0413736581290745,0.0323926756031935,0.03438002327176176,0.031247116813448148,0.03215848138118003,0.0
0.2,1208,scm,2,0.4,0.2,False,0.1302279288564715,0.11843907948816793,0.11691648622188287,0.03947340287413098,0.019144394891678976,0.038610842978011206,0.015672675794547695,0.0
0.2,1224,scm,0,0.0,0.4,True,0.022848553400246534,0.02414614016168604,0.03540296275146057,0.016096157047007714,0.03954160563710204,0.01660329818359748,0.04015036669637355,0.0
0.2,1224,scm,1,0.2,0.4,True,0.04966267378299119,0.06071054062813506,0.05657526053909004,0.029700093038024317,0.028749223839989402,0.029605081003417355,0.027692146284982115,0.0
0.2,1224,scm,2,0.4,0.4,True,0.09086255223913943,0.07207422000135401,0.11272517699315053,0.0444266586463496,0.017961131238837684,0.04111938861547651,0.017683042751541762,0.0
0.2,1224,scm,3,0.6,0.4,False,0.26489787286470456,0.2371150586037936,0.23000209323039011,0.04883800745397708,0.004832002025581658,0.0500831538011682,0.0026893979145290767,0.0
0.2,1240,scm,0,0.0,0.2,True,0.019252705078092815,0.015078309597121755,0.02989469886910591,0.020646433378062212,0.04363565802074532,0.020871467655253093,0.04309037661777754,0.0
0.2,1240,scm,1,0.2,0.2,True,0.03297309028170725,0.026065765218024735,0.039335145234166785,0.02886184606860185,0.03550171604767527,0.028798212104826325,0.03533694102735895,0.0
0.2,1240,scm,2,0.4,0.2,False,0.09993581049768767,0.10770999817267121,0.11392531123668014,0.04135312272922834,0.0214029376451486,0.03742054813110833,0.017552921495577342,0.0
0.2,1256,scm,0,0.0,0.2,True,0.033806924157043096,0.03642707232075629,0.034199544644863925,0.016503730329341958,0.04399899240840598,0.016940935966712943,0.042029940191157786,0.0
0.2,1256,scm,1,0.2,0.2,True,0.05314077702093154,0.03648525505517245,0.04566353551115491,0.02915962108540754,0.0313280765210492,0.029655588362380525,0.031882735457947065,0.0
0.2,1256,scm,2,0.4,0.2,False,0.10849201662601643,0.10169401126437229,0.1033068413126271,0.04488750713210067,0.015347917446609636,0.044890371480474395,0.016008946120039592,0.0
0.2,1272,scm,0,0.0,0.4,True,0.027023987717110953,0.011547275893120264,0.0260560956813205,0.019445027753221364,0.03982035540250455,0.019162173268495102,0.04079123398670725,0.0
0.2,1272,scm,1,0.2,0.4,True,0.027377332186174136,0.02544865695906822,0.04377342438092675,0.029668802401068343,0.028808188556091872,0.02937313458093707,0.028806047672575916,0.0
0.2,1272,scm,2,0.4,0.4,True,0.10488535262555028,0.09726073799825294,0.08245372546714493,0.04184729027579498,0.019760411058619583,0.04332250335395992,0.018422230616732232,0.0
0.2,1272,scm,3,0.6,0.4,False,0.24169373183587042,0.22732546842003712,0.2285715213578686,0.04976876367317762,0.0034683583828094837,0.04579795806596393,0.002140413353576914,0.0
0.2,1288,scm,0,0.0,0.4,True,0.04336549189716535,0.04204904898413831,0.022832338819462287,0.01909752534202605,0.04518713568944013,0.01859880074629036,0.04534004762190941,0.0
0.2,1288,scm,1,0.2,0.4,True,0.033966292342459334,0.02845200033236129,0.044239484039508344,0.029075063395596377,0.034315443402547906,0.028479769828868014,0.03537395687436605,0.0
0.2,1288,scm,2,0.4,0.4,True,0.06883244673060024,0.06367253059227206,0.10729266951014046,0.03864148841020058,0.020768560465369693,0.03882391011155181,0.02047636747289207,0.0
0.2,1288,scm,3,0.6,0.4,False,0.2600439038166375,0.26265649600924823,0.18146788563945584,0.045281297238485785,0.0026692330029489644,0.04363224664795978,0.0021447972314096774,0.0
0.2,1304,scm,0,0.0,0.4,True,0.0360696315284075,0.026414296510050825,0.0231415680103165,0.02335940934468279,0.043393328715003336,0.023151727591950756,0.04475839230922422,0.0
0.2,1304,scm,1,0.2,0.4,True,0.03512091848738958,0.036089652775708594,0.028222143218732208,0.02943664866458926,0.033693339264188944,0.0296041762838232,0.03461883488806252,0.0
0.2,1304,scm,2,0.4,0.4,True,0.1137712962778071,0.09523631635276013,0.10861467120154557,0.04369246602902916,0.018863674441085818,0.04365936273728437,0.02100360228879293,0.0
0.2,1304,scm,3,0.6,0.4,False,0.24952207423872444,0.2735359331287074,0.23993902577258305,0.05219472561895924,0.005586459756299409,0.05071834305251287,0.006260008305400478,0.0
0.2,1320,scm,0,0.0,0.4,True,0.016855086839096225,0.025543006620290593,0.03977374716258261,0.016292037940518513,0.039882926590707884,0.015782503775016547,0.0385594396227518,0.0
0.2,1320,scm,1,0.2,0.4,True,0.042102956669566385,0.04900292991792184,0.03898088722876448,0.025542753426243223,0.034611588097411515,0.02566483612823603,0.03500072125422458,0.0
0.2,1320,scm,2,0.4,0.4,True,0.10828046765265226,0.09869648366682014,0.0816759379793176,0.04459435305427109,0.019713428616068892,0.04337732142146884,0.019202074338484535,0.0
0.2,1320,scm,3,0.6,0.4,False,0.24339667413042515,0.2489452433830439,0.2685489812195139,0.0472960600764251,0.0028349665981646692,0.046909415695911616,0.00333073744607271,0.0
0.2,1336,scm,0,0.0,0.4,True,0.02938654975330178,0.03794050602422107,0.028262684921640642,0.020178978480373234,0.04109087312177488,0.01781601867065415,0.04138470255627666,0.0
0.2,1336,scm,1,0.2,0.4,True,0.05055810112611327,0.04783018383563171,0.05104702160566051,0.033448729611423665,0.030392485227782182,0.03442342113993346,0.028868822444678425,0.0
0.2,1336,scm,2,0.4,0.4,True,0.10026012276031462,0.091335066064306,0.11174773960462382,0.040396582131912155,0.018289803959928505,0.04160394131890929,0.017580702196923242,0.0
0.2,1336,scm,3,0.6,0.4,False,0.29131906231722515,0.2833580450191515,0.30314765977081604,0.04705425291130552,0.0013547062172314145,0.04525746294758784,6.753517671031158e-05,0.0
0.2,1352,scm,0,0.0,0.2,True,0.030512969490323893,0.03250728098737644,0.020057752828296235,0.020301081938191856,0.04265915010165061,0.019546806425488672,0.04130996544791508,0.0
0.2,1352,scm,1,0.2,0.2,True,0.0478164161099256,0.05058419264768344,0.04194927400483027,0.034198235341754646,0.02682569516189418,0.03409015592443371,0.027277192552671706,0.0
0.2,1352,scm,2,0.4,0.2,False,0.11712863814436791,0.11371830712410053,0.09703589003792447,0.05068574444287193,0.01997401549497485,0.04862520444897353,0.0169315678439173,0.0
0.2,1368,scm,0,0.0,0.4,True,0.02707191642136529,0.02952846542278656,0.021038978267635615,0.01963142093914611,0.04396451607675271,0.018927690531650443,0.04300704927839897,0.0
0.2,1368,scm,1,0.2,0.4,True,0.023558113819678463,0.02730020770820657,0.03749795539127584,0.026242975395030718,0.033406664795802926,0.025693198946298783,0.03201576074025872,0.0
0.2,1368,scm,2,0.4,0.4,True,0.07377448390009812,0.07134656723513069,0.09396104946543347,0.03940303668848334,0.01789403009878227,0.039866578058242175,0.0203449806925741,0.0
0.2,1368,scm,3,0.6,0.4,False,0.2703058968477329,0.24883976957984455,0.22311865153567725,0.046637121963621214,0.00108459419683798,0.04418813187558557,0.0009777246045017801,0.0
0.2,1384,scm,0,0.0,0.4,True,0.0457439327750169,0.042690396219664806,0.045669419386389166,0.01939890291264763,0.038946643336350006,0.01745093255706799,0.036607933883955265,0.0
0.2,1384,scm,1,0.2,0.4,True,0.044259660349538064,0.03144838124173033,0.0558112252305025,0.033095598404309125,0.031868208354020634,0.0332975346212606,0.03112051638975002,0.0
0.2,1384,scm,2,0.4,0.4,True,0.0929056846770233,0.08287837712209851,0.11742963101186311,0.04183617534351835,0.017830897806915665,0.04043559535336142,0.018054406220454147,0.0
0.2,1384,scm,3,0.6,0.4,False,0.2240782314324089,0.18980851959120829,0.2525723388033345,0.04869051627090747,0.005661845907402699,0.047359105423402985,0.004816717354849434,0.0
0.4,1000,flat,0,0.0,0.4,True,0.028387593614115667,0.038215550005783826,0.023824591314958555,0.013703382654530551,,0.012855604139864711,,0.0
0.4,1000,flat,1,0.2,0.4,True,0.04785563287111215,0.040064030468833195,0.04391567546031156,0.01672777353802339,,0.016208907186733526,,0.0
0.4,1000,flat,2,0.4,0.4,True,0.0788847788976891,0.0524616447364971,0.07190133338004567,0.022051301995361483,,0.024116297117736607,,0.0
0.4,1000,flat,3,0.6,0.4,False,0.19290467800673478,0.18161950677541489,0.21856772177826467,0.029678441024933815,,0.02878481455224772,,0.0
0.4,1016,flat,0,0.0,0.4,True,0.025253725416918765,0.020010798281836658,0.015352258814363464,0.009640756439795865,,0.009724610532495348,,0.0
0.4,1016,flat,1,0.2,0.4,True,0.07650487480783821,0.07313690413130856,0.04075043350850161,0.014667376604641125,,0.015554887602601812,,0.0
0.4,1016,flat,2,0.4,0.4,True,0.06220611773927948,0.05950053047644644,0.06642503623035947,0.02341078911239887,,0.024394529015377357,,0.0
0.4,1016,flat,3,0.6,0.4,False,0.14576272088699696,0.13937603113546673,0.16331791254471656,0.028733733427644414,,0.030346760172956164,,0.0
0.4,1032,flat,0,0.0,0.4,True,0.030217917620363764,0.03429144103156624,0.03397915757747267,0.006773141999491846,,0.00893825802990347,,0.0
0.4,1032,flat,1,0.2,0.4,True,0.02830496813787332,0.02512656067500052,0.022851081063445182,0.01365679663626215,,0.01450102431649156,,0.0
0.4,1032,flat,2,0.4,0.4,True,0.0406626878431019,0.03261032930541571,0.06840684619871107,0.01964728572743142,,0.01847088464602785,,0.0
0.4,1032,flat,3,0.6,0.4,False,0.16801624645951843,0.165635817884855,0.18711995902584305,0.02729508707292053,,0.026982457177887317,,0.0
0.4,1048,flat,0,0.0,0.4,True,0.01886942768231481,0.02867549075142802,0.03134733756335647,0.009140371938001289,,0.00948207012911538,,0.0
0.4,1048,flat,1,0.2,0.4,True,0.05065694628535762,0.04573157861563916,0.05508459481736791,0.015834494919691577,,0.016017012948680603,,0.0
0.4,1048,flat,2,0.4,0.4,True,0.10995738895605425,0.08307951713180436,0.08064943056823738,0.022777308088135467,,0.022650949324212164,,0.0
0.4,1048,flat,3,0.6,0.4,False,0.1942693598596118,0.16892883114665586,0.15417303509721134,0.019306812442255815,,0.019811062005695823,,0.0
0.4,1064,flat,0,0.0,0.4,True,0.023716614722253528,0.025288896181672536,0.03938862699651634,0.009946224818371336,,0.010295570780203475,,0.0
0.4,1064,flat,1,0.2,0.4,True,0.04908022297140796,0.05517002096272175,0.060550449843138024,0.018097092016105182,,0.014318078355557378,,0.0
0.4,1064,flat,2,0.4,0.4,True,0.09485668601785884,0.0874719989602855,0.0946061190134945,0.020904307042085978,,0.021132934135636876,,0.0
0.4,1064,flat,3,0.6,0.4,False,0.17215595611844386,0.1561521853979908,0.21605920020170233,0.03066339846512126,,0.030491558553948507,,0.0
0.4,1080,flat,0,0.0,0.4,True,0.036523965074074995,0.0323729649732383,0.03487231771374072,0.008489166753339696,,0.00845499690049329,,0.0
0.4,1080,flat,1,0.2,0.4,True,0.02525058333869373,0.022898712279703422,0.03169276883400514,0.017230703623777814,,0.01839602219667626,,0.0
0.4,1080,flat,2,0.4,0.4,True,0.08419140160024953,0.0756554682865747,0.08487828905888144,0.02486892572700358,,0.02409738545523771,,0.0
0.4,1080,flat,3,0.6,0.4,False,0.14888746106732492,0.1614310359277667,0.14745200943969286,0.026622706466931635,,0.026728925560403616,,0.0
0.4,1096,flat,0,0.0,0.4,True,0.049845036908594036,0.04697779376345048,0.02102992243992221,0.009851358239477716,,0.011665927307187038,,0.0
0.4,1096,flat,1,0.2,0.4,True,0.034829134393415714,0.03975500945386458,0.028203864531017933,0.01784740071932634,,0.017944390807377378,,0.0
0.4,1096,flat,2,0.4,0.4,True,0.06029604443953238,0.06853166786440576,0.08941563414613465,0.021838760094851348,,0.020123878915561562,,0.0
0.4,1096,flat,3,0.6,0.4,False,0.16557935309371674,0.13304415621396917,0.1638668430573679,0.02112786045961805,,0.020234785276784448,,0.0
0.4,1112,flat,0,0.0,0.4,True,0.022601474308593123,0.027381242810524124,0.022772219323985897,0.009344353618538071,,0.009625276050459316,,0.0
0.4,1112,flat,1,0.2,0.4,True,0.03786075158375065,0.052092592286035244,0.0597244646565259,0.016309117385198437,,0.016551202423127014,,0.0
0.4,1112,flat,2,0.4,0.4,True,0.07283997971169222,0.05002864505301236,0.08944935094648751,0.019874439158871417,,0.017928157630389345,,0.0
0.4,1112,flat,3,0.6,0.4,False,0.16281190875179757,0.1882445565323167,0.18178552315784624,0.022251663019370323,,0.020856892435368632,,0.0
0.4,1128,flat,0,0.0,0.4,True,0.032281819265011176,0.03865931787830485,0.03207188234995496,0.011312810643024859,,0.0108094298004567,,0.0
0.4,1128,flat,1,0.2,0.4,True,0.02114182540132415,0.03667147504600629,0.029367687867732136,0.01741510522158888,,0.017041963559264094,,0.0
0.4,1128,flat,2,0.4,0.4,True,0.09307904317506706,0.08967888372458241,0.09540113694298755,0.02291991602647061,,0.021963028187055346,,0.0
0.4,1128,flat,3,0.6,0.4,False,0.1767115278405076,0.1612360691696966,0.17308131349838324,0.028080682982748607,,0.02535619399790345,,0.0
0.4,1144,flat,0,0.0,0.4,True,0.017435125735742286,0.022276834478740553,0.0160251470033254,0.008690564328818453,,0.009598832490543479,,0.0
0.4,1144,flat,1,0.2,0.4,True,0.04772244399965113,0.05030836485045759,0.04685926997098534,0.017766269888901474,,0.017906393245854295,,0.0
0.4,1144,flat,2,0.4,0.4,True,0.10764624310227341,0.08400920020773561,0.050730206993381065,0.017789212241868517,,0.01686122138895148,,0.0
0.4,1144,flat,3,0.6,0.4,False,0.20120836723180666,0.18240129832646096,0.1873517836749805,0.03199580401691307,,0.03083707783965475,,0.0
0.4,1160,flat,0,0.0,0.4,True,0.032919147666116075,0.027684448737901917,0.035824454314328485,0.01161524003163507,,0.011152863957721266,,0.0
0.4,1160,flat,1,0.2,0.4,True,0.03081081792535971,0.025197950638420525,0.05440293216672364,0.013763282803387816,,0.014609723089426294,,0.0
0.4,1160,flat,2,0.4,0.4,True,0.1039582517758189,0.09247418860570261,0.08461655952596589,0.017398694774566528,,0.017437659596634313,,0.0
0.4,1160,flat,3,0.6,0.4,False,0.14740945319612575,0.17304092508599653,0.13974077514599684,0.026820624294383793,,0.026652474947354194,,0.0
0.4,1176,flat,0,0.0,0.2,True,0.03647725590629227,0.045004975824396436,0.032656231964128646,0.013071937053976294,,0.012150558702887636,,0.0
0.4,1176,flat,1,0.2,0.2,True,0.05044807918332002,0.046156223960703735,0.027261540303708687,0.011907439597278063,,0.010482641686421105,,0.0
0.4,1176,flat,2,0.4,0.2,False,0.12926569229706245,0.11254065400157422,0.10952290452893906,0.02195665545593061,,0.024094261157576548,,0.0
0.4,1192,flat,0,0.0,0.4,True,0.026212474417755798,0.018984678749584268,0.02323390268409425,0.010450030514052537,,0.011245893784157291,,0.0
0.4,1192,flat,1,0.2,0.4,True,0.04143733379282252,0.04105175211470277,0.04377238242292874,0.014610886984119338,,0.014976588498962946,,0.0
0.4,1192,flat,2,0.4,0.4,True,0.07969147102447058,0.07288135299614062,0.05342119146960826,0.018505188000228143,,0.02200223876348678,,0.0
0.4,1192,flat,3,0.6,0.4,False,0.16043858344389056,0.20205731603904392,0.18246497458087976,0.0195949570646132,,0.01946152794261215,,0.0
0.4,1208,flat,0,0.0,0.4,True,0.050188985019637505,0.046848445997795515,0.02091476660187727,0.010576786330880356,,0.009445573957573039,,0.0
0.4,1208,flat,1,0.2,0.4,True,0.05135196578927265,0.0567556073013968,0.05101344045068162,0.018905006868630628,,0.018644529414226473,,0.0
0.4,1208,flat,2,0.4,0.4,True,0.07088662796938422,0.06819468638558177,0.08027585764343675,0.020959938184641706,,0.02050108475438538,,0.0
0.4,1208,flat,3,0.6,0.4,False,0.16682681329691645,0.1691358528378968,0.16700791010215887,0.026943308354669373,,0.0285122155402161,,0.0
0.4,1224,flat,0,0.0,0.4,True,0.034985990529386515,0.022251371674901526,0.021146402888690213,0.008107698871494883,,0.009068599568949273,,0.0
0.4,1224,flat,1,0.2,0.4,True,0.03366879467345107,0.029774770171038512,0.034796838785968016,0.018003209908480772,,0.01569888960292551,,0.0
0.4,1224,flat,2,0.4,0.4,True,0.06505117484949338,0.04946640350207392,0.08741893142867108,0.022550122968565574,,0.02081370535179746,,0.0
0.4,1224,flat,3,0.6,0.4,False,0.1494814213283808,0.12204105944258753,0.16093054191441372,0.022551356656016923,,0.021829652549923965,,0.0
0.4,1240,flat,0,0.0,0.4,True,0.02590800576853436,0.02396703083285944,0.021265776294072485,0.006901879325415321,,0.006159414266692311,,0.0
0.4,1240,flat,1,0.2,0.4,True,0.04678847208523936,0.03978567815162085,0.07286776160889709,0.0181276657214025,,0.01972069853368692,,0.0
0.4,1240,flat,2,0.4,0.4,True,0.06753932444124953,0.06873009923269038,0.071157062755413,0.019987227701978826,,0.019947229707911334,,0.0
0.4,1240,flat,3,0.6,0.4,False,0.173117530653011,0.16580447827046002,0.20124993115748768,0.02380900638249618,,0.023081157674329333,,0.0
0.4,1256,flat,0,0.0,0.4,True,0.019428445756367367,0.01881009639617552,0.01750974851417017,0.008120944232540636,,0.0032018456883040926,,0.0
0.4,1256,flat,1,0.2,0.4,True,0.02608815561172673,0.021818260104142215,0.03447698842717454,0.017290613815854648,,0.016677829853146323,,0.0
0.4,1256,flat,2,0.4,0.4,True,0.07233483559906552,0.07324354398324792,0.09031589512567656,0.028057017362329347,,0.027914123397685637,,0.0
0.4,1256,flat,3,0.6,0.4,False,0.17919533850647767,0.12290046025960659,0.15683940144037412,0.020506093266243884,,0.018995250081156025,,0.0
0.4,1272,flat,0,0.0,0.4,True,0.03625159132960091,0.03384753089548362,0.038148545567070626,0.0070428151648003826,,0.009183103234565875,,0.0
0.4,1272,flat,1,0.2,0.4,True,0.0196293442402665,0.017532567681261314,0.02869737978247977,0.017832194259834296,,0.01745985909525813,,0.0
0.4,1272,flat,2,0.4,0.4,True,0.07486356334253681,0.06786576352237654,0.09265128944699269,0.02345798254487593,,0.02399084516062222,,0.0
0.4,1272,flat,3,0.6,0.4,False,0.18087093431286688,0.1579878503434774,0.19660957580278768,0.02314566042477664,,0.023312825285237537,,0.0
0.4,1288,flat,0,0.0,0.4,True,0.029318128799346456,0.014461698882948052,0.009620712854158343,0.011298483087119816,,0.0122863679208675,,0.0
0.4,1288,flat,1,0.2,0.4,True,0.037643749055043606,0.04311115157250404,0.04069035042226804,0.018340093531378568,,0.01739389246803985,,0.0
0.4,1288,flat,2,0.4,0.4,True,0.10667570376218047,0.08969446349787906,0.08612064147845128,0.022408916527127,,0.020803847502855872,,0.0
0.4,1288,flat,3,0.6,0.4,False,0.18547613623258294,0.1616383900962082,0.12909959911865446,0.024790634566265755,,0.025651212464232284,,0.0
0.4,1304,flat,0,0.0,0.2,True,0.0315841592962743,0.02552443710525836,0.03676124222481928,0.005278376210066556,,0.008902606128681621,,0.0
0.4,1304,flat,1,0.2,0.2,True,0.04065292464781853,0.019248213215442202,0.01789538302402589,0.016543150617927372,,0.01905392290295054,,0.0
0.4,1304,flat,2,0.4,0.2,False,0.10481885009100908,0.10215916545149618,0.09717530569435574,0.022021693672974123,,0.02218645265064516,,0.0
0.4,1320,flat,0,0.0,0.4,True,0.028157123908248347,0.02420496784338535,0.04543586908002598,0.008457351260561154,,0.008848399651594103,,0.0
0.4,1320,flat,1,0.2,0.4,True,0.053251952925935396,0.05036622934842717,0.032725636290001074,0.018297354214537008,,0.017312022654820562,,0.0
0.4,1320,flat,2,0.4,0.4,True,0.08985433995840403,0.09411834705017731,0.07922867093518131,0.022673098954962667,,0.022194789830172125,,0.0
0.4,1320,flat,3,0.6,0.4,False,0.16235023209937813,0.1507011077047333,0.14768909366675415,0.0208224352743095,,0.019991771068257204,,0.0
0.4,1336,flat,0,0.0,0.4,True,0.021763835845571625,0.01942618128282742,0.034954733769553825,0.011833826132604884,,0.012389490085640336,,0.0
0.4,1336,flat,1,0.2,0.4,True,0.041698550019592606,0.03195628301815246,0.03192385701804756,0.012761490577457428,,0.01703872929485326,,0.0
0.4,1336,flat,2,0.4,0.4,True,0.07784154580999433,0.07355512398649959,0.08614682474928946,0.01611741282773594,,0.01599618013845297,,0.0
0.4,1336,flat,3,0.6,0.4,False,0.15137293476402675,0.13720960356385614,0.12841572821287867,0.025741165145418403,,0.024441220726740022,,0.0
0.4,1352,flat,0,0.0,0.4,True,0.02678408730345059,0.02335893644034459,0.022919380173344262,0.00956739869573249,,0.010015553014931849,,0.0
0.4,1352,flat,1,0.2,0.4,True,0.04430677768652922,0.03660273217568964,0.033979197687142526,0.019183854504767252,,0.017366505495788574,,0.0
0.4,1352,flat,2,0.4,0.4,True,0.07613965557336111,0.06883637113575533,0.09384597692228475,0.02152064804911233,,0.0232774129234885,,0.0
0.4,1352,flat,3,0.6,0.4,False,0.17518148572601194,0.16284469642831337,0.14131063044948727,0.017851223902424634,,0.01654877737972635,,0.0
0.4,1368,flat,0,0.0,0.4,True,0.02090944865313694,0.026474295758711006,0.012083407618988124,0.012040849641967815,,0.012489654872536494,,0.0
0.4,1368,flat,1,0.2,0.4,True,0.039313849072513105,0.03447864370738144,0.03662059410671792,0.013290061683420005,,0.014420559410541958,,0.0
0.4,1368,flat,2,0.4,0.4,True,0.08628960485080812,0.06346364156277792,0.049448013314685464,0.01931326731766591,,0.019988755072274003,,0.0
0.4,1368,flat,3,0.6,0.4,False,0.17044494402220084,0.13180758849105384,0.17010045381666378,0.022641455565280355,,0.02196776860615828,,0.0
0.4,1384,flat,0,0.0,0.4,True,0.0324921787438837,0.021186640947223397,0.029091855974449604,0.012804072367212718,,0.012220102776450758,,0.0
0.4,1384,flat,1,0.2,0.4,True,0.018358774166925492,0.02395397076874443,0.015412672430337478,0.016252344079999932,,0.015092195273260393,,0.0
0.4,1384,flat,2,0.4,0.4,True,0.07614552887275962,0.07147115819373782,0.08252960531378459,0.020475527816827165,,0.01926387403301658,,0.0
0.4,1384,flat,3,0.6,0.4,False,0.18939342487170355,0.1883795886131717,0.19968386355305986,0.02633874284241279,,0.02516989084588797,,0.0
0.4,1000,scm,0,0.0,0.4,True,0.023812043762635335,0.022882618357391943,0.02691188160927586,0.018921741116530826,0.04310706580031656,0.018929972451687344,0.04261173318872604,0.0
0.4,1000,scm,1,0.2,0.4,True,0.0342923292291859,0.037697946031625115,0.0356186285399488,0.029706950043924617,0.027685047880782312,0.02916905887082723,0.02752561836386738,0.0
0.4,1000,scm,2,0.4,0.4,True,0.09524864693091675,0.07268647883057186,0.08153633374069659,0.038022941446060624,0.01736059325049387,0.03825016134163867,0.01890828399274618,0.0
0.4,1000,scm,3,0.6,0.4,False,0.24019588320905355,0.2367127137483319,0.25161193808515714,0.04805244443596191,0.005972707979690362,0.04568730374102995,0.004280730293716085,0.0
0.4,1016,scm,0,0.0,0.4,True,0.02648097021067738,0.028165630438583892,0.03332407920479866,0.021205491471629295,0.04057335431548558,0.02141372533682947,0.040215308790151755,0.0
0.4,1016,scm,1,0.2,0.4,True,0.056361762689058105,0.05829456908746514,0.0300191863639327,0.03050231337880021,0.03209122338421607,0.03056932506832168,0.03026813202666653,0.0
0.4,1016,scm,2,0.4,0.4,True,0.08191547850569829,0.08273713289652394,0.09751281245691601,0.042044942470440896,0.016357652201727548,0.04097757594108712,0.015651168362893902,0.0
0.4,1016,scm,3,0.6,0.4,False,0.2489515745756361,0.22410287416025215,0.2300816701973625,0.04899673238149861,0.005667737317936225,0.04748652202925391,0.004412044364851553,0.0
0.4,1032,scm,0,0.0,0.4,True,0.01896484108459854,0.020620331787627014,0.030503388724045417,0.02248250542138693,0.04504056781484276,0.021393855580099083,0.045040402805447154,0.0
0.4,1032,scm,1,0.2,0.4,True,0.04252800343013254,0.04333883228881297,0.025787832859037078,0.02552717346898102,0.030378102663086996,0.02523253602674818,0.03138490154468866,0.0
0.4,1032,scm,2,0.4,0.4,True,0.05610915334100208,0.06070844967320362,0.10517523615603966,0.04373002521780049,0.02303263831564242,0.0423983170290834,0.021692166021695818,0.0
0.4,1032,scm,3,0.6,0.4,False,0.21408102760386105,0.2060369091757877,0.24729943966242762,0.052993934411472515,0.003773386140835054,0.05282925675057605,0.001564434844059386,0.0
0.4,1048,scm,0,0.0,0.2,True,0.015521403260382153,0.02070091045577606,0.03439921782723341,0.020558685837245558,0.03852444526514797,0.02019073273118826,0.03785538978612004,0.0
0.4,1048,scm,1,0.2,0.2,True,0.05572729432454802,0.04442930827780142,0.031643730223911294,0.02752954237434209,0.03280078254544077,0.029462660748471616,0.03250107162968475,0.0
0.4,1048,scm,2,0.4,0.2,False,0.11246146606463302,0.12100527961904047,0.09681730807902542,0.04216776468336762,0.015000675428720424,0.04258905863957911,0.01610436781126349,0.0
0.4,1064,scm,0,0.0,0.2,True,0.01715049630258999,0.03709541263002858,0.03126292439951195,0.015754664630520082,0.03912242145850292,0.016095147985977193,0.03883619954307562,0.0
0.4,1064,scm,1,0.2,0.2,True,0.05120472576350955,0.067087998872193,0.04662633179216505,0.0308673453562325,0.028576331808871307,0.030169052690103254,0.02787302795373284,0.0
0.4,1064,scm,2,0.4,0.2,False,0.13578295358227355,0.11671473923789652,0.11659088765758711,0.0399279305920787,0.014418824650314375,0.03948234089346072,0.014422897826840243,0.0
0.4,1080,scm,0,0.0,0.4,True,0.016721160192814298,0.017310264513435595,0.02208911163875453,0.016654613972069986,0.04142395570807732,0.017303550345399873,0.039711248352093394,0.0
0.4,1080,scm,1,0.2,0.4,True,0.051494524533873445,0.05327489597632308,0.05076536450396771,0.03008757837432771,0.02910709300947549,0.030867544730865743,0.029378173935282817,0.0
0.4,1080,scm,2,0.4,0.4,True,0.09837196852214192,0.09080625991142358,0.12074840271312844,0.040331643107671816,0.021584271597572497,0.04267170788465589,0.020993252135984467,0.0
0.4,1080,scm,3,0.6,0.4,False,0.2728967095535164,0.2655678072180954,0.2434619605807033,0.04814885166163527,0.004908983320244847,0.04562536588277734,0.0022612022085925637,0.0
0.4,1096,scm,0,0.0,0.4,True,0.02810091270929858,0.017326708293250587,0.01976923334533965,0.022756675806957036,0.045639841886456305,0.021395843258789633,0.04388723457529369,0.0
0.4,1096,scm,1,0.2,0.4,True,0.03268658473632716,0.04211818576894925,0.05093660324459638,0.026662089810234352,0.030740415975268633,0.027080127557798716,0.030777814140485197,0.0
0.4,1096,scm,2,0.4,0.4,True,0.091258400612314,0.09824420285667934,0.1294169380118621,0.04378183975025628,0.01935539309931723,0.042152114495142515,0.020242017980150174,0.0
0.4,1096,scm,3,0.6,0.4,False,0.2171553558428444,0.20476370847259895,0.2179384959295352,0.049242177026903075,0.003502005104089941,0.04875307213875567,0.004019311097369332,0.0
0.4,1112,scm,0,0.0,0.4,True,0.016929856026802376,0.01282239443687559,0.024852189720653898,0.01954600540126203,0.04560799970912994,0.01775465169754087,0.042933318454759076,0.0
0.4,1112,scm,1,0.2,0.4,True,0.0372149897915808,0.03222086382687292,0.035658165035276135,0.026818403553574798,0.030756103004081336,0.027276719367179764,0.03080309772567273,0.0
0.4,1112,scm,2,0.4,0.4,True,0.11115397899353711,0.0971728275011368,0.10218154505567595,0.04390551502945808,0.015321127262120496,0.042978700418682125,0.016322239138082614,0.0
0.4,1112,scm,3,0.6,0.4,False,0.23172716684286354,0.23115273624414914,0.24437187173252106,0.05047191913749653,0.006337967948482617,0.04997945633140451,0.00528423998720443,0.0
0.4,1128,scm,0,0.0,0.2,True,0.044831673519366996,0.049608123538708714,0.04181777814205913,0.013946394177715909,0.03856686959095959,0.012461337427008102,0.03795696335963507,0.0
0.4,1128,scm,1,0.2,0.2,True,0.04361003342882983,0.03912888519859919,0.031980090553260364,0.028657902250450888,0.03399647301888658,0.029573672588999553,0.03442771401383292,0.0
0.4,1128,scm,2,0.4,0.2,False,0.14139819356746117,0.11103908350763374,0.13247013881370845,0.047027795458523494,0.0187558893264235,0.046435314826234406,0.019662499442256155,0.0
0.4,1144,scm,0,0.0,0.4,True,0.01626090341248039,0.02567423356055932,0.01591061268959198,0.014637875010015563,0.043717146018263556,0.016557923935637073,0.04439114338045204,0.0
0.4,1144,scm,1,0.2,0.4,True,0.04546510016648511,0.0375406583566551,0.044933476969264724,0.03043477851717451,0.03519441641611049,0.029545267219051107,0.0349567806937872,0.0
0.4,1144,scm,2,0.4,0.4,True,0.10245129490929003,0.09782231593104898,0.11683293130894859,0.04781208799033515,0.01576008564211291,0.04749244837512735,0.01582690999553265,0.0
0.4,1144,scm,3,0.6,0.4,False,0.26919257292543475,0.24822832808730105,0.2646120332989899,0.047661488832603974,0.002246021428335656,0.048115131668679305,0.0034350571796535646,0.0
0.4,1160,scm,0,0.0,0.4,True,0.021484511031706434,0.03088733835671575,0.03225134527524947,0.022018336852353305,0.03770862424144952,0.020682956944756095,0.03661268466850876,0.0
0.4,1160,scm,1,0.2,0.4,True,0.031303745316935826,0.034075099088074365,0.03897476825947203,0.029750509073121777,0.03478755946729791,0.0326140395690946,0.03470739307792109,0.0
0.4,1160,scm,2,0.4,0.4,True,0.11080793221479503,0.08610714316501739,0.07150178912162596,0.04080238237342931,0.01910863449120138,0.03980462579952691,0.0158409117240569,0.0
0.4,1160,scm,3,0.6,0.4,False,0.2613303159371672,0.2541276532815731,0.2733138707158658,0.047920109563480445,0.005701025957806098,0.04726675868451932,0.00492205940835284,0.0
0.4,1176,scm,0,0.0,0.2,True,0.012162539924546554,0.01613737594819724,0.016037730525944004,0.01902012165118569,0.04040221261748834,0.02134653487384615,0.0399911154374424,0.0
0.4,1176,scm,1,0.2,0.2,True,0.0502426198066111,0.054228655483551734,0.03598542191292402,0.026704478884066664,0.03291958346448928,0.026034018983398646,0.03268624179745248,0.0
0.4,1176,scm,2,0.4,0.2,False,0.10651680489151084,0.10808940140191847,0.140136532532493,0.04171915721654389,0.01636590300132094,0.040020611825222756,0.01745536950119257,0.0
0.4,1192,scm,0,0.0,0.4,True,0.03186576486456003,0.03374495545264113,0.028043156793916262,0.02153551287883642,0.044182433115369915,0.021035004552919387,0.04252664865400574,0.0
0.4,1192,scm,1,0.2,0.4,True,0.045160154549435304,0.04963237117549671,0.03711151740752881,0.03360927456306571,0.03220674033965542,0.03449212123752733,0.031167902417058004,0.0
0.4,1192,scm,2,0.4,0.4,True,0.09013017494953675,0.09345279409016945,0.07319209083872555,0.03653120104628224,0.013092768143117375,0.03686502348643912,0.01282029646524395,0.0
0.4,1192,scm,3,0.6,0.4,False,0.22648930484965477,0.20666123902699404,0.2830306623781014,0.0472219846016526,0.0029069719540990705,0.047475715568318685,0.0020656357441988208,0.0
0.4,1208,scm,0,0.0,0.2,True,0.0411514159886989,0.04004111079216276,0.014269845762182046,0.017670291825585063,0.03869345022697196,0.017188428741072827,0.03842464301116337,0.0
0.4,1208,scm,1,0.2,0.2,True,0.037609308577410475,0.03684838343571541,0.04537817433607928,0.030649057471456364,0.029481155141167784,0.030997834661069847,0.030996268336988205,0.0
0.4,1208,scm,2,0.4,0.2,False,0.12082151039457498,0.11129089324849276,0.12860052491451923,0.03901660252708858,0.018024358065851027,0.04006878080008424,0.016557388370232268,0.0
0.4,1224,scm,0,0.0,0.4,True,0.02752307070109495,0.031113066925247734,0.026371829789299576,0.017455557367657727,0.04090645483603752,0.017215423721581018,0.0400879916755096,0.0
0.4,1224,scm,1,0.2,0.4,True,0.056121993061166255,0.046994956034860175,0.0446660239278174,0.030581787921664397,0.028935966043355313,0.0305563348179946,0.028430586726405766,0.0
0.4,1224,scm,2,0.4,0.4,True,0.093937140065043,0.08004368272941217,0.11862116213454382,0.04118035365585372,0.015704447864601744,0.040561324284772673,0.01432771029922764,0.0
0.4,1224,scm,3,0.6,0.4,False,0.29187604979041437,0.2789431371599932,0.1893166236512034,0.049945078944977725,0.003206317019956608,0.04664601808771188,0.0015319660359481224,0.0
0.4,1240,scm,0,0.0,0.4,True,0.014951274190441054,0.014026239858392277,0.028684634483273793,0.019090576991451204,0.040202169502095424,0.020019561215271316,0.041089999416223676,0.0
0.4,1240,scm,1,0.2,0.4,True,0.039846751050963934,0.0299127648290495,0.036213607721834455,0.026925537330633513,0.03442653679866824,0.026870235611467425,0.03424315999937555,0.0
0.4,1240,scm,2,0.4,0.4,True,0.10341460030214443,0.09353170448900287,0.1064168912750644,0.03995994667375918,0.02224907431727969,0.03883667847919231,0.021385227327380893,0.0
0.4,1240,scm,3,0.6,0.4,False,0.22623145218329627,0.19761317157031755,0.22296614199450318,0.04707305600519335,0.009736552985250233,0.04659328918692748,0.006963601125031148,0.0
0.4,1256,scm,0,0.0,0.2,True,0.0315034986297336,0.028335077474876635,0.02939127691055428,0.016832911965079075,0.04095103079362445,0.016359645217851514,0.03799192835886472,0.0
0.4,1256,scm,1,0.2,0.2,True,0.035145316120110924,0.039248262002465645,0.05185033601703415,0.02912228955145466,0.031973661736051595,0.028066453655298217,0.032041424845397376,0.0
0.4,1256,scm,2,0.4,0.2,False,0.1202832870230682,0.1123639652137703,0.1109058593201294,0.044796401974446884,0.017288568798956298,0.044031756555706875,0.016711557741701615,0.0
0.4,1272,scm,0,0.0,0.4,True,0.018827118222569772,0.030435222305121034,0.03788271905299624,0.020372895770289896,0.042203860258127224,0.020537171602441437,0.041262154278993796,0.0
0.4,1272,scm,1,0.2,0.4,True,0.03369894313106392,0.024466768826161066,0.04785557799687836,0.029821830988054798,0.028368114874241696,0.02877019664477546,0.027333104480575885,0.0
0.4,1272,scm,2,0.4,0.4,True,0.07555165962199464,0.06150899927976416,0.10577708372808965,0.04190347667614373,0.021732420200018244,0.03996031891296021,0.019888339815637077,0.0
0.4,1272,scm,3,0.6,0.4,False,0.26730410293840373,0.25334457561655216,0.2414597794331848,0.04960245893917627,0.00402735832126676,0.04860713893169582,0.003166335332545258,0.0
0.4,1288,scm,0,0.0,0.4,True,0.026687568502665217,0.032845666303336615,0.01712500179299311,0.01815636327987353,0.04218408015324529,0.018513037301816197,0.041535877752287086,0.0
0.4,1288,scm,1,0.2,0.4,True,0.023234441684701686,0.030880225059229875,0.032705624930537636,0.028695224531114914,0.03376940444059328,0.028541642565518686,0.0345300161809121,0.0
0.4,1288,scm,2,0.4,0.4,True,0.06805473249840187,0.061668841687117996,0.1178198519794286,0.039012966736514776,0.019832822520530244,0.03650142268673247,0.02003380037124452,0.0
0.4,1288,scm,3,0.6,0.4,False,0.252089567955747,0.24092953489754204,0.17698936619643812,0.046222920998738676,0.0034190158483268906,0.042017823577852734,0.0017322676939259447,0.0
0.4,1304,scm,0,0.0,0.2,True,0.04674003875855505,0.03450849380932878,0.023912459663917838,0.02145523743714501,0.04391783975709989,0.021278094103384375,0.043563809773747124,0.0
0.4,1304,scm,1,0.2,0.2,True,0.0506885232981914,0.048173751953048474,0.036485004053976075,0.030680060178707523,0.03456761140024474,0.029791525652840357,0.03362782977498144,0.0
0.4,1304,scm,2,0.4,0.2,False,0.1060588263883432,0.11162675301058385,0.09353904358773911,0.043405280151828554,0.019384884052732757,0.04318314365374882,0.017713952626016313,0.0
0.4,1320,scm,0,0.0,0.2,True,0.038673241220240795,0.03290538200243716,0.024565315622472175,0.016313827253297046,0.039477713467298614,0.016748866820904762,0.04006510238245469,0.0
0.4,1320,scm,1,0.2,0.2,True,0.054049316893935655,0.05350767594635725,0.060269706468148006,0.0237241652575874,0.03294073246434826,0.02431992132693997,0.03371458707297289,0.0
0.4,1320,scm,2,0.4,0.2,False,0.11135776622640825,0.10898233272949177,0.09326403939004096,0.04519446085279057,0.019090652115965213,0.04077672531541708,0.018274072819192157,0.0
0.4,1336,scm,0,0.0,0.4,True,0.015208609738528615,0.01773012342640002,0.020102705618523585,0.01859204377760669,0.04035441147206691,0.020610449838349903,0.04032876582886261,0.0
0.4,1336,scm,1,0.2,0.4,True,0.06317364865767078,0.07717451856262537,0.04817672126196576,0.03249896124750852,0.029607345489506436,0.03179164072521795,0.028219533725934623,0.0
0.4,1336,scm,2,0.4,0.4,True,0.1117562005837356,0.09234615049901186,0.07404152552176708,0.03937782840636859,0.017325839248285936,0.041797626695583505,0.017986755398967144,0.0
0.4,1336,scm,3,0.6,0.4,False,0.23759645869001372,0.25552419443882046,0.29240750022129025,0.050191732764896864,0.004262788327380213,0.04829067796227666,0.0024369150809554693,0.0
0.4,1352,scm,0,0.0,0.4,True,0.040340257349058495,0.04460521756198724,0.015194534711670912,0.018801523468675793,0.041936824240543465,0.018314447938843008,0.043050217385263594,0.0
0.4,1352,scm,1,0.2,0.4,True,0.047880146816341555,0.04361008079470568,0.03706890840307898,0.03348736675591833,0.027743016201300656,0.033797766402761054,0.028722368085951383,0.0
0.4,1352,scm,2,0.4,0.4,True,0.12482034137139746,0.09655589856812621,0.11432768774187062,0.04990980420793438,0.01902514545271642,0.05058601700188678,0.01801971921545645,0.0
0.4,1352,scm,3,0.6,0.4,False,0.27364440128308776,0.255580206441174,0.23168172043353863,0.04610043394297017,0.005076343227879103,0.0424491333156537,0.0024749296913362195,0.0
0.4,1368,scm,0,0.0,0.4,True,0.04140508001177472,0.03850700881478883,0.02342910148309893,0.01824014432681612,0.04335736599168246,0.018060327971535325,0.04178841532201932,0.0
0.4,1368,scm,1,0.2,0.4,True,0.02416292136841128,0.03633559348277129,0.019244093918242756,0.025860085680316447,0.03216576615621459,0.025307085264075414,0.03078161759168349,0.0
0.4,1368,scm,2,0.4,0.4,True,0.07797565511568995,0.0646458888578891,0.12310618597947881,0.03882000100915793,0.020023820166299014,0.03984616529941891,0.02054113680995567,0.0
0.4,1368,scm,3,0.6,0.4,False,0.28107949689181755,0.26917984068949713,0.19287355566578304,0.04748329655108715,0.002451851169913985,0.04570192851457455,0.0018743250985865881,0.0
0.4,1384,scm,0,0.0,0.4,True,0.030427066824149585,0.027501336490812874,0.027842983808772807,0.018956184476797894,0.03734187153629857,0.019181102065119148,0.037154925278399795,0.0
0.4,1384,scm,1,0.2,0.4,True,0.0213649205446416,0.032428764021629634,0.049338074120346416,0.034777759235867726,0.03381412183010877,0.03399142169022653,0.034547073590350114,0.0
0.4,1384,scm,2,0.4,0.4,True,0.08915303150745403,0.08927630815982877,0.12194675720312055,0.04053808141560669,0.01991218163507603,0.04066009700514012,0.019452018619696834,0.0
0.4,1384,scm,3,0.6,0.4,False,0.23357486658485566,0.22847755032310282,0.24087938984290483,0.04735352212880099,0.0048422397424251334,0.046862216304216636,0.004309194066919142,0.0
0.55,1000,flat,0,0.0,0.4,True,0.02421764487985906,0.02618915792427112,0.018840865259846597,0.012410738655933519,,0.013828131193817936,,0.0
0.55,1000,flat,1,0.2,0.4,True,0.0359950200567348,0.03198594791531381,0.0381892845268495,0.018742986925234593,,0.019264058962561663,,0.0
0.55,1000,flat,2,0.4,0.4,True,0.07853470503395876,0.07847931633921039,0.07628165101762954,0.022021021250072395,,0.021204829127173908,,0.0
0.55,1000,flat,3,0.6,0.4,False,0.209012592343367,0.18042483031225157,0.17957537879473692,0.02838471055161582,,0.02871560417341085,,0.0
0.55,1016,flat,0,0.0,0.4,True,0.026857470097827654,0.028996468022174666,0.026962381948213317,0.010019777432492424,,0.010255842239359454,,0.0
0.55,1016,flat,1,0.2,0.4,True,0.06488023507193987,0.06630475586634935,0.05837185305195748,0.016583284628705647,,0.016353819195749856,,0.0
0.55,1016,flat,2,0.4,0.4,True,0.0811227114982194,0.08149493240748844,0.09136097534422932,0.023549443153004182,,0.022365624986746588,,0.0
0.55,1016,flat,3,0.6,0.4,False,0.1714485113734384,0.1355253717992679,0.16816926663576554,0.02805638177349222,,0.027774021280249764,,0.0
0.55,1032,flat,0,0.0,0.4,True,0.03246919627870317,0.02613576564051229,0.031755562290292014,0.0069110608564898965,,0.008973214007546765,,0.0
0.55,1032,flat,1,0.2,0.4,True,0.037284591433170096,0.05103429235124934,0.025312103474803234,0.01272566827422054,,0.014060320776527236,,0.0
0.55,1032,flat,2,0.4,0.4,True,0.057901394912946984,0.06227167988872549,0.07138094918188945,0.02216421800604175,,0.020191962209422508,,0.0
0.55,1032,flat,3,0.6,0.4,False,0.20183658656016518,0.1608437060051046,0.20954741905148702,0.028289272744885064,,0.02722478958452112,,0.0
0.55,1048,flat,0,0.0,0.4,True,0.01752775179607115,0.024689072897491105,0.0319425822521242,0.00860253561527609,,0.008826529854129541,,0.0
0.55,1048,flat,1,0.2,0.4,True,0.05655893529959818,0.05457352604459296,0.04618970514945598,0.01738126674742639,,0.013970715005604836,,0.0
0.55,1048,flat,2,0.4,0.4,True,0.10394259460515182,0.09304009987575085,0.09540334911445986,0.02448940088553178,,0.021146812529688468,,0.0
0.55,1048,flat,3,0.6,0.4,False,0.17281012079630215,0.1531566960721952,0.15517210525977404,0.024545408519744863,,0.02267948678173169,,0.0
0.55,1064,flat,0,0.0,0.4,True,0.035562127671932564,0.030835600847477287,0.03284582921108368,0.007253407796419752,,0.008365477201182615,,0.0
0.55,1064,flat,1,0.2,0.4,True,0.05646666119825414,0.04912893425328681,0.056775531829279684,0.01627644579559262,,0.015358167444906754,,0.0
0.55,1064,flat,2,0.4,0.4,True,0.10056590173430136,0.08771425299837232,0.0936183665981467,0.02154777880167915,,0.019253332215539095,,0.0
0.55,1064,flat,3,0.6,0.4,False,0.20925332944539757,0.17976770814247706,0.2332080691827675,0.03019506475946407,,0.029907512562518324,,0.0
0.55,1080,flat,0,0.0,0.4,True,0.036266308403131026,0.034118545486987714,0.03343046967838488,0.007694491910139514,,0.007537517927335271,,0.0
0.55,1080,flat,1,0.2,0.4,True,0.02325149627193976,0.014828810807210845,0.0333799166382526,0.016422967536107176,,0.014306799918788717,,0.0
0.55,1080,flat,2,0.4,0.4,True,0.0997821695072704,0.082631078497641,0.08523131410224176,0.025894652978001427,,0.025446506267882706,,0.0
0.55,1080,flat,3,0.6,0.4,False,0.1839937584783077,0.1745813614453851,0.16561783036849312,0.025132604428657175,,0.025034920860951822,,0.0
0.55,1096,flat,0,0.0,0.4,True,0.03460548172770073,0.025281852832533654,0.04289426125990894,0.009601627255735792,,0.011507273304876085,,0.0
0.55,1096,flat,1,0.2,0.4,True,0.054413681009562787,0.0532865162939428,0.033135576740321526,0.018798042987748412,,0.018401044843534962,,0.0
0.55,1096,flat,2,0.4,0.4,True,0.0837594875910044,0.06875319253087703,0.07974991091340024,0.020140176243563887,,0.020049685532960417,,0.0
0.55,1096,flat,3,0.6,0.4,False,0.15172555126311177,0.1422258562208769,0.15136065405097596,0.02028298910561235,,0.019541187637371723,,0.0
0.55,1112,flat,0,0.0,0.4,True,0.032531655773795,0.024024833434135123,0.024382955095038128,0.010140076969023769,,0.005373237717276577,,0.0
0.55,1112,flat,1,0.2,0.4,True,0.055527010327245836,0.042821990708023526,0.04458391842583739,0.016184877411284153,,0.014760563445197132,,0.0
0.55,1112,flat,2,0.4,0.4,True,0.06976132350315888,0.04668957164190414,0.08856664608244671,0.01799785818820286,,0.015686496441109286,,0.0
0.55,1112,flat,3,0.6,0.4,False,0.1895583217684752,0.17885816035733845,0.19300554215058652,0.02179541276427594,,0.020311238675433677,,0.0
0.55,1128,flat,0,0.0,0.2,True,0.03429342957042384,0.023328262702930733,0.03613432660764229,0.005513219246835943,,0.012815977481596465,,0.0
0.55,1128,flat,1,0.2,0.2,True,0.016879910365458398,0.026005192355551855,0.0364826159439407,0.015372458411189813,,0.014634781189750527,,0.0
0.55,1128,flat,2,0.4,0.2,False,0.11031717752962157,0.10521189365440113,0.08429992762195074,0.023354887848252202,,0.021551003158787573,,0.0
0.55,1144,flat,0,0.0,0.4,True,0.015224419605031101,0.017658720168439328,0.03239434699917913,0.00934023343102467,,0.009931763186386035,,0.0
0.55,1144,flat,1,0.2,0.4,True,0.05195310490933522,0.04892434742180034,0.044843868677704866,0.01667003229264821,,0.01697596914617621,,0.0
0.55,1144,flat,2,0.4,0.4,True,0.10678061783976925,0.08773178596829148,0.0532496403575848,0.015803224593835118,,0.015547418323300446,,0.0
0.55,1144,flat,3,0.6,0.4,False,0.18605918391401566,0.20045093734361494,0.18930566960848516,0.03350649465553952,,0.03002136894337632,,0.0
0.55,1160,flat,0,0.0,0.2,True,0.021520342165756042,0.03485396058374543,0.021849329120785486,0.013219316896391733,,0.013670726653979386,,0.0
0.55,1160,flat,1,0.2,0.2,True,0.01832501719833633,0.026483021140764923,0.046381485709537,0.01629815463964673,,0.013736743147722583,,0.0
0.55,1160,flat,2,0.4,0.2,False,0.11615977524906315,0.12721266051479596,0.08274432689511349,0.018361193460169782,,0.018077228093518145,,0.0
0.55,1176,flat,0,0.0,0.2,True,0.03554929023643123,0.03512183440749739,0.03498006176312434,0.013390121967226172,,0.013918111085018418,,0.0
0.55,1176,flat,1,0.2,0.2,True,0.048309131909842644,0.052566154400196956,0.040236317338937455,0.008339454981622366,,0.01095657162318318,,0.0
0.55,1176,flat,2,0.4,0.2,False,0.14158171787841367,0.14035450339536748,0.11501176722549011,0.02315856116682782,,0.023116938610653698,,0.0
0.55,1192,flat,0,0.0,0.4,True,0.01652664677338531,0.01302113118392042,0.03623850179023497,0.010690739844673315,,0.006250708013622807,,0.0
0.55,1192,flat,1,0.2,0.4,True,0.05238975342106022,0.04766774170494164,0.050842627735060805,0.014727899185747913,,0.0150390729749574,,0.0
0.55,1192,flat,2,0.4,0.4,True,0.07883526473352145,0.0850127613897997,0.08305754143638469,0.021156833106297904,,0.019615119444827567,,0.0
0.55,1192,flat,3,0.6,0.4,False,0.15525918624790408,0.16014880047674948,0.20568551799745666,0.021671297317974604,,0.02013918471871241,,0.0
0.55,1208,flat,0,0.0,0.4,True,0.03681928046364983,0.03254208611667133,0.026508054560101375,0.009899760608069345,,0.009209620231423212,,0.0
0.55,1208,flat,1,0.2,0.4,True,0.05088224902143362,0.04191121586394504,0.05249274247194855,0.018106962230470775,,0.019480264956111423,,0.0
0.55,1208,flat,2,0.4,0.4,True,0.06767574971478824,0.06465596864240954,0.10108820347151855,0.019067409599490315,,0.021773176525967372,,0.0
0.55,1208,flat,3,0.6,0.4,False,0.2070603735113907,0.19117505112626876,0.1715923400704416,0.02726944125713901,,0.026985987180558065,,0.0
0.55,1224,flat,0,0.0,0.4,True,0.029011028372750193,0.03190149185530863,0.04518243544788295,0.007516726318395979,,0.007476452582354163,,0.0
0.55,1224,flat,1,0.2,0.4,True,0.05347355600305112,0.0478076365859011,0.039732184654112865,0.014141713131065133,,0.017098425250637362,,0.0
0.55,1224,flat,2,0.4,0.4,True,0.07806773668818542,0.059054241361705465,0.0889853566821576,0.022618039353025823,,0.02024648045384255,,0.0
0.55,1224,flat,3,0.6,0.4,False,0.14717303611626883,0.15463887980411162,0.18611373349755697,0.02650412946087384,,0.02407376729350825,,0.0
0.55,1240,flat,0,0.0,0.4,True,0.02664225680500546,0.026700990568968887,0.009463282824901165,0.007672310192698134,,0.008080233402077796,,0.0
0.55,1240,flat,1,0.2,0.4,True,0.046346130271371,0.05092839476111614,0.04089328386376532,0.017290630491635945,,0.017182784061208132,,0.0
0.55,1240,flat,2,0.4,0.4,True,0.07802155875229565,0.08453813177729481,0.08478715759595652,0.021230905468315794,,0.01923549901989227,,0.0
0.55,1240,flat,3,0.6,0.4,False,0.19837434529520753,0.18032251441363034,0.1989679982597792,0.026700842491225153,,0.025556864884017455,,0.0
0.55,1256,flat,0,0.0,0.4,True,0.025018928504299768,0.02917066266090659,0.031293047993197605,0.009375584838492873,,0.009254332899963377,,0.0
0.55,1256,flat,1,0.2,0.4,True,0.034677259056078706,0.043744155783882264,0.04370229282484566,0.015712300847470335,,0.015180927665447843,,0.0
0.55,1256,flat,2,0.4,0.4,True,0.08524031473745926,0.07048983095486784,0.11628705645248433,0.024374452598125124,,0.021281239588395152,,0.0
0.55,1256,flat,3,0.6,0.4,False,0.13927211990492794,0.11168437499028622,0.1815144348852033,0.020185780898121567,,0.021293424355922977,,0.0
0.55,1272,flat,0,0.0,0.4,True,0.023967666023073098,0.02438078104501718,0.0275506677969263,0.009458900649637838,,0.009016133035905587,,0.0
0.55,1272,flat,1,0.2,0.4,True,0.013952754734670432,0.008508333839638381,0.04086666189280857,0.016065353324865524,,0.016012897650884275,,0.0
0.55,1272,flat,2,0.4,0.4,True,0.10033807827446597,0.0973669310012718,0.08219295233803856,0.022943460190004095,,0.024283476615430493,,0.0
0.55,1272,flat,3,0.6,0.4,False,0.1691909018991326,0.1457269802392171,0.19766437499506653,0.023490145099214328,,0.02355760668318653,,0.0
0.55,1288,flat,0,0.0,0.2,True,0.022095372766641495,0.02675483532359166,0.02259126657625589,0.01027416576026961,,0.010565749372180822,,0.0
0.55,1288,flat,1,0.2,0.2,True,0.04242110000617,0.036746492447579236,0.03968247567159978,0.019471079081435444,,0.01943976376014079,,0.0
0.55,1288,flat,2,0.4,0.2,False,0.1254485360849647,0.10485982168724382,0.08493701653648468,0.02298137673935685,,0.022147750261970068,,0.0
0.55,1304,flat,0,0.0,0.2,True,0.024753935246979896,0.018304327639037964,0.018933451777890083,0.007802625235528993,,0.008473526753645832,,0.0
0.55,1304,flat,1,0.2,0.2,True,0.025513937425619835,0.02450394178276545,0.019811357586039878,0.01724374495828947,,0.018084706575343456,,0.0
0.55,1304,flat,2,0.4,0.2,False,0.10557974910838958,0.10514901374986223,0.10812294984430657,0.021508253253913742,,0.020338468012335666,,0.0
0.55,1320,flat,0,0.0,0.2,True,0.02626520273305237,0.02127528679274808,0.01948293578614739,0.007783765371376908,,0.007653788653743183,,0.0
0.55,1320,flat,1,0.2,0.2,True,0.05247200176523965,0.04916573401062876,0.032837722103921725,0.01846999770377371,,0.017688172208383608,,0.0
0.55,1320,flat,2,0.4,0.2,False,0.12322035221097673,0.12800227249439142,0.0853587790134409,0.018392801618988576,,0.02064832534728071,,0.0
0.55,1336,flat,0,0.0,0.2,True,0.01852432788255099,0.018567147089197877,0.010228415300753742,0.012894541978401041,,0.013434338609468306,,0.0
0.55,1336,flat,1,0.2,0.2,True,0.037118352620744643,0.04475821921541826,0.031592896256322216,0.01698439842524484,,0.013784767758143192,,0.0
0.55,1336,flat,2,0.4,0.2,False,0.10238771291162463,0.11757745397342262,0.06592631992766212,0.015948222715537072,,0.014773129723204924,,0.0
0.55,1352,flat,0,0.0,0.4,True,0.025792155911031612,0.033125138920029946,0.03871119885731923,0.009718200075662783,,0.009609449508398418,,0.0
0.55,1352,flat,1,0.2,0.4,True,0.04168654935345223,0.03792550147610833,0.05496084735707582,0.015938349614183396,,0.01571902948426796,,0.0
0.55,1352,flat,2,0.4,0.4,True,0.08616896206410851,0.06252854248242389,0.09434274200464007,0.025543574337918373,,0.025844282896186017,,0.0
0.55,1352,flat,3,0.6,0.4,False,0.17917370785329534,0.1659915190517136,0.15819071080693387,0.019478517509926102,,0.01863902200931365,,0.0
0.55,1368,flat,0,0.0,0.4,True,0.017286881362946302,0.02187872689936961,0.009887572357199313,0.010838059451298527,,0.007169604284498121,,0.0
0.55,1368,flat,1,0.2,0.4,True,0.030442662421653655,0.036293033782964744,0.04616410043912242,0.014087093303889445,,0.012729117190281332,,0.0
0.55,1368,flat,2,0.4,0.4,True,0.08019913872343133,0.055358893857393426,0.090562354250824,0.021287925027347936,,0.02085314535360436,,0.0
0.55,1368,flat,3,0.6,0.4,False,0.19496437227603805,0.1907277149136713,0.16853933726458226,0.021940922458255383,,0.0216289494415869,,0.0
0.55,1384,flat,0,0.0,0.4,True,0.026234597549437827,0.02151700852723515,0.013003251881381878,0.010891878796643408,,0.011502954377135305,,0.0
0.55,1384,flat,1,0.2,0.4,True,0.05080122498680453,0.04361523153311585,0.02565021637197044,0.015448498143916968,,0.015352161148880494,,0.0
0.55,1384,flat,2,0.4,0.4,True,0.09415183240190893,0.07458939849526779,0.08898127567195958,0.017937538189373645,,0.01686312725074621,,0.0
0.55,1384,flat,3,0.6,0.4,False,0.18468897890438116,0.16201613696365488,0.1692730253788949,0.027212125871876783,,0.025722092761456414,,0.0
0.55,1000,scm,0,0.0,0.4,True,0.035062939260833294,0.027245461756303754,0.02115374384481322,0.018494827794438125,0.04329703303230375,0.01722846795180362,0.04266432473421642,0.0
0.55,1000,scm,1,0.2,0.4,True,0.05355775316714201,0.03935699602931909,0.03937522529257723,0.02800820125000255,0.027479991642846105,0.02881310287710761,0.0270388578665597,0.0
0.55,1000,scm,2,0.4,0.4,True,0.09392284039883297,0.06861916212762709,0.11102989077934738,0.039592610356992686,0.01614457895639124,0.03908551744710235,0.01625152623683165,0.0
0.55,1000,scm,3,0.6,0.4,False,0.2789892063539772,0.26027658157712064,0.2530568262625497,0.049356524166997304,0.006524908135398574,0.04904307926057976,0.006923292645978228,0.0
0.55,1016,scm,0,0.0,0.4,True,0.02273958806010104,0.027165666045421335,0.027202834707042677,0.022588866885676594,0.04139819927959337,0.023310446793973365,0.041919343631601214,0.0
0.55,1016,scm,1,0.2,0.4,True,0.04283677114943689,0.04453529797728706,0.03319858807643032,0.030219618946425414,0.030634237973220745,0.029884554712069994,0.030460036789770183,0.0
0.55,1016,scm,2,0.4,0.4,True,0.08239093547087925,0.06749139080803121,0.10021963644917445,0.04135847676095951,0.016280170191212473,0.04142919032093241,0.01722440269609601,0.0
0.55,1016,scm,3,0.6,0.4,False,0.25121811496441665,0.23126783968600484,0.2311190011156733,0.04878997054508484,0.006210537390574463,0.046883842280315856,0.00384589272816252,0.0
0.55,1032,scm,0,0.0,0.4,True,0.034317905011996566,0.029881390061980505,0.02246880239239667,0.019605556799308234,0.04088569300739011,0.020246807218143453,0.039812203099055594,0.0
0.55,1032,scm,1,0.2,0.4,True,0.025183026845572477,0.03150671443911994,0.03467927527476567,0.02609699061169097,0.03161737073451477,0.024205236975638172,0.03251048454110552,0.0
0.55,1032,scm,2,0.4,0.4,True,0.08440664103246188,0.07448717870182549,0.09997655525312196,0.03998674253244541,0.020905692305471055,0.04239748564813776,0.020506466557960658,0.0
0.55,1032,scm,3,0.6,0.4,False,0.222086506336854,0.22713133133676025,0.293297162283112,0.057474480120923085,0.0020763826121528136,0.05495232612918317,0.0009224617791148814,0.0
0.55,1048,scm,0,0.0,0.4,True,0.025240021567689917,0.023195036034074846,0.03653996228738699,0.021581292546104042,0.04126030783605936,0.02060088627203535,0.04007266834841778,0.0
0.55,1048,scm,1,0.2,0.4,True,0.036512530872379004,0.030032218928034385,0.032832229154647286,0.02936250632997211,0.034646162757259256,0.029807733519811398,0.03588925030934425,0.0
0.55,1048,scm,2,0.4,0.4,True,0.11610435668040739,0.08640138863715416,0.113125850509332,0.04153436517977414,0.016188707974862316,0.042666389132234306,0.01471933830568046,0.0
0.55,1048,scm,3,0.6,0.4,False,0.2711056052758879,0.23705214878047637,0.22843021113550066,0.050207238197550366,0.0027879612828988157,0.049863797000477814,0.0028102389697020544,0.0
0.55,1064,scm,0,0.0,0.2,True,0.03230325799950507,0.026121725380551367,0.026656935779158467,0.016591011321221448,0.03976367120272456,0.01585588899198611,0.038829391517953574,0.0
0.55,1064,scm,1,0.2,0.2,True,0.05343751201913529,0.041677168610765015,0.05366554469053858,0.03090142542242707,0.029810304920913567,0.029722115894390274,0.030357128634790637,0.0
0.55,1064,scm,2,0.4,0.2,False,0.11693959706195681,0.10832793144701973,0.12475859709275232,0.04141404851108782,0.015123396060620893,0.04160070234201936,0.015573714212730114,0.0
0.55,1080,scm,0,0.0,0.4,True,0.013185656225465258,0.02907643508059084,0.03151043023974396,0.018417863190440295,0.04192975506322153,0.019302929202608732,0.04216567229592346,0.0
0.55,1080,scm,1,0.2,0.4,True,0.06284914145677635,0.05142853374409326,0.05274850804168503,0.028876198827786186,0.02686728794626359,0.02826990373120441,0.027777990998842608,0.0
0.55,1080,scm,2,0.4,0.4,True,0.09170648399307563,0.07493763316530842,0.11190094156174211,0.04021426754632662,0.021205049599975406,0.04301396935879559,0.020457967139821266,0.0
0.55,1080,scm,3,0.6,0.4,False,0.26173289893277724,0.2437209318610397,0.27649130620198664,0.04554153368721055,0.0029089145117747297,0.04557773848284265,0.003152550807290726,0.0
0.55,1096,scm,0,0.0,0.2,True,0.0251548929206114,0.022199836589575438,0.022636490090354275,0.019742149556524743,0.04192834282088689,0.02051734099638048,0.04124933530475174,0.0
0.55,1096,scm,1,0.2,0.2,True,0.03488744984595896,0.029566795475388825,0.04441859650906873,0.027683350728012413,0.03191030873949368,0.027557564158138356,0.03251994291159994,0.0
0.55,1096,scm,2,0.4,0.2,False,0.12559518640607203,0.1214476392413792,0.133221152089833,0.04371425536246334,0.019850610896067083,0.042824181659139156,0.019354523736349057,0.0
0.55,1112,scm,0,0.0,0.2,True,0.016826643023587783,0.013041669854246872,0.024319331706897568,0.017208411728877535,0.04514198474042934,0.01849932812545676,0.045486230210289934,0.0
0.55,1112,scm,1,0.2,0.2,True,0.0487501290264207,0.04564104330752061,0.046266184191618404,0.026351859098109325,0.028994488559626098,0.025620214362767027,0.029044007129718337,0.0
0.55,1112,scm,2,0.4,0.2,False,0.13001606480698477,0.12307007134614308,0.1124737615145438,0.042853203272946325,0.014275948334171685,0.0425877135224743,0.014562075998988191,0.0
0.55,1128,scm,0,0.0,0.2,True,0.04589181866038755,0.04069369796692377,0.03698514149742625,0.01232903831975367,0.03931727885016529,0.01356752504112799,0.03917363351145049,0.0
0.55,1128,scm,1,0.2,0.2,True,0.031061935189021495,0.03094492856901372,0.03865033812870267,0.027001368047014886,0.0336992147486792,0.026288898328990833,0.033490221474454324,0.0
0.55,1128,scm,2,0.4,0.2,False,0.13705090637608236,0.11985994422046359,0.14472979669688393,0.04244588590192142,0.01558071090159863,0.04293001758456981,0.015437578170508868,0.0
0.55,1144,scm,0,0.0,0.4,True,0.025794944103113393,0.01765879405650438,0.030553081345761485,0.017646099842141143,0.04311766250914017,0.0167434413866187,0.04272532414865043,0.0
0.55,1144,scm,1,0.2,0.4,True,0.04073340371927746,0.038401460501351924,0.046038640970375834,0.03138710175427313,0.034295849532771504,0.030846623902339478,0.032528820556394035,0.0
0.55,1144,scm,2,0.4,0.4,True,0.10847229414719933,0.09050811187106604,0.15058435722489297,0.04613127177700946,0.015562935955066927,0.04671887833556272,0.014545693352211815,0.0
0.55,1144,scm,3,0.6,0.4,False,0.26399806431858774,0.2611122761911216,0.25778699362910085,0.04690607246464937,0.0017198449576298974,0.0465347492515591,0.0015971143855325908,0.0
0.55,1160,scm,0,0.0,0.4,True,0.031214615151822025,0.03228512141776748,0.027715961956591935,0.020281791786902773,0.03617591377563221,0.015739126595090504,0.0364072381908231,0.0
0.55,1160,scm,1,0.2,0.4,True,0.030272714223608842,0.026948424452211954,0.05119403957583482,0.03038592044897722,0.03290794169884272,0.0314975685131099,0.03144155544026976,0.0
0.55,1160,scm,2,0.4,0.4,True,0.09355624786898162,0.07736983117319775,0.08982467246081183,0.042499771168145975,0.017455442192114673,0.04163686941321312,0.017076228927266707,0.0
0.55,1160,scm,3,0.6,0.4,False,0.24924648636371155,0.22512070733759304,0.26015228418786507,0.04909028316787624,0.004873860948510597,0.04726682703520994,0.003181435136965886,0.0
0.55,1176,scm,0,0.0,0.4,True,0.033679643072212294,0.043216465653741015,0.029382722414338768,0.01861727490535099,0.03526045024599322,0.018675325719988537,0.03449512436405662,0.0
0.55,1176,scm,1,0.2,0.4,True,0.05288696167873708,0.04663697394400168,0.03731616139908116,0.023767329283296796,0.034225146312404614,0.02623582506704157,0.03648020314215945,0.0
0.55,1176,scm,2,0.4,0.4,True,0.09401836176500825,0.0876948250153539,0.13534857501519282,0.04267065023923462,0.016168148021330212,0.042232258330895875,0.01624447320664222,0.0
0.55,1176,scm,3,0.6,0.4,False,0.2688142425727234,0.2179367017734711,0.28628303184178283,0.05204950201180339,0.0034520566174546297,0.05325661320772131,0.0023981888969992825,0.0
0.55,1192,scm,0,0.0,0.4,True,0.022394116988442344,0.01957841092158917,0.05415253084667837,0.019737911772023293,0.038000544480232615,0.02157342223181799,0.03915969665625447,0.0
0.55,1192,scm,1,0.2,0.4,True,0.03643056709774893,0.03800357808998469,0.039246818820487986,0.031817034948895886,0.0332338648151429,0.031210565744366942,0.03321797153048376,0.0
0.55,1192,scm,2,0.4,0.4,True,0.10026566072799599,0.0946245891101837,0.07763945839749405,0.03708817203994211,0.016697017367826694,0.03688316257161725,0.018606019161915448,0.0
0.55,1192,scm,3,0.6,0.4,False,0.2488364889518231,0.2503060225663475,0.21465834650012516,0.0502198617707508,0.005117532864758736,0.04944373697110666,0.005570752704177236,0.0
0.55,1208,scm,0,0.0,0.2,True,0.02206609530451411,0.024072853503793564,0.04600977898919806,0.016527852173614764,0.04071618920891453,0.01754135593403235,0.041253444585759996,0.0
0.55,1208,scm,1,0.2,0.2,True,0.04056261957886272,0.03769058047511972,0.04875775015016269,0.03324214822481161,0.03298505180748214,0.03175754848076951,0.032500321572074095,0.0
0.55,1208,scm,2,0.4,0.2,False,0.13743004337153977,0.12736377636009147,0.12609962844764722,0.03884610567198271,0.015991380738934236,0.03788509486109645,0.01491959061656644,0.0
0.55,1224,scm,0,0.0,0.4,True,0.029526798629604764,0.029891357732421502,0.029038770407745045,0.017931776191078566,0.03950970227928486,0.017397228076135925,0.03927906578855627,0.0
0.55,1224,scm,1,0.2,0.4,True,0.042712093592511796,0.0393004992141915,0.04947814403520073,0.03124903414422509,0.031453374460364954,0.032218758655846405,0.030384304811667803,0.0
0.55,1224,scm,2,0.4,0.4,True,0.11488154948220251,0.09124973654038047,0.1194817594701528,0.040569830950647326,0.013788159238661956,0.04024216986728987,0.012517554950111847,0.0
0.55,1224,scm,3,0.6,0.4,False,0.28820230500318017,0.27383684069827696,0.2365841390490572,0.05062499458689908,0.0032695653903700808,0.04905560662102072,0.0037192414533189846,0.0
0.55,1240,scm,0,0.0,0.4,True,0.027866401204551826,0.02502780265888534,0.026652263183171737,0.019403014613253618,0.037914566577202796,0.01879775896700421,0.04000749340342587,0.0
0.55,1240,scm,1,0.2,0.4,True,0.03741042092683129,0.030902245963252556,0.03697349378905926,0.023806324038494676,0.03152129333564997,0.022084259386903792,0.031215978619412485,0.0
0.55,1240,scm,2,0.4,0.4,True,0.1070495270303548,0.08734237194477432,0.10951659652712933,0.03846573998719782,0.02108486683270845,0.037542196736869274,0.02108323882698276,0.0
0.55,1240,scm,3,0.6,0.4,False,0.2413988812449365,0.21608981843463762,0.2650354585266153,0.04681508261795373,0.007823123186105684,0.047237302728573176,0.006500667494949234,0.0
0.55,1256,scm,0,0.0,0.2,True,0.05880847793784909,0.04924028898416679,0.04593369847209869,0.01583236855257692,0.037395085083709236,0.015637823153045686,0.03937057672681782,0.0
0.55,1256,scm,1,0.2,0.2,True,0.04006244708503633,0.037727573933053205,0.03304905913928769,0.02802813652732285,0.03312271359446861,0.028885534934978217,0.03284118814650663,0.0
0.55,1256,scm,2,0.4,0.2,False,0.13594671676136819,0.11773532123478819,0.1299199476608731,0.04078241685512865,0.01541288169479112,0.04183175160257865,0.01511150192057417,0.0
0.55,1272,scm,0,0.0,0.4,True,0.018128213033500262,0.0278803001604019,0.029866142101523423,0.019536030020191587,0.03987546165004461,0.019926356225557836,0.03983274470868195,0.0
0.55,1272,scm,1,0.2,0.4,True,0.03752355206544361,0.03178201135570924,0.05061011688841186,0.02829168516371798,0.026342521951837377,0.029307110828827705,0.025821215003790587,0.0
0.55,1272,scm,2,0.4,0.4,True,0.10372947611434352,0.0972705036212283,0.08750162741170542,0.040797572537088114,0.015852716309168374,0.040054778243124534,0.0166236887217181,0.0
0.55,1272,scm,3,0.6,0.4,False,0.2727414436367886,0.26754793941025545,0.21264912791850302,0.048291612423473004,0.0015375463473156065,0.04767846784973358,0.00048586814199182013,0.0
0.55,1288,scm,0,0.0,0.4,True,0.025100665099555844,0.02481847861955409,0.01806279373134287,0.017907879120791663,0.03939411416244906,0.015842396998526312,0.03830822019990039,0.0
0.55,1288,scm,1,0.2,0.4,True,0.04799831879778229,0.04139262780807983,0.03406615025528641,0.028207855042168557,0.03410176320131657,0.02796846099673077,0.03300485415130175,0.0
0.55,1288,scm,2,0.4,0.4,True,0.09069976660249893,0.06530185566611076,0.11697573555706355,0.03953455440010311,0.020398208313726317,0.03766655072155407,0.020004813782074374,0.0
0.55,1288,scm,3,0.6,0.4,False,0.22713072847347757,0.2261682333677103,0.22886851030369007,0.04669222071903784,0.003976448607090571,0.045813251285614275,0.0015926840252767475,0.0
0.55,1304,scm,0,0.0,0.2,True,0.02551266066352946,0.031036444502909027,0.02641291312046903,0.019990702959459372,0.04537835973089805,0.017765690956271736,0.043998342645016356,0.0
0.55,1304,scm,1,0.2,0.2,True,0.041129202982992774,0.04513641960647742,0.03947982493078869,0.03010421439297728,0.03272964922227652,0.02942005363004485,0.03179201844321404,0.0
0.55,1304,scm,2,0.4,0.2,False,0.12367402243870373,0.10574424708325653,0.09897989627629011,0.04097488370803544,0.016954883984295677,0.040267093970630774,0.01658477579786792,0.0
0.55,1320,scm,0,0.0,0.2,True,0.03153437953422331,0.025309151882224077,0.03486096395767783,0.017160936990782544,0.04226754061531778,0.018356148582959662,0.04031453305067198,0.0
0.55,1320,scm,1,0.2,0.2,True,0.05371058411642903,0.03753866556863483,0.05352970485523177,0.02680281157713541,0.03519539309462465,0.02589148154499305,0.0336949437582933,0.0
0.55,1320,scm,2,0.4,0.2,False,0.11412054904846348,0.10865524153019211,0.10027888780547907,0.04357440841946666,0.018868183185177103,0.04367072458596766,0.01842355655640206,0.0
0.55,1336,scm,0,0.0,0.4,True,0.03303692297821007,0.021160571614422318,0.02731103042293602,0.01976061073115999,0.04144218158657069,0.020262588599654657,0.04114936630491239,0.0
0.55,1336,scm,1,0.2,0.4,True,0.059874834385633735,0.05381854730826118,0.05113404627597581,0.0321041457995756,0.029593531110985647,0.03221428580181966,0.02981629372246453,0.0
0.55,1336,scm,2,0.4,0.4,True,0.10378919557542064,0.09319282428265883,0.1163763605710768,0.04156675179108009,0.019980460189831024,0.042757522851119584,0.019773460199063345,0.0
0.55,1336,scm,3,0.6,0.4,False,0.25403210684318467,0.2198021081849012,0.2922840901159898,0.048537560619769646,0.0026119737748071764,0.046711260481292816,0.0011220409571458933,0.0
0.55,1352,scm,0,0.0,0.2,True,0.019810036893261086,0.02465665650330007,0.049456596404639036,0.0174704114251893,0.04280191920902748,0.017199254929486457,0.04361896208878448,0.0
0.55,1352,scm,1,0.2,0.2,True,0.03902043540045806,0.03974263061642315,0.047555134222428054,0.031026337094287763,0.027687131136309995,0.030831877619288874,0.026273382236515395,0.0
0.55,1352,scm,2,0.4,0.2,False,0.1288215933279537,0.129761475306099,0.11673618976730031,0.04909426035684983,0.017137883792434347,0.05146052023551821,0.018499219935952504,0.0
0.55,1368,scm,0,0.0,0.4,True,0.040996597919445085,0.0405933385076028,0.02952657779809136,0.019075580314890827,0.04358499840419234,0.018809523196646683,0.04316488690146881,0.0
0.55,1368,scm,1,0.2,0.4,True,0.027938763687009427,0.03123172814013906,0.03145765606201968,0.026488103497707263,0.031186926296905764,0.02539196122121217,0.028681602280172313,0.0
0.55,1368,scm,2,0.4,0.4,True,0.08986233476446578,0.08638577158223919,0.10841021052184877,0.041206595184765535,0.022405656587695274,0.04088043771944935,0.02281529165199082,0.0
0.55,1368,scm,3,0.6,0.4,False,0.29630113771927913,0.27200322082485934,0.21882421353154854,0.045995246533702724,0.003454598329526048,0.04556619100676809,0.003430533214118029,0.0
0.55,1384,scm,0,0.0,0.2,True,0.024487760482565065,0.03275336260922536,0.03555164381176147,0.018037070809154208,0.036541771649217666,0.016929205398390143,0.03550071984438983,0.0
0.55,1384,scm,1,0.2,0.2,True,0.05015021256489941,0.03813743525318274,0.05246501379147625,0.03506848899441038,0.03319167670320484,0.03500638425357465,0.033219863881523974,0.0
0.55,1384,scm,2,0.4,0.2,False,0.10703634977098563,0.10325484714442126,0.13133310251420113,0.041829930324926975,0.020385762149059117,0.04145970473159144,0.019603951982678457,0.0
0.7,1000,flat,0,0.0,0.4,True,0.021819776653979054,0.03687890042821264,0.02401913423445092,0.012459377662336537,,0.010983649129919889,,0.0
0.7,1000,flat,1,0.2,0.4,True,0.03188823261043208,0.03377319366645294,0.03640187247217559,0.018296891582700613,,0.017319255609511572,,0.0
0.7,1000,flat,2,0.4,0.4,True,0.08651594659660489,0.05719898988805335,0.0504016677743344,0.019770670878363372,,0.02142674201965875,,0.0
0.7,1000,flat,3,0.6,0.4,False,0.22004137235377239,0.20980996086014786,0.23284338250031397,0.030081360380914877,,0.02903116379107057,,0.0
0.7,1016,flat,0,0.0,0.4,True,0.03230854176951571,0.03624865095508822,0.02568430189386014,0.007180785295520471,,0.009854723630126173,,0.0
0.7,1016,flat,1,0.2,0.4,True,0.0516307226651639,0.056177570798832635,0.04867224244903246,0.015949573142051678,,0.014228814197288291,,0.0
0.7,1016,flat,2,0.4,0.4,True,0.0728133125863891,0.08454530685826406,0.04926387162788442,0.020202424141576428,,0.021440772377129054,,0.0
0.7,1016,flat,3,0.6,0.4,False,0.2012413996825848,0.17059858070209968,0.19270406353916764,0.02935334005183941,,0.029436338933172962,,0.0
0.7,1032,flat,0,0.0,0.4,True,0.03112362512843315,0.03209183637585377,0.044517265186465926,0.009097435334102184,,0.008490354730510869,,0.0
0.7,1032,flat,1,0.2,0.4,True,0.03257333143411336,0.029447042252996946,0.045427439311735596,0.013319491149291873,,0.010970569471236842,,0.0
0.7,1032,flat,2,0.4,0.4,True,0.06845823620806683,0.06443445399190567,0.09757751789374323,0.021486038957911575,,0.019767866025168106,,0.0
0.7,1032,flat,3,0.6,0.4,False,0.2097866344119225,0.19688905318898592,0.21133345874600137,0.027770157635293294,,0.02706084201756513,,0.0
0.7,1048,flat,0,0.0,0.2,True,0.02801854242331776,0.02878577049620672,0.04845597707931081,0.007881521167257493,,0.008656555805753034,,0.0
0.7,1048,flat,1,0.2,0.2,True,0.06190561670198768,0.047092765450840665,0.058364098093393164,0.01591829049771771,,0.014875315873089042,,0.0
0.7,1048,flat,2,0.4,0.2,False,0.11796782024797692,0.10686252771241435,0.09533796717017724,0.023576637442927078,,0.021381565905667022,,0.0
0.7,1064,flat,0,0.0,0.2,True,0.027983473971361802,0.0263382446427392,0.024468511486652897,0.008658846261100863,,0.010163105906336956,,0.0
0.7,1064,flat,1,0.2,0.2,True,0.05033595111778296,0.04580988256955822,0.06075116630720681,0.01590021774910405,,0.015436294990149098,,0.0
0.7,1064,flat,2,0.4,0.2,False,0.11905499366127781,0.10572972746896614,0.0955052575182852,0.022053795789297642,,0.021917708718052917,,0.0
0.7,1080,flat,0,0.0,0.4,True,0.026233383610985057,0.025689802610635654,0.02608138787354046,0.007844373897979165,,0.004336551035812257,,0.0
0.7,1080,flat,1,0.2,0.4,True,0.037108644430602106,0.018774662912830392,0.04560651577456836,0.015992352231775253,,0.015736199161632734,,0.0
0.7,1080,flat,2,0.4,0.4,True,0.08872747437954065,0.08956425557209893,0.09007385347312998,0.023489706541213996,,0.025145849348669758,,0.0
0.7,1080,flat,3,0.6,0.4,False,0.22294008236042984,0.20728719780098365,0.16791442300457254,0.02820756603235173,,0.02697817853309856,,0.0
0.7,1096,flat,0,0.0,0.4,True,0.03056176405965159,0.02595086925211661,0.022978414366228748,0.01073132430634684,,0.010149738320177982,,0.0
0.7,1096,flat,1,0.2,0.4,True,0.060153270963835,0.061526881743429754,0.0492332097583716,0.016918877911638923,,0.015982331094451966,,0.0
0.7,1096,flat,2,0.4,0.4,True,0.06572161302210403,0.06641308244704906,0.11469345026723551,0.018667257005822516,,0.01971045274592538,,0.0
0.7,1096,flat,3,0.6,0.4,False,0.17069485724750397,0.15778106750641413,0.18167091343331082,0.0238858588192428,,0.022875985908703995,,0.0
0.7,1112,flat,0,0.0,0.4,True,0.016537612641437997,0.018270693662202405,0.03407740578702978,0.007426559549845281,,0.008837125555711551,,0.0
0.7,1112,flat,1,0.2,0.4,True,0.05892529888545949,0.05608594415663108,0.05141472456526197,0.014765757009780618,,0.01464410726272225,,0.0
0.7,1112,flat,2,0.4,0.4,True,0.09313415633124607,0.07132905263946057,0.09596118594185513,0.019843035686746342,,0.01784093953193703,,0.0
0.7,1112,flat,3,0.6,0.4,False,0.18312064356194943,0.19047418283444892,0.1794138749941411,0.02043044600871096,,0.020513493127793284,,0.0
0.7,1128,flat,0,0.0,0.2,True,0.025181513634557548,0.029131025649437925,0.04402955470164335,0.011920424895988758,,0.013028431589872293,,0.0
0.7,1128,flat,1,0.2,0.2,True,0.02196670427538781,0.021272987093820347,0.027068494238384713,0.015185137679788897,,0.01606310635627935,,0.0
0.7,1128,flat,2,0.4,0.2,False,0.11440188320560125,0.10749696224339353,0.09252647514028219,0.022282285423767235,,0.019349743671254787,,0.0
0.7,1144,flat,0,0.0,0.4,True,0.021112960767353244,0.02916939248553598,0.027658349242265286,0.008274809325837771,,0.00789973959844827,,0.0
0.7,1144,flat,1,0.2,0.4,True,0.06333435326311153,0.05718603846977943,0.05767439089864109,0.01595211568544949,,0.01642844916488314,,0.0
0.7,1144,flat,2,0.4,0.4,True,0.10861321479501702,0.09996068942489704,0.061465379260158104,0.018481102009359155,,0.018620295732713593,,0.0
0.7,1144,flat,3,0.6,0.4,False,0.20296608475595523,0.20236442860446396,0.21655376958790473,0.03535205813327018,,0.032613130754541475,,0.0
0.7,1160,flat,0,0.0,0.2,True,0.016167133806346833,0.01921860366165907,0.015451092171839024,0.009725450547086336,,0.010975351382102618,,0.0
0.7,1160,flat,1,0.2,0.2,True,0.03715333498191744,0.02802953652737012,0.047856576028044766,0.00851059245308367,,0.01474157645968897,,0.0
0.7,1160,flat,2,0.4,0.2,False,0.1275971490713606,0.1168561936889581,0.09101186089627893,0.015432397478452563,,0.015445800675256869,,0.0
0.7,1176,flat,0,0.0,0.2,True,0.029280041867462796,0.02270972812833195,0.030747701655062343,0.013759618191085204,,0.013724108381100874,,0.0
0.7,1176,flat,1,0.2,0.2,True,0.04331675979725453,0.03824264576668092,0.02814905495773396,0.009291628040448644,,0.01039327389560114,,0.0
0.7,1176,flat,2,0.4,0.2,False,0.1283710000419013,0.128323211954625,0.1285786504964631,0.024216030225635933,,0.023870922875662892,,0.0
0.7,1192,flat,0,0.0,0.4,True,0.014934108970173474,0.03139948573692894,0.05094252266714686,0.006982615643304187,,0.007687573574447715,,0.0
0.7,1192,flat,1,0.2,0.4,True,0.04150711824727826,0.037991113169244875,0.038139193355757633,0.015756264368886302,,0.013421418017895374,,0.0
0.7,1192,flat,2,0.4,0.4,True,0.08857769933735303,0.08996626621408164,0.08071489482727756,0.021519303744771567,,0.01970829497844241,,0.0
0.7,1192,flat,3,0.6,0.4,False,0.17423069305795483,0.1568091905394989,0.22145817445732607,0.021810369507531735,,0.023029723566350777,,0.0
0.7,1208,flat,0,0.0,0.4,True,0.02947675916401253,0.03907039458314017,0.01617660980226772,0.008903899567459872,,0.010502975449883843,,0.0
0.7,1208,flat,1,0.2,0.4,True,0.06261250298970802,0.05469772811439321,0.04140290555995852,0.01972782019718232,,0.015898659222851354,,0.0
0.7,1208,flat,2,0.4,0.4,True,0.0715025648462399,0.06037601606155738,0.08473939993938977,0.01976050309441986,,0.01754953234932139,,0.0
0.7,1208,flat,3,0.6,0.4,False,0.20836683302776735,0.21743287728792238,0.20029943881232906,0.029669447470408943,,0.02858278159194262,,0.0
0.7,1224,flat,0,0.0,0.4,True,0.0281667037532055,0.02513954200701817,0.043096042366551214,0.007160003671496263,,0.0074510176108139895,,0.0
0.7,1224,flat,1,0.2,0.4,True,0.05781665607999324,0.060638469236329054,0.035723385646060195,0.014387138064264088,,0.014535255759706024,,0.0
0.7,1224,flat,2,0.4,0.4,True,0.07672124509128857,0.06683434082270576,0.11369335883842174,0.022292870013605005,,0.023952247341598475,,0.0
0.7,1224,flat,3,0.6,0.4,False,0.1828964567272826,0.16767575914560878,0.2045377634926023,0.02697350311429195,,0.02680455975766607,,0.0
0.7,1240,flat,0,0.0,0.4,True,0.021319123183602233,0.021195118114879234,0.009268654885284945,0.005692181062853368,,0.0061367333405490925,,0.0
0.7,1240,flat,1,0.2,0.4,True,0.04774178456144082,0.04235659127527904,0.049707603017016766,0.017083465491041568,,0.01666483834970575,,0.0
0.7,1240,flat,2,0.4,0.4,True,0.0614721223364594,0.06546868585482046,0.10479646113422028,0.019609644378220565,,0.018147517509801404,,0.0
0.7,1240,flat,3,0.6,0.4,False,0.22604045621895236,0.21952378184752722,0.21146137479741908,0.027157738814520438,,0.02599103691085321,,0.0
0.7,1256,flat,0,0.0,0.4,True,0.01993783433766033,0.022066577551269673,0.017127649112369928,0.008898684256308423,,0.007023358010163016,,0.0
0.7,1256,flat,1,0.2,0.4,True,0.03535196599796099,0.03260564452598498,0.05127129882614271,0.013766183094508333,,0.01656800303388081,,0.0
0.7,1256,flat,2,0.4,0.4,True,0.09552230504737216,0.07308289012029945,0.11064392176032216,0.024007827656547947,,0.026879966967511257,,0.0
0.7,1256,flat,3,0.6,0.4,False,0.16154109019858362,0.1569996430038438,0.1880615929716695,0.01971823259807963,,0.017695716146442095,,0.0
0.7,1272,flat,0,0.0,0.4,True,0.01863124126423038,0.018135304787891438,0.023411129808853657,0.0042569161670656455,,0.00812837496054348,,0.0
0.7,1272,flat,1,0.2,0.4,True,0.04097493799436082,0.03292073427712793,0.03486916675246035,0.016716991256698996,,0.01712188766410841,,0.0
0.7,1272,flat,2,0.4,0.4,True,0.11329993074676546,0.09985296941891068,0.09540642410829674,0.02149608267133403,,0.020841501952586414,,0.0
0.7,1272,flat,3,0.6,0.4,False,0.1940943713153177,0.18568311910767812,0.19146427663279858,0.024464310934613032,,0.02390764774377678,,0.0
0.7,1288,flat,0,0.0,0.4,True,0.011571726197831145,0.009493582451662302,0.0305908927677037,0.01044761865382452,,0.010999722126186988,,0.0
0.7,1288,flat,1,0.2,0.4,True,0.05030267050061209,0.04191258312174853,0.057376683439358075,0.019634674481658662,,0.01914948127321249,,0.0
0.7,1288,flat,2,0.4,0.4,True,0.1077447946775334,0.09670170716462416,0.10430421261141208,0.02247291438354045,,0.02290352621600984,,0.0
0.7,1288,flat,3,0.6,0.4,False,0.17867016300504152,0.1789541822937544,0.20358291439313206,0.027862798279162864,,0.024074850342050307,,0.0
0.7,1304,flat,0,0.0,0.4,True,0.0255006776343097,0.02597017793682968,0.03246992033783338,0.006924628702303889,,0.0022830847235386594,,0.0
0.7,1304,flat,1,0.2,0.4,True,0.03669355327174004,0.02838820326056825,0.028388938820745308,0.013310998421334947,,0.017406838812402816,,0.0
0.7,1304,flat,2,0.4,0.4,True,0.1281036663478452,0.09466104335054147,0.12223590228155878,0.019544865932845545,,0.018132391070907253,,0.0
0.7,1304,flat,3,0.6,0.4,False,0.2202785019145631,0.2147044262065294,0.1928435042966031,0.02871061732245874,,0.02726457430575821,,0.0
0.7,1320,flat,0,0.0,0.2,True,0.017702270569666594,0.016942117872843183,0.0405969222753981,0.009081615688380111,,0.008803632308055087,,0.0
0.7,1320,flat,1,0.2,0.2,True,0.05212624822165826,0.04779521012648087,0.02746129529962127,0.018488536984185358,,0.016593768934735787,,0.0
0.7,1320,flat,2,0.4,0.2,False,0.11739571942060559,0.10895781708543985,0.10312287667732087,0.02155473232096914,,0.02141579526808907,,0.0
0.7,1336,flat,0,0.0,0.2,True,0.015443142307307102,0.02628567072923883,0.02084924383600641,0.012427876361440616,,0.011447859760611113,,0.0
0.7,1336,flat,1,0.2,0.2,True,0.02542645762414188,0.02870050681775177,0.047208040620759624,0.015581858492598914,,0.017269264012678684,,0.0
0.7,1336,flat,2,0.4,0.2,False,0.11494827147082966,0.10354337147964288,0.09431295739903356,0.017732802131031684,,0.01609056050135823,,0.0
0.7,1352,flat,0,0.0,0.4,True,0.02208207735200116,0.04223139322148473,0.04056290128588826,0.008513074174288062,,0.009360868084613713,,0.0
0.7,1352,flat,1,0.2,0.4,True,0.0563921149086416,0.0568765435447571,0.04253675315360389,0.012393474121120825,,0.01210048080814655,,0.0
0.7,1352,flat,2,0.4,0.4,True,0.08852556257345603,0.08651869636171579,0.10304660274371517,0.023090618529586396,,0.02635159167907998,,0.0
0.7,1352,flat,3,0.6,0.4,False,0.18411824498047955,0.15560259447304073,0.1755844457420686,0.020340318789941924,,0.01862665009988303,,0.0
0.7,1368,flat,0,0.0,0.4,True,0.03142040887616577,0.01907021505393245,0.028230434377888074,0.011774163417241414,,0.01112941057774144,,0.0
0.7,1368,flat,1,0.2,0.4,True,0.053077241372507834,0.041040458268268104,0.04099921457385971,0.014468576723530451,,0.013883167430338541,,0.0
0.7,1368,flat,2,0.4,0.4,True,0.07573536994681711,0.0718776318368174,0.08943420383688083,0.020090898461933016,,0.021189118809340907,,0.0
0.7,1368,flat,3,0.6,0.4,False,0.16601660693363365,0.20318498692411005,0.16928498229835148,0.02562361101441987,,0.02406173514162071,,0.0
0.7,1384,flat,0,0.0,0.4,True,0.036014605496959326,0.019383491708024073,0.034144927698824795,0.013138125840547214,,0.01258566585285538,,0.0
0.7,1384,flat,1,0.2,0.4,True,0.03364329404080338,0.03378788230659584,0.03805726252477573,0.01652430155166726,,0.01420682039604354,,0.0
0.7,1384,flat,2,0.4,0.4,True,0.10640071537932314,0.08485400742574964,0.07831115886527269,0.016849374190663916,,0.017750680003613056,,0.0
0.7,1384,flat,3,0.6,0.4,False,0.19886732904207677,0.1966890558549179,0.20523733576811354,0.028997179756233206,,0.027927554084628273,,0.0
0.7,1000,scm,0,0.0,0.4,True,0.02644136472630925,0.021358759142054245,0.015713729054090138,0.018004612400934032,0.04136352223644304,0.018207411395463217,0.04293190975463059,0.0
0.7,1000,scm,1,0.2,0.4,True,0.04055803105228996,0.03519112812138275,0.03385933972869115,0.03074076654898246,0.02748509331320844,0.030651864925766832,0.027844710645768735,0.0
0.7,1000,scm,2,0.4,0.4,True,0.11668974627942075,0.09782672655025498,0.11787457346752171,0.037070166950438466,0.014932838629563497,0.038009048407310286,0.015365897477032582,0.0
0.7,1000,scm,3,0.6,0.4,False,0.25859194760103504,0.24673878680870934,0.26034869609803885,0.05058403376324863,0.005481464157942906,0.049376140020812385,0.005055976031749737,0.0
0.7,1016,scm,0,0.0,0.4,True,0.029343111650562647,0.030953469341502317,0.021522591508091025,0.021351566685143975,0.040700306137566825,0.02091938673438954,0.03915057255247987,0.0
0.7,1016,scm,1,0.2,0.4,True,0.0453148012740615,0.04058270217032718,0.033186451406211064,0.02852197872217945,0.027776729619526104,0.029759852339662995,0.030206494034771714,0.0
0.7,1016,scm,2,0.4,0.4,True,0.08272979112844482,0.0707304161107103,0.1034069772281279,0.03708957339259146,0.015481221982504883,0.03810722681698422,0.014900675208858885,0.0
0.7,1016,scm,3,0.6,0.4,False,0.2671870586995305,0.25467536566697846,0.21275578591027147,0.048393681882890845,0.003850549911539002,0.04770231005111067,0.004106317059827345,0.0
0.7,1032,scm,0,0.0,0.4,True,0.023821956842543762,0.027033338614433366,0.022118148126233313,0.019970312672251127,0.04034061395505884,0.020126336384989632,0.03996446310170797,0.0
0.7,1032,scm,1,0.2,0.4,True,0.03887277171062564,0.044777831919218816,0.020244362786093213,0.025759846457333518,0.028584615326610663,0.025692872950957294,0.029380333258273522,0.0
0.7,1032,scm,2,0.4,0.4,True,0.08509867961516443,0.06269347764146804,0.11741914635886859,0.04257983535136025,0.019727752260902853,0.04002154265128155,0.01895547383065554,0.0
0.7,1032,scm,3,0.6,0.4,False,0.25586133571881514,0.22009096024063077,0.2665439366990524,0.055930245134575715,0.0028338509998085326,0.05262327799164208,0.0008492175439986952,0.0
0.7,1048,scm,0,0.0,0.2,True,0.01570610396381694,0.011500317222294892,0.02908875888094274,0.019427447459578435,0.04219690730879463,0.017946294790079476,0.03905597935956404,0.0
0.7,1048,scm,1,0.2,0.2,True,0.02679552937142943,0.02337568029320759,0.044613510599069095,0.0292935692063878,0.03136992393652671,0.029447156587813297,0.032996529809033615,0.0
0.7,1048,scm,2,0.4,0.2,False,0.1159841708586611,0.11666742047426781,0.10835201212084,0.04238977314281611,0.014760953913660613,0.04293108351215209,0.01533576090666098,0.0
0.7,1064,scm,0,0.0,0.2,True,0.02036536157436185,0.013757034136113037,0.02041669305566618,0.01693470027865024,0.03899863097660186,0.016496873873430552,0.03987437150093147,0.0
0.7,1064,scm,1,0.2,0.2,True,0.046790219745401374,0.06209159986846212,0.04989344674500398,0.02865900702453444,0.02928982303609042,0.029367216886818058,0.02868001439274001,0.0
0.7,1064,scm,2,0.4,0.2,False,0.11754362809468742,0.11073085397616061,0.11518292980439687,0.04070901996243642,0.015444420641031097,0.040412864230849,0.015751817318617013,0.0
0.7,1080,scm,0,0.0,0.4,True,0.014832737488628442,0.016419301266823325,0.02152524155573428,0.018223666697411305,0.04043591697094534,0.017466095673579013,0.04060602192930737,0.0
0.7,1080,scm,1,0.2,0.4,True,0.04979265907021741,0.04431111000711711,0.05381483036599879,0.030808036321062035,0.026866643586074435,0.02923724806805491,0.02779409436243818,0.0
0.7,1080,scm,2,0.4,0.4,True,0.10825791182955605,0.09312144073145441,0.14543067734220516,0.04311889943138499,0.021571941245471144,0.04385367149964921,0.022004248739321466,0.0
0.7,1080,scm,3,0.6,0.4,False,0.27722896901385546,0.2498559832804543,0.2858707234385471,0.04766703151382179,0.005248982681391225,0.047410309068401026,0.004109109614688746,0.0
0.7,1096,scm,0,0.0,0.4,True,0.03642618803095341,0.02909317467750524,0.020802424923470623,0.018586394596746554,0.04359874933003442,0.02157748929673905,0.043043778618256534,0.0
0.7,1096,scm,1,0.2,0.4,True,0.04583968717041155,0.04004295093696414,0.02931509525038677,0.02694431154727569,0.029576674571336555,0.025668828996656366,0.028855285895829603,0.0
0.7,1096,scm,2,0.4,0.4,True,0.10194401941659677,0.09693368332141093,0.13027507037559252,0.04322098090702779,0.018571336638842632,0.042144560649514266,0.017339490472625306,0.0
0.7,1096,scm,3,0.6,0.4,False,0.21940762101614042,0.18740180252007183,0.2508312041879574,0.046911694170974724,0.0035428643427210214,0.045279592942380535,0.0022043416576250133,0.0
0.7,1112,scm,0,0.0,0.2,True,0.021903243701784966,0.02399027842151156,0.015513246166376227,0.017826642393954067,0.04299169498948126,0.019432951298617464,0.04244447733265308,0.0
0.7,1112,scm,1,0.2,0.2,True,0.05272424568449074,0.04728555728287688,0.04571753328378118,0.02555156916598339,0.02691873479275323,0.025146351539192716,0.026454355866712825,0.0
0.7,1112,scm,2,0.4,0.2,False,0.12152894396799713,0.11227781090832455,0.12708544128021573,0.043832378308809164,0.01450181873226944,0.044184560424423716,0.015148748149932605,0.0
0.7,1128,scm,0,0.0,0.2,True,0.04870599153100599,0.05086899177562928,0.025547571884722547,0.012717374837047312,0.04008007515987017,0.013907586236691123,0.03930337435634791,0.0
0.7,1128,scm,1,0.2,0.2,True,0.05708197705741087,0.05614827026443834,0.02666247413825101,0.025628194509029117,0.031667304875267796,0.027008346444654854,0.03195605740289485,0.0
0.7,1128,scm,2,0.4,0.2,False,0.1320026465078023,0.13763236608792356,0.14880028937886616,0.04262637107253725,0.01863670006451514,0.0439485179931665,0.018416320203469436,0.0
0.7,1144,scm,0,0.0,0.2,True,0.03622802673802555,0.033499951994816986,0.013333781045502435,0.01614018850162879,0.039841709932301836,0.01582755923753906,0.038801074227724844,0.0
0.7,1144,scm,1,0.2,0.2,True,0.0294108215099265,0.04357766893722366,0.051244392100465996,0.02617502629523216,0.033189543082588396,0.028921747563512568,0.03494701388751833,0.0
0.7,1144,scm,2,0.4,0.2,False,0.12047124788043806,0.10079349082249275,0.13645459953790773,0.04607488379750554,0.015904185186066837,0.04632392087582684,0.014100972042000852,0.0
0.7,1160,scm,0,0.0,0.2,True,0.013074421152017693,0.015329993158061111,0.028563902519442394,0.021038186312266234,0.03810055084728505,0.021374581775963443,0.03910374397314015,0.0
0.7,1160,scm,1,0.2,0.2,True,0.04469373300970878,0.04023886005916969,0.05074735955785786,0.030192297190988992,0.031363264831077445,0.030826044645182578,0.03230018910235022,0.0
0.7,1160,scm,2,0.4,0.2,False,0.10926877585908087,0.11959744614674632,0.0996398630926102,0.04108972462935692,0.018923024657628806,0.03915834224029144,0.018126048859361157,0.0
0.7,1176,scm,0,0.0,0.4,True,0.03686800332517752,0.03360799497558998,0.0272274726177447,0.019857011009095725,0.03622722512528397,0.015901051557568848,0.03549586996587476,0.0
0.7,1176,scm,1,0.2,0.4,True,0.04409145890002438,0.03998339738170527,0.029622636693749826,0.023987149908404604,0.034160645475568574,0.025531115257937567,0.03395085909199802,0.0
0.7,1176,scm,2,0.4,0.4,True,0.09110240678877385,0.07709165655295996,0.14115410851945323,0.04283398295923687,0.016772541172334718,0.04292156475111174,0.01678084440698665,0.0
0.7,1176,scm,3,0.6,0.4,False,0.24194302049236924,0.21160572004594855,0.28920719781106685,0.051709527447252226,0.005097576898503763,0.050672202906915535,0.003485900537137389,0.0
0.7,1192,scm,0,0.0,0.4,True,0.026560653532645292,0.027003536160656743,0.03341539938892692,0.02177073355257098,0.04142970863747983,0.02259763248352768,0.043188201281916555,0.0
0.7,1192,scm,1,0.2,0.4,True,0.033915236978888,0.03233294569873735,0.05562570404111337,0.029818976237095556,0.031760345605793765,0.028962337160081897,0.02949410426568298,0.0
0.7,1192,scm,2,0.4,0.4,True,0.0933626833846993,0.08902100474814756,0.07834936534875417,0.035997216418562676,0.01572171825281599,0.037345844724923194,0.01632445488300633,0.0
0.7,1192,scm,3,0.6,0.4,False,0.2715564347366755,0.240367007799568,0.2680569956170031,0.04794121674508214,0.0039453051393721775,0.046442829894730434,0.002164327656046955,0.0
0.7,1208,scm,0,0.0,0.2,True,0.036176725470974336,0.02606728424583362,0.04631154919860105,0.017100826058247778,0.03913427022671177,0.01622730012253351,0.03771131549956466,0.0
0.7,1208,scm,1,0.2,0.2,True,0.0442303356836358,0.04546762067853981,0.050033987493733084,0.03060082802619116,0.03121788475726524,0.02941648192918514,0.030888482881009552,0.0
0.7,1208,scm,2,0.4,0.2,False,0.14973062264934112,0.1332337298607678,0.13711669529503112,0.03544447869967911,0.013417940042352037,0.03683468826308858,0.01306777637878116,0.0
0.7,1224,scm,0,0.0,0.4,True,0.03175262838274105,0.029232291216454417,0.03669001342213758,0.01611370016663236,0.04317802912202358,0.016935443296905252,0.041953424969140216,0.0
0.7,1224,scm,1,0.2,0.4,True,0.059640485461218015,0.05985999248780447,0.052606669829908144,0.029507806940750617,0.02667984939702748,0.027277275452896526,0.027566643778330683,0.0
0.7,1224,scm,2,0.4,0.4,True,0.09435666225560443,0.09072509619633347,0.12625417737846295,0.04141578732644223,0.015276700893075154,0.04049921646895289,0.015968077449901502,0.0
0.7,1224,scm,3,0.6,0.4,False,0.28068075714196294,0.26632846042793895,0.20476202328772553,0.05046896276021756,0.006260684935567761,0.047145013708698245,0.004514815703010611,0.0
0.7,1240,scm,0,0.0,0.4,True,0.02152474413352369,0.01792671951782707,0.012572197419940598,0.01901051481474323,0.036546691411141106,0.018673802508461866,0.03811874337466752,0.0
0.7,1240,scm,1,0.2,0.4,True,0.03437107214252812,0.03233663437385627,0.04880151224177993,0.023765843950048618,0.0324271708890967,0.024994674260420013,0.03306153065691744,0.0
0.7,1240,scm,2,0.4,0.4,True,0.09255931406974276,0.08569924619503902,0.12317600438626097,0.03943722846687854,0.020899638794364652,0.03796851659977461,0.02158352952546751,0.0
0.7,1240,scm,3,0.6,0.4,False,0.20764200344238054,0.2113256470659172,0.2397002230348186,0.04683676349857885,0.00661764498218775,0.048110042890796845,0.00776848872349882,0.0
0.7,1256,scm,0,0.0,0.2,True,0.03766678576364649,0.03437839532795612,0.05920767751325638,0.015218269823198297,0.03743051111001456,0.015278381003600041,0.03833132780566997,0.0
0.7,1256,scm,1,0.2,0.2,True,0.04651055740879608,0.037059978798880955,0.039207345229138164,0.02833468966897317,0.03183744122226904,0.028890665740801236,0.034291808543246656,0.0
0.7,1256,scm,2,0.4,0.2,False,0.13802733616829596,0.12627147688215484,0.12363230414057834,0.04044237780726209,0.014983761248935454,0.03979409591422225,0.014123772540998177,0.0
0.7,1272,scm,0,0.0,0.4,True,0.029575545522322437,0.02963427427923964,0.021898214538343123,0.02077200420872804,0.043129361268588906,0.020804144846744733,0.04374142846412893,0.0
0.7,1272,scm,1,0.2,0.4,True,0.05062894160812513,0.047416292060470294,0.05312561840603069,0.02766826805118497,0.024835947167606287,0.027798161131934264,0.02397081380270366,0.0
0.7,1272,scm,2,0.4,0.4,True,0.09944459922308782,0.0811651561597163,0.128108110946939,0.04081745931497616,0.018403559895617552,0.03996903156672251,0.01682307429910948,0.0
0.7,1272,scm,3,0.6,0.4,False,0.28053310238669693,0.29080846955824424,0.28387452158954396,0.050783021180883126,0.0027299945237879266,0.049894347669496644,0.0008756890877294446,0.0
0.7,1288,scm,0,0.0,0.4,True,0.019403320232363935,0.01607485223143744,0.015453194867884252,0.01989768084212755,0.043100747718689165,0.01923895973511913,0.042069925221913135,0.0
0.7,1288,scm,1,0.2,0.4,True,0.04240909845841793,0.033404530162404876,0.028751846861558492,0.02809282824741296,0.03440849534484147,0.028268226278513168,0.033823589645687616,0.0
0.7,1288,scm,2,0.4,0.4,True,0.09258713726798007,0.07740505675694367,0.11743539464604914,0.038014457695033935,0.017431034193294535,0.03561773641230683,0.015930231683326617,0.0
0.7,1288,scm,3,0.6,0.4,False,0.2640942916697946,0.26109670976614885,0.2605147698915199,0.04695123925001658,0.0029464334817465234,0.04348747239013864,0.002811395246620698,0.0
0.7,1304,scm,0,0.0,0.2,True,0.013707396119847304,0.018283629034655087,0.020178050742889902,0.021780622085528438,0.04378394512749648,0.021367268750149437,0.04387672691594749,0.0
0.7,1304,scm,1,0.2,0.2,True,0.05543604156754274,0.036262554324850295,0.03167045106344659,0.031477665102974395,0.03336407268930888,0.030769516243377506,0.03477559170542358,0.0
0.7,1304,scm,2,0.4,0.2,False,0.12702114793952626,0.11297923848244959,0.1076861725560687,0.04098941453090235,0.0157396198695771,0.040780075882174,0.016328666822883135,0.0
0.7,1320,scm,0,0.0,0.2,True,0.021945331878322805,0.02324598859446899,0.02781334663486835,0.014636255920484537,0.037822753210059554,0.018195844911553835,0.03991909567112568,0.0
0.7,1320,scm,1,0.2,0.2,True,0.05277585195030285,0.045240268102780444,0.056081674892480796,0.027222899461683468,0.03228175720540618,0.02634155165892791,0.03103124720329735,0.0
0.7,1320,scm,2,0.4,0.2,False,0.11388249771135123,0.11497718281556338,0.12745568394051096,0.04210681900846246,0.015567907153484864,0.044385603245859516,0.016534831037125178,0.0
0.7,1336,scm,0,0.0,0.4,True,0.029345945186327844,0.020625060660561575,0.024078268388060306,0.018918009440403026,0.03829641869439123,0.01963311953448521,0.03967732400482416,0.0
0.7,1336,scm,1,0.2,0.4,True,0.048996178783547936,0.05066191017595393,0.058114209197933704,0.030161666114845734,0.026345996524287516,0.029534225102866088,0.024591709261125125,0.0
0.7,1336,scm,2,0.4,0.4,True,0.09251886185691217,0.09178440736561361,0.11217861054220779,0.041526417109981915,0.01931754724748027,0.040027894549815826,0.01838152407158331,0.0
0.7,1336,scm,3,0.6,0.4,False,0.2601255427102899,0.23553806764556465,0.2597616790609811,0.04761829188795655,0.001338040018226593,0.044904499844194964,0.0007332812847178598,0.0
0.7,1352,scm,0,0.0,0.2,True,0.025680162688981024,0.021345884727691555,0.026243752862377394,0.0193717038253663,0.04118638083195246,0.018414085958835705,0.04263148103939579,0.0
0.7,1352,scm,1,0.2,0.2,True,0.04311765876583558,0.0534597882653913,0.04002176413998423,0.03144263379921394,0.02701344806378543,0.03178622558434491,0.024025545793676287,0.0
0.7,1352,scm,2,0.4,0.2,False,0.11102349874818697,0.10844045524267676,0.1283909167419799,0.04681334824950355,0.015541295533306701,0.04699616558403542,0.014739954384337764,0.0
0.7,1368,scm,0,0.0,0.4,True,0.02851551173714311,0.035536227285792844,0.03477590079982717,0.019759430628406634,0.041979606820868605,0.018753925648664415,0.04119300742295272,0.0
0.7,1368,scm,1,0.2,0.4,True,0.037422712712299244,0.030091467030288723,0.02308607446967011,0.02376182122536134,0.029119774612678246,0.024131798516179505,0.028709144949880534,0.0
0.7,1368,scm,2,0.4,0.4,True,0.09689534473304087,0.07828183534943862,0.09549494251049521,0.042537935587457845,0.0206913482485074,0.040919570712561915,0.022018747044742003,0.0
0.7,1368,scm,3,0.6,0.4,False,0.28847023625664614,0.2567165460955106,0.2567698806869978,0.04753020194990272,0.0037280375378825653,0.046147920783717954,0.0035164248509211133,0.0
0.7,1384,scm,0,0.0,0.2,True,0.02590813471330194,0.02365424282147663,0.024810754876766605,0.018594653574661515,0.039335127999292584,0.019040791247583868,0.038983531797982335,0.0
0.7,1384,scm,1,0.2,0.2,True,0.05944813455677768,0.05412939016573547,0.07006446497163883,0.03262491019110479,0.030596506692864605,0.033148488494991836,0.029972898965856788,0.0
0.7,1384,scm,2,0.4,0.2,False,0.1124951076144569,0.10526121291813322,0.1263023010552389,0.04245569086689097,0.020577407325062934,0.04143567547203876,0.020127981464036312,0.0
1.0,1000,flat,0,0.0,0.4,True,0.02850054111628884,0.01514717356005097,0.01474772415298678,0.01064863273879036,,0.010616108848551553,,0.0
1.0,1000,flat,1,0.2,0.4,True,0.04258636471439275,0.03428563837921276,0.03574579834473085,0.016712745866011947,,0.014783061263696853,,0.0
1.0,1000,flat,2,0.4,0.4,True,0.1055894593671225,0.09778519445971831,0.09225989729266872,0.01987747081564696,,0.019563793725786358,,0.0
1.0,1000,flat,3,0.6,0.4,False,0.24926516233825427,0.2365099366458511,0.25759592149755833,0.027919033221307378,,0.027503930239542673,,0.0
1.0,1016,flat,0,0.0,0.2,True,0.022707348799836494,0.016348781809178314,0.021085045575065568,0.00823863356430864,,0.00719026580397835,,0.0
1.0,1016,flat,1,0.2,0.2,True,0.056021007321215385,0.053760233033382,0.054705178508341,0.01464056895582182,,0.013326900151817029,,0.0
1.0,1016,flat,2,0.4,0.2,False,0.09178974812119,0.10732490799263145,0.08877111930746469,0.019585900789806234,,0.01873121698438658,,0.0
1.0,1032,flat,0,0.0,0.4,True,0.016466648157575398,0.016594139899476834,0.03513441582432397,0.007590458510047445,,0.008252540352965685,,0.0
1.0,1032,flat,1,0.2,0.4,True,0.06013570322727333,0.04852626799547951,0.033142848810340984,0.011169506415205676,,0.01107934737410544,,0.0
1.0,1032,flat,2,0.4,0.4,True,0.10681448391853554,0.09975838848779142,0.10248166953369658,0.01894691367411007,,0.02050974699703999,,0.0
1.0,1032,flat,3,0.6,0.4,False,0.2047959058209535,0.20813978929268045,0.23482211120203764,0.028755618091726172,,0.028901793100962823,,0.0
1.0,1048,flat,0,0.0,0.2,True,0.017183754493745877,0.021488267905020873,0.03054251138402882,0.008736605663091306,,0.008394606135973856,,0.0
1.0,1048,flat,1,0.2,0.2,True,0.06891843963328696,0.06574000737826767,0.07348159676962675,0.014783491865437268,,0.014524534629552978,,0.0
1.0,1048,flat,2,0.4,0.2,False,0.14987576811450823,0.1475943380801227,0.13759011595695317,0.024909256681177286,,0.023309775280168185,,0.0
1.0,1064,flat,0,0.0,0.2,True,0.013718325983336447,0.0057169308833854285,0.03073337176169132,0.007315426856437419,,0.006701498941426535,,0.0
1.0,1064,flat,1,0.2,0.2,True,0.07219029582251738,0.05610296084889362,0.0625483513689092,0.015165245838893658,,0.015032886154853046,,0.0
1.0,1064,flat,2,0.4,0.2,False,0.11664256418402046,0.10698570989548715,0.12665467176011944,0.01959560102499088,,0.018680404767888334,,0.0
1.0,1080,flat,0,0.0,0.2,True,0.034541258272144756,0.03846355567687821,0.021343919733843773,0.00608928472977564,,0.005458433104229473,,0.0
1.0,1080,flat,1,0.2,0.2,True,0.023020353847743782,0.018488342282428946,0.04970268714427141,0.014676902909289809,,0.01462413666504123,,0.0
1.0,1080,flat,2,0.4,0.2,False,0.1269590367407655,0.11678984703389199,0.11682865581487908,0.022260056219530873,,0.021557775592085573,,0.0
1.0,1096,flat,0,0.0,0.2,True,0.05716740692275617,0.05213603492613893,0.024704595672649873,0.009109644355507871,,0.009192556646668716,,0.0
1.0,1096,flat,1,0.2,0.2,True,0.06121734305296749,0.06195027002108105,0.048617444936763565,0.015598003431773533,,0.01644755443360294,,0.0
1.0,1096,flat,2,0.4,0.2,False,0.1133118081174261,0.10001105273786212,0.11319809956900721,0.016638273938799353,,0.017779059949874193,,0.0
1.0,1112,flat,0,0.0,0.4,True,0.035971201407573386,0.02234494746092981,0.03545899513250358,0.008057846890472013,,0.007773265974493368,,0.0
1.0,1112,flat,1,0.2,0.4,True,0.06719744729516772,0.06221966933234439,0.07322709733738515,0.017304996601944535,,0.015056938993862595,,0.0
1.0,1112,flat,2,0.4,0.4,True,0.10185149523191721,0.09686518324959215,0.104091942059971,0.019447424226656202,,0.017438833351010888,,0.0
1.0,1112,flat,3,0.6,0.4,False,0.21630295018266266,0.21200981530469765,0.21977638471121302,0.02544325108431482,,0.02419377392242571,,0.0
1.0,1128,flat,0,0.0,0.2,True,0.028593128191969457,0.0217736634106909,0.031441066649427585,0.009901888422595886,,0.008959993132761955,,0.0
1.0,1128,flat,1,0.2,0.2,True,0.040597836000728416,0.0339788928933016,0.06755557636284351,0.014916122404096052,,0.015286636018480543,,0.0
1.0,1128,flat,2,0.4,0.2,False,0.14017508622964003,0.1362072486311442,0.12371443217792884,0.0226593859537775,,0.021622256547085557,,0.0
1.0,1144,flat,0,0.0,0.2,True,0.04214194867527995,0.0351033846273236,0.03272500173915485,0.006324280381249998,,0.00640674981053914,,0.0
1.0,1144,flat,1,0.2,0.2,True,0.06539513224610977,0.05859042257567282,0.06979006544873032,0.01513720214748305,,0.013777630461005465,,0.0
1.0,1144,flat,2,0.4,0.2,False,0.1361596007158678,0.13147462802478693,0.10606847363190897,0.02005148794991932,,0.018466411856849916,,0.0
1.0,1160,flat,0,0.0,0.2,True,0.021944749754308684,0.025074932938397416,0.022516223731123813,0.009658747491226728,,0.009667256000740917,,0.0
1.0,1160,flat,1,0.2,0.2,True,0.03887107088108122,0.03694185790342988,0.0464050230935364,0.0125133150300972,,0.011916060906755399,,0.0
1.0,1160,flat,2,0.4,0.2,False,0.14576515694704567,0.1293002734043972,0.13178237613319815,0.016778774375054234,,0.016858128326166972,,0.0
1.0,1176,flat,0,0.0,0.2,True,0.047343921565938925,0.0439827186491815,0.043803165054729,0.013287428503931217,,0.011637238352489632,,0.0
1.0,1176,flat,1,0.2,0.2,True,0.05814308907336368,0.05145457511532566,0.030528028954458983,0.011908070198332132,,0.013409502326907907,,0.0
1.0,1176,flat,2,0.4,0.2,False,0.1486467575603429,0.13278942901157506,0.1598744316206768,0.024454346469621698,,0.02423030216960961,,0.0
1.0,1192,flat,0,0.0,0.2,True,0.03171392547904711,0.03226394818527746,0.025228076259745734,0.008686600261500001,,0.006878731212535239,,0.0
1.0,1192,flat,1,0.2,0.2,True,0.04259168564732095,0.039720469393762274,0.03628603050042446,0.014306142981391566,,0.013080791385041264,,0.0
1.0,1192,flat,2,0.4,0.2,False,0.10469394448843235,0.10899953031814953,0.11672688039852093,0.01909444362180461,,0.01885333321879161,,0.0
1.0,1208,flat,0,0.0,0.4,True,0.0452395478936482,0.048469631801867225,0.022165451566016424,0.008886707383559622,,0.008799922833291372,,0.0
1.0,1208,flat,1,0.2,0.4,True,0.07575400943297005,0.07050007132382444,0.0687585467461863,0.01928852454075322,,0.018928696866147614,,0.0
1.0,1208,flat,2,0.4,0.4,True,0.06358165907881114,0.06788974942454395,0.10796290182116576,0.015752122324366388,,0.017759521638297943,,0.0
1.0,1208,flat,3,0.6,0.4,False,0.23534900882963958,0.2257196055207353,0.2341833011347536,0.03053922312495326,,0.03023244287015185,,0.0
1.0,1224,flat,0,0.0,0.2,True,0.041450199605725796,0.028542952651187628,0.03859161204562446,0.008356821335263501,,0.007433426356170246,,0.0
1.0,1224,flat,1,0.2,0.2,True,0.055888504738797126,0.06525141962222389,0.05455985955602996,0.01745221421887128,,0.016611825334135473,,0.0
1.0,1224,flat,2,0.4,0.2,False,0.11288708246339585,0.10940981419572006,0.12555222014549092,0.018901438076195327,,0.020246552552968783,,0.0
1.0,1240,flat,0,0.0,0.2,True,0.025579515755088225,0.02512447388754478,0.021674768450602188,0.005058246778309579,,0.005287084657727275,,0.0
1.0,1240,flat,1,0.2,0.2,True,0.05187431139436664,0.0479563475785515,0.051437232822173454,0.01516919807217178,,0.014251803387852372,,0.0
1.0,1240,flat,2,0.4,0.2,False,0.12630867158267503,0.13368850597635362,0.11640933355254703,0.017846319448715897,,0.01672810057389646,,0.0
1.0,1256,flat,0,0.0,0.2,True,0.011120455129407382,0.019591375051331548,0.01966488606274448,0.008806880515038194,,0.009644336476900758,,0.0
1.0,1256,flat,1,0.2,0.2,True,0.04646040509391907,0.04449167939054384,0.05646540716593507,0.014708975222732155,,0.014887814837053471,,0.0
1.0,1256,flat,2,0.4,0.2,False,0.11564706792189729,0.10979179153501985,0.15344944944294928,0.030328255800166928,,0.028147080603844493,,0.0
1.0,1272,flat,0,0.0,0.2,True,0.04325416634387148,0.06481511134186178,0.033654865245247,0.01099404714562122,,0.010642140830523662,,0.0
1.0,1272,flat,1,0.2,0.2,True,0.031888966067417125,0.03146945302394778,0.03528994527227646,0.01703106725774629,,0.017469238890258722,,0.0
1.0,1272,flat,2,0.4,0.2,False,0.128431437929932,0.11009413287999252,0.11501744136084285,0.023730760726205048,,0.021542660007119088,,0.0
1.0,1288,flat,0,0.0,0.2,True,0.02577595876536759,0.030937947052403554,0.028275926736598064,0.00819742593556148,,0.009283462179453413,,0.0
1.0,1288,flat,1,0.2,0.2,True,0.06246378037349584,0.0587327680044086,0.05463800413341409,0.017785075637784756,,0.017694280464426233,,0.0
1.0,1288,flat,2,0.4,0.2,False,0.1383086484111546,0.12307500811944858,0.11633279370054175,0.021960961564269868,,0.023696595138241634,,0.0
1.0,1304,flat,0,0.0,0.2,True,0.032049552296037113,0.027868846043417172,0.04483913138883068,0.005062488840125486,,0.006769942886178977,,0.0
1.0,1304,flat,1,0.2,0.2,True,0.04389648231987385,0.043646448677811485,0.035021484671255355,0.018539281300598773,,0.017573344400501286,,0.0
1.0,1304,flat,2,0.4,0.2,False,0.1314938520054667,0.12052400648687267,0.1372464326260612,0.020284607187764987,,0.020222422497371304,,0.0
1.0,1320,flat,0,0.0,0.2,True,0.028170256001521343,0.03346446101314472,0.03568559888789383,0.006950880883593644,,0.007299075805182795,,0.0
1.0,1320,flat,1,0.2,0.2,True,0.032850500856618774,0.030019282632907693,0.04450081721374427,0.01354913505934402,,0.012858538806182679,,0.0
1.0,1320,flat,2,0.4,0.2,False,0.13841672973441163,0.12825468732207904,0.10681058052567316,0.019077557754900876,,0.0181384259622914,,0.0
1.0,1336,flat,0,0.0,0.2,True,0.031411621631940397,0.03305737754732609,0.01903977071253039,0.00974315192368305,,0.0075659337004280805,,0.0
1.0,1336,flat,1,0.2,0.2,True,0.03586715603190549,0.03046868047311864,0.0446071940613187,0.013966500756252317,,0.014983745811948633,,0.0
1.0,1336,flat,2,0.4,0.2,False,0.11968963265232777,0.10401679273576082,0.1215247861202067,0.02030141043552722,,0.01953848321317853,,0.0
1.0,1352,flat,0,0.0,0.4,True,0.03891971702252801,0.02514064766941533,0.038172793011938606,0.008623958589269893,,0.00898061393215199,,0.0
1.0,1352,flat,1,0.2,0.4,True,0.05697399169853136,0.05281945052051516,0.05624878676192216,0.014122862271537081,,0.01650267792241424,,0.0
1.0,1352,flat,2,0.4,0.4,True,0.10121404979869428,0.0995603336144556,0.1357285847833244,0.02423092461105946,,0.022486421503830845,,0.0
1.0,1352,flat,3,0.6,0.4,False,0.22998242672634614,0.21254685336019255,0.22018526994691937,0.02339644750503011,,0.02301339806911549,,0.0
1.0,1368,flat,0,0.0,0.2,True,0.018914661109834426,0.013411848642951404,0.027138049966349755,0.010297625468819443,,0.009600495722389798,,0.0
1.0,1368,flat,1,0.2,0.2,True,0.03829472189555125,0.04723602616183441,0.04967207442616102,0.012925289600137953,,0.013381966301811413,,0.0
1.0,1368,flat,2,0.4,0.2,False,0.11488396975122915,0.10336758237304032,0.10604859042810402,0.02055731652597583,,0.020189485961679007,,0.0
1.0,1384,flat,0,0.0,0.2,True,0.02348616929586693,0.017704055367150612,0.023560417363690703,0.007682203496893734,,0.00956319413239743,,0.0
1.0,1384,flat,1,0.2,0.2,True,0.044067643118335637,0.035783440355083414,0.033205703164201246,0.012921057434320135,,0.01470414948002825,,0.0
1.0,1384,flat,2,0.4,0.2,False,0.12093175020692727,0.10903560770946183,0.10471789034554592,0.01733305449520084,,0.01746516712049237,,0.0
1.0,1000,scm,0,0.0,0.4,True,0.027020907993106545,0.020096967194109576,0.04527188797741996,0.01881933541917514,0.039566322356913514,0.017148346908034025,0.03951516322410977,0.0
1.0,1000,scm,1,0.2,0.4,True,0.04316931901300358,0.03908865672365396,0.054891979764870626,0.02961290604403724,0.026299996348480455,0.02922177694152255,0.024997844822630882,0.0
1.0,1000,scm,2,0.4,0.4,True,0.11654155855794893,0.09813255584732883,0.12174332667122598,0.03544228368365197,0.01361266479738715,0.036214516319951096,0.012998069137750938,0.0
1.0,1000,scm,3,0.6,0.4,False,0.24461911230101058,0.23206321471624897,0.2744960600602769,0.048015773246605734,0.0026929730064619416,0.04878618288379405,0.0043862653215882355,0.0
1.0,1016,scm,0,0.0,0.4,True,0.018363356751941947,0.022949053888104254,0.017960534806957917,0.02109958438965677,0.038535720993404944,0.021301542408207367,0.03890377402120121,0.0
1.0,1016,scm,1,0.2,0.4,True,0.05242847370488185,0.053862804307752574,0.037382590994176956,0.030352198935345572,0.029779455231497307,0.028493361193875855,0.030071476145162236,0.0
1.0,1016,scm,2,0.4,0.4,True,0.07897701218099937,0.06907474997161456,0.12330493480618027,0.036721924244155615,0.013838386089272611,0.03718379743079274,0.013700283450752426,0.0
1.0,1016,scm,3,0.6,0.4,False,0.3008845848044593,0.2806343606408857,0.23883063617096878,0.04771668594917285,0.004322724653263874,0.04502443767250496,0.004045999246651924,0.0
1.0,1032,scm,0,0.0,0.4,True,0.026635888400858215,0.02260193703431003,0.012091400976027086,0.01920757866112846,0.03799932451075776,0.018833030326876204,0.038152853434218856,0.0
1.0,1032,scm,1,0.2,0.4,True,0.043181074434462265,0.0424459958269065,0.029911777032560843,0.023150059988615114,0.030242214801699807,0.023176243930238725,0.031936454313309555,0.0
1.0,1032,scm,2,0.4,0.4,True,0.0912331285652505,0.08993570041965776,0.12323757965930619,0.03741695726330973,0.01606852778227611,0.03936991159571631,0.016679788050256272,0.0
1.0,1032,scm,3,0.6,0.4,False,0.2293978008867497,0.22609711735927798,0.2965878814242592,0.05406081202629122,0.005503421286793532,0.05184522532200436,0.004400424562691122,0.0
1.0,1048,scm,0,0.0,0.2,True,0.029475651130466008,0.02306681558692716,0.021751578228333616,0.017782681292182505,0.04214093447500891,0.017903566011806014,0.042313200279789534,0.0
1.0,1048,scm,1,0.2,0.2,True,0.03197274960337122,0.027993604528764822,0.031403112212953804,0.028543038964057164,0.030299641002252534,0.027947485829231414,0.03011470036163249,0.0
1.0,1048,scm,2,0.4,0.2,False,0.12129598478050839,0.10718258700683637,0.12659171490090224,0.043390279352122474,0.015955662920971177,0.04025868163070892,0.013674072715864743,0.0
1.0,1064,scm,0,0.0,0.2,True,0.03000851442353499,0.03722716746218841,0.023598376457676377,0.017546103722714708,0.04112762609653495,0.017842949407669853,0.042061294066766265,0.0
1.0,1064,scm,1,0.2,0.2,True,0.06921459076166038,0.05780441711476117,0.06244756118021261,0.02959104030664756,0.025345098724598496,0.030554370722477887,0.027025420467570678,0.0
1.0,1064,scm,2,0.4,0.2,False,0.1319721145199939,0.12314025315733713,0.12682290741589336,0.04016965612461354,0.013834955920410313,0.03823907057811762,0.012746066856531799,0.0
1.0,1080,scm,0,0.0,0.2,True,0.009517042641889349,0.011049416311884148,0.035401835903710384,0.017674710012351602,0.03742944220508916,0.01669750482868792,0.03851128701737431,0.0
1.0,1080,scm,1,0.2,0.2,True,0.0661859025575673,0.055485265823306866,0.06462338302972753,0.026109562499956336,0.024881356213965554,0.02807405909744385,0.02488229049102349,0.0
1.0,1080,scm,2,0.4,0.2,False,0.11472247339680984,0.11302789100886843,0.13792722272523011,0.043706684412844476,0.01785357921019987,0.04372207673969613,0.01669446745668899,0.0
1.0,1096,scm,0,0.0,0.2,True,0.02788624166412131,0.02396490086370652,0.032687664121355736,0.01846750612926215,0.03819375136627696,0.019699513165450627,0.03895855671377508,0.0
1.0,1096,scm,1,0.2,0.2,True,0.04186771161341901,0.041057661079401946,0.03992632274915426,0.02671982263965308,0.03140372343170383,0.027005698881211217,0.032040343439222595,0.0
1.0,1096,scm,2,0.4,0.2,False,0.12834826420819012,0.1267872919303282,0.14334332787289458,0.03984280972624668,0.017334025610803775,0.04197264989814289,0.015434883954950235,0.0
1.0,1112,scm,0,0.0,0.2,True,0.03128386318469639,0.03580926081894557,0.015811798563362886,0.016410962608366293,0.042628698211615586,0.013416292393450832,0.042558664133161554,0.0
1.0,1112,scm,1,0.2,0.2,True,0.030348919972473624,0.027229133630403447,0.04305922215221045,0.02499042217624641,0.0283094494769291,0.02395936027139138,0.025651688861549112,0.0
1.0,1112,scm,2,0.4,0.2,False,0.1373140156266982,0.13401299355271204,0.1357700569072686,0.04296782407504595,0.011857750140400799,0.040838635598024545,0.011608606013148707,0.0
1.0,1128,scm,0,0.0,0.2,True,0.05062331635549384,0.04763266542520237,0.024346423024041566,0.011990100240476245,0.03579625633511117,0.012122610591081785,0.034806302160201516,0.0
1.0,1128,scm,1,0.2,0.2,True,0.04407710753506927,0.05403959494019827,0.043663369264540786,0.02536747382550796,0.02953906184009063,0.024432763050674492,0.02766988830957785,0.0
1.0,1128,scm,2,0.4,0.2,False,0.11724566670583242,0.11228439889290442,0.13222361902505358,0.042623790007279075,0.01682137649699661,0.04393234311000564,0.018973635618157,0.0
1.0,1144,scm,0,0.0,0.2,True,0.026729446198954055,0.02723480770013564,0.021592063252457137,0.017114353655997484,0.03884787968487236,0.01648336031223611,0.038174128412637856,0.0
1.0,1144,scm,1,0.2,0.2,True,0.044174358579225595,0.04078282038578175,0.047740389970456806,0.027181646279303563,0.03175297462115501,0.02731347726126923,0.03217315153038268,0.0
1.0,1144,scm,2,0.4,0.2,False,0.11817810763964091,0.11227272229086667,0.13569652342292368,0.043283527378028784,0.01488514878557349,0.041149993329917624,0.013766306801765016,0.0
1.0,1160,scm,0,0.0,0.2,True,0.023298244380749303,0.041206420140462954,0.03947436852617139,0.01785834656975588,0.03583370424137191,0.017844040781515448,0.03756192892436617,0.0
1.0,1160,scm,1,0.2,0.2,True,0.04592867348478134,0.041724607087322695,0.06561662201895606,0.031742423062916046,0.03404203202250809,0.03212240020685915,0.03261385500006051,0.0
1.0,1160,scm,2,0.4,0.2,False,0.11580944829305545,0.10768115146175668,0.11927811055142401,0.041741224249870805,0.015346698846875418,0.038926140641852576,0.015542806859674322,0.0
1.0,1176,scm,0,0.0,0.2,True,0.030047101994110283,0.017974773974373172,0.030620950805350912,0.01879728680520593,0.03311821080000327,0.01918068922285462,0.0340179787091391,0.0
1.0,1176,scm,1,0.2,0.2,True,0.05522167801437492,0.04863668163142709,0.051651958479460726,0.024296613395825763,0.032748156140527854,0.02066494736813538,0.02955166474388361,0.0
1.0,1176,scm,2,0.4,0.2,False,0.1142247326467387,0.10662599998377198,0.15105207333578927,0.03932757721319474,0.014365362629515165,0.0398502884887631,0.012575910444568517,0.0
1.0,1192,scm,0,0.0,0.2,True,0.023101428082251827,0.05050136980978635,0.027535965027665622,0.019527523501347274,0.040257450940415274,0.020752227071179824,0.03988854214704611,0.0
1.0,1192,scm,1,0.2,0.2,True,0.04433924106964224,0.032823110808438256,0.048227504083415154,0.029626651863762545,0.030115495467134955,0.03150071332743448,0.030350854039653218,0.0
1.0,1192,scm,2,0.4,0.2,False,0.12800158033451922,0.11960065629049403,0.10216617632133118,0.03367171662756826,0.012197884525259342,0.030236293459425634,0.013053095215867873,0.0
1.0,1208,scm,0,0.0,0.2,True,0.028022884420992506,0.018207735587970616,0.021697750632841555,0.016201204657707358,0.037926082490413765,0.015472870327463601,0.036217562992408185,0.0
1.0,1208,scm,1,0.2,0.2,True,0.044348219400516864,0.03985238470454649,0.044312079119494995,0.028495963291582875,0.03152449537247858,0.029242102059758253,0.030412599488383516,0.0
1.0,1208,scm,2,0.4,0.2,False,0.14407525217127304,0.13489353709655608,0.14143850983993708,0.03754493388049979,0.012689978901060097,0.036021547155832154,0.012893371459268414,0.0
1.0,1224,scm,0,0.0,0.2,True,0.025116763768916014,0.01852519989732086,0.04069966903972455,0.0132732537095248,0.039464931173920144,0.014644155893716067,0.04073984178754121,0.0
1.0,1224,scm,1,0.2,0.2,True,0.06270434050731895,0.06110165079111274,0.046527299539496005,0.030397102488857713,0.02707767772581228,0.03000503834277984,0.0248458020666411,0.0
1.0,1224,scm,2,0.4,0.2,False,0.11292861003632271,0.10235161631251749,0.1365765551118586,0.0405603564937632,0.012566167331294543,0.03946784941594167,0.011005680827943988,0.0
1.0,1240,scm,0,0.0,0.2,True,0.02342716513373333,0.036197642858403996,0.031924984656057045,0.02075775512311353,0.03634087078451133,0.021223889710134336,0.03733235907166866,0.0
1.0,1240,scm,1,0.2,0.2,True,0.032075604008731044,0.025562053835833695,0.03989856165880371,0.02463814484412609,0.033329059718324956,0.025185939958236148,0.03275922533330573,0.0
1.0,1240,scm,2,0.4,0.2,False,0.09844624891589615,0.10867398927706759,0.11719758551296339,0.036953385683397455,0.018663263173411448,0.035731255759466,0.018667537040902103,0.0
1.0,1256,scm,0,0.0,0.2,True,0.03484591177479451,0.02723950086354721,0.05170948341603521,0.014497473879083334,0.03650023070839143,0.014833764095785075,0.03804331760572149,0.0
1.0,1256,scm,1,0.2,0.2,True,0.03932706946027244,0.043234737151675674,0.05780409013053089,0.027924263295321685,0.032025142613494116,0.028032077444205453,0.031008188323985185,0.0
1.0,1256,scm,2,0.4,0.2,False,0.13456004136028257,0.12533371072026503,0.14216648691643377,0.03892471466541275,0.012758285049679966,0.0386215432630707,0.010864378539719395,0.0
1.0,1272,scm,0,0.0,0.4,True,0.008323081134555616,0.016615084451693417,0.042226494953236646,0.020193229371870992,0.03771735824135599,0.018879599239255678,0.03791348958958703,0.0
1.0,1272,scm,1,0.2,0.4,True,0.057702099842997207,0.05159816180624379,0.056350305889454805,0.029254890520890343,0.02730638475393039,0.02970820733428843,0.02760924431202589,0.0
1.0,1272,scm,2,0.4,0.4,True,0.10359203006925169,0.09764828369523276,0.14102136688452874,0.040790504011382976,0.014045109248834373,0.038657172396503396,0.012725486712806601,0.0
1.0,1272,scm,3,0.6,0.4,False,0.30185334009905346,0.286754103793012,0.30182472030784224,0.05028458333587797,0.0007376308232486642,0.049883668950243126,0.0010450773162633937,0.0
1.0,1288,scm,0,0.0,0.2,True,0.03016588336325284,0.02327294342471096,0.018883458793051686,0.017261579895420282,0.03882826691026533,0.01625421066033661,0.039602392034911865,0.0
1.0,1288,scm,1,0.2,0.2,True,0.04408466882234199,0.03439434540486128,0.04418509464926456,0.027263069679364562,0.03386950903623009,0.02606264968093844,0.032343301174754424,0.0
1.0,1288,scm,2,0.4,0.2,False,0.11739512495466657,0.10640065345570705,0.12700497661292384,0.037061368379137094,0.015213678355848593,0.035124972255082494,0.016556931969227973,0.0
1.0,1304,scm,0,0.0,0.2,True,0.024968996640791195,0.020332086582303767,0.01545664790458774,0.020617580429458826,0.041965967299193704,0.020881045528358018,0.04175128575298992,0.0
1.0,1304,scm,1,0.2,0.2,True,0.050608330584410145,0.03671231779933678,0.04525020162805204,0.028332708951805643,0.02903088846055183,0.030033548969214452,0.030023508212021467,0.0
1.0,1304,scm,2,0.4,0.2,False,0.13992670967398563,0.1385566190655499,0.1141554735512588,0.04043431348609158,0.014845886931655509,0.03961729191305459,0.013817319132553414,0.0
1.0,1320,scm,0,0.0,0.2,True,0.03221958599556644,0.026963701960156312,0.021634735724765625,0.016433852774729064,0.03581408024950679,0.016004714036898918,0.035381918380488896,0.0
1.0,1320,scm,1,0.2,0.2,True,0.05341975846609738,0.05204023438906975,0.05330920502992737,0.02693885031612365,0.031320328211072855,0.026233502617719263,0.030841986501953474,0.0
1.0,1320,scm,2,0.4,0.2,False,0.12711866546245063,0.11328885334542596,0.1076778989671676,0.041093952259412744,0.020219887776375938,0.037579726488565675,0.01957315786805888,0.0
1.0,1336,scm,0,0.0,0.2,True,0.028058331712904734,0.02591447445933985,0.02502737231145325,0.018484107021979015,0.034644836170021766,0.018362080753915103,0.03435293023752562,0.0
1.0,1336,scm,1,0.2,0.2,True,0.055948412247802254,0.05802720601570063,0.053670696826029624,0.028540826274728606,0.02460508235174404,0.02851207644315531,0.023623989064346377,0.0
1.0,1336,scm,2,0.4,0.2,False,0.1280086149938153,0.10874734775851477,0.1303119555821292,0.04115749926860622,0.01596659434697092,0.04210088891086271,0.016951065033465076,0.0
1.0,1352,scm,0,0.0,0.2,True,0.04084729440411293,0.0385356280170837,0.023908917546551126,0.017764861878425076,0.04193654250784284,0.01816989825728075,0.041924064828758,0.0
1.0,1352,scm,1,0.2,0.2,True,0.0505731255232738,0.052479625856354004,0.029028678102514402,0.027534648424375925,0.026650670320645806,0.027469840098442357,0.02296939183939172,0.0
1.0,1352,scm,2,0.4,0.2,False,0.1400606537797505,0.1347305348230136,0.15637758683398517,0.04419000894991984,0.012747281051266476,0.043798090678901724,0.01386996277735433,0.0
1.0,1368,scm,0,0.0,0.2,True,0.025768605732694967,0.03236171506617353,0.024355856695372036,0.018276596157959627,0.042247623923055304,0.018711002543456565,0.041405887325478126,0.0
1.0,1368,scm,1,0.2,0.2,True,0.03875866039940447,0.0365734358807999,0.05637337731673024,0.025342803721537632,0.0276926012465368,0.026762075047586632,0.03117530537187944,0.0
1.0,1368,scm,2,0.4,0.2,False,0.10812712776579886,0.1015473617808115,0.14460210297159107,0.0376129657831981,0.019004404574794742,0.03665574523429081,0.01773770797676917,0.0
1.0,1384,scm,0,0.0,0.2,True,0.021313994384925677,0.014321287653257526,0.01816245505685273,0.01654899623147696,0.03637973081662267,0.01595985965254308,0.03581565261510013,0.0
1.0,1384,scm,1,0.2,0.2,True,0.05570056965128318,0.04658057008672682,0.07633826727593634,0.029562433309136223,0.024751079610732682,0.030657780360671162,0.0262455364443134,0.0
1.0,1384,scm,2,0.4,0.2,False,0.13757770019407833,0.13815988260205386,0.12265669280169893,0.04108402511365473,0.015787772253245035,0.040002334775341104,0.0161108183196013,0.0
